2406.00000	   0.00000	   0.00000	   0.00000
   1.25704	   2.17825	   7.50000	       10B
   1.25704	   6.53276	   7.50000	       11B
   1.25704	  10.88727	   7.50000	       11B
   3.77111	   2.17825	   7.50000	       11B
   3.77111	   6.53276	   7.50000	       11B
   3.77111	  10.88727	   7.50000	       11B
   6.28519	   2.17825	   7.50000	       11B
   6.28519	   6.53276	   7.50000	       11B
   6.28519	  10.88727	   7.50000	       11B
   8.79927	   2.17825	   7.50000	       11B
   8.79927	   6.53276	   7.50000	       10B
   8.79927	  10.88727	   7.50000	       11B
  11.31334	   2.17825	   7.50000	       11B
  11.31334	   6.53276	   7.50000	       11B
  11.31334	  10.88727	   7.50000	       11B
  13.82742	   2.17825	   7.50000	       10B
  13.82742	   6.53276	   7.50000	       11B
  13.82742	  10.88727	   7.50000	       11B
  16.34150	   2.17825	   7.50000	       10B
  16.34150	   6.53276	   7.50000	       11B
  16.34150	  10.88727	   7.50000	       11B
  18.85557	   2.17825	   7.50000	       11B
  18.85557	   6.53276	   7.50000	       11B
  18.85557	  10.88727	   7.50000	       11B
  21.36965	   2.17825	   7.50000	       11B
  21.36965	   6.53276	   7.50000	       11B
  21.36965	  10.88727	   7.50000	       11B
   0.00000	   0.00098	   7.50000	       11B
   0.00000	   4.35549	   7.50000	       11B
   0.00000	   8.71000	   7.50000	       11B
   2.51408	   0.00098	   7.50000	       11B
   2.51408	   4.35549	   7.50000	       11B
   2.51408	   8.71000	   7.50000	       11B
   5.02815	   0.00098	   7.50000	       11B
   5.02815	   4.35549	   7.50000	       11B
   5.02815	   8.71000	   7.50000	       10B
   7.54223	   0.00098	   7.50000	       11B
   7.54223	   4.35549	   7.50000	       10B
   7.54223	   8.71000	   7.50000	       10B
  10.05631	   0.00098	   7.50000	       10B
  10.05631	   4.35549	   7.50000	       11B
  10.05631	   8.71000	   7.50000	       11B
  12.57038	   0.00098	   7.50000	       11B
  12.57038	   4.35549	   7.50000	       11B
  12.57038	   8.71000	   7.50000	       11B
  15.08446	   0.00098	   7.50000	       10B
  15.08446	   4.35549	   7.50000	       11B
  15.08446	   8.71000	   7.50000	       10B
  17.59854	   0.00098	   7.50000	       11B
  17.59854	   4.35549	   7.50000	       11B
  17.59854	   8.71000	   7.50000	       10B
  20.11261	   0.00098	   7.50000	       11B
  20.11261	   4.35549	   7.50000	       11B
  20.11261	   8.71000	   7.50000	       11B
   1.25704	   3.63024	   7.50000	       14N
   1.25704	   7.98475	   7.50000	       14N
   3.77111	   3.63024	   7.50000	       14N
   3.77111	   7.98475	   7.50000	       14N
   6.28519	   3.63024	   7.50000	       14N
   6.28519	   7.98475	   7.50000	       14N
   8.79927	   3.63024	   7.50000	       14N
   8.79927	   7.98475	   7.50000	       14N
  11.31334	   3.63024	   7.50000	       14N
  11.31334	   7.98475	   7.50000	       14N
  13.82742	   3.63024	   7.50000	       14N
  13.82742	   7.98475	   7.50000	       14N
  16.34150	   3.63024	   7.50000	       14N
  16.34150	   7.98475	   7.50000	       14N
  18.85557	   3.63024	   7.50000	       14N
  18.85557	   7.98475	   7.50000	       14N
  21.36965	   3.63024	   7.50000	       14N
  21.36965	   7.98475	   7.50000	       14N
   0.00000	   1.45298	   7.50000	       14N
   0.00000	   5.80749	   7.50000	       14N
   0.00000	  10.16200	   7.50000	       14N
   2.51408	   1.45298	   7.50000	       14N
   2.51408	   5.80749	   7.50000	       14N
   2.51408	  10.16200	   7.50000	       14N
   5.02815	   1.45298	   7.50000	       14N
   5.02815	   5.80749	   7.50000	       14N
   5.02815	  10.16200	   7.50000	       14N
   7.54223	   1.45298	   7.50000	       14N
   7.54223	   5.80749	   7.50000	       14N
   7.54223	  10.16200	   7.50000	       14N
  10.05631	   1.45298	   7.50000	       14N
  10.05631	   5.80749	   7.50000	       14N
  10.05631	  10.16200	   7.50000	       14N
  12.57038	   1.45298	   7.50000	       14N
  12.57038	   5.80749	   7.50000	       14N
  12.57038	  10.16200	   7.50000	       14N
  15.08446	   1.45298	   7.50000	       14N
  15.08446	   5.80749	   7.50000	       14N
  15.08446	  10.16200	   7.50000	       14N
  17.59854	   1.45298	   7.50000	       14N
  17.59854	   5.80749	   7.50000	       14N
  17.59854	  10.16200	   7.50000	       14N
  20.11261	   1.45298	   7.50000	       14N
  20.11261	   5.80749	   7.50000	       14N
  20.11261	  10.16200	   7.50000	       14N
   1.25704	  15.24177	   7.50000	       11B
   1.25704	  19.59628	   7.50000	       11B
   1.25704	  23.95079	   7.50000	       10B
   3.77111	  15.24177	   7.50000	       11B
   3.77111	  19.59628	   7.50000	       11B
   3.77111	  23.95079	   7.50000	       11B
   6.28519	  15.24177	   7.50000	       11B
   6.28519	  19.59628	   7.50000	       10B
   6.28519	  23.95079	   7.50000	       11B
   8.79927	  15.24177	   7.50000	       11B
   8.79927	  19.59628	   7.50000	       11B
   8.79927	  23.95079	   7.50000	       11B
  11.31334	  15.24177	   7.50000	       11B
  11.31334	  19.59628	   7.50000	       11B
  11.31334	  23.95079	   7.50000	       11B
  13.82742	  15.24177	   7.50000	       11B
  13.82742	  19.59628	   7.50000	       10B
  13.82742	  23.95079	   7.50000	       11B
  16.34150	  15.24177	   7.50000	       11B
  16.34150	  19.59628	   7.50000	       10B
  16.34150	  23.95079	   7.50000	       11B
  18.85557	  15.24177	   7.50000	       10B
  18.85557	  19.59628	   7.50000	       11B
  18.85557	  23.95079	   7.50000	       10B
  21.36965	  15.24177	   7.50000	       10B
  21.36965	  19.59628	   7.50000	       10B
  21.36965	  23.95079	   7.50000	       11B
   0.00000	  13.06450	   7.50000	       11B
   0.00000	  17.41901	   7.50000	       10B
   0.00000	  21.77352	   7.50000	       11B
   2.51408	  13.06450	   7.50000	       10B
   2.51408	  17.41901	   7.50000	       11B
   2.51408	  21.77352	   7.50000	       10B
   5.02815	  13.06450	   7.50000	       11B
   5.02815	  17.41901	   7.50000	       11B
   5.02815	  21.77352	   7.50000	       10B
   7.54223	  13.06450	   7.50000	       11B
   7.54223	  17.41901	   7.50000	       11B
   7.54223	  21.77352	   7.50000	       11B
  10.05631	  13.06450	   7.50000	       11B
  10.05631	  17.41901	   7.50000	       10B
  10.05631	  21.77352	   7.50000	       11B
  12.57038	  13.06450	   7.50000	       10B
  12.57038	  17.41901	   7.50000	       11B
  12.57038	  21.77352	   7.50000	       11B
  15.08446	  13.06450	   7.50000	       10B
  15.08446	  17.41901	   7.50000	       11B
  15.08446	  21.77352	   7.50000	       10B
  17.59854	  13.06450	   7.50000	       11B
  17.59854	  17.41901	   7.50000	       11B
  17.59854	  21.77352	   7.50000	       11B
  20.11261	  13.06450	   7.50000	       10B
  20.11261	  17.41901	   7.50000	       11B
  20.11261	  21.77352	   7.50000	       11B
   1.25704	  16.69376	   7.50000	       14N
   1.25704	  21.04827	   7.50000	       14N
   1.25704	  12.33926	   7.50000	       14N
   3.77111	  16.69376	   7.50000	       14N
   3.77111	  21.04827	   7.50000	       14N
   3.77111	  12.33926	   7.50000	       14N
   6.28519	  16.69376	   7.50000	       14N
   6.28519	  21.04827	   7.50000	       14N
   6.28519	  12.33926	   7.50000	       14N
   8.79927	  16.69376	   7.50000	       14N
   8.79927	  21.04827	   7.50000	       14N
   8.79927	  12.33926	   7.50000	       14N
  11.31334	  16.69376	   7.50000	       14N
  11.31334	  21.04827	   7.50000	       14N
  11.31334	  12.33926	   7.50000	       14N
  13.82742	  16.69376	   7.50000	       14N
  13.82742	  21.04827	   7.50000	       14N
  13.82742	  12.33926	   7.50000	       14N
  16.34150	  16.69376	   7.50000	       14N
  16.34150	  21.04827	   7.50000	       14N
  16.34150	  12.33926	   7.50000	       14N
  18.85557	  16.69376	   7.50000	       14N
  18.85557	  21.04827	   7.50000	       14N
  18.85557	  12.33926	   7.50000	       14N
  21.36965	  16.69376	   7.50000	       14N
  21.36965	  21.04827	   7.50000	       14N
  21.36965	  12.33926	   7.50000	       14N
   0.00000	  14.51651	   7.50000	       14N
   0.00000	  18.87102	   7.50000	       14N
   0.00000	  23.22552	   7.50000	       14N
   2.51408	  14.51651	   7.50000	       14N
   2.51408	  18.87102	   7.50000	       14N
   2.51408	  23.22552	   7.50000	       14N
   5.02815	  14.51651	   7.50000	       14N
   5.02815	  18.87102	   7.50000	       14N
   5.02815	  23.22552	   7.50000	       14N
   7.54223	  14.51651	   7.50000	       14N
   7.54223	  18.87102	   7.50000	       14N
   7.54223	  23.22552	   7.50000	       14N
  10.05631	  14.51651	   7.50000	       14N
  10.05631	  18.87102	   7.50000	       15N
  10.05631	  23.22552	   7.50000	       14N
  12.57038	  14.51651	   7.50000	       14N
  12.57038	  18.87102	   7.50000	       14N
  12.57038	  23.22552	   7.50000	       14N
  15.08446	  14.51651	   7.50000	       14N
  15.08446	  18.87102	   7.50000	       14N
  15.08446	  23.22552	   7.50000	       14N
  17.59854	  14.51651	   7.50000	       14N
  17.59854	  18.87102	   7.50000	       14N
  17.59854	  23.22552	   7.50000	       14N
  20.11261	  14.51651	   7.50000	       14N
  20.11261	  18.87102	   7.50000	       14N
  20.11261	  23.22552	   7.50000	       14N
   1.25704	  28.30530	   7.50000	       11B
   1.25704	  32.65981	   7.50000	       10B
   1.25704	  37.01432	   7.50000	       11B
   3.77111	  28.30530	   7.50000	       10B
   3.77111	  32.65981	   7.50000	       11B
   3.77111	  37.01432	   7.50000	       11B
   6.28519	  28.30530	   7.50000	       11B
   6.28519	  32.65981	   7.50000	       11B
   6.28519	  37.01432	   7.50000	       10B
   8.79927	  28.30530	   7.50000	       11B
   8.79927	  32.65981	   7.50000	       11B
   8.79927	  37.01432	   7.50000	       11B
  11.31334	  28.30530	   7.50000	       11B
  11.31334	  32.65981	   7.50000	       11B
  11.31334	  37.01432	   7.50000	       11B
  13.82742	  28.30530	   7.50000	       11B
  13.82742	  32.65981	   7.50000	       11B
  13.82742	  37.01432	   7.50000	       10B
  16.34150	  28.30530	   7.50000	       11B
  16.34150	  32.65981	   7.50000	       11B
  16.34150	  37.01432	   7.50000	       11B
  18.85557	  28.30530	   7.50000	       11B
  18.85557	  32.65981	   7.50000	       11B
  18.85557	  37.01432	   7.50000	       11B
  21.36965	  28.30530	   7.50000	       11B
  21.36965	  32.65981	   7.50000	       11B
  21.36965	  37.01432	   7.50000	       11B
   0.00000	  26.12803	   7.50000	       11B
   0.00000	  30.48254	   7.50000	       11B
   0.00000	  34.83705	   7.50000	       10B
   2.51408	  26.12803	   7.50000	       10B
   2.51408	  30.48254	   7.50000	       10B
   2.51408	  34.83705	   7.50000	       11B
   5.02815	  26.12803	   7.50000	       11B
   5.02815	  30.48254	   7.50000	       11B
   5.02815	  34.83705	   7.50000	       11B
   7.54223	  26.12803	   7.50000	       10B
   7.54223	  30.48254	   7.50000	       11B
   7.54223	  34.83705	   7.50000	       11B
  10.05631	  26.12803	   7.50000	       11B
  10.05631	  30.48254	   7.50000	       11B
  10.05631	  34.83705	   7.50000	       11B
  12.57038	  26.12803	   7.50000	       10B
  12.57038	  30.48254	   7.50000	       11B
  12.57038	  34.83705	   7.50000	       11B
  15.08446	  26.12803	   7.50000	       11B
  15.08446	  30.48254	   7.50000	       10B
  15.08446	  34.83705	   7.50000	       11B
  17.59854	  26.12803	   7.50000	       10B
  17.59854	  30.48254	   7.50000	       11B
  17.59854	  34.83705	   7.50000	       11B
  20.11261	  26.12803	   7.50000	       11B
  20.11261	  30.48254	   7.50000	       10B
  20.11261	  34.83705	   7.50000	       10B
   1.25704	  29.75729	   7.50000	       14N
   1.25704	  34.11180	   7.50000	       14N
   1.25704	  25.40278	   7.50000	       14N
   3.77111	  29.75729	   7.50000	       14N
   3.77111	  34.11180	   7.50000	       14N
   3.77111	  25.40278	   7.50000	       14N
   6.28519	  29.75729	   7.50000	       14N
   6.28519	  34.11180	   7.50000	       14N
   6.28519	  25.40278	   7.50000	       14N
   8.79927	  29.75729	   7.50000	       14N
   8.79927	  34.11180	   7.50000	       14N
   8.79927	  25.40278	   7.50000	       14N
  11.31334	  29.75729	   7.50000	       14N
  11.31334	  34.11180	   7.50000	       14N
  11.31334	  25.40278	   7.50000	       14N
  13.82742	  29.75729	   7.50000	       14N
  13.82742	  34.11180	   7.50000	       14N
  13.82742	  25.40278	   7.50000	       14N
  16.34150	  29.75729	   7.50000	       14N
  16.34150	  34.11180	   7.50000	       14N
  16.34150	  25.40278	   7.50000	       14N
  18.85557	  29.75729	   7.50000	       14N
  18.85557	  34.11180	   7.50000	       14N
  18.85557	  25.40278	   7.50000	       14N
  21.36965	  29.75729	   7.50000	       14N
  21.36965	  34.11180	   7.50000	       14N
  21.36965	  25.40278	   7.50000	       14N
   0.00000	  27.58003	   7.50000	       14N
   0.00000	  31.93454	   7.50000	       14N
   0.00000	  36.28905	   7.50000	       14N
   2.51408	  27.58003	   7.50000	       14N
   2.51408	  31.93454	   7.50000	       14N
   2.51408	  36.28905	   7.50000	       14N
   5.02815	  27.58003	   7.50000	       14N
   5.02815	  31.93454	   7.50000	       14N
   5.02815	  36.28905	   7.50000	       14N
   7.54223	  27.58003	   7.50000	       14N
   7.54223	  31.93454	   7.50000	       14N
   7.54223	  36.28905	   7.50000	       14N
  10.05631	  27.58003	   7.50000	       14N
  10.05631	  31.93454	   7.50000	       14N
  10.05631	  36.28905	   7.50000	       14N
  12.57038	  27.58003	   7.50000	       14N
  12.57038	  31.93454	   7.50000	       14N
  12.57038	  36.28905	   7.50000	       14N
  15.08446	  27.58003	   7.50000	       14N
  15.08446	  31.93454	   7.50000	       14N
  15.08446	  36.28905	   7.50000	       14N
  17.59854	  27.58003	   7.50000	       14N
  17.59854	  31.93454	   7.50000	       14N
  17.59854	  36.28905	   7.50000	       14N
  20.11261	  27.58003	   7.50000	       14N
  20.11261	  31.93454	   7.50000	       14N
  20.11261	  36.28905	   7.50000	       14N
   1.25704	  41.36882	   7.50000	       10B
   1.25704	  45.72333	   7.50000	       11B
   1.25704	  50.07784	   7.50000	       11B
   3.77111	  41.36882	   7.50000	       11B
   3.77111	  45.72333	   7.50000	       11B
   3.77111	  50.07784	   7.50000	       11B
   6.28519	  41.36882	   7.50000	       11B
   6.28519	  45.72333	   7.50000	       11B
   6.28519	  50.07784	   7.50000	       11B
   8.79927	  41.36882	   7.50000	       11B
   8.79927	  45.72333	   7.50000	       11B
   8.79927	  50.07784	   7.50000	       11B
  11.31334	  41.36882	   7.50000	       10B
  11.31334	  45.72333	   7.50000	       11B
  11.31334	  50.07784	   7.50000	       11B
  13.82742	  41.36882	   7.50000	       11B
  13.82742	  45.72333	   7.50000	       11B
  13.82742	  50.07784	   7.50000	       11B
  16.34150	  41.36882	   7.50000	       11B
  16.34150	  45.72333	   7.50000	       11B
  16.34150	  50.07784	   7.50000	       10B
  18.85557	  41.36882	   7.50000	       11B
  18.85557	  45.72333	   7.50000	       11B
  18.85557	  50.07784	   7.50000	       11B
  21.36965	  41.36882	   7.50000	       10B
  21.36965	  45.72333	   7.50000	       10B
  21.36965	  50.07784	   7.50000	       11B
   0.00000	  39.19155	   7.50000	       11B
   0.00000	  43.54606	   7.50000	       11B
   0.00000	  47.90057	   7.50000	       11B
   2.51408	  39.19155	   7.50000	       11B
   2.51408	  43.54606	   7.50000	       11B
   2.51408	  47.90057	   7.50000	       11B
   5.02815	  39.19155	   7.50000	       11B
   5.02815	  43.54606	   7.50000	       11B
   5.02815	  47.90057	   7.50000	       11B
   7.54223	  39.19155	   7.50000	       11B
   7.54223	  43.54606	   7.50000	       11B
   7.54223	  47.90057	   7.50000	       10B
  10.05631	  39.19155	   7.50000	       10B
  10.05631	  43.54606	   7.50000	       11B
  10.05631	  47.90057	   7.50000	       11B
  12.57038	  39.19155	   7.50000	       11B
  12.57038	  43.54606	   7.50000	       10B
  12.57038	  47.90057	   7.50000	       11B
  15.08446	  39.19155	   7.50000	       10B
  15.08446	  43.54606	   7.50000	       11B
  15.08446	  47.90057	   7.50000	       11B
  17.59854	  39.19155	   7.50000	       11B
  17.59854	  43.54606	   7.50000	       11B
  17.59854	  47.90057	   7.50000	       10B
  20.11261	  39.19155	   7.50000	       11B
  20.11261	  43.54606	   7.50000	       11B
  20.11261	  47.90057	   7.50000	       11B
   1.25704	  42.82082	   7.50000	       14N
   1.25704	  47.17532	   7.50000	       14N
   1.25704	  38.46631	   7.50000	       14N
   3.77111	  42.82082	   7.50000	       14N
   3.77111	  47.17532	   7.50000	       14N
   3.77111	  38.46631	   7.50000	       14N
   6.28519	  42.82082	   7.50000	       14N
   6.28519	  47.17532	   7.50000	       14N
   6.28519	  38.46631	   7.50000	       14N
   8.79927	  42.82082	   7.50000	       14N
   8.79927	  47.17532	   7.50000	       14N
   8.79927	  38.46631	   7.50000	       14N
  11.31334	  42.82082	   7.50000	       14N
  11.31334	  47.17532	   7.50000	       14N
  11.31334	  38.46631	   7.50000	       14N
  13.82742	  42.82082	   7.50000	       14N
  13.82742	  47.17532	   7.50000	       14N
  13.82742	  38.46631	   7.50000	       14N
  16.34150	  42.82082	   7.50000	       14N
  16.34150	  47.17532	   7.50000	       14N
  16.34150	  38.46631	   7.50000	       14N
  18.85557	  42.82082	   7.50000	       14N
  18.85557	  47.17532	   7.50000	       14N
  18.85557	  38.46631	   7.50000	       14N
  21.36965	  42.82082	   7.50000	       14N
  21.36965	  47.17532	   7.50000	       14N
  21.36965	  38.46631	   7.50000	       14N
   0.00000	  40.64356	   7.50000	       14N
   0.00000	  44.99807	   7.50000	       14N
   0.00000	  49.35257	   7.50000	       14N
   2.51408	  40.64356	   7.50000	       14N
   2.51408	  44.99807	   7.50000	       14N
   2.51408	  49.35257	   7.50000	       14N
   5.02815	  40.64356	   7.50000	       14N
   5.02815	  44.99807	   7.50000	       14N
   5.02815	  49.35257	   7.50000	       14N
   7.54223	  40.64356	   7.50000	       14N
   7.54223	  44.99807	   7.50000	       14N
   7.54223	  49.35257	   7.50000	       14N
  10.05631	  40.64356	   7.50000	       14N
  10.05631	  44.99807	   7.50000	       14N
  10.05631	  49.35257	   7.50000	       14N
  12.57038	  40.64356	   7.50000	       14N
  12.57038	  44.99807	   7.50000	       14N
  12.57038	  49.35257	   7.50000	       14N
  15.08446	  40.64356	   7.50000	       14N
  15.08446	  44.99807	   7.50000	       14N
  15.08446	  49.35257	   7.50000	       14N
  17.59854	  40.64356	   7.50000	       14N
  17.59854	  44.99807	   7.50000	       14N
  17.59854	  49.35257	   7.50000	       14N
  20.11261	  40.64356	   7.50000	       14N
  20.11261	  44.99807	   7.50000	       14N
  20.11261	  49.35257	   7.50000	       14N
   1.25704	  54.43235	   7.50000	       11B
   1.25704	  58.78686	   7.50000	       10B
   1.25704	  63.14137	   7.50000	       11B
   3.77111	  54.43235	   7.50000	       11B
   3.77111	  58.78686	   7.50000	       11B
   3.77111	  63.14137	   7.50000	       11B
   6.28519	  54.43235	   7.50000	       11B
   6.28519	  58.78686	   7.50000	       11B
   6.28519	  63.14137	   7.50000	       11B
   8.79927	  54.43235	   7.50000	       11B
   8.79927	  58.78686	   7.50000	       11B
   8.79927	  63.14137	   7.50000	       11B
  11.31334	  54.43235	   7.50000	       11B
  11.31334	  58.78686	   7.50000	       11B
  11.31334	  63.14137	   7.50000	       11B
  13.82742	  54.43235	   7.50000	       11B
  13.82742	  58.78686	   7.50000	       11B
  13.82742	  63.14137	   7.50000	       11B
  16.34150	  54.43235	   7.50000	       11B
  16.34150	  58.78686	   7.50000	       11B
  16.34150	  63.14137	   7.50000	       11B
  18.85557	  54.43235	   7.50000	       11B
  18.85557	  58.78686	   7.50000	       11B
  18.85557	  63.14137	   7.50000	       10B
  21.36965	  54.43235	   7.50000	       11B
  21.36965	  58.78686	   7.50000	       11B
  21.36965	  63.14137	   7.50000	       10B
   0.00000	  52.25508	   7.50000	       11B
   0.00000	  56.60959	   7.50000	       11B
   0.00000	  60.96410	   7.50000	       10B
   2.51408	  52.25508	   7.50000	       11B
   2.51408	  56.60959	   7.50000	       11B
   2.51408	  60.96410	   7.50000	       11B
   5.02815	  52.25508	   7.50000	       11B
   5.02815	  56.60959	   7.50000	       10B
   5.02815	  60.96410	   7.50000	       11B
   7.54223	  52.25508	   7.50000	       11B
   7.54223	  56.60959	   7.50000	       11B
   7.54223	  60.96410	   7.50000	       11B
  10.05631	  52.25508	   7.50000	       11B
  10.05631	  56.60959	   7.50000	       11B
  10.05631	  60.96410	   7.50000	       11B
  12.57038	  52.25508	   7.50000	       11B
  12.57038	  56.60959	   7.50000	       10B
  12.57038	  60.96410	   7.50000	       11B
  15.08446	  52.25508	   7.50000	       11B
  15.08446	  56.60959	   7.50000	       11B
  15.08446	  60.96410	   7.50000	       11B
  17.59854	  52.25508	   7.50000	       11B
  17.59854	  56.60959	   7.50000	       10B
  17.59854	  60.96410	   7.50000	       11B
  20.11261	  52.25508	   7.50000	       11B
  20.11261	  56.60959	   7.50000	       11B
  20.11261	  60.96410	   7.50000	       11B
   1.25704	  55.88434	   7.50000	       14N
   1.25704	  60.23885	   7.50000	       14N
   1.25704	  51.52983	   7.50000	       14N
   3.77111	  55.88434	   7.50000	       14N
   3.77111	  60.23885	   7.50000	       14N
   3.77111	  51.52983	   7.50000	       14N
   6.28519	  55.88434	   7.50000	       14N
   6.28519	  60.23885	   7.50000	       14N
   6.28519	  51.52983	   7.50000	       14N
   8.79927	  55.88434	   7.50000	       14N
   8.79927	  60.23885	   7.50000	       14N
   8.79927	  51.52983	   7.50000	       14N
  11.31334	  55.88434	   7.50000	       14N
  11.31334	  60.23885	   7.50000	       14N
  11.31334	  51.52983	   7.50000	       14N
  13.82742	  55.88434	   7.50000	       14N
  13.82742	  60.23885	   7.50000	       14N
  13.82742	  51.52983	   7.50000	       14N
  16.34150	  55.88434	   7.50000	       14N
  16.34150	  60.23885	   7.50000	       14N
  16.34150	  51.52983	   7.50000	       14N
  18.85557	  55.88434	   7.50000	       14N
  18.85557	  60.23885	   7.50000	       14N
  18.85557	  51.52983	   7.50000	       14N
  21.36965	  55.88434	   7.50000	       14N
  21.36965	  60.23885	   7.50000	       14N
  21.36965	  51.52983	   7.50000	       14N
   0.00000	  53.70708	   7.50000	       14N
   0.00000	  58.06159	   7.50000	       14N
   0.00000	  62.41610	   7.50000	       14N
   2.51408	  53.70708	   7.50000	       14N
   2.51408	  58.06159	   7.50000	       14N
   2.51408	  62.41610	   7.50000	       14N
   5.02815	  53.70708	   7.50000	       14N
   5.02815	  58.06159	   7.50000	       14N
   5.02815	  62.41610	   7.50000	       14N
   7.54223	  53.70708	   7.50000	       14N
   7.54223	  58.06159	   7.50000	       14N
   7.54223	  62.41610	   7.50000	       14N
  10.05631	  53.70708	   7.50000	       14N
  10.05631	  58.06159	   7.50000	       14N
  10.05631	  62.41610	   7.50000	       14N
  12.57038	  53.70708	   7.50000	       14N
  12.57038	  58.06159	   7.50000	       14N
  12.57038	  62.41610	   7.50000	       14N
  15.08446	  53.70708	   7.50000	       14N
  15.08446	  58.06159	   7.50000	       14N
  15.08446	  62.41610	   7.50000	       14N
  17.59854	  53.70708	   7.50000	       14N
  17.59854	  58.06159	   7.50000	       14N
  17.59854	  62.41610	   7.50000	       14N
  20.11261	  53.70708	   7.50000	       14N
  20.11261	  58.06159	   7.50000	       14N
  20.11261	  62.41610	   7.50000	       14N
   1.25704	  67.49587	   7.50000	       11B
   1.25704	  71.85038	   7.50000	       11B
   1.25704	  76.20489	   7.50000	       11B
   3.77111	  67.49587	   7.50000	       11B
   3.77111	  71.85038	   7.50000	       11B
   3.77111	  76.20489	   7.50000	       11B
   6.28519	  67.49587	   7.50000	       11B
   6.28519	  71.85038	   7.50000	       10B
   6.28519	  76.20489	   7.50000	       11B
   8.79927	  67.49587	   7.50000	       10B
   8.79927	  71.85038	   7.50000	       11B
   8.79927	  76.20489	   7.50000	       11B
  11.31334	  67.49587	   7.50000	       11B
  11.31334	  71.85038	   7.50000	       11B
  11.31334	  76.20489	   7.50000	       11B
  13.82742	  67.49587	   7.50000	       11B
  13.82742	  71.85038	   7.50000	       11B
  13.82742	  76.20489	   7.50000	       11B
  16.34150	  67.49587	   7.50000	       11B
  16.34150	  71.85038	   7.50000	       11B
  16.34150	  76.20489	   7.50000	       11B
  18.85557	  67.49587	   7.50000	       11B
  18.85557	  71.85038	   7.50000	       10B
  18.85557	  76.20489	   7.50000	       10B
  21.36965	  67.49587	   7.50000	       11B
  21.36965	  71.85038	   7.50000	       11B
  21.36965	  76.20489	   7.50000	       11B
   0.00000	  65.31860	   7.50000	       11B
   0.00000	  69.67311	   7.50000	       11B
   0.00000	  74.02762	   7.50000	       11B
   2.51408	  65.31860	   7.50000	       11B
   2.51408	  69.67311	   7.50000	       11B
   2.51408	  74.02762	   7.50000	       11B
   5.02815	  65.31860	   7.50000	       11B
   5.02815	  69.67311	   7.50000	       11B
   5.02815	  74.02762	   7.50000	       11B
   7.54223	  65.31860	   7.50000	       11B
   7.54223	  69.67311	   7.50000	       11B
   7.54223	  74.02762	   7.50000	       11B
  10.05631	  65.31860	   7.50000	       11B
  10.05631	  69.67311	   7.50000	       11B
  10.05631	  74.02762	   7.50000	       11B
  12.57038	  65.31860	   7.50000	       10B
  12.57038	  69.67311	   7.50000	       11B
  12.57038	  74.02762	   7.50000	       10B
  15.08446	  65.31860	   7.50000	       11B
  15.08446	  69.67311	   7.50000	       11B
  15.08446	  74.02762	   7.50000	       11B
  17.59854	  65.31860	   7.50000	       11B
  17.59854	  69.67311	   7.50000	       11B
  17.59854	  74.02762	   7.50000	       11B
  20.11261	  65.31860	   7.50000	       11B
  20.11261	  69.67311	   7.50000	       11B
  20.11261	  74.02762	   7.50000	       11B
   1.25704	  68.94787	   7.50000	       14N
   1.25704	  73.30237	   7.50000	       14N
   1.25704	  64.59336	   7.50000	       14N
   3.77111	  68.94787	   7.50000	       14N
   3.77111	  73.30237	   7.50000	       14N
   3.77111	  64.59336	   7.50000	       14N
   6.28519	  68.94787	   7.50000	       14N
   6.28519	  73.30237	   7.50000	       14N
   6.28519	  64.59336	   7.50000	       14N
   8.79927	  68.94787	   7.50000	       14N
   8.79927	  73.30237	   7.50000	       14N
   8.79927	  64.59336	   7.50000	       14N
  11.31334	  68.94787	   7.50000	       14N
  11.31334	  73.30237	   7.50000	       14N
  11.31334	  64.59336	   7.50000	       14N
  13.82742	  68.94787	   7.50000	       14N
  13.82742	  73.30237	   7.50000	       14N
  13.82742	  64.59336	   7.50000	       14N
  16.34150	  68.94787	   7.50000	       14N
  16.34150	  73.30237	   7.50000	       14N
  16.34150	  64.59336	   7.50000	       14N
  18.85557	  68.94787	   7.50000	       14N
  18.85557	  73.30237	   7.50000	       14N
  18.85557	  64.59336	   7.50000	       14N
  21.36965	  68.94787	   7.50000	       14N
  21.36965	  73.30237	   7.50000	       14N
  21.36965	  64.59336	   7.50000	       14N
   0.00000	  66.77061	   7.50000	       14N
   0.00000	  71.12512	   7.50000	       14N
   0.00000	  75.47963	   7.50000	       14N
   2.51408	  66.77061	   7.50000	       14N
   2.51408	  71.12512	   7.50000	       14N
   2.51408	  75.47963	   7.50000	       14N
   5.02815	  66.77061	   7.50000	       14N
   5.02815	  71.12512	   7.50000	       14N
   5.02815	  75.47963	   7.50000	       14N
   7.54223	  66.77061	   7.50000	       14N
   7.54223	  71.12512	   7.50000	       14N
   7.54223	  75.47963	   7.50000	       14N
  10.05631	  66.77061	   7.50000	       14N
  10.05631	  71.12512	   7.50000	       14N
  10.05631	  75.47963	   7.50000	       14N
  12.57038	  66.77061	   7.50000	       14N
  12.57038	  71.12512	   7.50000	       14N
  12.57038	  75.47963	   7.50000	       14N
  15.08446	  66.77061	   7.50000	       14N
  15.08446	  71.12512	   7.50000	       14N
  15.08446	  75.47963	   7.50000	       14N
  17.59854	  66.77061	   7.50000	       14N
  17.59854	  71.12512	   7.50000	       14N
  17.59854	  75.47963	   7.50000	       14N
  20.11261	  66.77061	   7.50000	       14N
  20.11261	  71.12512	   7.50000	       14N
  20.11261	  75.47963	   7.50000	       14N
   0.00000	  78.38213	   7.50000	       11B
   2.51408	  78.38213	   7.50000	       11B
   5.02815	  78.38213	   7.50000	       10B
   7.54223	  78.38213	   7.50000	       11B
  10.05631	  78.38213	   7.50000	       10B
  12.57038	  78.38213	   7.50000	       11B
  15.08446	  78.38213	   7.50000	       11B
  17.59854	  78.38213	   7.50000	       11B
  20.11261	  78.38213	   7.50000	       11B
   1.25704	  77.65688	   7.50000	       14N
   3.77111	  77.65688	   7.50000	       14N
   6.28519	  77.65688	   7.50000	       14N
   8.79927	  77.65688	   7.50000	       14N
  11.31334	  77.65688	   7.50000	       14N
  13.82742	  77.65688	   7.50000	       14N
  16.34150	  77.65688	   7.50000	       14N
  18.85557	  77.65688	   7.50000	       14N
  21.36965	  77.65688	   7.50000	       14N
   0.00000	  79.83413	   7.50000	       14N
   2.51408	  79.83413	   7.50000	       14N
   5.02815	  79.83413	   7.50000	       14N
   7.54223	  79.83413	   7.50000	       14N
  10.05631	  79.83413	   7.50000	       14N
  12.57038	  79.83413	   7.50000	       14N
  15.08446	  79.83413	   7.50000	       14N
  17.59854	  79.83413	   7.50000	       14N
  20.11261	  79.83413	   7.50000	       14N
  23.86920	   2.18076	   7.50000	       11B
  23.86920	   6.53527	   7.50000	       10B
  23.86920	  10.88978	   7.50000	       11B
  26.35327	   2.17936	   7.50003	       11B
  26.35327	   6.53387	   7.50003	       10B
  26.35327	  10.88837	   7.50003	       11B
  28.79171	   2.18143	   7.85372	       11B
  28.79171	   6.53594	   7.85372	       11B
  28.79171	  10.89045	   7.85372	       10B
  31.00205	   2.17926	   8.98701	       11B
  31.00205	   6.53377	   8.98701	       10B
  31.00205	  10.88828	   8.98701	       11B
  33.37436	   2.18113	   9.63579	       11B
  33.37436	   6.53563	   9.63579	       11B
  33.37436	  10.89014	   9.63579	       10B
  35.74668	   2.17926	   8.98701	       11B
  35.74668	   6.53377	   8.98701	       11B
  35.74668	  10.88828	   8.98701	       10B
  37.95702	   2.18143	   7.85372	       11B
  37.95702	   6.53594	   7.85372	       11B
  37.95702	  10.89045	   7.85372	       10B
  40.39546	   2.17936	   7.50003	       11B
  40.39546	   6.53387	   7.50003	       10B
  40.39546	  10.88837	   7.50003	       11B
  42.87953	   2.18076	   7.50000	       11B
  42.87953	   6.53527	   7.50000	       11B
  42.87953	  10.88978	   7.50000	       11B
  22.62669	   0.00375	   7.50000	       11B
  22.62669	   4.35825	   7.50000	       11B
  22.62669	   8.71276	   7.50000	       11B
  25.11139	   0.00282	   7.50000	       11B
  25.11139	   4.35733	   7.50000	       11B
  25.11139	   8.71184	   7.50000	       11B
  27.59752	   0.00246	   7.50100	       11B
  27.59752	   4.35696	   7.50100	       11B
  27.59752	   8.71147	   7.50100	       11B
  29.91114	   0.00173	   8.38242	       11B
  29.91114	   4.35624	   8.38242	       10B
  29.91114	   8.71075	   8.38242	       10B
  32.14960	   0.00314	   9.45641	       11B
  32.14960	   4.35765	   9.45641	       10B
  32.14960	   8.71216	   9.45641	       11B
  34.59913	   0.00314	   9.45641	       11B
  34.59913	   4.35765	   9.45641	       11B
  34.59913	   8.71216	   9.45641	       10B
  36.83759	   0.00173	   8.38242	       11B
  36.83759	   4.35624	   8.38242	       11B
  36.83759	   8.71075	   8.38242	       11B
  39.15121	   0.00246	   7.50100	       11B
  39.15121	   4.35696	   7.50100	       11B
  39.15121	   8.71147	   7.50100	       11B
  41.63734	   0.00282	   7.50000	       11B
  41.63734	   4.35733	   7.50000	       10B
  41.63734	   8.71184	   7.50000	       11B
  23.86893	   3.62889	   7.50000	       14N
  23.86893	   7.98340	   7.50000	       14N
  26.35344	   3.62824	   7.50003	       14N
  26.35344	   7.98275	   7.50003	       14N
  28.81494	   3.62858	   7.78754	       14N
  28.81494	   7.98309	   7.78754	       14N
  30.98846	   3.62819	   9.00643	       14N
  30.98846	   7.98269	   9.00643	       14N
  33.37436	   3.62812	   9.69697	       14N
  33.37436	   7.98262	   9.69697	       14N
  35.76027	   3.62819	   9.00643	       14N
  35.76027	   7.98269	   9.00643	       14N
  37.93379	   3.62858	   7.78754	       14N
  37.93379	   7.98309	   7.78754	       14N
  40.39529	   3.62824	   7.50003	       14N
  40.39529	   7.98275	   7.50003	       14N
  42.87980	   3.62889	   7.50000	       14N
  42.87980	   7.98340	   7.50000	       14N
  22.62669	   1.45194	   7.50000	       14N
  22.62669	   5.80644	   7.50000	       14N
  22.62669	  10.16095	   7.50000	       14N
  25.11125	   1.45112	   7.50000	       14N
  25.11125	   5.80563	   7.50000	       14N
  25.11125	  10.16014	   7.50000	       14N
  27.59754	   1.45076	   7.50100	       14N
  27.59754	   5.80527	   7.50100	       14N
  27.59754	  10.15978	   7.50100	       14N
  29.91625	   1.45102	   8.38190	       14N
  29.91625	   5.80552	   8.38190	       14N
  29.91625	  10.16003	   8.38190	       14N
  32.13452	   1.45080	   9.50617	       14N
  32.13452	   5.80531	   9.50617	       14N
  32.13452	  10.15982	   9.50617	       14N
  34.61421	   1.45080	   9.50617	       14N
  34.61421	   5.80531	   9.50617	       14N
  34.61421	  10.15982	   9.50617	       14N
  36.83248	   1.45102	   8.38190	       14N
  36.83248	   5.80552	   8.38190	       14N
  36.83248	  10.16003	   8.38190	       14N
  39.15119	   1.45076	   7.50100	       14N
  39.15119	   5.80527	   7.50100	       14N
  39.15119	  10.15978	   7.50100	       15N
  41.63748	   1.45112	   7.50000	       14N
  41.63748	   5.80563	   7.50000	       14N
  41.63748	  10.16014	   7.50000	       14N
  23.86920	  15.24428	   7.50000	       11B
  23.86920	  19.59879	   7.50000	       11B
  23.86920	  23.95330	   7.50000	       10B
  26.35327	  15.24288	   7.50003	       11B
  26.35327	  19.59739	   7.50003	       11B
  26.35327	  23.95190	   7.50003	       11B
  28.79171	  15.24496	   7.85372	       11B
  28.79171	  19.59946	   7.85372	       11B
  28.79171	  23.95397	   7.85372	       10B
  31.00205	  15.24279	   8.98701	       11B
  31.00205	  19.59730	   8.98701	       11B
  31.00205	  23.95181	   8.98701	       11B
  33.37436	  15.24465	   9.63579	       11B
  33.37436	  19.59916	   9.63579	       11B
  33.37436	  23.95367	   9.63579	       11B
  35.74668	  15.24279	   8.98701	       10B
  35.74668	  19.59730	   8.98701	       11B
  35.74668	  23.95181	   8.98701	       11B
  37.95702	  15.24496	   7.85372	       11B
  37.95702	  19.59946	   7.85372	       11B
  37.95702	  23.95397	   7.85372	       11B
  40.39546	  15.24288	   7.50003	       11B
  40.39546	  19.59739	   7.50003	       11B
  40.39546	  23.95190	   7.50003	       11B
  42.87953	  15.24428	   7.50000	       11B
  42.87953	  19.59879	   7.50000	       11B
  42.87953	  23.95330	   7.50000	       11B
  22.62669	  13.06727	   7.50000	       11B
  22.62669	  17.42178	   7.50000	       11B
  22.62669	  21.77629	   7.50000	       11B
  25.11139	  13.06635	   7.50000	       10B
  25.11139	  17.42085	   7.50000	       11B
  25.11139	  21.77536	   7.50000	       11B
  27.59752	  13.06598	   7.50100	       11B
  27.59752	  17.42049	   7.50100	       11B
  27.59752	  21.77500	   7.50100	       11B
  29.91114	  13.06526	   8.38242	       11B
  29.91114	  17.41976	   8.38242	       11B
  29.91114	  21.77427	   8.38242	       11B
  32.14960	  13.06666	   9.45641	       11B
  32.14960	  17.42117	   9.45641	       11B
  32.14960	  21.77568	   9.45641	       11B
  34.59913	  13.06666	   9.45641	       11B
  34.59913	  17.42117	   9.45641	       11B
  34.59913	  21.77568	   9.45641	       10B
  36.83759	  13.06526	   8.38242	       11B
  36.83759	  17.41976	   8.38242	       11B
  36.83759	  21.77427	   8.38242	       10B
  39.15121	  13.06598	   7.50100	       11B
  39.15121	  17.42049	   7.50100	       11B
  39.15121	  21.77500	   7.50100	       11B
  41.63734	  13.06635	   7.50000	       10B
  41.63734	  17.42085	   7.50000	       11B
  41.63734	  21.77536	   7.50000	       11B
  23.86893	  16.69241	   7.50000	       14N
  23.86893	  21.04692	   7.50000	       14N
  23.86893	  12.33791	   7.50000	       14N
  26.35344	  16.69177	   7.50003	       14N
  26.35344	  21.04628	   7.50003	       14N
  26.35344	  12.33726	   7.50003	       14N
  28.81494	  16.69210	   7.78754	       14N
  28.81494	  21.04661	   7.78754	       14N
  28.81494	  12.33759	   7.78754	       14N
  30.98846	  16.69171	   9.00643	       14N
  30.98846	  21.04622	   9.00643	       14N
  30.98846	  12.33720	   9.00643	       14N
  33.37436	  16.69164	   9.69697	       14N
  33.37436	  21.04615	   9.69697	       14N
  33.37436	  12.33713	   9.69697	       14N
  35.76027	  16.69171	   9.00643	       14N
  35.76027	  21.04622	   9.00643	       14N
  35.76027	  12.33720	   9.00643	       14N
  37.93379	  16.69210	   7.78754	       14N
  37.93379	  21.04661	   7.78754	       14N
  37.93379	  12.33759	   7.78754	       14N
  40.39529	  16.69177	   7.50003	       14N
  40.39529	  21.04628	   7.50003	       14N
  40.39529	  12.33726	   7.50003	       14N
  42.87980	  16.69241	   7.50000	       14N
  42.87980	  21.04692	   7.50000	       14N
  42.87980	  12.33791	   7.50000	       14N
  22.62669	  14.51546	   7.50000	       14N
  22.62669	  18.86997	   7.50000	       14N
  22.62669	  23.22448	   7.50000	       14N
  25.11125	  14.51465	   7.50000	       14N
  25.11125	  18.86916	   7.50000	       14N
  25.11125	  23.22367	   7.50000	       14N
  27.59754	  14.51429	   7.50100	       14N
  27.59754	  18.86880	   7.50100	       14N
  27.59754	  23.22331	   7.50100	       14N
  29.91625	  14.51454	   8.38190	       14N
  29.91625	  18.86905	   8.38190	       14N
  29.91625	  23.22356	   8.38190	       14N
  32.13452	  14.51433	   9.50617	       14N
  32.13452	  18.86884	   9.50617	       14N
  32.13452	  23.22335	   9.50617	       14N
  34.61421	  14.51433	   9.50617	       14N
  34.61421	  18.86884	   9.50617	       14N
  34.61421	  23.22335	   9.50617	       14N
  36.83248	  14.51454	   8.38190	       14N
  36.83248	  18.86905	   8.38190	       14N
  36.83248	  23.22356	   8.38190	       14N
  39.15119	  14.51429	   7.50100	       14N
  39.15119	  18.86880	   7.50100	       14N
  39.15119	  23.22331	   7.50100	       14N
  41.63748	  14.51465	   7.50000	       14N
  41.63748	  18.86916	   7.50000	       14N
  41.63748	  23.22367	   7.50000	       14N
  23.86920	  28.30781	   7.50000	       10B
  23.86920	  32.66232	   7.50000	       11B
  23.86920	  37.01683	   7.50000	       11B
  26.35327	  28.30641	   7.50003	       11B
  26.35327	  32.66092	   7.50003	       11B
  26.35327	  37.01542	   7.50003	       10B
  28.79171	  28.30848	   7.85372	       11B
  28.79171	  32.66299	   7.85372	       11B
  28.79171	  37.01750	   7.85372	       11B
  31.00205	  28.30632	   8.98701	       11B
  31.00205	  32.66082	   8.98701	       11B
  31.00205	  37.01533	   8.98701	       11B
  33.37436	  28.30818	   9.63579	       11B
  33.37436	  32.66268	   9.63579	       11B
  33.37436	  37.01719	   9.63579	       10B
  35.74668	  28.30632	   8.98701	       11B
  35.74668	  32.66082	   8.98701	       11B
  35.74668	  37.01533	   8.98701	       11B
  37.95702	  28.30848	   7.85372	       11B
  37.95702	  32.66299	   7.85372	       10B
  37.95702	  37.01750	   7.85372	       11B
  40.39546	  28.30641	   7.50003	       11B
  40.39546	  32.66092	   7.50003	       11B
  40.39546	  37.01542	   7.50003	       11B
  42.87953	  28.30781	   7.50000	       11B
  42.87953	  32.66232	   7.50000	       11B
  42.87953	  37.01683	   7.50000	       11B
  22.62669	  26.13080	   7.50000	       11B
  22.62669	  30.48530	   7.50000	       10B
  22.62669	  34.83981	   7.50000	       11B
  25.11139	  26.12987	   7.50000	       11B
  25.11139	  30.48438	   7.50000	       11B
  25.11139	  34.83889	   7.50000	       11B
  27.59752	  26.12951	   7.50100	       11B
  27.59752	  30.48401	   7.50100	       10B
  27.59752	  34.83852	   7.50100	       11B
  29.91114	  26.12878	   8.38242	       11B
  29.91114	  30.48329	   8.38242	       11B
  29.91114	  34.83780	   8.38242	       11B
  32.14960	  26.13019	   9.45641	       11B
  32.14960	  30.48470	   9.45641	       11B
  32.14960	  34.83921	   9.45641	       11B
  34.59913	  26.13019	   9.45641	       10B
  34.59913	  30.48470	   9.45641	       10B
  34.59913	  34.83921	   9.45641	       11B
  36.83759	  26.12878	   8.38242	       11B
  36.83759	  30.48329	   8.38242	       11B
  36.83759	  34.83780	   8.38242	       11B
  39.15121	  26.12951	   7.50100	       11B
  39.15121	  30.48401	   7.50100	       10B
  39.15121	  34.83852	   7.50100	       11B
  41.63734	  26.12987	   7.50000	       11B
  41.63734	  30.48438	   7.50000	       11B
  41.63734	  34.83889	   7.50000	       11B
  23.86893	  29.75594	   7.50000	       14N
  23.86893	  34.11045	   7.50000	       14N
  23.86893	  25.40143	   7.50000	       14N
  26.35344	  29.75529	   7.50003	       14N
  26.35344	  34.10980	   7.50003	       14N
  26.35344	  25.40079	   7.50003	       14N
  28.81494	  29.75563	   7.78754	       14N
  28.81494	  34.11014	   7.78754	       14N
  28.81494	  25.40112	   7.78754	       14N
  30.98846	  29.75524	   9.00643	       14N
  30.98846	  34.10974	   9.00643	       14N
  30.98846	  25.40073	   9.00643	       14N
  33.37436	  29.75517	   9.69697	       14N
  33.37436	  34.10967	   9.69697	       14N
  33.37436	  25.40066	   9.69697	       14N
  35.76027	  29.75524	   9.00643	       14N
  35.76027	  34.10974	   9.00643	       14N
  35.76027	  25.40073	   9.00643	       14N
  37.93379	  29.75563	   7.78754	       14N
  37.93379	  34.11014	   7.78754	       14N
  37.93379	  25.40112	   7.78754	       14N
  40.39529	  29.75529	   7.50003	       14N
  40.39529	  34.10980	   7.50003	       14N
  40.39529	  25.40079	   7.50003	       14N
  42.87980	  29.75594	   7.50000	       14N
  42.87980	  34.11045	   7.50000	       14N
  42.87980	  25.40143	   7.50000	       14N
  22.62669	  27.57899	   7.50000	       14N
  22.62669	  31.93349	   7.50000	       14N
  22.62669	  36.28800	   7.50000	       14N
  25.11125	  27.57817	   7.50000	       14N
  25.11125	  31.93268	   7.50000	       14N
  25.11125	  36.28719	   7.50000	       14N
  27.59754	  27.57781	   7.50100	       14N
  27.59754	  31.93232	   7.50100	       14N
  27.59754	  36.28683	   7.50100	       14N
  29.91625	  27.57807	   8.38190	       14N
  29.91625	  31.93258	   8.38190	       14N
  29.91625	  36.28708	   8.38190	       14N
  32.13452	  27.57785	   9.50617	       14N
  32.13452	  31.93236	   9.50617	       14N
  32.13452	  36.28687	   9.50617	       14N
  34.61421	  27.57785	   9.50617	       14N
  34.61421	  31.93236	   9.50617	       14N
  34.61421	  36.28687	   9.50617	       14N
  36.83248	  27.57807	   8.38190	       14N
  36.83248	  31.93258	   8.38190	       14N
  36.83248	  36.28708	   8.38190	       14N
  39.15119	  27.57781	   7.50100	       14N
  39.15119	  31.93232	   7.50100	       14N
  39.15119	  36.28683	   7.50100	       14N
  41.63748	  27.57817	   7.50000	       14N
  41.63748	  31.93268	   7.50000	       14N
  41.63748	  36.28719	   7.50000	       14N
  23.87202	  41.36468	   7.50000	       10B
  23.87366	  45.71797	   7.50000	       11B
  23.87251	  50.07192	   7.50000	       11B
  26.36123	  41.36784	   7.50003	       10B
  26.36929	  45.71931	   7.50003	       11B
  26.36352	  50.07324	   7.50003	       11B
  28.80386	  41.37473	   7.85001	       11B
  28.82860	  45.72406	   7.82953	       10B
  28.80758	  50.07985	   7.84995	       11B
  31.01141	  41.37885	   8.99159	       11B
  31.08888	  45.72660	   8.94199	       11B
  31.01626	  50.08331	   8.98462	       11B
  33.37436	  41.37919	   9.67620	       11B
  33.37436	  50.09409	   9.66369	       11B
  35.73732	  41.37885	   8.99159	       11B
  35.65985	  45.72660	   8.94199	       11B
  35.73247	  50.08331	   8.98462	       11B
  37.94487	  41.37473	   7.85001	       11B
  37.92013	  45.72406	   7.82953	       10B
  37.94115	  50.07985	   7.84995	       11B
  40.38750	  41.36784	   7.50003	       11B
  40.37944	  45.71931	   7.50003	       11B
  40.38521	  50.07324	   7.50003	       11B
  42.87671	  41.36468	   7.50000	       11B
  42.87507	  45.71797	   7.50000	       10B
  42.87622	  50.07192	   7.50000	       11B
  22.62669	  39.18593	   7.50000	       11B
  22.62669	  43.54100	   7.50000	       10B
  22.62669	  47.89384	   7.50000	       11B
  25.11552	  39.18786	   7.50000	       10B
  25.11945	  43.54314	   7.50000	       11B
  25.12120	  47.89468	   7.50000	       11B
  27.60503	  39.19156	   7.50100	       10B
  27.61364	  43.54580	   7.50100	       11B
  27.61828	  47.89802	   7.50100	       11B
  29.92126	  39.19666	   8.37896	       11B
  29.94665	  43.55332	   8.35601	       10B
  29.95860	  47.89886	   8.34733	       11B
  32.15124	  39.20381	   9.46818	       11B
  32.17023	  43.56548	   9.49396	       11B
  32.17476	  47.89810	   9.50300	       11B
  34.59749	  39.20381	   9.46818	       10B
  34.57850	  43.56548	   9.49396	       11B
  34.57396	  47.89810	   9.50300	       11B
  36.82747	  39.19666	   8.37896	       11B
  36.80208	  43.55332	   8.35601	       11B
  36.79013	  47.89886	   8.34733	       11B
  39.14370	  39.19156	   7.50100	       11B
  39.13509	  43.54580	   7.50100	       10B
  39.13045	  47.89802	   7.50100	       11B
  41.63322	  39.18786	   7.50000	       11B
  41.62928	  43.54314	   7.50000	       11B
  41.62753	  47.89468	   7.50000	       10B
  23.87138	  42.81389	   7.50000	       14N
  23.87228	  47.16724	   7.50000	       14N
  23.87014	  38.45797	   7.50000	       14N
  26.35992	  42.81650	   7.50003	       14N
  26.36409	  47.16972	   7.50003	       14N
  26.35651	  38.46031	   7.50003	       14N
  28.82687	  42.81904	   7.77634	       14N
  28.83765	  47.17538	   7.76380	       14N
  28.81991	  38.46575	   7.78335	       14N
  31.00093	  42.81771	   8.99604	       14N
  31.04181	  47.18289	   8.94813	       14N
  30.99364	  38.47154	   9.00225	       14N
  33.37436	  42.80252	   9.76497	       14N
  33.37436	  38.47809	   9.71775	       14N
  35.74780	  42.81771	   8.99604	       14N
  35.70692	  47.18289	   8.94813	       14N
  35.75508	  38.47154	   9.00225	       14N
  37.92186	  42.81904	   7.77634	       14N
  37.91108	  47.17538	   7.76380	       14N
  37.92882	  38.46575	   7.78335	       14N
  40.38881	  42.81650	   7.50003	       14N
  40.38464	  47.16972	   7.50003	       14N
  40.39222	  38.46031	   7.50003	       14N
  42.87735	  42.81389	   7.50000	       14N
  42.87645	  47.16724	   7.50000	       14N
  42.87859	  38.45797	   7.50000	       14N
  22.62669	  40.63563	   7.50000	       14N
  22.62669	  44.99043	   7.50000	       14N
  22.62669	  49.34380	   7.50000	       15N
  25.11394	  40.63706	   7.50000	       14N
  25.11784	  44.99199	   7.50000	       14N
  25.11571	  49.34468	   7.50000	       14N
  27.60156	  40.63999	   7.50100	       14N
  27.61125	  44.99445	   7.50100	       14N
  27.60571	  49.34879	   7.50100	       14N
  29.92289	  40.64394	   8.37683	       14N
  29.96245	  44.99945	   8.31882	       14N
  29.93403	  49.35431	   8.36241	       14N
  32.13132	  40.64383	   9.52637	       14N
  32.13197	  49.37129	   9.53231	       14N
  34.61741	  40.64383	   9.52637	       14N
  34.61676	  49.37129	   9.53230	       14N
  36.82584	  40.64394	   8.37683	       14N
  36.78628	  44.99945	   8.31882	       14N
  36.81470	  49.35431	   8.36241	       14N
  39.14717	  40.63999	   7.50100	       14N
  39.13748	  44.99445	   7.50100	       14N
  39.14302	  49.34879	   7.50100	       14N
  41.63479	  40.63706	   7.50000	       14N
  41.63089	  44.99199	   7.50000	       14N
  41.63302	  49.34468	   7.50000	       14N
  34.64333	  44.96216	   9.51862	       14N
  32.10540	  44.96216	   9.51862	       14N
  33.37436	  47.29392	   9.93335	       14N
  23.86920	  54.43486	   7.50000	       11B
  23.86920	  58.78937	   7.50000	       10B
  23.86920	  63.14388	   7.50000	       10B
  26.35327	  54.43346	   7.50003	       11B
  26.35327	  58.78797	   7.50003	       11B
  26.35327	  63.14247	   7.50003	       11B
  28.79171	  54.43553	   7.85372	       10B
  28.79171	  58.79004	   7.85372	       11B
  28.79171	  63.14455	   7.85372	       11B
  31.00205	  54.43337	   8.98701	       10B
  31.00205	  58.78787	   8.98701	       11B
  31.00205	  63.14238	   8.98701	       11B
  33.37436	  54.43523	   9.63579	       11B
  33.37436	  58.78973	   9.63579	       11B
  33.37436	  63.14424	   9.63579	       10B
  35.74668	  54.43337	   8.98701	       11B
  35.74668	  58.78787	   8.98701	       11B
  35.74668	  63.14238	   8.98701	       11B
  37.95702	  54.43553	   7.85372	       11B
  37.95702	  58.79004	   7.85372	       11B
  37.95702	  63.14455	   7.85372	       10B
  40.39546	  54.43346	   7.50003	       10B
  40.39546	  58.78797	   7.50003	       11B
  40.39546	  63.14247	   7.50003	       11B
  42.87953	  54.43486	   7.50000	       11B
  42.87953	  58.78937	   7.50000	       11B
  42.87953	  63.14388	   7.50000	       10B
  22.62669	  52.25785	   7.50000	       11B
  22.62669	  56.61235	   7.50000	       11B
  22.62669	  60.96686	   7.50000	       10B
  25.11139	  52.25692	   7.50000	       11B
  25.11139	  56.61143	   7.50000	       11B
  25.11139	  60.96594	   7.50000	       11B
  27.59752	  52.25656	   7.50100	       10B
  27.59752	  56.61106	   7.50100	       10B
  27.59752	  60.96557	   7.50100	       11B
  29.91114	  52.25583	   8.38242	       11B
  29.91114	  56.61034	   8.38242	       11B
  29.91114	  60.96485	   8.38242	       11B
  32.14960	  52.25724	   9.45641	       11B
  32.14960	  56.61175	   9.45641	       11B
  32.14960	  60.96626	   9.45641	       10B
  34.59913	  52.25724	   9.45641	       10B
  34.59913	  56.61175	   9.45641	       11B
  34.59913	  60.96626	   9.45641	       11B
  36.83759	  52.25583	   8.38242	       10B
  36.83759	  56.61034	   8.38242	       11B
  36.83759	  60.96485	   8.38242	       11B
  39.15121	  52.25656	   7.50100	       10B
  39.15121	  56.61106	   7.50100	       11B
  39.15121	  60.96557	   7.50100	       10B
  41.63734	  52.25692	   7.50000	       11B
  41.63734	  56.61143	   7.50000	       10B
  41.63734	  60.96594	   7.50000	       11B
  23.86893	  55.88299	   7.50000	       14N
  23.86893	  60.23750	   7.50000	       14N
  23.86893	  51.52848	   7.50000	       14N
  26.35344	  55.88234	   7.50003	       14N
  26.35344	  60.23685	   7.50003	       14N
  26.35344	  51.52784	   7.50003	       14N
  28.81494	  55.88268	   7.78754	       14N
  28.81494	  60.23719	   7.78754	       14N
  28.81494	  51.52817	   7.78754	       14N
  30.98846	  55.88229	   9.00643	       14N
  30.98846	  60.23680	   9.00643	       14N
  30.98846	  51.52778	   9.00643	       14N
  33.37436	  55.88222	   9.69697	       14N
  33.37436	  60.23672	   9.69697	       14N
  33.37436	  51.52771	   9.69697	       14N
  35.76027	  55.88229	   9.00643	       14N
  35.76027	  60.23680	   9.00643	       14N
  35.76027	  51.52778	   9.00643	       14N
  37.93379	  55.88268	   7.78754	       14N
  37.93379	  60.23719	   7.78754	       14N
  37.93379	  51.52817	   7.78754	       14N
  40.39529	  55.88234	   7.50003	       14N
  40.39529	  60.23685	   7.50003	       14N
  40.39529	  51.52784	   7.50003	       14N
  42.87980	  55.88299	   7.50000	       14N
  42.87980	  60.23750	   7.50000	       14N
  42.87980	  51.52848	   7.50000	       14N
  22.62669	  53.70604	   7.50000	       14N
  22.62669	  58.06055	   7.50000	       14N
  22.62669	  62.41505	   7.50000	       14N
  25.11125	  53.70522	   7.50000	       14N
  25.11125	  58.05973	   7.50000	       14N
  25.11125	  62.41424	   7.50000	       14N
  27.59754	  53.70486	   7.50100	       14N
  27.59754	  58.05937	   7.50100	       14N
  27.59754	  62.41388	   7.50100	       14N
  29.91625	  53.70512	   8.38190	       14N
  29.91625	  58.05963	   8.38190	       14N
  29.91625	  62.41413	   8.38190	       14N
  32.13452	  53.70490	   9.50617	       14N
  32.13452	  58.05941	   9.50617	       14N
  32.13452	  62.41392	   9.50617	       14N
  34.61421	  53.70490	   9.50617	       14N
  34.61421	  58.05941	   9.50617	       14N
  34.61421	  62.41392	   9.50617	       14N
  36.83248	  53.70512	   8.38190	       14N
  36.83248	  58.05963	   8.38190	       14N
  36.83248	  62.41413	   8.38190	       14N
  39.15119	  53.70486	   7.50100	       14N
  39.15119	  58.05937	   7.50100	       14N
  39.15119	  62.41388	   7.50100	       14N
  41.63748	  53.70522	   7.50000	       14N
  41.63748	  58.05973	   7.50000	       14N
  41.63748	  62.41424	   7.50000	       14N
  23.86920	  67.49839	   7.50000	       11B
  23.86920	  71.85289	   7.50000	       11B
  23.86920	  76.20740	   7.50000	       11B
  26.35327	  67.49698	   7.50003	       11B
  26.35327	  71.85149	   7.50003	       11B
  26.35327	  76.20600	   7.50003	       11B
  28.79171	  67.49906	   7.85372	       10B
  28.79171	  71.85357	   7.85372	       11B
  28.79171	  76.20807	   7.85372	       11B
  31.00205	  67.49689	   8.98701	       11B
  31.00205	  71.85140	   8.98701	       11B
  31.00205	  76.20591	   8.98701	       11B
  33.37436	  67.49875	   9.63579	       11B
  33.37436	  71.85326	   9.63579	       11B
  33.37436	  76.20777	   9.63579	       11B
  35.74668	  67.49689	   8.98701	       11B
  35.74668	  71.85140	   8.98701	       11B
  35.74668	  76.20591	   8.98701	       11B
  37.95702	  67.49906	   7.85372	       11B
  37.95702	  71.85357	   7.85372	       11B
  37.95702	  76.20807	   7.85372	       11B
  40.39546	  67.49698	   7.50003	       11B
  40.39546	  71.85149	   7.50003	       11B
  40.39546	  76.20600	   7.50003	       11B
  42.87953	  67.49839	   7.50000	       11B
  42.87953	  71.85289	   7.50000	       10B
  42.87953	  76.20740	   7.50000	       11B
  22.62669	  65.32137	   7.50000	       11B
  22.62669	  69.67588	   7.50000	       11B
  22.62669	  74.03039	   7.50000	       11B
  25.11139	  65.32045	   7.50000	       11B
  25.11139	  69.67495	   7.50000	       11B
  25.11139	  74.02946	   7.50000	       11B
  27.59752	  65.32008	   7.50100	       11B
  27.59752	  69.67459	   7.50100	       11B
  27.59752	  74.02910	   7.50100	       11B
  29.91114	  65.31936	   8.38242	       11B
  29.91114	  69.67386	   8.38242	       11B
  29.91114	  74.02837	   8.38242	       11B
  32.14960	  65.32077	   9.45641	       11B
  32.14960	  69.67527	   9.45641	       11B
  32.14960	  74.02978	   9.45641	       10B
  34.59913	  65.32077	   9.45641	       11B
  34.59913	  69.67527	   9.45641	       11B
  34.59913	  74.02978	   9.45641	       10B
  36.83759	  65.31936	   8.38242	       10B
  36.83759	  69.67386	   8.38242	       11B
  36.83759	  74.02837	   8.38242	       11B
  39.15121	  65.32008	   7.50100	       11B
  39.15121	  69.67459	   7.50100	       10B
  39.15121	  74.02910	   7.50100	       10B
  41.63734	  65.32045	   7.50000	       11B
  41.63734	  69.67495	   7.50000	       11B
  41.63734	  74.02946	   7.50000	       10B
  23.86893	  68.94651	   7.50000	       14N
  23.86893	  73.30102	   7.50000	       14N
  23.86893	  64.59201	   7.50000	       14N
  26.35344	  68.94587	   7.50003	       14N
  26.35344	  73.30038	   7.50003	       14N
  26.35344	  64.59136	   7.50003	       14N
  28.81494	  68.94620	   7.78754	       14N
  28.81494	  73.30071	   7.78754	       14N
  28.81494	  64.59169	   7.78754	       14N
  30.98846	  68.94581	   9.00643	       14N
  30.98846	  73.30032	   9.00643	       14N
  30.98846	  64.59130	   9.00643	       14N
  33.37436	  68.94574	   9.69697	       14N
  33.37436	  73.30025	   9.69697	       14N
  33.37436	  64.59123	   9.69697	       14N
  35.76027	  68.94581	   9.00643	       14N
  35.76027	  73.30032	   9.00643	       14N
  35.76027	  64.59130	   9.00643	       14N
  37.93379	  68.94620	   7.78754	       14N
  37.93379	  73.30071	   7.78754	       14N
  37.93379	  64.59169	   7.78754	       14N
  40.39529	  68.94587	   7.50003	       14N
  40.39529	  73.30038	   7.50003	       14N
  40.39529	  64.59136	   7.50003	       14N
  42.87980	  68.94651	   7.50000	       14N
  42.87980	  73.30102	   7.50000	       14N
  42.87980	  64.59201	   7.50000	       14N
  22.62669	  66.76956	   7.50000	       14N
  22.62669	  71.12407	   7.50000	       14N
  22.62669	  75.47858	   7.50000	       14N
  25.11125	  66.76875	   7.50000	       14N
  25.11125	  71.12326	   7.50000	       14N
  25.11125	  75.47777	   7.50000	       14N
  27.59754	  66.76839	   7.50100	       14N
  27.59754	  71.12290	   7.50100	       14N
  27.59754	  75.47741	   7.50100	       14N
  29.91625	  66.76864	   8.38190	       14N
  29.91625	  71.12315	   8.38190	       14N
  29.91625	  75.47766	   8.38190	       14N
  32.13452	  66.76843	   9.50617	       14N
  32.13452	  71.12294	   9.50617	       14N
  32.13452	  75.47745	   9.50617	       14N
  34.61421	  66.76843	   9.50617	       14N
  34.61421	  71.12294	   9.50617	       14N
  34.61421	  75.47745	   9.50617	       14N
  36.83248	  66.76864	   8.38190	       14N
  36.83248	  71.12315	   8.38190	       14N
  36.83248	  75.47766	   8.38190	       14N
  39.15119	  66.76839	   7.50100	       14N
  39.15119	  71.12290	   7.50100	       14N
  39.15119	  75.47741	   7.50100	       14N
  41.63748	  66.76875	   7.50000	       14N
  41.63748	  71.12326	   7.50000	       14N
  41.63748	  75.47777	   7.50000	       14N
  22.62669	  78.38490	   7.50000	       11B
  25.11139	  78.38397	   7.50000	       11B
  27.59752	  78.38361	   7.50100	       11B
  29.91114	  78.38288	   8.38242	       11B
  32.14960	  78.38429	   9.45641	       11B
  34.59913	  78.38429	   9.45641	       11B
  36.83759	  78.38288	   8.38242	       11B
  39.15121	  78.38361	   7.50100	       11B
  41.63734	  78.38397	   7.50000	       11B
  23.86893	  77.65553	   7.50000	       14N
  26.35344	  77.65489	   7.50003	       14N
  28.81494	  77.65522	   7.78754	       14N
  30.98846	  77.65483	   9.00643	       14N
  33.37436	  77.65476	   9.69697	       14N
  35.76027	  77.65483	   9.00643	       14N
  37.93379	  77.65522	   7.78754	       14N
  40.39529	  77.65489	   7.50003	       14N
  42.87980	  77.65553	   7.50000	       14N
  22.62669	  79.83309	   7.50000	       14N
  25.11125	  79.83227	   7.50000	       14N
  27.59754	  79.83192	   7.50100	       14N
  29.91625	  79.83217	   8.38190	       14N
  32.13452	  79.83195	   9.50617	       14N
  34.61421	  79.83195	   9.50617	       14N
  36.83248	  79.83217	   8.38190	       14N
  39.15119	  79.83192	   7.50100	       14N
  41.63748	  79.83227	   7.50000	       14N
  45.37908	   2.17825	   7.50000	       10B
  45.37908	   6.53276	   7.50000	       11B
  45.37908	  10.88727	   7.50000	       11B
  47.89316	   2.17825	   7.50000	       10B
  47.89316	   6.53276	   7.50000	       11B
  47.89316	  10.88727	   7.50000	       10B
  50.40723	   2.17825	   7.50000	       10B
  50.40723	   6.53276	   7.50000	       11B
  50.40723	  10.88727	   7.50000	       11B
  52.92131	   2.17825	   7.50000	       11B
  52.92131	   6.53276	   7.50000	       11B
  52.92131	  10.88727	   7.50000	       11B
  55.43539	   2.17825	   7.50000	       11B
  55.43539	   6.53276	   7.50000	       11B
  55.43539	  10.88727	   7.50000	       10B
  57.94946	   2.17825	   7.50000	       11B
  57.94946	   6.53276	   7.50000	       11B
  57.94946	  10.88727	   7.50000	       11B
  60.46354	   2.17825	   7.50000	       11B
  60.46354	   6.53276	   7.50000	       11B
  60.46354	  10.88727	   7.50000	       11B
  62.97761	   2.17825	   7.50000	       11B
  62.97761	   6.53276	   7.50000	       11B
  62.97761	  10.88727	   7.50000	       11B
  65.49169	   2.17825	   7.50000	       11B
  65.49169	   6.53276	   7.50000	       11B
  65.49169	  10.88727	   7.50000	       11B
  44.12204	   0.00098	   7.50000	       11B
  44.12204	   4.35549	   7.50000	       11B
  44.12204	   8.71000	   7.50000	       11B
  46.63612	   0.00098	   7.50000	       11B
  46.63612	   4.35549	   7.50000	       11B
  46.63612	   8.71000	   7.50000	       11B
  49.15019	   0.00098	   7.50000	       11B
  49.15019	   4.35549	   7.50000	       11B
  49.15019	   8.71000	   7.50000	       11B
  51.66427	   0.00098	   7.50000	       10B
  51.66427	   4.35549	   7.50000	       11B
  51.66427	   8.71000	   7.50000	       11B
  54.17835	   0.00098	   7.50000	       11B
  54.17835	   4.35549	   7.50000	       11B
  54.17835	   8.71000	   7.50000	       11B
  56.69242	   0.00098	   7.50000	       11B
  56.69242	   4.35549	   7.50000	       11B
  56.69242	   8.71000	   7.50000	       11B
  59.20650	   0.00098	   7.50000	       11B
  59.20650	   4.35549	   7.50000	       11B
  59.20650	   8.71000	   7.50000	       11B
  61.72058	   0.00098	   7.50000	       11B
  61.72058	   4.35549	   7.50000	       11B
  61.72058	   8.71000	   7.50000	       11B
  64.23465	   0.00098	   7.50000	       10B
  64.23465	   4.35549	   7.50000	       10B
  64.23465	   8.71000	   7.50000	       11B
  45.37908	   3.63024	   7.50000	       14N
  45.37908	   7.98475	   7.50000	       14N
  47.89316	   3.63024	   7.50000	       14N
  47.89316	   7.98475	   7.50000	       14N
  50.40723	   3.63024	   7.50000	       14N
  50.40723	   7.98475	   7.50000	       14N
  52.92131	   3.63024	   7.50000	       14N
  52.92131	   7.98475	   7.50000	       14N
  55.43539	   3.63024	   7.50000	       14N
  55.43539	   7.98475	   7.50000	       14N
  57.94946	   3.63024	   7.50000	       14N
  57.94946	   7.98475	   7.50000	       14N
  60.46354	   3.63024	   7.50000	       14N
  60.46354	   7.98475	   7.50000	       14N
  62.97761	   3.63024	   7.50000	       14N
  62.97761	   7.98475	   7.50000	       14N
  65.49169	   3.63024	   7.50000	       14N
  65.49169	   7.98475	   7.50000	       14N
  44.12204	   1.45298	   7.50000	       14N
  44.12204	   5.80749	   7.50000	       14N
  44.12204	  10.16200	   7.50000	       14N
  46.63612	   1.45298	   7.50000	       14N
  46.63612	   5.80749	   7.50000	       14N
  46.63612	  10.16200	   7.50000	       14N
  49.15019	   1.45298	   7.50000	       14N
  49.15019	   5.80749	   7.50000	       14N
  49.15019	  10.16200	   7.50000	       14N
  51.66427	   1.45298	   7.50000	       14N
  51.66427	   5.80749	   7.50000	       14N
  51.66427	  10.16200	   7.50000	       14N
  54.17835	   1.45298	   7.50000	       14N
  54.17835	   5.80749	   7.50000	       14N
  54.17835	  10.16200	   7.50000	       14N
  56.69242	   1.45298	   7.50000	       14N
  56.69242	   5.80749	   7.50000	       14N
  56.69242	  10.16200	   7.50000	       14N
  59.20650	   1.45298	   7.50000	       14N
  59.20650	   5.80749	   7.50000	       14N
  59.20650	  10.16200	   7.50000	       14N
  61.72058	   1.45298	   7.50000	       14N
  61.72058	   5.80749	   7.50000	       14N
  61.72058	  10.16200	   7.50000	       14N
  64.23465	   1.45298	   7.50000	       14N
  64.23465	   5.80749	   7.50000	       14N
  64.23465	  10.16200	   7.50000	       14N
  45.37908	  15.24177	   7.50000	       11B
  45.37908	  19.59628	   7.50000	       11B
  45.37908	  23.95079	   7.50000	       11B
  47.89316	  15.24177	   7.50000	       11B
  47.89316	  19.59628	   7.50000	       11B
  47.89316	  23.95079	   7.50000	       11B
  50.40723	  15.24177	   7.50000	       11B
  50.40723	  19.59628	   7.50000	       11B
  50.40723	  23.95079	   7.50000	       11B
  52.92131	  15.24177	   7.50000	       11B
  52.92131	  19.59628	   7.50000	       11B
  52.92131	  23.95079	   7.50000	       11B
  55.43539	  15.24177	   7.50000	       11B
  55.43539	  19.59628	   7.50000	       10B
  55.43539	  23.95079	   7.50000	       10B
  57.94946	  15.24177	   7.50000	       11B
  57.94946	  19.59628	   7.50000	       11B
  57.94946	  23.95079	   7.50000	       11B
  60.46354	  15.24177	   7.50000	       11B
  60.46354	  19.59628	   7.50000	       11B
  60.46354	  23.95079	   7.50000	       11B
  62.97761	  15.24177	   7.50000	       11B
  62.97761	  19.59628	   7.50000	       10B
  62.97761	  23.95079	   7.50000	       11B
  65.49169	  15.24177	   7.50000	       11B
  65.49169	  19.59628	   7.50000	       11B
  65.49169	  23.95079	   7.50000	       11B
  44.12204	  13.06450	   7.50000	       11B
  44.12204	  17.41901	   7.50000	       11B
  44.12204	  21.77352	   7.50000	       11B
  46.63612	  13.06450	   7.50000	       10B
  46.63612	  17.41901	   7.50000	       10B
  46.63612	  21.77352	   7.50000	       11B
  49.15019	  13.06450	   7.50000	       11B
  49.15019	  17.41901	   7.50000	       11B
  49.15019	  21.77352	   7.50000	       11B
  51.66427	  13.06450	   7.50000	       11B
  51.66427	  17.41901	   7.50000	       11B
  51.66427	  21.77352	   7.50000	       11B
  54.17835	  13.06450	   7.50000	       10B
  54.17835	  17.41901	   7.50000	       11B
  54.17835	  21.77352	   7.50000	       11B
  56.69242	  13.06450	   7.50000	       11B
  56.69242	  17.41901	   7.50000	       11B
  56.69242	  21.77352	   7.50000	       11B
  59.20650	  13.06450	   7.50000	       11B
  59.20650	  17.41901	   7.50000	       11B
  59.20650	  21.77352	   7.50000	       11B
  61.72058	  13.06450	   7.50000	       11B
  61.72058	  17.41901	   7.50000	       11B
  61.72058	  21.77352	   7.50000	       11B
  64.23465	  13.06450	   7.50000	       10B
  64.23465	  17.41901	   7.50000	       11B
  64.23465	  21.77352	   7.50000	       11B
  45.37908	  16.69376	   7.50000	       14N
  45.37908	  21.04827	   7.50000	       14N
  45.37908	  12.33926	   7.50000	       14N
  47.89316	  16.69376	   7.50000	       14N
  47.89316	  21.04827	   7.50000	       14N
  47.89316	  12.33926	   7.50000	       14N
  50.40723	  16.69376	   7.50000	       14N
  50.40723	  21.04827	   7.50000	       14N
  50.40723	  12.33926	   7.50000	       14N
  52.92131	  16.69376	   7.50000	       14N
  52.92131	  21.04827	   7.50000	       14N
  52.92131	  12.33926	   7.50000	       14N
  55.43539	  16.69376	   7.50000	       14N
  55.43539	  21.04827	   7.50000	       14N
  55.43539	  12.33926	   7.50000	       14N
  57.94946	  16.69376	   7.50000	       14N
  57.94946	  21.04827	   7.50000	       14N
  57.94946	  12.33926	   7.50000	       14N
  60.46354	  16.69376	   7.50000	       14N
  60.46354	  21.04827	   7.50000	       14N
  60.46354	  12.33926	   7.50000	       14N
  62.97761	  16.69376	   7.50000	       14N
  62.97761	  21.04827	   7.50000	       14N
  62.97761	  12.33926	   7.50000	       14N
  65.49169	  16.69376	   7.50000	       14N
  65.49169	  21.04827	   7.50000	       14N
  65.49169	  12.33926	   7.50000	       14N
  44.12204	  14.51651	   7.50000	       14N
  44.12204	  18.87102	   7.50000	       14N
  44.12204	  23.22552	   7.50000	       15N
  46.63612	  14.51651	   7.50000	       14N
  46.63612	  18.87102	   7.50000	       14N
  46.63612	  23.22552	   7.50000	       14N
  49.15019	  14.51651	   7.50000	       14N
  49.15019	  18.87102	   7.50000	       14N
  49.15019	  23.22552	   7.50000	       14N
  51.66427	  14.51651	   7.50000	       14N
  51.66427	  18.87102	   7.50000	       14N
  51.66427	  23.22552	   7.50000	       14N
  54.17835	  14.51651	   7.50000	       14N
  54.17835	  18.87102	   7.50000	       14N
  54.17835	  23.22552	   7.50000	       14N
  56.69242	  14.51651	   7.50000	       14N
  56.69242	  18.87102	   7.50000	       14N
  56.69242	  23.22552	   7.50000	       14N
  59.20650	  14.51651	   7.50000	       14N
  59.20650	  18.87102	   7.50000	       14N
  59.20650	  23.22552	   7.50000	       14N
  61.72058	  14.51651	   7.50000	       14N
  61.72058	  18.87102	   7.50000	       14N
  61.72058	  23.22552	   7.50000	       14N
  64.23465	  14.51651	   7.50000	       14N
  64.23465	  18.87102	   7.50000	       14N
  64.23465	  23.22552	   7.50000	       14N
  45.37908	  28.30530	   7.50000	       11B
  45.37908	  32.65981	   7.50000	       11B
  45.37908	  37.01432	   7.50000	       11B
  47.89316	  28.30530	   7.50000	       11B
  47.89316	  32.65981	   7.50000	       11B
  47.89316	  37.01432	   7.50000	       11B
  50.40723	  28.30530	   7.50000	       11B
  50.40723	  32.65981	   7.50000	       11B
  50.40723	  37.01432	   7.50000	       11B
  52.92131	  28.30530	   7.50000	       10B
  52.92131	  32.65981	   7.50000	       11B
  52.92131	  37.01432	   7.50000	       11B
  55.43539	  28.30530	   7.50000	       11B
  55.43539	  32.65981	   7.50000	       11B
  55.43539	  37.01432	   7.50000	       11B
  57.94946	  28.30530	   7.50000	       11B
  57.94946	  32.65981	   7.50000	       11B
  57.94946	  37.01432	   7.50000	       11B
  60.46354	  28.30530	   7.50000	       10B
  60.46354	  32.65981	   7.50000	       11B
  60.46354	  37.01432	   7.50000	       11B
  62.97761	  28.30530	   7.50000	       10B
  62.97761	  32.65981	   7.50000	       11B
  62.97761	  37.01432	   7.50000	       11B
  65.49169	  28.30530	   7.50000	       11B
  65.49169	  32.65981	   7.50000	       10B
  65.49169	  37.01432	   7.50000	       10B
  44.12204	  26.12803	   7.50000	       11B
  44.12204	  30.48254	   7.50000	       11B
  44.12204	  34.83705	   7.50000	       10B
  46.63612	  26.12803	   7.50000	       11B
  46.63612	  30.48254	   7.50000	       10B
  46.63612	  34.83705	   7.50000	       11B
  49.15019	  26.12803	   7.50000	       11B
  49.15019	  30.48254	   7.50000	       11B
  49.15019	  34.83705	   7.50000	       11B
  51.66427	  26.12803	   7.50000	       11B
  51.66427	  30.48254	   7.50000	       11B
  51.66427	  34.83705	   7.50000	       11B
  54.17835	  26.12803	   7.50000	       10B
  54.17835	  30.48254	   7.50000	       10B
  54.17835	  34.83705	   7.50000	       11B
  56.69242	  26.12803	   7.50000	       11B
  56.69242	  30.48254	   7.50000	       11B
  56.69242	  34.83705	   7.50000	       11B
  59.20650	  26.12803	   7.50000	       11B
  59.20650	  30.48254	   7.50000	       11B
  59.20650	  34.83705	   7.50000	       11B
  61.72058	  26.12803	   7.50000	       11B
  61.72058	  30.48254	   7.50000	       11B
  61.72058	  34.83705	   7.50000	       10B
  64.23465	  26.12803	   7.50000	       11B
  64.23465	  30.48254	   7.50000	       11B
  64.23465	  34.83705	   7.50000	       11B
  45.37908	  29.75729	   7.50000	       14N
  45.37908	  34.11180	   7.50000	       14N
  45.37908	  25.40278	   7.50000	       14N
  47.89316	  29.75729	   7.50000	       14N
  47.89316	  34.11180	   7.50000	       14N
  47.89316	  25.40278	   7.50000	       14N
  50.40723	  29.75729	   7.50000	       14N
  50.40723	  34.11180	   7.50000	       14N
  50.40723	  25.40278	   7.50000	       14N
  52.92131	  29.75729	   7.50000	       14N
  52.92131	  34.11180	   7.50000	       14N
  52.92131	  25.40278	   7.50000	       14N
  55.43539	  29.75729	   7.50000	       14N
  55.43539	  34.11180	   7.50000	       14N
  55.43539	  25.40278	   7.50000	       14N
  57.94946	  29.75729	   7.50000	       14N
  57.94946	  34.11180	   7.50000	       14N
  57.94946	  25.40278	   7.50000	       14N
  60.46354	  29.75729	   7.50000	       14N
  60.46354	  34.11180	   7.50000	       14N
  60.46354	  25.40278	   7.50000	       14N
  62.97761	  29.75729	   7.50000	       14N
  62.97761	  34.11180	   7.50000	       14N
  62.97761	  25.40278	   7.50000	       14N
  65.49169	  29.75729	   7.50000	       14N
  65.49169	  34.11180	   7.50000	       14N
  65.49169	  25.40278	   7.50000	       14N
  44.12204	  27.58003	   7.50000	       14N
  44.12204	  31.93454	   7.50000	       14N
  44.12204	  36.28905	   7.50000	       14N
  46.63612	  27.58003	   7.50000	       14N
  46.63612	  31.93454	   7.50000	       14N
  46.63612	  36.28905	   7.50000	       14N
  49.15019	  27.58003	   7.50000	       14N
  49.15019	  31.93454	   7.50000	       14N
  49.15019	  36.28905	   7.50000	       14N
  51.66427	  27.58003	   7.50000	       14N
  51.66427	  31.93454	   7.50000	       14N
  51.66427	  36.28905	   7.50000	       14N
  54.17835	  27.58003	   7.50000	       14N
  54.17835	  31.93454	   7.50000	       14N
  54.17835	  36.28905	   7.50000	       14N
  56.69242	  27.58003	   7.50000	       14N
  56.69242	  31.93454	   7.50000	       14N
  56.69242	  36.28905	   7.50000	       14N
  59.20650	  27.58003	   7.50000	       14N
  59.20650	  31.93454	   7.50000	       14N
  59.20650	  36.28905	   7.50000	       14N
  61.72058	  27.58003	   7.50000	       14N
  61.72058	  31.93454	   7.50000	       14N
  61.72058	  36.28905	   7.50000	       14N
  64.23465	  27.58003	   7.50000	       14N
  64.23465	  31.93454	   7.50000	       14N
  64.23465	  36.28905	   7.50000	       14N
  45.37908	  41.36882	   7.50000	       11B
  45.37908	  45.72333	   7.50000	       10B
  45.37908	  50.07784	   7.50000	       10B
  47.89316	  41.36882	   7.50000	       10B
  47.89316	  45.72333	   7.50000	       11B
  47.89316	  50.07784	   7.50000	       11B
  50.40723	  41.36882	   7.50000	       11B
  50.40723	  45.72333	   7.50000	       11B
  50.40723	  50.07784	   7.50000	       11B
  52.92131	  41.36882	   7.50000	       11B
  52.92131	  45.72333	   7.50000	       11B
  52.92131	  50.07784	   7.50000	       11B
  55.43539	  41.36882	   7.50000	       11B
  55.43539	  45.72333	   7.50000	       11B
  55.43539	  50.07784	   7.50000	       11B
  57.94946	  41.36882	   7.50000	       11B
  57.94946	  45.72333	   7.50000	       11B
  57.94946	  50.07784	   7.50000	       11B
  60.46354	  41.36882	   7.50000	       11B
  60.46354	  45.72333	   7.50000	       11B
  60.46354	  50.07784	   7.50000	       11B
  62.97761	  41.36882	   7.50000	       11B
  62.97761	  45.72333	   7.50000	       10B
  62.97761	  50.07784	   7.50000	       11B
  65.49169	  41.36882	   7.50000	       11B
  65.49169	  45.72333	   7.50000	       11B
  65.49169	  50.07784	   7.50000	       11B
  44.12204	  39.19155	   7.50000	       11B
  44.12204	  43.54606	   7.50000	       11B
  44.12204	  47.90057	   7.50000	       11B
  46.63612	  39.19155	   7.50000	       11B
  46.63612	  43.54606	   7.50000	       11B
  46.63612	  47.90057	   7.50000	       11B
  49.15019	  39.19155	   7.50000	       11B
  49.15019	  43.54606	   7.50000	       11B
  49.15019	  47.90057	   7.50000	       11B
  51.66427	  39.19155	   7.50000	       11B
  51.66427	  43.54606	   7.50000	       11B
  51.66427	  47.90057	   7.50000	       11B
  54.17835	  39.19155	   7.50000	       11B
  54.17835	  43.54606	   7.50000	       11B
  54.17835	  47.90057	   7.50000	       10B
  56.69242	  39.19155	   7.50000	       10B
  56.69242	  43.54606	   7.50000	       11B
  56.69242	  47.90057	   7.50000	       11B
  59.20650	  39.19155	   7.50000	       10B
  59.20650	  43.54606	   7.50000	       11B
  59.20650	  47.90057	   7.50000	       11B
  61.72058	  39.19155	   7.50000	       11B
  61.72058	  43.54606	   7.50000	       11B
  61.72058	  47.90057	   7.50000	       11B
  64.23465	  39.19155	   7.50000	       11B
  64.23465	  43.54606	   7.50000	       11B
  64.23465	  47.90057	   7.50000	       11B
  45.37908	  42.82082	   7.50000	       14N
  45.37908	  47.17532	   7.50000	       14N
  45.37908	  38.46631	   7.50000	       14N
  47.89316	  42.82082	   7.50000	       14N
  47.89316	  47.17532	   7.50000	       14N
  47.89316	  38.46631	   7.50000	       14N
  50.40723	  42.82082	   7.50000	       14N
  50.40723	  47.17532	   7.50000	       14N
  50.40723	  38.46631	   7.50000	       14N
  52.92131	  42.82082	   7.50000	       14N
  52.92131	  47.17532	   7.50000	       14N
  52.92131	  38.46631	   7.50000	       14N
  55.43539	  42.82082	   7.50000	       14N
  55.43539	  47.17532	   7.50000	       14N
  55.43539	  38.46631	   7.50000	       14N
  57.94946	  42.82082	   7.50000	       14N
  57.94946	  47.17532	   7.50000	       14N
  57.94946	  38.46631	   7.50000	       14N
  60.46354	  42.82082	   7.50000	       14N
  60.46354	  47.17532	   7.50000	       14N
  60.46354	  38.46631	   7.50000	       14N
  62.97761	  42.82082	   7.50000	       14N
  62.97761	  47.17532	   7.50000	       14N
  62.97761	  38.46631	   7.50000	       14N
  65.49169	  42.82082	   7.50000	       14N
  65.49169	  47.17532	   7.50000	       14N
  65.49169	  38.46631	   7.50000	       14N
  44.12204	  40.64356	   7.50000	       14N
  44.12204	  44.99807	   7.50000	       14N
  44.12204	  49.35257	   7.50000	       14N
  46.63612	  40.64356	   7.50000	       14N
  46.63612	  44.99807	   7.50000	       14N
  46.63612	  49.35257	   7.50000	       14N
  49.15019	  40.64356	   7.50000	       14N
  49.15019	  44.99807	   7.50000	       14N
  49.15019	  49.35257	   7.50000	       14N
  51.66427	  40.64356	   7.50000	       14N
  51.66427	  44.99807	   7.50000	       14N
  51.66427	  49.35257	   7.50000	       14N
  54.17835	  40.64356	   7.50000	       14N
  54.17835	  44.99807	   7.50000	       14N
  54.17835	  49.35257	   7.50000	       14N
  56.69242	  40.64356	   7.50000	       14N
  56.69242	  44.99807	   7.50000	       14N
  56.69242	  49.35257	   7.50000	       14N
  59.20650	  40.64356	   7.50000	       14N
  59.20650	  44.99807	   7.50000	       14N
  59.20650	  49.35257	   7.50000	       14N
  61.72058	  40.64356	   7.50000	       14N
  61.72058	  44.99807	   7.50000	       14N
  61.72058	  49.35257	   7.50000	       14N
  64.23465	  40.64356	   7.50000	       14N
  64.23465	  44.99807	   7.50000	       14N
  64.23465	  49.35257	   7.50000	       14N
  45.37908	  54.43235	   7.50000	       11B
  45.37908	  58.78686	   7.50000	       11B
  45.37908	  63.14137	   7.50000	       11B
  47.89316	  54.43235	   7.50000	       11B
  47.89316	  58.78686	   7.50000	       11B
  47.89316	  63.14137	   7.50000	       10B
  50.40723	  54.43235	   7.50000	       11B
  50.40723	  58.78686	   7.50000	       10B
  50.40723	  63.14137	   7.50000	       11B
  52.92131	  54.43235	   7.50000	       11B
  52.92131	  58.78686	   7.50000	       11B
  52.92131	  63.14137	   7.50000	       10B
  55.43539	  54.43235	   7.50000	       11B
  55.43539	  58.78686	   7.50000	       11B
  55.43539	  63.14137	   7.50000	       11B
  57.94946	  54.43235	   7.50000	       11B
  57.94946	  58.78686	   7.50000	       11B
  57.94946	  63.14137	   7.50000	       11B
  60.46354	  54.43235	   7.50000	       11B
  60.46354	  58.78686	   7.50000	       11B
  60.46354	  63.14137	   7.50000	       11B
  62.97761	  54.43235	   7.50000	       11B
  62.97761	  58.78686	   7.50000	       10B
  62.97761	  63.14137	   7.50000	       11B
  65.49169	  54.43235	   7.50000	       11B
  65.49169	  58.78686	   7.50000	       11B
  65.49169	  63.14137	   7.50000	       11B
  44.12204	  52.25508	   7.50000	       11B
  44.12204	  56.60959	   7.50000	       11B
  44.12204	  60.96410	   7.50000	       11B
  46.63612	  52.25508	   7.50000	       11B
  46.63612	  56.60959	   7.50000	       11B
  46.63612	  60.96410	   7.50000	       11B
  49.15019	  52.25508	   7.50000	       11B
  49.15019	  56.60959	   7.50000	       11B
  49.15019	  60.96410	   7.50000	       10B
  51.66427	  52.25508	   7.50000	       11B
  51.66427	  56.60959	   7.50000	       11B
  51.66427	  60.96410	   7.50000	       10B
  54.17835	  52.25508	   7.50000	       11B
  54.17835	  56.60959	   7.50000	       11B
  54.17835	  60.96410	   7.50000	       11B
  56.69242	  52.25508	   7.50000	       11B
  56.69242	  56.60959	   7.50000	       11B
  56.69242	  60.96410	   7.50000	       11B
  59.20650	  52.25508	   7.50000	       11B
  59.20650	  56.60959	   7.50000	       11B
  59.20650	  60.96410	   7.50000	       10B
  61.72058	  52.25508	   7.50000	       11B
  61.72058	  56.60959	   7.50000	       11B
  61.72058	  60.96410	   7.50000	       11B
  64.23465	  52.25508	   7.50000	       11B
  64.23465	  56.60959	   7.50000	       11B
  64.23465	  60.96410	   7.50000	       11B
  45.37908	  55.88434	   7.50000	       14N
  45.37908	  60.23885	   7.50000	       14N
  45.37908	  51.52983	   7.50000	       14N
  47.89316	  55.88434	   7.50000	       15N
  47.89316	  60.23885	   7.50000	       14N
  47.89316	  51.52983	   7.50000	       14N
  50.40723	  55.88434	   7.50000	       14N
  50.40723	  60.23885	   7.50000	       14N
  50.40723	  51.52983	   7.50000	       14N
  52.92131	  55.88434	   7.50000	       14N
  52.92131	  60.23885	   7.50000	       14N
  52.92131	  51.52983	   7.50000	       14N
  55.43539	  55.88434	   7.50000	       14N
  55.43539	  60.23885	   7.50000	       14N
  55.43539	  51.52983	   7.50000	       14N
  57.94946	  55.88434	   7.50000	       14N
  57.94946	  60.23885	   7.50000	       14N
  57.94946	  51.52983	   7.50000	       14N
  60.46354	  55.88434	   7.50000	       14N
  60.46354	  60.23885	   7.50000	       14N
  60.46354	  51.52983	   7.50000	       14N
  62.97761	  55.88434	   7.50000	       14N
  62.97761	  60.23885	   7.50000	       14N
  62.97761	  51.52983	   7.50000	       14N
  65.49169	  55.88434	   7.50000	       14N
  65.49169	  60.23885	   7.50000	       14N
  65.49169	  51.52983	   7.50000	       14N
  44.12204	  53.70708	   7.50000	       14N
  44.12204	  58.06159	   7.50000	       14N
  44.12204	  62.41610	   7.50000	       14N
  46.63612	  53.70708	   7.50000	       14N
  46.63612	  58.06159	   7.50000	       15N
  46.63612	  62.41610	   7.50000	       14N
  49.15019	  53.70708	   7.50000	       14N
  49.15019	  58.06159	   7.50000	       14N
  49.15019	  62.41610	   7.50000	       14N
  51.66427	  53.70708	   7.50000	       14N
  51.66427	  58.06159	   7.50000	       14N
  51.66427	  62.41610	   7.50000	       14N
  54.17835	  53.70708	   7.50000	       14N
  54.17835	  58.06159	   7.50000	       14N
  54.17835	  62.41610	   7.50000	       14N
  56.69242	  53.70708	   7.50000	       14N
  56.69242	  58.06159	   7.50000	       14N
  56.69242	  62.41610	   7.50000	       14N
  59.20650	  53.70708	   7.50000	       14N
  59.20650	  58.06159	   7.50000	       14N
  59.20650	  62.41610	   7.50000	       15N
  61.72058	  53.70708	   7.50000	       14N
  61.72058	  58.06159	   7.50000	       14N
  61.72058	  62.41610	   7.50000	       14N
  64.23465	  53.70708	   7.50000	       14N
  64.23465	  58.06159	   7.50000	       14N
  64.23465	  62.41610	   7.50000	       14N
  45.37908	  67.49587	   7.50000	       11B
  45.37908	  71.85038	   7.50000	       11B
  45.37908	  76.20489	   7.50000	       11B
  47.89316	  67.49587	   7.50000	       11B
  47.89316	  71.85038	   7.50000	       11B
  47.89316	  76.20489	   7.50000	       11B
  50.40723	  67.49587	   7.50000	       11B
  50.40723	  71.85038	   7.50000	       11B
  50.40723	  76.20489	   7.50000	       11B
  52.92131	  67.49587	   7.50000	       11B
  52.92131	  71.85038	   7.50000	       11B
  52.92131	  76.20489	   7.50000	       11B
  55.43539	  67.49587	   7.50000	       11B
  55.43539	  71.85038	   7.50000	       11B
  55.43539	  76.20489	   7.50000	       10B
  57.94946	  67.49587	   7.50000	       11B
  57.94946	  71.85038	   7.50000	       11B
  57.94946	  76.20489	   7.50000	       11B
  60.46354	  67.49587	   7.50000	       10B
  60.46354	  71.85038	   7.50000	       10B
  60.46354	  76.20489	   7.50000	       10B
  62.97761	  67.49587	   7.50000	       11B
  62.97761	  71.85038	   7.50000	       11B
  62.97761	  76.20489	   7.50000	       11B
  65.49169	  67.49587	   7.50000	       11B
  65.49169	  71.85038	   7.50000	       11B
  65.49169	  76.20489	   7.50000	       11B
  44.12204	  65.31860	   7.50000	       11B
  44.12204	  69.67311	   7.50000	       11B
  44.12204	  74.02762	   7.50000	       11B
  46.63612	  65.31860	   7.50000	       11B
  46.63612	  69.67311	   7.50000	       11B
  46.63612	  74.02762	   7.50000	       11B
  49.15019	  65.31860	   7.50000	       10B
  49.15019	  69.67311	   7.50000	       11B
  49.15019	  74.02762	   7.50000	       11B
  51.66427	  65.31860	   7.50000	       11B
  51.66427	  69.67311	   7.50000	       11B
  51.66427	  74.02762	   7.50000	       11B
  54.17835	  65.31860	   7.50000	       10B
  54.17835	  69.67311	   7.50000	       11B
  54.17835	  74.02762	   7.50000	       11B
  56.69242	  65.31860	   7.50000	       11B
  56.69242	  69.67311	   7.50000	       10B
  56.69242	  74.02762	   7.50000	       11B
  59.20650	  65.31860	   7.50000	       10B
  59.20650	  69.67311	   7.50000	       11B
  59.20650	  74.02762	   7.50000	       11B
  61.72058	  65.31860	   7.50000	       10B
  61.72058	  69.67311	   7.50000	       11B
  61.72058	  74.02762	   7.50000	       11B
  64.23465	  65.31860	   7.50000	       11B
  64.23465	  69.67311	   7.50000	       11B
  64.23465	  74.02762	   7.50000	       11B
  45.37908	  68.94787	   7.50000	       14N
  45.37908	  73.30237	   7.50000	       14N
  45.37908	  64.59336	   7.50000	       14N
  47.89316	  68.94787	   7.50000	       14N
  47.89316	  73.30237	   7.50000	       14N
  47.89316	  64.59336	   7.50000	       14N
  50.40723	  68.94787	   7.50000	       14N
  50.40723	  73.30237	   7.50000	       14N
  50.40723	  64.59336	   7.50000	       14N
  52.92131	  68.94787	   7.50000	       14N
  52.92131	  73.30237	   7.50000	       14N
  52.92131	  64.59336	   7.50000	       14N
  55.43539	  68.94787	   7.50000	       14N
  55.43539	  73.30237	   7.50000	       14N
  55.43539	  64.59336	   7.50000	       14N
  57.94946	  68.94787	   7.50000	       14N
  57.94946	  73.30237	   7.50000	       14N
  57.94946	  64.59336	   7.50000	       14N
  60.46354	  68.94787	   7.50000	       14N
  60.46354	  73.30237	   7.50000	       14N
  60.46354	  64.59336	   7.50000	       14N
  62.97761	  68.94787	   7.50000	       14N
  62.97761	  73.30237	   7.50000	       14N
  62.97761	  64.59336	   7.50000	       14N
  65.49169	  68.94787	   7.50000	       14N
  65.49169	  73.30237	   7.50000	       14N
  65.49169	  64.59336	   7.50000	       14N
  44.12204	  66.77061	   7.50000	       14N
  44.12204	  71.12512	   7.50000	       14N
  44.12204	  75.47963	   7.50000	       14N
  46.63612	  66.77061	   7.50000	       14N
  46.63612	  71.12512	   7.50000	       14N
  46.63612	  75.47963	   7.50000	       14N
  49.15019	  66.77061	   7.50000	       14N
  49.15019	  71.12512	   7.50000	       14N
  49.15019	  75.47963	   7.50000	       14N
  51.66427	  66.77061	   7.50000	       14N
  51.66427	  71.12512	   7.50000	       14N
  51.66427	  75.47963	   7.50000	       14N
  54.17835	  66.77061	   7.50000	       14N
  54.17835	  71.12512	   7.50000	       14N
  54.17835	  75.47963	   7.50000	       14N
  56.69242	  66.77061	   7.50000	       14N
  56.69242	  71.12512	   7.50000	       14N
  56.69242	  75.47963	   7.50000	       14N
  59.20650	  66.77061	   7.50000	       14N
  59.20650	  71.12512	   7.50000	       14N
  59.20650	  75.47963	   7.50000	       14N
  61.72058	  66.77061	   7.50000	       14N
  61.72058	  71.12512	   7.50000	       14N
  61.72058	  75.47963	   7.50000	       14N
  64.23465	  66.77061	   7.50000	       14N
  64.23465	  71.12512	   7.50000	       14N
  64.23465	  75.47963	   7.50000	       14N
  44.12204	  78.38213	   7.50000	       11B
  46.63612	  78.38213	   7.50000	       11B
  49.15019	  78.38213	   7.50000	       11B
  51.66427	  78.38213	   7.50000	       11B
  54.17835	  78.38213	   7.50000	       11B
  56.69242	  78.38213	   7.50000	       11B
  59.20650	  78.38213	   7.50000	       11B
  61.72058	  78.38213	   7.50000	       11B
  64.23465	  78.38213	   7.50000	       10B
  45.37908	  77.65688	   7.50000	       14N
  47.89316	  77.65688	   7.50000	       14N
  50.40723	  77.65688	   7.50000	       14N
  52.92131	  77.65688	   7.50000	       14N
  55.43539	  77.65688	   7.50000	       14N
  57.94946	  77.65688	   7.50000	       14N
  60.46354	  77.65688	   7.50000	       14N
  62.97761	  77.65688	   7.50000	       14N
  65.49169	  77.65688	   7.50000	       14N
  44.12204	  79.83413	   7.50000	       14N
  46.63612	  79.83413	   7.50000	       14N
  49.15019	  79.83413	   7.50000	       14N
  51.66427	  79.83413	   7.50000	       14N
  54.17835	  79.83413	   7.50000	       14N
  56.69242	  79.83413	   7.50000	       14N
  59.20650	  79.83413	   7.50000	       14N
  61.72058	  79.83413	   7.50000	       14N
  64.23465	  79.83413	   7.50000	       14N
  68.00577	   2.17825	   7.50000	       11B
  68.00577	   6.53276	   7.50000	       11B
  68.00577	  10.88727	   7.50000	       11B
  70.51984	   2.17825	   7.50000	       11B
  70.51984	   6.53276	   7.50000	       11B
  70.51984	  10.88727	   7.50000	       11B
  73.03392	   2.17825	   7.50000	       10B
  73.03392	   6.53276	   7.50000	       10B
  73.03392	  10.88727	   7.50000	       10B
  75.54800	   2.17825	   7.50000	       10B
  75.54800	   6.53276	   7.50000	       11B
  75.54800	  10.88727	   7.50000	       11B
  78.06207	   2.17825	   7.50000	       11B
  78.06207	   6.53276	   7.50000	       11B
  78.06207	  10.88727	   7.50000	       11B
  66.74873	   0.00098	   7.50000	       11B
  66.74873	   4.35549	   7.50000	       11B
  66.74873	   8.71000	   7.50000	       10B
  69.26281	   0.00098	   7.50000	       11B
  69.26281	   4.35549	   7.50000	       11B
  69.26281	   8.71000	   7.50000	       11B
  71.77688	   0.00098	   7.50000	       11B
  71.77688	   4.35549	   7.50000	       11B
  71.77688	   8.71000	   7.50000	       11B
  74.29096	   0.00098	   7.50000	       11B
  74.29096	   4.35549	   7.50000	       10B
  74.29096	   8.71000	   7.50000	       11B
  76.80504	   0.00098	   7.50000	       11B
  76.80504	   4.35549	   7.50000	       11B
  76.80504	   8.71000	   7.50000	       11B
  79.31911	   0.00098	   7.50000	       11B
  79.31911	   4.35549	   7.50000	       11B
  79.31911	   8.71000	   7.50000	       11B
  68.00577	   3.63024	   7.50000	       14N
  68.00577	   7.98475	   7.50000	       14N
  70.51984	   3.63024	   7.50000	       14N
  70.51984	   7.98475	   7.50000	       14N
  73.03392	   3.63024	   7.50000	       14N
  73.03392	   7.98475	   7.50000	       14N
  75.54800	   3.63024	   7.50000	       14N
  75.54800	   7.98475	   7.50000	       14N
  78.06207	   3.63024	   7.50000	       14N
  78.06207	   7.98475	   7.50000	       14N
  66.74873	   1.45298	   7.50000	       14N
  66.74873	   5.80749	   7.50000	       14N
  66.74873	  10.16200	   7.50000	       14N
  69.26281	   1.45298	   7.50000	       14N
  69.26281	   5.80749	   7.50000	       14N
  69.26281	  10.16200	   7.50000	       14N
  71.77688	   1.45298	   7.50000	       14N
  71.77688	   5.80749	   7.50000	       14N
  71.77688	  10.16200	   7.50000	       14N
  74.29096	   1.45298	   7.50000	       14N
  74.29096	   5.80749	   7.50000	       14N
  74.29096	  10.16200	   7.50000	       14N
  76.80504	   1.45298	   7.50000	       14N
  76.80504	   5.80749	   7.50000	       14N
  76.80504	  10.16200	   7.50000	       14N
  79.31911	   1.45298	   7.50000	       14N
  79.31911	   5.80749	   7.50000	       14N
  79.31911	  10.16200	   7.50000	       14N
  68.00577	  15.24177	   7.50000	       11B
  68.00577	  19.59628	   7.50000	       11B
  68.00577	  23.95079	   7.50000	       11B
  70.51984	  15.24177	   7.50000	       11B
  70.51984	  19.59628	   7.50000	       10B
  70.51984	  23.95079	   7.50000	       11B
  73.03392	  15.24177	   7.50000	       11B
  73.03392	  19.59628	   7.50000	       11B
  73.03392	  23.95079	   7.50000	       11B
  75.54800	  15.24177	   7.50000	       11B
  75.54800	  19.59628	   7.50000	       11B
  75.54800	  23.95079	   7.50000	       11B
  78.06207	  15.24177	   7.50000	       11B
  78.06207	  19.59628	   7.50000	       11B
  78.06207	  23.95079	   7.50000	       11B
  66.74873	  13.06450	   7.50000	       11B
  66.74873	  17.41901	   7.50000	       10B
  66.74873	  21.77352	   7.50000	       11B
  69.26281	  13.06450	   7.50000	       11B
  69.26281	  17.41901	   7.50000	       11B
  69.26281	  21.77352	   7.50000	       11B
  71.77688	  13.06450	   7.50000	       11B
  71.77688	  17.41901	   7.50000	       11B
  71.77688	  21.77352	   7.50000	       10B
  74.29096	  13.06450	   7.50000	       10B
  74.29096	  17.41901	   7.50000	       11B
  74.29096	  21.77352	   7.50000	       11B
  76.80504	  13.06450	   7.50000	       11B
  76.80504	  17.41901	   7.50000	       11B
  76.80504	  21.77352	   7.50000	       11B
  79.31911	  13.06450	   7.50000	       10B
  79.31911	  17.41901	   7.50000	       11B
  79.31911	  21.77352	   7.50000	       11B
  68.00577	  16.69376	   7.50000	       14N
  68.00577	  21.04827	   7.50000	       14N
  68.00577	  12.33926	   7.50000	       14N
  70.51984	  16.69376	   7.50000	       14N
  70.51984	  21.04827	   7.50000	       14N
  70.51984	  12.33926	   7.50000	       14N
  73.03392	  16.69376	   7.50000	       14N
  73.03392	  21.04827	   7.50000	       14N
  73.03392	  12.33926	   7.50000	       14N
  75.54800	  16.69376	   7.50000	       14N
  75.54800	  21.04827	   7.50000	       14N
  75.54800	  12.33926	   7.50000	       14N
  78.06207	  16.69376	   7.50000	       14N
  78.06207	  21.04827	   7.50000	       14N
  78.06207	  12.33926	   7.50000	       14N
  66.74873	  14.51651	   7.50000	       14N
  66.74873	  18.87102	   7.50000	       14N
  66.74873	  23.22552	   7.50000	       14N
  69.26281	  14.51651	   7.50000	       14N
  69.26281	  18.87102	   7.50000	       14N
  69.26281	  23.22552	   7.50000	       14N
  71.77688	  14.51651	   7.50000	       14N
  71.77688	  18.87102	   7.50000	       14N
  71.77688	  23.22552	   7.50000	       14N
  74.29096	  14.51651	   7.50000	       14N
  74.29096	  18.87102	   7.50000	       14N
  74.29096	  23.22552	   7.50000	       14N
  76.80504	  14.51651	   7.50000	       14N
  76.80504	  18.87102	   7.50000	       14N
  76.80504	  23.22552	   7.50000	       14N
  79.31911	  14.51651	   7.50000	       14N
  79.31911	  18.87102	   7.50000	       14N
  79.31911	  23.22552	   7.50000	       14N
  68.00577	  28.30530	   7.50000	       11B
  68.00577	  32.65981	   7.50000	       11B
  68.00577	  37.01432	   7.50000	       10B
  70.51984	  28.30530	   7.50000	       10B
  70.51984	  32.65981	   7.50000	       11B
  70.51984	  37.01432	   7.50000	       11B
  73.03392	  28.30530	   7.50000	       11B
  73.03392	  32.65981	   7.50000	       10B
  73.03392	  37.01432	   7.50000	       11B
  75.54800	  28.30530	   7.50000	       11B
  75.54800	  32.65981	   7.50000	       10B
  75.54800	  37.01432	   7.50000	       11B
  78.06207	  28.30530	   7.50000	       10B
  78.06207	  32.65981	   7.50000	       11B
  78.06207	  37.01432	   7.50000	       11B
  66.74873	  26.12803	   7.50000	       10B
  66.74873	  30.48254	   7.50000	       10B
  66.74873	  34.83705	   7.50000	       11B
  69.26281	  26.12803	   7.50000	       11B
  69.26281	  30.48254	   7.50000	       11B
  69.26281	  34.83705	   7.50000	       10B
  71.77688	  26.12803	   7.50000	       11B
  71.77688	  30.48254	   7.50000	       11B
  71.77688	  34.83705	   7.50000	       11B
  74.29096	  26.12803	   7.50000	       10B
  74.29096	  30.48254	   7.50000	       11B
  74.29096	  34.83705	   7.50000	       10B
  76.80504	  26.12803	   7.50000	       11B
  76.80504	  30.48254	   7.50000	       11B
  76.80504	  34.83705	   7.50000	       10B
  79.31911	  26.12803	   7.50000	       10B
  79.31911	  30.48254	   7.50000	       10B
  79.31911	  34.83705	   7.50000	       10B
  68.00577	  29.75729	   7.50000	       14N
  68.00577	  34.11180	   7.50000	       14N
  68.00577	  25.40278	   7.50000	       14N
  70.51984	  29.75729	   7.50000	       14N
  70.51984	  34.11180	   7.50000	       14N
  70.51984	  25.40278	   7.50000	       14N
  73.03392	  29.75729	   7.50000	       14N
  73.03392	  34.11180	   7.50000	       14N
  73.03392	  25.40278	   7.50000	       14N
  75.54800	  29.75729	   7.50000	       14N
  75.54800	  34.11180	   7.50000	       14N
  75.54800	  25.40278	   7.50000	       14N
  78.06207	  29.75729	   7.50000	       14N
  78.06207	  34.11180	   7.50000	       14N
  78.06207	  25.40278	   7.50000	       14N
  66.74873	  27.58003	   7.50000	       14N
  66.74873	  31.93454	   7.50000	       14N
  66.74873	  36.28905	   7.50000	       14N
  69.26281	  27.58003	   7.50000	       14N
  69.26281	  31.93454	   7.50000	       14N
  69.26281	  36.28905	   7.50000	       14N
  71.77688	  27.58003	   7.50000	       14N
  71.77688	  31.93454	   7.50000	       14N
  71.77688	  36.28905	   7.50000	       14N
  74.29096	  27.58003	   7.50000	       14N
  74.29096	  31.93454	   7.50000	       14N
  74.29096	  36.28905	   7.50000	       14N
  76.80504	  27.58003	   7.50000	       14N
  76.80504	  31.93454	   7.50000	       14N
  76.80504	  36.28905	   7.50000	       14N
  79.31911	  27.58003	   7.50000	       14N
  79.31911	  31.93454	   7.50000	       14N
  79.31911	  36.28905	   7.50000	       15N
  68.00577	  41.36882	   7.50000	       11B
  68.00577	  45.72333	   7.50000	       11B
  68.00577	  50.07784	   7.50000	       11B
  70.51984	  41.36882	   7.50000	       11B
  70.51984	  45.72333	   7.50000	       10B
  70.51984	  50.07784	   7.50000	       11B
  73.03392	  41.36882	   7.50000	       10B
  73.03392	  45.72333	   7.50000	       11B
  73.03392	  50.07784	   7.50000	       11B
  75.54800	  41.36882	   7.50000	       11B
  75.54800	  45.72333	   7.50000	       10B
  75.54800	  50.07784	   7.50000	       11B
  78.06207	  41.36882	   7.50000	       11B
  78.06207	  45.72333	   7.50000	       11B
  78.06207	  50.07784	   7.50000	       11B
  66.74873	  39.19155	   7.50000	       10B
  66.74873	  43.54606	   7.50000	       11B
  66.74873	  47.90057	   7.50000	       11B
  69.26281	  39.19155	   7.50000	       11B
  69.26281	  43.54606	   7.50000	       11B
  69.26281	  47.90057	   7.50000	       11B
  71.77688	  39.19155	   7.50000	       10B
  71.77688	  43.54606	   7.50000	       11B
  71.77688	  47.90057	   7.50000	       11B
  74.29096	  39.19155	   7.50000	       11B
  74.29096	  43.54606	   7.50000	       10B
  74.29096	  47.90057	   7.50000	       11B
  76.80504	  39.19155	   7.50000	       11B
  76.80504	  43.54606	   7.50000	       11B
  76.80504	  47.90057	   7.50000	       11B
  79.31911	  39.19155	   7.50000	       11B
  79.31911	  43.54606	   7.50000	       11B
  79.31911	  47.90057	   7.50000	       11B
  68.00577	  42.82082	   7.50000	       14N
  68.00577	  47.17532	   7.50000	       14N
  68.00577	  38.46631	   7.50000	       14N
  70.51984	  42.82082	   7.50000	       14N
  70.51984	  47.17532	   7.50000	       14N
  70.51984	  38.46631	   7.50000	       14N
  73.03392	  42.82082	   7.50000	       14N
  73.03392	  47.17532	   7.50000	       14N
  73.03392	  38.46631	   7.50000	       14N
  75.54800	  42.82082	   7.50000	       14N
  75.54800	  47.17532	   7.50000	       14N
  75.54800	  38.46631	   7.50000	       14N
  78.06207	  42.82082	   7.50000	       14N
  78.06207	  47.17532	   7.50000	       14N
  78.06207	  38.46631	   7.50000	       14N
  66.74873	  40.64356	   7.50000	       14N
  66.74873	  44.99807	   7.50000	       14N
  66.74873	  49.35257	   7.50000	       14N
  69.26281	  40.64356	   7.50000	       14N
  69.26281	  44.99807	   7.50000	       14N
  69.26281	  49.35257	   7.50000	       14N
  71.77688	  40.64356	   7.50000	       14N
  71.77688	  44.99807	   7.50000	       14N
  71.77688	  49.35257	   7.50000	       14N
  74.29096	  40.64356	   7.50000	       14N
  74.29096	  44.99807	   7.50000	       14N
  74.29096	  49.35257	   7.50000	       14N
  76.80504	  40.64356	   7.50000	       14N
  76.80504	  44.99807	   7.50000	       14N
  76.80504	  49.35257	   7.50000	       14N
  79.31911	  40.64356	   7.50000	       14N
  79.31911	  44.99807	   7.50000	       14N
  79.31911	  49.35257	   7.50000	       14N
  68.00577	  54.43235	   7.50000	       11B
  68.00577	  58.78686	   7.50000	       11B
  68.00577	  63.14137	   7.50000	       10B
  70.51984	  54.43235	   7.50000	       11B
  70.51984	  58.78686	   7.50000	       11B
  70.51984	  63.14137	   7.50000	       11B
  73.03392	  54.43235	   7.50000	       11B
  73.03392	  58.78686	   7.50000	       11B
  73.03392	  63.14137	   7.50000	       11B
  75.54800	  54.43235	   7.50000	       11B
  75.54800	  58.78686	   7.50000	       11B
  75.54800	  63.14137	   7.50000	       11B
  78.06207	  54.43235	   7.50000	       11B
  78.06207	  58.78686	   7.50000	       10B
  78.06207	  63.14137	   7.50000	       10B
  66.74873	  52.25508	   7.50000	       11B
  66.74873	  56.60959	   7.50000	       10B
  66.74873	  60.96410	   7.50000	       11B
  69.26281	  52.25508	   7.50000	       11B
  69.26281	  56.60959	   7.50000	       11B
  69.26281	  60.96410	   7.50000	       11B
  71.77688	  52.25508	   7.50000	       11B
  71.77688	  56.60959	   7.50000	       11B
  71.77688	  60.96410	   7.50000	       11B
  74.29096	  52.25508	   7.50000	       11B
  74.29096	  56.60959	   7.50000	       11B
  74.29096	  60.96410	   7.50000	       11B
  76.80504	  52.25508	   7.50000	       11B
  76.80504	  56.60959	   7.50000	       11B
  76.80504	  60.96410	   7.50000	       10B
  79.31911	  52.25508	   7.50000	       11B
  79.31911	  56.60959	   7.50000	       11B
  79.31911	  60.96410	   7.50000	       10B
  68.00577	  55.88434	   7.50000	       14N
  68.00577	  60.23885	   7.50000	       14N
  68.00577	  51.52983	   7.50000	       14N
  70.51984	  55.88434	   7.50000	       14N
  70.51984	  60.23885	   7.50000	       14N
  70.51984	  51.52983	   7.50000	       14N
  73.03392	  55.88434	   7.50000	       14N
  73.03392	  60.23885	   7.50000	       14N
  73.03392	  51.52983	   7.50000	       14N
  75.54800	  55.88434	   7.50000	       14N
  75.54800	  60.23885	   7.50000	       14N
  75.54800	  51.52983	   7.50000	       14N
  78.06207	  55.88434	   7.50000	       14N
  78.06207	  60.23885	   7.50000	       14N
  78.06207	  51.52983	   7.50000	       14N
  66.74873	  53.70708	   7.50000	       14N
  66.74873	  58.06159	   7.50000	       14N
  66.74873	  62.41610	   7.50000	       14N
  69.26281	  53.70708	   7.50000	       14N
  69.26281	  58.06159	   7.50000	       14N
  69.26281	  62.41610	   7.50000	       14N
  71.77688	  53.70708	   7.50000	       14N
  71.77688	  58.06159	   7.50000	       14N
  71.77688	  62.41610	   7.50000	       14N
  74.29096	  53.70708	   7.50000	       14N
  74.29096	  58.06159	   7.50000	       14N
  74.29096	  62.41610	   7.50000	       14N
  76.80504	  53.70708	   7.50000	       14N
  76.80504	  58.06159	   7.50000	       14N
  76.80504	  62.41610	   7.50000	       14N
  79.31911	  53.70708	   7.50000	       14N
  79.31911	  58.06159	   7.50000	       14N
  79.31911	  62.41610	   7.50000	       14N
  68.00577	  67.49587	   7.50000	       11B
  68.00577	  71.85038	   7.50000	       11B
  68.00577	  76.20489	   7.50000	       10B
  70.51984	  67.49587	   7.50000	       11B
  70.51984	  71.85038	   7.50000	       10B
  70.51984	  76.20489	   7.50000	       11B
  73.03392	  67.49587	   7.50000	       11B
  73.03392	  71.85038	   7.50000	       11B
  73.03392	  76.20489	   7.50000	       11B
  75.54800	  67.49587	   7.50000	       11B
  75.54800	  71.85038	   7.50000	       11B
  75.54800	  76.20489	   7.50000	       11B
  78.06207	  67.49587	   7.50000	       11B
  78.06207	  71.85038	   7.50000	       11B
  78.06207	  76.20489	   7.50000	       11B
  66.74873	  65.31860	   7.50000	       11B
  66.74873	  69.67311	   7.50000	       11B
  66.74873	  74.02762	   7.50000	       11B
  69.26281	  65.31860	   7.50000	       11B
  69.26281	  69.67311	   7.50000	       11B
  69.26281	  74.02762	   7.50000	       11B
  71.77688	  65.31860	   7.50000	       11B
  71.77688	  69.67311	   7.50000	       11B
  71.77688	  74.02762	   7.50000	       10B
  74.29096	  65.31860	   7.50000	       11B
  74.29096	  69.67311	   7.50000	       11B
  74.29096	  74.02762	   7.50000	       11B
  76.80504	  65.31860	   7.50000	       11B
  76.80504	  69.67311	   7.50000	       11B
  76.80504	  74.02762	   7.50000	       11B
  79.31911	  65.31860	   7.50000	       11B
  79.31911	  69.67311	   7.50000	       11B
  79.31911	  74.02762	   7.50000	       11B
  68.00577	  68.94787	   7.50000	       14N
  68.00577	  73.30237	   7.50000	       14N
  68.00577	  64.59336	   7.50000	       14N
  70.51984	  68.94787	   7.50000	       14N
  70.51984	  73.30237	   7.50000	       14N
  70.51984	  64.59336	   7.50000	       14N
  73.03392	  68.94787	   7.50000	       14N
  73.03392	  73.30237	   7.50000	       14N
  73.03392	  64.59336	   7.50000	       14N
  75.54800	  68.94787	   7.50000	       14N
  75.54800	  73.30237	   7.50000	       14N
  75.54800	  64.59336	   7.50000	       14N
  78.06207	  68.94787	   7.50000	       14N
  78.06207	  73.30237	   7.50000	       14N
  78.06207	  64.59336	   7.50000	       14N
  66.74873	  66.77061	   7.50000	       14N
  66.74873	  71.12512	   7.50000	       14N
  66.74873	  75.47963	   7.50000	       14N
  69.26281	  66.77061	   7.50000	       14N
  69.26281	  71.12512	   7.50000	       14N
  69.26281	  75.47963	   7.50000	       14N
  71.77688	  66.77061	   7.50000	       14N
  71.77688	  71.12512	   7.50000	       14N
  71.77688	  75.47963	   7.50000	       14N
  74.29096	  66.77061	   7.50000	       14N
  74.29096	  71.12512	   7.50000	       14N
  74.29096	  75.47963	   7.50000	       14N
  76.80504	  66.77061	   7.50000	       14N
  76.80504	  71.12512	   7.50000	       14N
  76.80504	  75.47963	   7.50000	       14N
  79.31911	  66.77061	   7.50000	       14N
  79.31911	  71.12512	   7.50000	       14N
  79.31911	  75.47963	   7.50000	       14N
  66.74873	  78.38213	   7.50000	       11B
  69.26281	  78.38213	   7.50000	       11B
  71.77688	  78.38213	   7.50000	       11B
  74.29096	  78.38213	   7.50000	       11B
  76.80504	  78.38213	   7.50000	       11B
  79.31911	  78.38213	   7.50000	       11B
  68.00577	  77.65688	   7.50000	       14N
  70.51984	  77.65688	   7.50000	       14N
  73.03392	  77.65688	   7.50000	       14N
  75.54800	  77.65688	   7.50000	       14N
  78.06207	  77.65688	   7.50000	       14N
  66.74873	  79.83413	   7.50000	       14N
  69.26281	  79.83413	   7.50000	       14N
  71.77688	  79.83413	   7.50000	       14N
  74.29096	  79.83413	   7.50000	       14N
  76.80504	  79.83413	   7.50000	       14N
  79.31911	  79.83413	   7.50000	       14N
