2406.00000	   0.00000	   0.00000	   0.00000
   1.25704	   2.17825	   7.50000	       11B
   1.25704	   6.53276	   7.50000	       11B
   1.25704	  10.88727	   7.50000	       11B
   3.77111	   2.17825	   7.50000	       10B
   3.77111	   6.53276	   7.50000	       11B
   3.77111	  10.88727	   7.50000	       11B
   6.28519	   2.17825	   7.50000	       11B
   6.28519	   6.53276	   7.50000	       11B
   6.28519	  10.88727	   7.50000	       11B
   8.79927	   2.17825	   7.50000	       11B
   8.79927	   6.53276	   7.50000	       10B
   8.79927	  10.88727	   7.50000	       10B
  11.31334	   2.17825	   7.50000	       11B
  11.31334	   6.53276	   7.50000	       11B
  11.31334	  10.88727	   7.50000	       11B
  13.82742	   2.17825	   7.50000	       10B
  13.82742	   6.53276	   7.50000	       11B
  13.82742	  10.88727	   7.50000	       11B
  16.34150	   2.17825	   7.50000	       11B
  16.34150	   6.53276	   7.50000	       11B
  16.34150	  10.88727	   7.50000	       11B
  18.85557	   2.17825	   7.50000	       10B
  18.85557	   6.53276	   7.50000	       10B
  18.85557	  10.88727	   7.50000	       11B
  21.36965	   2.17825	   7.50000	       11B
  21.36965	   6.53276	   7.50000	       10B
  21.36965	  10.88727	   7.50000	       10B
   0.00000	   0.00098	   7.50000	       11B
   0.00000	   4.35549	   7.50000	       11B
   0.00000	   8.71000	   7.50000	       11B
   2.51408	   0.00098	   7.50000	       11B
   2.51408	   4.35549	   7.50000	       11B
   2.51408	   8.71000	   7.50000	       11B
   5.02815	   0.00098	   7.50000	       11B
   5.02815	   4.35549	   7.50000	       10B
   5.02815	   8.71000	   7.50000	       11B
   7.54223	   0.00098	   7.50000	       10B
   7.54223	   4.35549	   7.50000	       11B
   7.54223	   8.71000	   7.50000	       10B
  10.05631	   0.00098	   7.50000	       11B
  10.05631	   4.35549	   7.50000	       11B
  10.05631	   8.71000	   7.50000	       10B
  12.57038	   0.00098	   7.50000	       11B
  12.57038	   4.35549	   7.50000	       11B
  12.57038	   8.71000	   7.50000	       11B
  15.08446	   0.00098	   7.50000	       11B
  15.08446	   4.35549	   7.50000	       10B
  15.08446	   8.71000	   7.50000	       11B
  17.59854	   0.00098	   7.50000	       11B
  17.59854	   4.35549	   7.50000	       10B
  17.59854	   8.71000	   7.50000	       10B
  20.11261	   0.00098	   7.50000	       11B
  20.11261	   4.35549	   7.50000	       11B
  20.11261	   8.71000	   7.50000	       11B
   1.25704	   3.63024	   7.50000	       14N
   1.25704	   7.98475	   7.50000	       14N
   3.77111	   3.63024	   7.50000	       14N
   3.77111	   7.98475	   7.50000	       14N
   6.28519	   3.63024	   7.50000	       14N
   6.28519	   7.98475	   7.50000	       14N
   8.79927	   3.63024	   7.50000	       14N
   8.79927	   7.98475	   7.50000	       14N
  11.31334	   3.63024	   7.50000	       14N
  11.31334	   7.98475	   7.50000	       14N
  13.82742	   3.63024	   7.50000	       14N
  13.82742	   7.98475	   7.50000	       14N
  16.34150	   3.63024	   7.50000	       14N
  16.34150	   7.98475	   7.50000	       14N
  18.85557	   3.63024	   7.50000	       14N
  18.85557	   7.98475	   7.50000	       14N
  21.36965	   3.63024	   7.50000	       14N
  21.36965	   7.98475	   7.50000	       14N
   0.00000	   1.45298	   7.50000	       14N
   0.00000	   5.80749	   7.50000	       14N
   0.00000	  10.16200	   7.50000	       14N
   2.51408	   1.45298	   7.50000	       14N
   2.51408	   5.80749	   7.50000	       14N
   2.51408	  10.16200	   7.50000	       14N
   5.02815	   1.45298	   7.50000	       14N
   5.02815	   5.80749	   7.50000	       14N
   5.02815	  10.16200	   7.50000	       14N
   7.54223	   1.45298	   7.50000	       14N
   7.54223	   5.80749	   7.50000	       14N
   7.54223	  10.16200	   7.50000	       14N
  10.05631	   1.45298	   7.50000	       14N
  10.05631	   5.80749	   7.50000	       14N
  10.05631	  10.16200	   7.50000	       14N
  12.57038	   1.45298	   7.50000	       14N
  12.57038	   5.80749	   7.50000	       14N
  12.57038	  10.16200	   7.50000	       14N
  15.08446	   1.45298	   7.50000	       14N
  15.08446	   5.80749	   7.50000	       14N
  15.08446	  10.16200	   7.50000	       14N
  17.59854	   1.45298	   7.50000	       14N
  17.59854	   5.80749	   7.50000	       14N
  17.59854	  10.16200	   7.50000	       14N
  20.11261	   1.45298	   7.50000	       14N
  20.11261	   5.80749	   7.50000	       14N
  20.11261	  10.16200	   7.50000	       14N
   1.25704	  15.24177	   7.50000	       10B
   1.25704	  19.59628	   7.50000	       11B
   1.25704	  23.95079	   7.50000	       10B
   3.77111	  15.24177	   7.50000	       11B
   3.77111	  19.59628	   7.50000	       11B
   3.77111	  23.95079	   7.50000	       10B
   6.28519	  15.24177	   7.50000	       11B
   6.28519	  19.59628	   7.50000	       11B
   6.28519	  23.95079	   7.50000	       11B
   8.79927	  15.24177	   7.50000	       10B
   8.79927	  19.59628	   7.50000	       11B
   8.79927	  23.95079	   7.50000	       10B
  11.31334	  15.24177	   7.50000	       11B
  11.31334	  19.59628	   7.50000	       10B
  11.31334	  23.95079	   7.50000	       11B
  13.82742	  15.24177	   7.50000	       11B
  13.82742	  19.59628	   7.50000	       11B
  13.82742	  23.95079	   7.50000	       10B
  16.34150	  15.24177	   7.50000	       11B
  16.34150	  19.59628	   7.50000	       10B
  16.34150	  23.95079	   7.50000	       10B
  18.85557	  15.24177	   7.50000	       11B
  18.85557	  19.59628	   7.50000	       11B
  18.85557	  23.95079	   7.50000	       11B
  21.36965	  15.24177	   7.50000	       11B
  21.36965	  19.59628	   7.50000	       11B
  21.36965	  23.95079	   7.50000	       11B
   0.00000	  13.06450	   7.50000	       11B
   0.00000	  17.41901	   7.50000	       11B
   0.00000	  21.77352	   7.50000	       11B
   2.51408	  13.06450	   7.50000	       11B
   2.51408	  17.41901	   7.50000	       11B
   2.51408	  21.77352	   7.50000	       10B
   5.02815	  13.06450	   7.50000	       11B
   5.02815	  17.41901	   7.50000	       11B
   5.02815	  21.77352	   7.50000	       11B
   7.54223	  13.06450	   7.50000	       11B
   7.54223	  17.41901	   7.50000	       11B
   7.54223	  21.77352	   7.50000	       11B
  10.05631	  13.06450	   7.50000	       11B
  10.05631	  17.41901	   7.50000	       10B
  10.05631	  21.77352	   7.50000	       11B
  12.57038	  13.06450	   7.50000	       11B
  12.57038	  17.41901	   7.50000	       11B
  12.57038	  21.77352	   7.50000	       10B
  15.08446	  13.06450	   7.50000	       11B
  15.08446	  17.41901	   7.50000	       11B
  15.08446	  21.77352	   7.50000	       11B
  17.59854	  13.06450	   7.50000	       11B
  17.59854	  17.41901	   7.50000	       10B
  17.59854	  21.77352	   7.50000	       10B
  20.11261	  13.06450	   7.50000	       11B
  20.11261	  17.41901	   7.50000	       11B
  20.11261	  21.77352	   7.50000	       11B
   1.25704	  16.69376	   7.50000	       14N
   1.25704	  21.04827	   7.50000	       14N
   1.25704	  12.33926	   7.50000	       14N
   3.77111	  16.69376	   7.50000	       14N
   3.77111	  21.04827	   7.50000	       14N
   3.77111	  12.33926	   7.50000	       14N
   6.28519	  16.69376	   7.50000	       14N
   6.28519	  21.04827	   7.50000	       14N
   6.28519	  12.33926	   7.50000	       14N
   8.79927	  16.69376	   7.50000	       14N
   8.79927	  21.04827	   7.50000	       14N
   8.79927	  12.33926	   7.50000	       14N
  11.31334	  16.69376	   7.50000	       14N
  11.31334	  21.04827	   7.50000	       14N
  11.31334	  12.33926	   7.50000	       14N
  13.82742	  16.69376	   7.50000	       14N
  13.82742	  21.04827	   7.50000	       14N
  13.82742	  12.33926	   7.50000	       14N
  16.34150	  16.69376	   7.50000	       14N
  16.34150	  21.04827	   7.50000	       14N
  16.34150	  12.33926	   7.50000	       14N
  18.85557	  16.69376	   7.50000	       14N
  18.85557	  21.04827	   7.50000	       14N
  18.85557	  12.33926	   7.50000	       14N
  21.36965	  16.69376	   7.50000	       14N
  21.36965	  21.04827	   7.50000	       14N
  21.36965	  12.33926	   7.50000	       14N
   0.00000	  14.51651	   7.50000	       14N
   0.00000	  18.87102	   7.50000	       14N
   0.00000	  23.22552	   7.50000	       14N
   2.51408	  14.51651	   7.50000	       14N
   2.51408	  18.87102	   7.50000	       14N
   2.51408	  23.22552	   7.50000	       14N
   5.02815	  14.51651	   7.50000	       14N
   5.02815	  18.87102	   7.50000	       14N
   5.02815	  23.22552	   7.50000	       14N
   7.54223	  14.51651	   7.50000	       14N
   7.54223	  18.87102	   7.50000	       14N
   7.54223	  23.22552	   7.50000	       14N
  10.05631	  14.51651	   7.50000	       14N
  10.05631	  18.87102	   7.50000	       14N
  10.05631	  23.22552	   7.50000	       14N
  12.57038	  14.51651	   7.50000	       14N
  12.57038	  18.87102	   7.50000	       14N
  12.57038	  23.22552	   7.50000	       14N
  15.08446	  14.51651	   7.50000	       14N
  15.08446	  18.87102	   7.50000	       14N
  15.08446	  23.22552	   7.50000	       14N
  17.59854	  14.51651	   7.50000	       14N
  17.59854	  18.87102	   7.50000	       14N
  17.59854	  23.22552	   7.50000	       14N
  20.11261	  14.51651	   7.50000	       14N
  20.11261	  18.87102	   7.50000	       14N
  20.11261	  23.22552	   7.50000	       14N
   1.25704	  28.30530	   7.50000	       11B
   1.25704	  32.65981	   7.50000	       11B
   1.25704	  37.01432	   7.50000	       11B
   3.77111	  28.30530	   7.50000	       10B
   3.77111	  32.65981	   7.50000	       11B
   3.77111	  37.01432	   7.50000	       11B
   6.28519	  28.30530	   7.50000	       11B
   6.28519	  32.65981	   7.50000	       11B
   6.28519	  37.01432	   7.50000	       11B
   8.79927	  28.30530	   7.50000	       11B
   8.79927	  32.65981	   7.50000	       11B
   8.79927	  37.01432	   7.50000	       10B
  11.31334	  28.30530	   7.50000	       11B
  11.31334	  32.65981	   7.50000	       11B
  11.31334	  37.01432	   7.50000	       11B
  13.82742	  28.30530	   7.50000	       11B
  13.82742	  32.65981	   7.50000	       11B
  13.82742	  37.01432	   7.50000	       11B
  16.34150	  28.30530	   7.50000	       11B
  16.34150	  32.65981	   7.50000	       11B
  16.34150	  37.01432	   7.50000	       10B
  18.85557	  28.30530	   7.50000	       11B
  18.85557	  32.65981	   7.50000	       10B
  18.85557	  37.01432	   7.50000	       11B
  21.36965	  28.30530	   7.50000	       11B
  21.36965	  32.65981	   7.50000	       10B
  21.36965	  37.01432	   7.50000	       10B
   0.00000	  26.12803	   7.50000	       11B
   0.00000	  30.48254	   7.50000	       11B
   0.00000	  34.83705	   7.50000	       10B
   2.51408	  26.12803	   7.50000	       11B
   2.51408	  30.48254	   7.50000	       11B
   2.51408	  34.83705	   7.50000	       11B
   5.02815	  26.12803	   7.50000	       10B
   5.02815	  30.48254	   7.50000	       11B
   5.02815	  34.83705	   7.50000	       11B
   7.54223	  26.12803	   7.50000	       11B
   7.54223	  30.48254	   7.50000	       11B
   7.54223	  34.83705	   7.50000	       11B
  10.05631	  26.12803	   7.50000	       11B
  10.05631	  30.48254	   7.50000	       10B
  10.05631	  34.83705	   7.50000	       11B
  12.57038	  26.12803	   7.50000	       11B
  12.57038	  30.48254	   7.50000	       11B
  12.57038	  34.83705	   7.50000	       11B
  15.08446	  26.12803	   7.50000	       11B
  15.08446	  30.48254	   7.50000	       11B
  15.08446	  34.83705	   7.50000	       11B
  17.59854	  26.12803	   7.50000	       11B
  17.59854	  30.48254	   7.50000	       11B
  17.59854	  34.83705	   7.50000	       11B
  20.11261	  26.12803	   7.50000	       11B
  20.11261	  30.48254	   7.50000	       11B
  20.11261	  34.83705	   7.50000	       11B
   1.25704	  29.75729	   7.50000	       14N
   1.25704	  34.11180	   7.50000	       14N
   1.25704	  25.40278	   7.50000	       14N
   3.77111	  29.75729	   7.50000	       14N
   3.77111	  34.11180	   7.50000	       14N
   3.77111	  25.40278	   7.50000	       14N
   6.28519	  29.75729	   7.50000	       14N
   6.28519	  34.11180	   7.50000	       14N
   6.28519	  25.40278	   7.50000	       14N
   8.79927	  29.75729	   7.50000	       14N
   8.79927	  34.11180	   7.50000	       14N
   8.79927	  25.40278	   7.50000	       14N
  11.31334	  29.75729	   7.50000	       14N
  11.31334	  34.11180	   7.50000	       14N
  11.31334	  25.40278	   7.50000	       14N
  13.82742	  29.75729	   7.50000	       14N
  13.82742	  34.11180	   7.50000	       14N
  13.82742	  25.40278	   7.50000	       14N
  16.34150	  29.75729	   7.50000	       14N
  16.34150	  34.11180	   7.50000	       14N
  16.34150	  25.40278	   7.50000	       14N
  18.85557	  29.75729	   7.50000	       14N
  18.85557	  34.11180	   7.50000	       14N
  18.85557	  25.40278	   7.50000	       14N
  21.36965	  29.75729	   7.50000	       14N
  21.36965	  34.11180	   7.50000	       14N
  21.36965	  25.40278	   7.50000	       14N
   0.00000	  27.58003	   7.50000	       14N
   0.00000	  31.93454	   7.50000	       14N
   0.00000	  36.28905	   7.50000	       14N
   2.51408	  27.58003	   7.50000	       14N
   2.51408	  31.93454	   7.50000	       14N
   2.51408	  36.28905	   7.50000	       14N
   5.02815	  27.58003	   7.50000	       14N
   5.02815	  31.93454	   7.50000	       14N
   5.02815	  36.28905	   7.50000	       14N
   7.54223	  27.58003	   7.50000	       14N
   7.54223	  31.93454	   7.50000	       14N
   7.54223	  36.28905	   7.50000	       14N
  10.05631	  27.58003	   7.50000	       14N
  10.05631	  31.93454	   7.50000	       14N
  10.05631	  36.28905	   7.50000	       14N
  12.57038	  27.58003	   7.50000	       14N
  12.57038	  31.93454	   7.50000	       14N
  12.57038	  36.28905	   7.50000	       14N
  15.08446	  27.58003	   7.50000	       14N
  15.08446	  31.93454	   7.50000	       14N
  15.08446	  36.28905	   7.50000	       14N
  17.59854	  27.58003	   7.50000	       14N
  17.59854	  31.93454	   7.50000	       14N
  17.59854	  36.28905	   7.50000	       14N
  20.11261	  27.58003	   7.50000	       14N
  20.11261	  31.93454	   7.50000	       14N
  20.11261	  36.28905	   7.50000	       14N
   1.25704	  41.36882	   7.50000	       11B
   1.25704	  45.72333	   7.50000	       11B
   1.25704	  50.07784	   7.50000	       11B
   3.77111	  41.36882	   7.50000	       11B
   3.77111	  45.72333	   7.50000	       11B
   3.77111	  50.07784	   7.50000	       10B
   6.28519	  41.36882	   7.50000	       11B
   6.28519	  45.72333	   7.50000	       11B
   6.28519	  50.07784	   7.50000	       11B
   8.79927	  41.36882	   7.50000	       11B
   8.79927	  45.72333	   7.50000	       11B
   8.79927	  50.07784	   7.50000	       11B
  11.31334	  41.36882	   7.50000	       11B
  11.31334	  45.72333	   7.50000	       11B
  11.31334	  50.07784	   7.50000	       11B
  13.82742	  41.36882	   7.50000	       11B
  13.82742	  45.72333	   7.50000	       11B
  13.82742	  50.07784	   7.50000	       10B
  16.34150	  41.36882	   7.50000	       11B
  16.34150	  45.72333	   7.50000	       10B
  16.34150	  50.07784	   7.50000	       11B
  18.85557	  41.36882	   7.50000	       10B
  18.85557	  45.72333	   7.50000	       11B
  18.85557	  50.07784	   7.50000	       11B
  21.36965	  41.36882	   7.50000	       11B
  21.36965	  45.72333	   7.50000	       10B
  21.36965	  50.07784	   7.50000	       11B
   0.00000	  39.19155	   7.50000	       10B
   0.00000	  43.54606	   7.50000	       11B
   0.00000	  47.90057	   7.50000	       11B
   2.51408	  39.19155	   7.50000	       11B
   2.51408	  43.54606	   7.50000	       11B
   2.51408	  47.90057	   7.50000	       11B
   5.02815	  39.19155	   7.50000	       11B
   5.02815	  43.54606	   7.50000	       11B
   5.02815	  47.90057	   7.50000	       10B
   7.54223	  39.19155	   7.50000	       11B
   7.54223	  43.54606	   7.50000	       11B
   7.54223	  47.90057	   7.50000	       11B
  10.05631	  39.19155	   7.50000	       11B
  10.05631	  43.54606	   7.50000	       11B
  10.05631	  47.90057	   7.50000	       11B
  12.57038	  39.19155	   7.50000	       11B
  12.57038	  43.54606	   7.50000	       11B
  12.57038	  47.90057	   7.50000	       11B
  15.08446	  39.19155	   7.50000	       10B
  15.08446	  43.54606	   7.50000	       11B
  15.08446	  47.90057	   7.50000	       11B
  17.59854	  39.19155	   7.50000	       11B
  17.59854	  43.54606	   7.50000	       11B
  17.59854	  47.90057	   7.50000	       11B
  20.11261	  39.19155	   7.50000	       10B
  20.11261	  43.54606	   7.50000	       10B
  20.11261	  47.90057	   7.50000	       11B
   1.25704	  42.82082	   7.50000	       14N
   1.25704	  47.17532	   7.50000	       14N
   1.25704	  38.46631	   7.50000	       14N
   3.77111	  42.82082	   7.50000	       14N
   3.77111	  47.17532	   7.50000	       14N
   3.77111	  38.46631	   7.50000	       14N
   6.28519	  42.82082	   7.50000	       14N
   6.28519	  47.17532	   7.50000	       14N
   6.28519	  38.46631	   7.50000	       14N
   8.79927	  42.82082	   7.50000	       14N
   8.79927	  47.17532	   7.50000	       14N
   8.79927	  38.46631	   7.50000	       14N
  11.31334	  42.82082	   7.50000	       14N
  11.31334	  47.17532	   7.50000	       14N
  11.31334	  38.46631	   7.50000	       14N
  13.82742	  42.82082	   7.50000	       14N
  13.82742	  47.17532	   7.50000	       14N
  13.82742	  38.46631	   7.50000	       14N
  16.34150	  42.82082	   7.50000	       14N
  16.34150	  47.17532	   7.50000	       14N
  16.34150	  38.46631	   7.50000	       14N
  18.85557	  42.82082	   7.50000	       14N
  18.85557	  47.17532	   7.50000	       14N
  18.85557	  38.46631	   7.50000	       14N
  21.36965	  42.82082	   7.50000	       14N
  21.36965	  47.17532	   7.50000	       14N
  21.36965	  38.46631	   7.50000	       14N
   0.00000	  40.64356	   7.50000	       14N
   0.00000	  44.99807	   7.50000	       14N
   0.00000	  49.35257	   7.50000	       14N
   2.51408	  40.64356	   7.50000	       14N
   2.51408	  44.99807	   7.50000	       14N
   2.51408	  49.35257	   7.50000	       14N
   5.02815	  40.64356	   7.50000	       14N
   5.02815	  44.99807	   7.50000	       14N
   5.02815	  49.35257	   7.50000	       14N
   7.54223	  40.64356	   7.50000	       14N
   7.54223	  44.99807	   7.50000	       14N
   7.54223	  49.35257	   7.50000	       14N
  10.05631	  40.64356	   7.50000	       14N
  10.05631	  44.99807	   7.50000	       14N
  10.05631	  49.35257	   7.50000	       14N
  12.57038	  40.64356	   7.50000	       14N
  12.57038	  44.99807	   7.50000	       14N
  12.57038	  49.35257	   7.50000	       14N
  15.08446	  40.64356	   7.50000	       14N
  15.08446	  44.99807	   7.50000	       14N
  15.08446	  49.35257	   7.50000	       14N
  17.59854	  40.64356	   7.50000	       14N
  17.59854	  44.99807	   7.50000	       14N
  17.59854	  49.35257	   7.50000	       14N
  20.11261	  40.64356	   7.50000	       14N
  20.11261	  44.99807	   7.50000	       14N
  20.11261	  49.35257	   7.50000	       14N
   1.25704	  54.43235	   7.50000	       11B
   1.25704	  58.78686	   7.50000	       11B
   1.25704	  63.14137	   7.50000	       11B
   3.77111	  54.43235	   7.50000	       11B
   3.77111	  58.78686	   7.50000	       11B
   3.77111	  63.14137	   7.50000	       11B
   6.28519	  54.43235	   7.50000	       11B
   6.28519	  58.78686	   7.50000	       11B
   6.28519	  63.14137	   7.50000	       11B
   8.79927	  54.43235	   7.50000	       11B
   8.79927	  58.78686	   7.50000	       11B
   8.79927	  63.14137	   7.50000	       10B
  11.31334	  54.43235	   7.50000	       11B
  11.31334	  58.78686	   7.50000	       11B
  11.31334	  63.14137	   7.50000	       10B
  13.82742	  54.43235	   7.50000	       11B
  13.82742	  58.78686	   7.50000	       11B
  13.82742	  63.14137	   7.50000	       11B
  16.34150	  54.43235	   7.50000	       11B
  16.34150	  58.78686	   7.50000	       10B
  16.34150	  63.14137	   7.50000	       11B
  18.85557	  54.43235	   7.50000	       11B
  18.85557	  58.78686	   7.50000	       11B
  18.85557	  63.14137	   7.50000	       11B
  21.36965	  54.43235	   7.50000	       11B
  21.36965	  58.78686	   7.50000	       11B
  21.36965	  63.14137	   7.50000	       11B
   0.00000	  52.25508	   7.50000	       11B
   0.00000	  56.60959	   7.50000	       11B
   0.00000	  60.96410	   7.50000	       11B
   2.51408	  52.25508	   7.50000	       10B
   2.51408	  56.60959	   7.50000	       10B
   2.51408	  60.96410	   7.50000	       11B
   5.02815	  52.25508	   7.50000	       10B
   5.02815	  56.60959	   7.50000	       11B
   5.02815	  60.96410	   7.50000	       11B
   7.54223	  52.25508	   7.50000	       11B
   7.54223	  56.60959	   7.50000	       11B
   7.54223	  60.96410	   7.50000	       11B
  10.05631	  52.25508	   7.50000	       11B
  10.05631	  56.60959	   7.50000	       10B
  10.05631	  60.96410	   7.50000	       11B
  12.57038	  52.25508	   7.50000	       10B
  12.57038	  56.60959	   7.50000	       11B
  12.57038	  60.96410	   7.50000	       11B
  15.08446	  52.25508	   7.50000	       11B
  15.08446	  56.60959	   7.50000	       11B
  15.08446	  60.96410	   7.50000	       11B
  17.59854	  52.25508	   7.50000	       11B
  17.59854	  56.60959	   7.50000	       11B
  17.59854	  60.96410	   7.50000	       11B
  20.11261	  52.25508	   7.50000	       11B
  20.11261	  56.60959	   7.50000	       11B
  20.11261	  60.96410	   7.50000	       11B
   1.25704	  55.88434	   7.50000	       14N
   1.25704	  60.23885	   7.50000	       14N
   1.25704	  51.52983	   7.50000	       14N
   3.77111	  55.88434	   7.50000	       14N
   3.77111	  60.23885	   7.50000	       14N
   3.77111	  51.52983	   7.50000	       14N
   6.28519	  55.88434	   7.50000	       14N
   6.28519	  60.23885	   7.50000	       14N
   6.28519	  51.52983	   7.50000	       14N
   8.79927	  55.88434	   7.50000	       14N
   8.79927	  60.23885	   7.50000	       14N
   8.79927	  51.52983	   7.50000	       14N
  11.31334	  55.88434	   7.50000	       14N
  11.31334	  60.23885	   7.50000	       14N
  11.31334	  51.52983	   7.50000	       14N
  13.82742	  55.88434	   7.50000	       14N
  13.82742	  60.23885	   7.50000	       14N
  13.82742	  51.52983	   7.50000	       14N
  16.34150	  55.88434	   7.50000	       14N
  16.34150	  60.23885	   7.50000	       14N
  16.34150	  51.52983	   7.50000	       14N
  18.85557	  55.88434	   7.50000	       14N
  18.85557	  60.23885	   7.50000	       14N
  18.85557	  51.52983	   7.50000	       14N
  21.36965	  55.88434	   7.50000	       14N
  21.36965	  60.23885	   7.50000	       14N
  21.36965	  51.52983	   7.50000	       14N
   0.00000	  53.70708	   7.50000	       14N
   0.00000	  58.06159	   7.50000	       14N
   0.00000	  62.41610	   7.50000	       14N
   2.51408	  53.70708	   7.50000	       14N
   2.51408	  58.06159	   7.50000	       14N
   2.51408	  62.41610	   7.50000	       14N
   5.02815	  53.70708	   7.50000	       14N
   5.02815	  58.06159	   7.50000	       14N
   5.02815	  62.41610	   7.50000	       14N
   7.54223	  53.70708	   7.50000	       14N
   7.54223	  58.06159	   7.50000	       14N
   7.54223	  62.41610	   7.50000	       14N
  10.05631	  53.70708	   7.50000	       14N
  10.05631	  58.06159	   7.50000	       14N
  10.05631	  62.41610	   7.50000	       14N
  12.57038	  53.70708	   7.50000	       14N
  12.57038	  58.06159	   7.50000	       14N
  12.57038	  62.41610	   7.50000	       14N
  15.08446	  53.70708	   7.50000	       14N
  15.08446	  58.06159	   7.50000	       14N
  15.08446	  62.41610	   7.50000	       14N
  17.59854	  53.70708	   7.50000	       14N
  17.59854	  58.06159	   7.50000	       14N
  17.59854	  62.41610	   7.50000	       14N
  20.11261	  53.70708	   7.50000	       14N
  20.11261	  58.06159	   7.50000	       14N
  20.11261	  62.41610	   7.50000	       14N
   1.25704	  67.49587	   7.50000	       11B
   1.25704	  71.85038	   7.50000	       11B
   1.25704	  76.20489	   7.50000	       11B
   3.77111	  67.49587	   7.50000	       11B
   3.77111	  71.85038	   7.50000	       11B
   3.77111	  76.20489	   7.50000	       11B
   6.28519	  67.49587	   7.50000	       11B
   6.28519	  71.85038	   7.50000	       11B
   6.28519	  76.20489	   7.50000	       11B
   8.79927	  67.49587	   7.50000	       11B
   8.79927	  71.85038	   7.50000	       11B
   8.79927	  76.20489	   7.50000	       10B
  11.31334	  67.49587	   7.50000	       11B
  11.31334	  71.85038	   7.50000	       11B
  11.31334	  76.20489	   7.50000	       11B
  13.82742	  67.49587	   7.50000	       11B
  13.82742	  71.85038	   7.50000	       10B
  13.82742	  76.20489	   7.50000	       11B
  16.34150	  67.49587	   7.50000	       11B
  16.34150	  71.85038	   7.50000	       11B
  16.34150	  76.20489	   7.50000	       11B
  18.85557	  67.49587	   7.50000	       11B
  18.85557	  71.85038	   7.50000	       11B
  18.85557	  76.20489	   7.50000	       11B
  21.36965	  67.49587	   7.50000	       11B
  21.36965	  71.85038	   7.50000	       10B
  21.36965	  76.20489	   7.50000	       10B
   0.00000	  65.31860	   7.50000	       11B
   0.00000	  69.67311	   7.50000	       11B
   0.00000	  74.02762	   7.50000	       11B
   2.51408	  65.31860	   7.50000	       11B
   2.51408	  69.67311	   7.50000	       11B
   2.51408	  74.02762	   7.50000	       11B
   5.02815	  65.31860	   7.50000	       11B
   5.02815	  69.67311	   7.50000	       11B
   5.02815	  74.02762	   7.50000	       11B
   7.54223	  65.31860	   7.50000	       10B
   7.54223	  69.67311	   7.50000	       10B
   7.54223	  74.02762	   7.50000	       11B
  10.05631	  65.31860	   7.50000	       11B
  10.05631	  69.67311	   7.50000	       11B
  10.05631	  74.02762	   7.50000	       11B
  12.57038	  65.31860	   7.50000	       11B
  12.57038	  69.67311	   7.50000	       11B
  12.57038	  74.02762	   7.50000	       11B
  15.08446	  65.31860	   7.50000	       11B
  15.08446	  69.67311	   7.50000	       11B
  15.08446	  74.02762	   7.50000	       11B
  17.59854	  65.31860	   7.50000	       11B
  17.59854	  69.67311	   7.50000	       10B
  17.59854	  74.02762	   7.50000	       11B
  20.11261	  65.31860	   7.50000	       11B
  20.11261	  69.67311	   7.50000	       11B
  20.11261	  74.02762	   7.50000	       11B
   1.25704	  68.94787	   7.50000	       14N
   1.25704	  73.30237	   7.50000	       14N
   1.25704	  64.59336	   7.50000	       14N
   3.77111	  68.94787	   7.50000	       14N
   3.77111	  73.30237	   7.50000	       14N
   3.77111	  64.59336	   7.50000	       14N
   6.28519	  68.94787	   7.50000	       14N
   6.28519	  73.30237	   7.50000	       14N
   6.28519	  64.59336	   7.50000	       14N
   8.79927	  68.94787	   7.50000	       14N
   8.79927	  73.30237	   7.50000	       14N
   8.79927	  64.59336	   7.50000	       14N
  11.31334	  68.94787	   7.50000	       14N
  11.31334	  73.30237	   7.50000	       14N
  11.31334	  64.59336	   7.50000	       14N
  13.82742	  68.94787	   7.50000	       14N
  13.82742	  73.30237	   7.50000	       14N
  13.82742	  64.59336	   7.50000	       14N
  16.34150	  68.94787	   7.50000	       14N
  16.34150	  73.30237	   7.50000	       14N
  16.34150	  64.59336	   7.50000	       14N
  18.85557	  68.94787	   7.50000	       14N
  18.85557	  73.30237	   7.50000	       14N
  18.85557	  64.59336	   7.50000	       14N
  21.36965	  68.94787	   7.50000	       14N
  21.36965	  73.30237	   7.50000	       14N
  21.36965	  64.59336	   7.50000	       14N
   0.00000	  66.77061	   7.50000	       14N
   0.00000	  71.12512	   7.50000	       14N
   0.00000	  75.47963	   7.50000	       14N
   2.51408	  66.77061	   7.50000	       14N
   2.51408	  71.12512	   7.50000	       14N
   2.51408	  75.47963	   7.50000	       14N
   5.02815	  66.77061	   7.50000	       14N
   5.02815	  71.12512	   7.50000	       14N
   5.02815	  75.47963	   7.50000	       14N
   7.54223	  66.77061	   7.50000	       14N
   7.54223	  71.12512	   7.50000	       14N
   7.54223	  75.47963	   7.50000	       14N
  10.05631	  66.77061	   7.50000	       14N
  10.05631	  71.12512	   7.50000	       14N
  10.05631	  75.47963	   7.50000	       14N
  12.57038	  66.77061	   7.50000	       14N
  12.57038	  71.12512	   7.50000	       14N
  12.57038	  75.47963	   7.50000	       14N
  15.08446	  66.77061	   7.50000	       14N
  15.08446	  71.12512	   7.50000	       14N
  15.08446	  75.47963	   7.50000	       14N
  17.59854	  66.77061	   7.50000	       14N
  17.59854	  71.12512	   7.50000	       14N
  17.59854	  75.47963	   7.50000	       14N
  20.11261	  66.77061	   7.50000	       14N
  20.11261	  71.12512	   7.50000	       14N
  20.11261	  75.47963	   7.50000	       14N
   0.00000	  78.38213	   7.50000	       11B
   2.51408	  78.38213	   7.50000	       11B
   5.02815	  78.38213	   7.50000	       11B
   7.54223	  78.38213	   7.50000	       11B
  10.05631	  78.38213	   7.50000	       11B
  12.57038	  78.38213	   7.50000	       11B
  15.08446	  78.38213	   7.50000	       11B
  17.59854	  78.38213	   7.50000	       11B
  20.11261	  78.38213	   7.50000	       11B
   1.25704	  77.65688	   7.50000	       14N
   3.77111	  77.65688	   7.50000	       14N
   6.28519	  77.65688	   7.50000	       14N
   8.79927	  77.65688	   7.50000	       14N
  11.31334	  77.65688	   7.50000	       14N
  13.82742	  77.65688	   7.50000	       14N
  16.34150	  77.65688	   7.50000	       14N
  18.85557	  77.65688	   7.50000	       14N
  21.36965	  77.65688	   7.50000	       14N
   0.00000	  79.83413	   7.50000	       14N
   2.51408	  79.83413	   7.50000	       14N
   5.02815	  79.83413	   7.50000	       14N
   7.54223	  79.83413	   7.50000	       14N
  10.05631	  79.83413	   7.50000	       14N
  12.57038	  79.83413	   7.50000	       14N
  15.08446	  79.83413	   7.50000	       14N
  17.59854	  79.83413	   7.50000	       14N
  20.11261	  79.83413	   7.50000	       14N
  23.86854	   2.17978	   7.50000	       10B
  23.86854	   6.53429	   7.50000	       10B
  23.86854	  10.88880	   7.50000	       11B
  26.35234	   2.17991	   7.50003	       11B
  26.35234	   6.53442	   7.50003	       11B
  26.35234	  10.88893	   7.50003	       11B
  28.80259	   2.18159	   7.79944	       11B
  28.80259	   6.53610	   7.79944	       11B
  28.80259	  10.89061	   7.79944	       11B
  31.08662	   2.17971	   8.77138	       11B
  31.08662	   6.53422	   8.77138	       11B
  31.08662	  10.88873	   8.77138	       11B
  33.48750	   2.18105	   9.32956	       11B
  33.48750	   6.53556	   9.32956	       11B
  33.48750	  10.89006	   9.32956	       11B
  35.88837	   2.17971	   8.77138	       11B
  35.88837	   6.53422	   8.77138	       11B
  35.88837	  10.88873	   8.77138	       11B
  38.17241	   2.18159	   7.79944	       11B
  38.17241	   6.53610	   7.79944	       10B
  38.17241	  10.89061	   7.79944	       11B
  40.62266	   2.17991	   7.50003	       11B
  40.62266	   6.53442	   7.50003	       11B
  40.62266	  10.88893	   7.50003	       11B
  43.10646	   2.17978	   7.50000	       11B
  43.10646	   6.53429	   7.50000	       11B
  43.10646	  10.88880	   7.50000	       11B
  22.62669	   0.00237	   7.50000	       11B
  22.62669	   4.35688	   7.50000	       11B
  22.62669	   8.71139	   7.50000	       11B
  25.11065	   0.00274	   7.50000	       11B
  25.11065	   4.35724	   7.50000	       10B
  25.11065	   8.71175	   7.50000	       11B
  27.59537	   0.00328	   7.50100	       11B
  27.59537	   4.35779	   7.50100	       11B
  27.59537	   8.71230	   7.50100	       10B
  29.95575	   0.00223	   8.25076	       11B
  29.95575	   4.35674	   8.25076	       11B
  29.95575	   8.71125	   8.25076	       11B
  32.25918	   0.00343	   9.17510	       10B
  32.25918	   4.35793	   9.17510	       11B
  32.25918	   8.71244	   9.17510	       11B
  34.71582	   0.00343	   9.17509	       10B
  34.71582	   4.35793	   9.17509	       11B
  34.71582	   8.71244	   9.17509	       10B
  37.01924	   0.00223	   8.25076	       10B
  37.01924	   4.35674	   8.25076	       11B
  37.01924	   8.71125	   8.25076	       11B
  39.37963	   0.00328	   7.50100	       11B
  39.37963	   4.35779	   7.50100	       11B
  39.37963	   8.71230	   7.50100	       11B
  41.86434	   0.00274	   7.50000	       11B
  41.86434	   4.35724	   7.50000	       11B
  41.86434	   8.71175	   7.50000	       11B
  23.86867	   3.62792	   7.50000	       14N
  23.86867	   7.98243	   7.50000	       14N
  26.35244	   3.62838	   7.50003	       14N
  26.35244	   7.98289	   7.50003	       14N
  28.81960	   3.62879	   7.74113	       14N
  28.81960	   7.98330	   7.74113	       14N
  31.07691	   3.62818	   8.78873	       14N
  31.07691	   7.98269	   8.78873	       14N
  33.48750	   3.62817	   9.38203	       14N
  33.48750	   7.98268	   9.38203	       14N
  35.89809	   3.62818	   8.78873	       14N
  35.89809	   7.98269	   8.78873	       14N
  38.15539	   3.62879	   7.74113	       14N
  38.15539	   7.98330	   7.74113	       14N
  40.62255	   3.62838	   7.50003	       14N
  40.62255	   7.98289	   7.50003	       14N
  43.10632	   3.62792	   7.50000	       14N
  43.10632	   7.98243	   7.50000	       14N
  22.62669	   1.45058	   7.50000	       14N
  22.62669	   5.80509	   7.50000	       14N
  22.62669	  10.15960	   7.50000	       14N
  25.11062	   1.45082	   7.50000	       14N
  25.11062	   5.80533	   7.50000	       15N
  25.11062	  10.15983	   7.50000	       14N
  27.59532	   1.45122	   7.50100	       14N
  27.59532	   5.80573	   7.50100	       14N
  27.59532	  10.16024	   7.50100	       14N
  29.95972	   1.45101	   8.24918	       14N
  29.95972	   5.80552	   8.24918	       14N
  29.95972	  10.16003	   8.24918	       14N
  32.24774	   1.45092	   9.21824	       14N
  32.24774	   5.80543	   9.21824	       14N
  32.24774	  10.15994	   9.21824	       14N
  34.72726	   1.45092	   9.21824	       14N
  34.72726	   5.80543	   9.21824	       14N
  34.72726	  10.15994	   9.21824	       14N
  37.01527	   1.45101	   8.24918	       14N
  37.01527	   5.80552	   8.24918	       14N
  37.01527	  10.16003	   8.24918	       14N
  39.37967	   1.45122	   7.50100	       14N
  39.37967	   5.80573	   7.50100	       14N
  39.37967	  10.16024	   7.50100	       14N
  41.86437	   1.45082	   7.50000	       14N
  41.86437	   5.80533	   7.50000	       14N
  41.86437	  10.15983	   7.50000	       14N
  23.86854	  15.24331	   7.50000	       11B
  23.86854	  19.59782	   7.50000	       10B
  23.86854	  23.95233	   7.50000	       11B
  26.35234	  15.24344	   7.50003	       11B
  26.35234	  19.59795	   7.50003	       11B
  26.35234	  23.95246	   7.50003	       11B
  28.80259	  15.24512	   7.79944	       11B
  28.80259	  19.59963	   7.79944	       11B
  28.80259	  23.95413	   7.79944	       11B
  31.08662	  15.24324	   8.77138	       11B
  31.08662	  19.59775	   8.77138	       11B
  31.08662	  23.95226	   8.77138	       10B
  33.48750	  15.24457	   9.32956	       11B
  33.48750	  19.59908	   9.32956	       11B
  33.48750	  23.95359	   9.32956	       11B
  35.88837	  15.24324	   8.77138	       11B
  35.88837	  19.59775	   8.77138	       11B
  35.88837	  23.95226	   8.77138	       11B
  38.17241	  15.24512	   7.79944	       10B
  38.17241	  19.59963	   7.79944	       11B
  38.17241	  23.95413	   7.79944	       11B
  40.62266	  15.24344	   7.50003	       10B
  40.62266	  19.59795	   7.50003	       11B
  40.62266	  23.95246	   7.50003	       10B
  43.10646	  15.24331	   7.50000	       11B
  43.10646	  19.59782	   7.50000	       11B
  43.10646	  23.95233	   7.50000	       11B
  22.62669	  13.06590	   7.50000	       10B
  22.62669	  17.42040	   7.50000	       11B
  22.62669	  21.77491	   7.50000	       11B
  25.11065	  13.06626	   7.50000	       10B
  25.11065	  17.42077	   7.50000	       11B
  25.11065	  21.77528	   7.50000	       11B
  27.59537	  13.06681	   7.50100	       11B
  27.59537	  17.42132	   7.50100	       11B
  27.59537	  21.77583	   7.50100	       11B
  29.95575	  13.06576	   8.25076	       10B
  29.95575	  17.42027	   8.25076	       11B
  29.95575	  21.77478	   8.25076	       11B
  32.25918	  13.06695	   9.17510	       11B
  32.25918	  17.42146	   9.17510	       11B
  32.25918	  21.77597	   9.17510	       10B
  34.71582	  13.06695	   9.17509	       10B
  34.71582	  17.42146	   9.17509	       11B
  34.71582	  21.77597	   9.17509	       11B
  37.01924	  13.06576	   8.25076	       11B
  37.01924	  17.42027	   8.25076	       11B
  37.01924	  21.77478	   8.25076	       10B
  39.37963	  13.06681	   7.50100	       11B
  39.37963	  17.42132	   7.50100	       11B
  39.37963	  21.77583	   7.50100	       11B
  41.86434	  13.06626	   7.50000	       11B
  41.86434	  17.42077	   7.50000	       11B
  41.86434	  21.77528	   7.50000	       11B
  23.86867	  16.69145	   7.50000	       14N
  23.86867	  21.04595	   7.50000	       14N
  23.86867	  12.33694	   7.50000	       14N
  26.35244	  16.69191	   7.50003	       14N
  26.35244	  21.04642	   7.50003	       14N
  26.35244	  12.33740	   7.50003	       14N
  28.81960	  16.69232	   7.74113	       14N
  28.81960	  21.04683	   7.74113	       14N
  28.81960	  12.33781	   7.74113	       14N
  31.07691	  16.69171	   8.78873	       14N
  31.07691	  21.04621	   8.78873	       14N
  31.07691	  12.33720	   8.78873	       14N
  33.48750	  16.69170	   9.38203	       14N
  33.48750	  21.04621	   9.38203	       14N
  33.48750	  12.33719	   9.38203	       14N
  35.89809	  16.69171	   8.78873	       14N
  35.89809	  21.04621	   8.78873	       14N
  35.89809	  12.33720	   8.78873	       14N
  38.15539	  16.69232	   7.74113	       14N
  38.15539	  21.04683	   7.74113	       14N
  38.15539	  12.33781	   7.74113	       14N
  40.62255	  16.69191	   7.50003	       14N
  40.62255	  21.04642	   7.50003	       14N
  40.62255	  12.33740	   7.50003	       14N
  43.10632	  16.69145	   7.50000	       14N
  43.10632	  21.04595	   7.50000	       14N
  43.10632	  12.33694	   7.50000	       14N
  22.62669	  14.51410	   7.50000	       14N
  22.62669	  18.86861	   7.50000	       14N
  22.62669	  23.22312	   7.50000	       14N
  25.11062	  14.51434	   7.50000	       14N
  25.11062	  18.86885	   7.50000	       14N
  25.11062	  23.22336	   7.50000	       14N
  27.59532	  14.51475	   7.50100	       14N
  27.59532	  18.86926	   7.50100	       14N
  27.59532	  23.22377	   7.50100	       14N
  29.95972	  14.51454	   8.24918	       14N
  29.95972	  18.86905	   8.24918	       14N
  29.95972	  23.22355	   8.24918	       14N
  32.24774	  14.51445	   9.21824	       14N
  32.24774	  18.86895	   9.21824	       14N
  32.24774	  23.22346	   9.21824	       14N
  34.72726	  14.51445	   9.21824	       14N
  34.72726	  18.86895	   9.21824	       14N
  34.72726	  23.22346	   9.21824	       14N
  37.01527	  14.51454	   8.24918	       14N
  37.01527	  18.86905	   8.24918	       14N
  37.01527	  23.22355	   8.24918	       14N
  39.37967	  14.51475	   7.50100	       14N
  39.37967	  18.86926	   7.50100	       14N
  39.37967	  23.22377	   7.50100	       14N
  41.86437	  14.51434	   7.50000	       14N
  41.86437	  18.86885	   7.50000	       14N
  41.86437	  23.22336	   7.50000	       14N
  23.86854	  28.30683	   7.50000	       10B
  23.86854	  32.66134	   7.50000	       11B
  23.86854	  37.01585	   7.50000	       11B
  26.35234	  28.30696	   7.50003	       11B
  26.35234	  32.66147	   7.50003	       11B
  26.35234	  37.01598	   7.50003	       11B
  28.80259	  28.30864	   7.79944	       11B
  28.80259	  32.66315	   7.79944	       11B
  28.80259	  37.01766	   7.79944	       10B
  31.08662	  28.30676	   8.77138	       11B
  31.08662	  32.66127	   8.77138	       11B
  31.08662	  37.01578	   8.77138	       10B
  33.48750	  28.30810	   9.32956	       11B
  33.48750	  32.66261	   9.32956	       10B
  33.48750	  37.01712	   9.32956	       11B
  35.88837	  28.30676	   8.77138	       11B
  35.88837	  32.66127	   8.77138	       11B
  35.88837	  37.01578	   8.77138	       10B
  38.17241	  28.30864	   7.79944	       11B
  38.17241	  32.66315	   7.79944	       11B
  38.17241	  37.01766	   7.79944	       11B
  40.62266	  28.30696	   7.50003	       11B
  40.62266	  32.66147	   7.50003	       11B
  40.62266	  37.01598	   7.50003	       11B
  43.10646	  28.30683	   7.50000	       10B
  43.10646	  32.66134	   7.50000	       11B
  43.10646	  37.01585	   7.50000	       11B
  22.62669	  26.12942	   7.50000	       11B
  22.62669	  30.48393	   7.50000	       11B
  22.62669	  34.83844	   7.50000	       10B
  25.11065	  26.12979	   7.50000	       10B
  25.11065	  30.48430	   7.50000	       11B
  25.11065	  34.83880	   7.50000	       10B
  27.59537	  26.13033	   7.50100	       11B
  27.59537	  30.48484	   7.50100	       10B
  27.59537	  34.83935	   7.50100	       10B
  29.95575	  26.12928	   8.25076	       11B
  29.95575	  30.48379	   8.25076	       11B
  29.95575	  34.83830	   8.25076	       11B
  32.25918	  26.13048	   9.17510	       10B
  32.25918	  30.48499	   9.17510	       10B
  32.25918	  34.83949	   9.17510	       11B
  34.71582	  26.13048	   9.17509	       11B
  34.71582	  30.48499	   9.17509	       11B
  34.71582	  34.83949	   9.17509	       11B
  37.01924	  26.12928	   8.25076	       11B
  37.01924	  30.48379	   8.25076	       11B
  37.01924	  34.83830	   8.25076	       11B
  39.37963	  26.13033	   7.50100	       11B
  39.37963	  30.48484	   7.50100	       11B
  39.37963	  34.83935	   7.50100	       11B
  41.86434	  26.12979	   7.50000	       10B
  41.86434	  30.48430	   7.50000	       11B
  41.86434	  34.83880	   7.50000	       11B
  23.86867	  29.75497	   7.50000	       14N
  23.86867	  34.10948	   7.50000	       14N
  23.86867	  25.40046	   7.50000	       14N
  26.35244	  29.75543	   7.50003	       14N
  26.35244	  34.10994	   7.50003	       14N
  26.35244	  25.40093	   7.50003	       14N
  28.81960	  29.75584	   7.74113	       14N
  28.81960	  34.11035	   7.74113	       14N
  28.81960	  25.40134	   7.74113	       14N
  31.07691	  29.75523	   8.78873	       14N
  31.07691	  34.10974	   8.78873	       14N
  31.07691	  25.40072	   8.78873	       14N
  33.48750	  29.75522	   9.38203	       14N
  33.48750	  34.10973	   9.38203	       14N
  33.48750	  25.40072	   9.38203	       14N
  35.89809	  29.75523	   8.78873	       14N
  35.89809	  34.10974	   8.78873	       14N
  35.89809	  25.40072	   8.78873	       14N
  38.15539	  29.75584	   7.74113	       14N
  38.15539	  34.11035	   7.74113	       14N
  38.15539	  25.40134	   7.74113	       14N
  40.62255	  29.75543	   7.50003	       14N
  40.62255	  34.10994	   7.50003	       14N
  40.62255	  25.40093	   7.50003	       14N
  43.10632	  29.75497	   7.50000	       14N
  43.10632	  34.10948	   7.50000	       14N
  43.10632	  25.40046	   7.50000	       14N
  22.62669	  27.57763	   7.50000	       14N
  22.62669	  31.93214	   7.50000	       14N
  22.62669	  36.28665	   7.50000	       14N
  25.11062	  27.57787	   7.50000	       14N
  25.11062	  31.93238	   7.50000	       14N
  25.11062	  36.28689	   7.50000	       14N
  27.59532	  27.57827	   7.50100	       14N
  27.59532	  31.93278	   7.50100	       14N
  27.59532	  36.28729	   7.50100	       14N
  29.95972	  27.57806	   8.24918	       14N
  29.95972	  31.93257	   8.24918	       14N
  29.95972	  36.28708	   8.24918	       14N
  32.24774	  27.57797	   9.21824	       14N
  32.24774	  31.93248	   9.21824	       14N
  32.24774	  36.28699	   9.21824	       14N
  34.72726	  27.57797	   9.21824	       14N
  34.72726	  31.93248	   9.21824	       14N
  34.72726	  36.28699	   9.21824	       14N
  37.01527	  27.57806	   8.24918	       14N
  37.01527	  31.93257	   8.24918	       14N
  37.01527	  36.28708	   8.24918	       14N
  39.37967	  27.57827	   7.50100	       14N
  39.37967	  31.93278	   7.50100	       14N
  39.37967	  36.28729	   7.50100	       14N
  41.86437	  27.57787	   7.50000	       14N
  41.86437	  31.93238	   7.50000	       14N
  41.86437	  36.28689	   7.50000	       14N
  23.87112	  41.36507	   7.50000	       11B
  23.87336	  45.71842	   7.50000	       11B
  23.87276	  50.07203	   7.50000	       11B
  26.36030	  41.36802	   7.50003	       11B
  26.36790	  45.71922	   7.50003	       10B
  26.36283	  50.07346	   7.50003	       11B
  28.81482	  41.37592	   7.79515	       10B
  28.83858	  45.72414	   7.77797	       10B
  28.81759	  50.07861	   7.79736	       11B
  31.09566	  41.37898	   8.77763	       10B
  31.16770	  45.72811	   8.73380	       11B
  31.09907	  50.08293	   8.77694	       11B
  33.48750	  41.37802	   9.37526	       11B
  33.48750	  50.09210	   9.36651	       11B
  35.87933	  41.37898	   8.77763	       10B
  35.80729	  45.72811	   8.73380	       10B
  35.87592	  50.08293	   8.77694	       10B
  38.16017	  41.37592	   7.79515	       11B
  38.13641	  45.72414	   7.77797	       11B
  38.15741	  50.07861	   7.79736	       11B
  40.61469	  41.36802	   7.50003	       11B
  40.60710	  45.71922	   7.50003	       11B
  40.61217	  50.07346	   7.50003	       11B
  43.10388	  41.36507	   7.50000	       11B
  43.10163	  45.71842	   7.50000	       11B
  43.10223	  50.07203	   7.50000	       11B
  22.62669	  39.18632	   7.50000	       11B
  22.62669	  43.54276	   7.50000	       11B
  22.62669	  47.89446	   7.50000	       11B
  25.11527	  39.18782	   7.50000	       11B
  25.11867	  43.54320	   7.50000	       11B
  25.12058	  47.89494	   7.50000	       11B
  27.60426	  39.19167	   7.50100	       10B
  27.61156	  43.54761	   7.50100	       11B
  27.61625	  47.89638	   7.50100	       11B
  29.96661	  39.19679	   8.24713	       11B
  29.98880	  43.55406	   8.22786	       11B
  29.99796	  47.89922	   8.22563	       11B
  32.26037	  39.20283	   9.19166	       10B
  32.28062	  43.56545	   9.21660	       11B
  32.28072	  47.89710	   9.24134	       11B
  34.71463	  39.20283	   9.19166	       11B
  34.69438	  43.56545	   9.21659	       11B
  34.69428	  47.89710	   9.24134	       10B
  37.00839	  39.19679	   8.24713	       11B
  36.98620	  43.55406	   8.22786	       11B
  36.97704	  47.89922	   8.22563	       11B
  39.37074	  39.19167	   7.50100	       11B
  39.36344	  43.54761	   7.50100	       11B
  39.35875	  47.89638	   7.50100	       11B
  41.85972	  39.18782	   7.50000	       11B
  41.85633	  43.54320	   7.50000	       11B
  41.85442	  47.89494	   7.50000	       11B
  23.87074	  42.81445	   7.50000	       14N
  23.87192	  47.16765	   7.50000	       14N
  23.87001	  38.45816	   7.50000	       14N
  26.35904	  42.81690	   7.50003	       14N
  26.36262	  47.16924	   7.50003	       14N
  26.35610	  38.46045	   7.50003	       14N
  28.83143	  42.82037	   7.73075	       14N
  28.84149	  47.17498	   7.72119	       14N
  28.82551	  38.46493	   7.73685	       14N
  31.08753	  42.81769	   8.78403	       14N
  31.12005	  47.18348	   8.74701	       14N
  31.08135	  38.47095	   8.78818	       14N
  33.48750	  42.80184	   9.45676	       14N
  33.48750	  38.47692	   9.40811	       14N
  35.88747	  42.81769	   8.78403	       14N
  35.85495	  47.18348	   8.74701	       14N
  35.89365	  38.47095	   8.78818	       14N
  38.14357	  42.82037	   7.73075	       14N
  38.13350	  47.17498	   7.72119	       14N
  38.14948	  38.46493	   7.73685	       14N
  40.61595	  42.81690	   7.50003	       14N
  40.61238	  47.16924	   7.50003	       14N
  40.61890	  38.46045	   7.50003	       14N
  43.10425	  42.81445	   7.50000	       14N
  43.10308	  47.16765	   7.50000	       14N
  43.10499	  38.45816	   7.50000	       14N
  22.62669	  40.63580	   7.50000	       14N
  22.62669	  44.99143	   7.50000	       14N
  22.62669	  49.34422	   7.50000	       14N
  25.11310	  40.63730	   7.50000	       14N
  25.11685	  44.99205	   7.50000	       14N
  25.11528	  49.34489	   7.50000	       14N
  27.59982	  40.64037	   7.50100	       14N
  27.60927	  44.99536	   7.50100	       14N
  27.60334	  49.34769	   7.50100	       14N
  29.96658	  40.64411	   8.24343	       14N
  30.00051	  44.99970	   8.19334	       14N
  29.97374	  49.35417	   8.23863	       14N
  32.24447	  40.64309	   9.24272	       14N
  32.24472	  49.37025	   9.25615	       14N
  34.73053	  40.64309	   9.24272	       14N
  34.73028	  49.37025	   9.25614	       14N
  37.00841	  40.64411	   8.24343	       14N
  36.97449	  44.99970	   8.19334	       14N
  37.00125	  49.35417	   8.23863	       14N
  39.37518	  40.64037	   7.50100	       14N
  39.36572	  44.99536	   7.50100	       14N
  39.37166	  49.34769	   7.50100	       14N
  41.86190	  40.63730	   7.50000	       14N
  41.85814	  44.99205	   7.50000	       14N
  41.85971	  49.34489	   7.50000	       14N
  34.75192	  44.96250	   9.23053	       14N
  32.22308	  44.96250	   9.23053	       14N
  33.48750	  47.28844	   9.63684	       14N
  23.86854	  54.43388	   7.50000	       10B
  23.86854	  58.78839	   7.50000	       11B
  23.86854	  63.14290	   7.50000	       11B
  26.35234	  54.43401	   7.50003	       10B
  26.35234	  58.78852	   7.50003	       11B
  26.35234	  63.14303	   7.50003	       11B
  28.80259	  54.43569	   7.79944	       11B
  28.80259	  58.79020	   7.79944	       11B
  28.80259	  63.14471	   7.79944	       11B
  31.08662	  54.43382	   8.77138	       10B
  31.08662	  58.78832	   8.77138	       11B
  31.08662	  63.14283	   8.77138	       11B
  33.48750	  54.43515	   9.32956	       11B
  33.48750	  58.78966	   9.32956	       11B
  33.48750	  63.14417	   9.32956	       11B
  35.88837	  54.43382	   8.77138	       11B
  35.88837	  58.78832	   8.77138	       11B
  35.88837	  63.14283	   8.77138	       10B
  38.17241	  54.43569	   7.79944	       11B
  38.17241	  58.79020	   7.79944	       10B
  38.17241	  63.14471	   7.79944	       11B
  40.62266	  54.43401	   7.50003	       10B
  40.62266	  58.78852	   7.50003	       11B
  40.62266	  63.14303	   7.50003	       11B
  43.10646	  54.43388	   7.50000	       11B
  43.10646	  58.78839	   7.50000	       10B
  43.10646	  63.14290	   7.50000	       11B
  22.62669	  52.25647	   7.50000	       10B
  22.62669	  56.61098	   7.50000	       11B
  22.62669	  60.96549	   7.50000	       11B
  25.11065	  52.25684	   7.50000	       11B
  25.11065	  56.61135	   7.50000	       10B
  25.11065	  60.96585	   7.50000	       11B
  27.59537	  52.25739	   7.50100	       11B
  27.59537	  56.61189	   7.50100	       10B
  27.59537	  60.96640	   7.50100	       11B
  29.95575	  52.25633	   8.25076	       10B
  29.95575	  56.61084	   8.25076	       11B
  29.95575	  60.96535	   8.25076	       11B
  32.25918	  52.25753	   9.17510	       11B
  32.25918	  56.61204	   9.17510	       10B
  32.25918	  60.96654	   9.17510	       11B
  34.71582	  52.25753	   9.17509	       11B
  34.71582	  56.61204	   9.17509	       11B
  34.71582	  60.96654	   9.17509	       11B
  37.01924	  52.25633	   8.25076	       10B
  37.01924	  56.61084	   8.25076	       11B
  37.01924	  60.96535	   8.25076	       11B
  39.37963	  52.25739	   7.50100	       10B
  39.37963	  56.61189	   7.50100	       11B
  39.37963	  60.96640	   7.50100	       10B
  41.86434	  52.25684	   7.50000	       11B
  41.86434	  56.61135	   7.50000	       11B
  41.86434	  60.96585	   7.50000	       11B
  23.86867	  55.88202	   7.50000	       14N
  23.86867	  60.23653	   7.50000	       14N
  23.86867	  51.52751	   7.50000	       14N
  26.35244	  55.88249	   7.50003	       14N
  26.35244	  60.23699	   7.50003	       14N
  26.35244	  51.52798	   7.50003	       14N
  28.81960	  55.88289	   7.74113	       14N
  28.81960	  60.23740	   7.74113	       14N
  28.81960	  51.52839	   7.74113	       14N
  31.07691	  55.88228	   8.78873	       14N
  31.07691	  60.23679	   8.78873	       14N
  31.07691	  51.52777	   8.78873	       14N
  33.48750	  55.88227	   9.38203	       14N
  33.48750	  60.23678	   9.38203	       14N
  33.48750	  51.52777	   9.38203	       14N
  35.89809	  55.88228	   8.78873	       14N
  35.89809	  60.23679	   8.78873	       14N
  35.89809	  51.52777	   8.78873	       14N
  38.15539	  55.88289	   7.74113	       14N
  38.15539	  60.23740	   7.74113	       14N
  38.15539	  51.52839	   7.74113	       14N
  40.62255	  55.88249	   7.50003	       14N
  40.62255	  60.23699	   7.50003	       14N
  40.62255	  51.52798	   7.50003	       14N
  43.10632	  55.88202	   7.50000	       14N
  43.10632	  60.23653	   7.50000	       14N
  43.10632	  51.52751	   7.50000	       14N
  22.62669	  53.70468	   7.50000	       14N
  22.62669	  58.05919	   7.50000	       14N
  22.62669	  62.41370	   7.50000	       14N
  25.11062	  53.70492	   7.50000	       14N
  25.11062	  58.05943	   7.50000	       14N
  25.11062	  62.41394	   7.50000	       14N
  27.59532	  53.70532	   7.50100	       14N
  27.59532	  58.05983	   7.50100	       14N
  27.59532	  62.41434	   7.50100	       14N
  29.95972	  53.70511	   8.24918	       14N
  29.95972	  58.05962	   8.24918	       14N
  29.95972	  62.41413	   8.24918	       14N
  32.24774	  53.70502	   9.21824	       14N
  32.24774	  58.05953	   9.21824	       14N
  32.24774	  62.41404	   9.21824	       14N
  34.72726	  53.70502	   9.21824	       14N
  34.72726	  58.05953	   9.21824	       14N
  34.72726	  62.41404	   9.21824	       14N
  37.01527	  53.70511	   8.24918	       14N
  37.01527	  58.05962	   8.24918	       14N
  37.01527	  62.41413	   8.24918	       14N
  39.37967	  53.70532	   7.50100	       14N
  39.37967	  58.05983	   7.50100	       14N
  39.37967	  62.41434	   7.50100	       14N
  41.86437	  53.70492	   7.50000	       14N
  41.86437	  58.05943	   7.50000	       14N
  41.86437	  62.41394	   7.50000	       14N
  23.86854	  67.49741	   7.50000	       11B
  23.86854	  71.85192	   7.50000	       11B
  23.86854	  76.20643	   7.50000	       11B
  26.35234	  67.49754	   7.50003	       11B
  26.35234	  71.85205	   7.50003	       11B
  26.35234	  76.20656	   7.50003	       11B
  28.80259	  67.49922	   7.79944	       11B
  28.80259	  71.85373	   7.79944	       10B
  28.80259	  76.20824	   7.79944	       10B
  31.08662	  67.49734	   8.77138	       10B
  31.08662	  71.85185	   8.77138	       11B
  31.08662	  76.20636	   8.77138	       11B
  33.48750	  67.49867	   9.32956	       11B
  33.48750	  71.85318	   9.32956	       11B
  33.48750	  76.20769	   9.32956	       11B
  35.88837	  67.49734	   8.77138	       11B
  35.88837	  71.85185	   8.77138	       11B
  35.88837	  76.20636	   8.77138	       11B
  38.17241	  67.49922	   7.79944	       11B
  38.17241	  71.85373	   7.79944	       11B
  38.17241	  76.20824	   7.79944	       11B
  40.62266	  67.49754	   7.50003	       11B
  40.62266	  71.85205	   7.50003	       11B
  40.62266	  76.20656	   7.50003	       10B
  43.10646	  67.49741	   7.50000	       11B
  43.10646	  71.85192	   7.50000	       11B
  43.10646	  76.20643	   7.50000	       11B
  22.62669	  65.32000	   7.50000	       11B
  22.62669	  69.67450	   7.50000	       10B
  22.62669	  74.02901	   7.50000	       11B
  25.11065	  65.32036	   7.50000	       11B
  25.11065	  69.67487	   7.50000	       11B
  25.11065	  74.02938	   7.50000	       11B
  27.59537	  65.32091	   7.50100	       11B
  27.59537	  69.67542	   7.50100	       11B
  27.59537	  74.02993	   7.50100	       10B
  29.95575	  65.31986	   8.25076	       11B
  29.95575	  69.67437	   8.25076	       11B
  29.95575	  74.02888	   8.25076	       11B
  32.25918	  65.32105	   9.17510	       11B
  32.25918	  69.67556	   9.17510	       11B
  32.25918	  74.03007	   9.17510	       11B
  34.71582	  65.32105	   9.17509	       11B
  34.71582	  69.67556	   9.17509	       11B
  34.71582	  74.03007	   9.17509	       11B
  37.01924	  65.31986	   8.25076	       11B
  37.01924	  69.67437	   8.25076	       10B
  37.01924	  74.02888	   8.25076	       11B
  39.37963	  65.32091	   7.50100	       11B
  39.37963	  69.67542	   7.50100	       10B
  39.37963	  74.02993	   7.50100	       11B
  41.86434	  65.32036	   7.50000	       11B
  41.86434	  69.67487	   7.50000	       11B
  41.86434	  74.02938	   7.50000	       11B
  23.86867	  68.94555	   7.50000	       14N
  23.86867	  73.30005	   7.50000	       14N
  23.86867	  64.59104	   7.50000	       14N
  26.35244	  68.94601	   7.50003	       14N
  26.35244	  73.30052	   7.50003	       14N
  26.35244	  64.59150	   7.50003	       14N
  28.81960	  68.94642	   7.74113	       14N
  28.81960	  73.30093	   7.74113	       14N
  28.81960	  64.59191	   7.74113	       14N
  31.07691	  68.94581	   8.78873	       14N
  31.07691	  73.30031	   8.78873	       14N
  31.07691	  64.59130	   8.78873	       14N
  33.48750	  68.94580	   9.38203	       14N
  33.48750	  73.30031	   9.38203	       14N
  33.48750	  64.59129	   9.38203	       14N
  35.89809	  68.94581	   8.78873	       14N
  35.89809	  73.30031	   8.78873	       14N
  35.89809	  64.59130	   8.78873	       14N
  38.15539	  68.94642	   7.74113	       14N
  38.15539	  73.30093	   7.74113	       14N
  38.15539	  64.59191	   7.74113	       14N
  40.62255	  68.94601	   7.50003	       14N
  40.62255	  73.30052	   7.50003	       14N
  40.62255	  64.59150	   7.50003	       14N
  43.10632	  68.94555	   7.50000	       14N
  43.10632	  73.30005	   7.50000	       14N
  43.10632	  64.59104	   7.50000	       14N
  22.62669	  66.76820	   7.50000	       14N
  22.62669	  71.12271	   7.50000	       14N
  22.62669	  75.47722	   7.50000	       14N
  25.11062	  66.76844	   7.50000	       14N
  25.11062	  71.12295	   7.50000	       14N
  25.11062	  75.47746	   7.50000	       14N
  27.59532	  66.76885	   7.50100	       14N
  27.59532	  71.12336	   7.50100	       14N
  27.59532	  75.47787	   7.50100	       14N
  29.95972	  66.76864	   8.24918	       14N
  29.95972	  71.12315	   8.24918	       14N
  29.95972	  75.47766	   8.24918	       14N
  32.24774	  66.76855	   9.21824	       14N
  32.24774	  71.12306	   9.21824	       14N
  32.24774	  75.47756	   9.21824	       14N
  34.72726	  66.76855	   9.21824	       14N
  34.72726	  71.12306	   9.21824	       14N
  34.72726	  75.47756	   9.21824	       14N
  37.01527	  66.76864	   8.24918	       14N
  37.01527	  71.12315	   8.24918	       14N
  37.01527	  75.47766	   8.24918	       14N
  39.37967	  66.76885	   7.50100	       14N
  39.37967	  71.12336	   7.50100	       14N
  39.37967	  75.47787	   7.50100	       14N
  41.86437	  66.76844	   7.50000	       14N
  41.86437	  71.12295	   7.50000	       14N
  41.86437	  75.47746	   7.50000	       14N
  22.62669	  78.38352	   7.50000	       11B
  25.11065	  78.38389	   7.50000	       11B
  27.59537	  78.38444	   7.50100	       11B
  29.95575	  78.38338	   8.25076	       11B
  32.25918	  78.38458	   9.17510	       11B
  34.71582	  78.38458	   9.17509	       11B
  37.01924	  78.38338	   8.25076	       11B
  39.37963	  78.38444	   7.50100	       10B
  41.86434	  78.38389	   7.50000	       11B
  23.86867	  77.65456	   7.50000	       14N
  26.35244	  77.65503	   7.50003	       14N
  28.81960	  77.65544	   7.74113	       14N
  31.07691	  77.65482	   8.78873	       14N
  33.48750	  77.65482	   9.38203	       14N
  35.89809	  77.65482	   8.78873	       14N
  38.15539	  77.65544	   7.74113	       14N
  40.62255	  77.65503	   7.50003	       14N
  43.10632	  77.65456	   7.50000	       14N
  22.62669	  79.83173	   7.50000	       14N
  25.11062	  79.83197	   7.50000	       14N
  27.59532	  79.83237	   7.50100	       14N
  29.95972	  79.83216	   8.24918	       14N
  32.24774	  79.83207	   9.21824	       14N
  34.72726	  79.83207	   9.21824	       14N
  37.01527	  79.83216	   8.24918	       14N
  39.37967	  79.83237	   7.50100	       14N
  41.86437	  79.83197	   7.50000	       14N
  45.60535	   2.17825	   7.50000	       11B
  45.60535	   6.53276	   7.50000	       10B
  45.60535	  10.88727	   7.50000	       11B
  48.11942	   2.17825	   7.50000	       11B
  48.11942	   6.53276	   7.50000	       10B
  48.11942	  10.88727	   7.50000	       11B
  50.63350	   2.17825	   7.50000	       11B
  50.63350	   6.53276	   7.50000	       11B
  50.63350	  10.88727	   7.50000	       11B
  53.14758	   2.17825	   7.50000	       11B
  53.14758	   6.53276	   7.50000	       10B
  53.14758	  10.88727	   7.50000	       11B
  55.66165	   2.17825	   7.50000	       11B
  55.66165	   6.53276	   7.50000	       11B
  55.66165	  10.88727	   7.50000	       11B
  58.17573	   2.17825	   7.50000	       11B
  58.17573	   6.53276	   7.50000	       11B
  58.17573	  10.88727	   7.50000	       10B
  60.68981	   2.17825	   7.50000	       11B
  60.68981	   6.53276	   7.50000	       11B
  60.68981	  10.88727	   7.50000	       11B
  63.20388	   2.17825	   7.50000	       11B
  63.20388	   6.53276	   7.50000	       11B
  63.20388	  10.88727	   7.50000	       11B
  65.71796	   2.17825	   7.50000	       11B
  65.71796	   6.53276	   7.50000	       11B
  65.71796	  10.88727	   7.50000	       11B
  44.34831	   0.00098	   7.50000	       11B
  44.34831	   4.35549	   7.50000	       11B
  44.34831	   8.71000	   7.50000	       10B
  46.86238	   0.00098	   7.50000	       11B
  46.86238	   4.35549	   7.50000	       10B
  46.86238	   8.71000	   7.50000	       11B
  49.37646	   0.00098	   7.50000	       11B
  49.37646	   4.35549	   7.50000	       10B
  49.37646	   8.71000	   7.50000	       11B
  51.89054	   0.00098	   7.50000	       11B
  51.89054	   4.35549	   7.50000	       10B
  51.89054	   8.71000	   7.50000	       11B
  54.40461	   0.00098	   7.50000	       11B
  54.40461	   4.35549	   7.50000	       11B
  54.40461	   8.71000	   7.50000	       10B
  56.91869	   0.00098	   7.50000	       11B
  56.91869	   4.35549	   7.50000	       11B
  56.91869	   8.71000	   7.50000	       11B
  59.43277	   0.00098	   7.50000	       11B
  59.43277	   4.35549	   7.50000	       11B
  59.43277	   8.71000	   7.50000	       10B
  61.94684	   0.00098	   7.50000	       10B
  61.94684	   4.35549	   7.50000	       11B
  61.94684	   8.71000	   7.50000	       11B
  64.46092	   0.00098	   7.50000	       11B
  64.46092	   4.35549	   7.50000	       11B
  64.46092	   8.71000	   7.50000	       11B
  45.60535	   3.63024	   7.50000	       14N
  45.60535	   7.98475	   7.50000	       14N
  48.11942	   3.63024	   7.50000	       14N
  48.11942	   7.98475	   7.50000	       14N
  50.63350	   3.63024	   7.50000	       14N
  50.63350	   7.98475	   7.50000	       14N
  53.14758	   3.63024	   7.50000	       14N
  53.14758	   7.98475	   7.50000	       14N
  55.66165	   3.63024	   7.50000	       14N
  55.66165	   7.98475	   7.50000	       14N
  58.17573	   3.63024	   7.50000	       14N
  58.17573	   7.98475	   7.50000	       14N
  60.68981	   3.63024	   7.50000	       14N
  60.68981	   7.98475	   7.50000	       14N
  63.20388	   3.63024	   7.50000	       14N
  63.20388	   7.98475	   7.50000	       14N
  65.71796	   3.63024	   7.50000	       14N
  65.71796	   7.98475	   7.50000	       14N
  44.34831	   1.45298	   7.50000	       14N
  44.34831	   5.80749	   7.50000	       14N
  44.34831	  10.16200	   7.50000	       14N
  46.86238	   1.45298	   7.50000	       14N
  46.86238	   5.80749	   7.50000	       14N
  46.86238	  10.16200	   7.50000	       14N
  49.37646	   1.45298	   7.50000	       14N
  49.37646	   5.80749	   7.50000	       14N
  49.37646	  10.16200	   7.50000	       14N
  51.89054	   1.45298	   7.50000	       14N
  51.89054	   5.80749	   7.50000	       14N
  51.89054	  10.16200	   7.50000	       14N
  54.40461	   1.45298	   7.50000	       14N
  54.40461	   5.80749	   7.50000	       14N
  54.40461	  10.16200	   7.50000	       14N
  56.91869	   1.45298	   7.50000	       14N
  56.91869	   5.80749	   7.50000	       14N
  56.91869	  10.16200	   7.50000	       14N
  59.43277	   1.45298	   7.50000	       14N
  59.43277	   5.80749	   7.50000	       14N
  59.43277	  10.16200	   7.50000	       14N
  61.94684	   1.45298	   7.50000	       14N
  61.94684	   5.80749	   7.50000	       14N
  61.94684	  10.16200	   7.50000	       14N
  64.46092	   1.45298	   7.50000	       14N
  64.46092	   5.80749	   7.50000	       14N
  64.46092	  10.16200	   7.50000	       14N
  45.60535	  15.24177	   7.50000	       11B
  45.60535	  19.59628	   7.50000	       11B
  45.60535	  23.95079	   7.50000	       11B
  48.11942	  15.24177	   7.50000	       10B
  48.11942	  19.59628	   7.50000	       11B
  48.11942	  23.95079	   7.50000	       11B
  50.63350	  15.24177	   7.50000	       11B
  50.63350	  19.59628	   7.50000	       11B
  50.63350	  23.95079	   7.50000	       11B
  53.14758	  15.24177	   7.50000	       11B
  53.14758	  19.59628	   7.50000	       11B
  53.14758	  23.95079	   7.50000	       11B
  55.66165	  15.24177	   7.50000	       11B
  55.66165	  19.59628	   7.50000	       11B
  55.66165	  23.95079	   7.50000	       11B
  58.17573	  15.24177	   7.50000	       11B
  58.17573	  19.59628	   7.50000	       11B
  58.17573	  23.95079	   7.50000	       11B
  60.68981	  15.24177	   7.50000	       11B
  60.68981	  19.59628	   7.50000	       11B
  60.68981	  23.95079	   7.50000	       10B
  63.20388	  15.24177	   7.50000	       11B
  63.20388	  19.59628	   7.50000	       11B
  63.20388	  23.95079	   7.50000	       11B
  65.71796	  15.24177	   7.50000	       11B
  65.71796	  19.59628	   7.50000	       11B
  65.71796	  23.95079	   7.50000	       11B
  44.34831	  13.06450	   7.50000	       11B
  44.34831	  17.41901	   7.50000	       11B
  44.34831	  21.77352	   7.50000	       11B
  46.86238	  13.06450	   7.50000	       11B
  46.86238	  17.41901	   7.50000	       11B
  46.86238	  21.77352	   7.50000	       11B
  49.37646	  13.06450	   7.50000	       11B
  49.37646	  17.41901	   7.50000	       11B
  49.37646	  21.77352	   7.50000	       11B
  51.89054	  13.06450	   7.50000	       11B
  51.89054	  17.41901	   7.50000	       10B
  51.89054	  21.77352	   7.50000	       11B
  54.40461	  13.06450	   7.50000	       11B
  54.40461	  17.41901	   7.50000	       11B
  54.40461	  21.77352	   7.50000	       10B
  56.91869	  13.06450	   7.50000	       11B
  56.91869	  17.41901	   7.50000	       11B
  56.91869	  21.77352	   7.50000	       11B
  59.43277	  13.06450	   7.50000	       11B
  59.43277	  17.41901	   7.50000	       11B
  59.43277	  21.77352	   7.50000	       11B
  61.94684	  13.06450	   7.50000	       10B
  61.94684	  17.41901	   7.50000	       11B
  61.94684	  21.77352	   7.50000	       11B
  64.46092	  13.06450	   7.50000	       11B
  64.46092	  17.41901	   7.50000	       10B
  64.46092	  21.77352	   7.50000	       11B
  45.60535	  16.69376	   7.50000	       14N
  45.60535	  21.04827	   7.50000	       14N
  45.60535	  12.33926	   7.50000	       14N
  48.11942	  16.69376	   7.50000	       14N
  48.11942	  21.04827	   7.50000	       14N
  48.11942	  12.33926	   7.50000	       14N
  50.63350	  16.69376	   7.50000	       14N
  50.63350	  21.04827	   7.50000	       14N
  50.63350	  12.33926	   7.50000	       14N
  53.14758	  16.69376	   7.50000	       14N
  53.14758	  21.04827	   7.50000	       14N
  53.14758	  12.33926	   7.50000	       14N
  55.66165	  16.69376	   7.50000	       14N
  55.66165	  21.04827	   7.50000	       14N
  55.66165	  12.33926	   7.50000	       14N
  58.17573	  16.69376	   7.50000	       14N
  58.17573	  21.04827	   7.50000	       14N
  58.17573	  12.33926	   7.50000	       14N
  60.68981	  16.69376	   7.50000	       14N
  60.68981	  21.04827	   7.50000	       14N
  60.68981	  12.33926	   7.50000	       14N
  63.20388	  16.69376	   7.50000	       14N
  63.20388	  21.04827	   7.50000	       14N
  63.20388	  12.33926	   7.50000	       14N
  65.71796	  16.69376	   7.50000	       14N
  65.71796	  21.04827	   7.50000	       14N
  65.71796	  12.33926	   7.50000	       14N
  44.34831	  14.51651	   7.50000	       14N
  44.34831	  18.87102	   7.50000	       14N
  44.34831	  23.22552	   7.50000	       14N
  46.86238	  14.51651	   7.50000	       14N
  46.86238	  18.87102	   7.50000	       14N
  46.86238	  23.22552	   7.50000	       14N
  49.37646	  14.51651	   7.50000	       14N
  49.37646	  18.87102	   7.50000	       14N
  49.37646	  23.22552	   7.50000	       14N
  51.89054	  14.51651	   7.50000	       14N
  51.89054	  18.87102	   7.50000	       14N
  51.89054	  23.22552	   7.50000	       14N
  54.40461	  14.51651	   7.50000	       14N
  54.40461	  18.87102	   7.50000	       14N
  54.40461	  23.22552	   7.50000	       14N
  56.91869	  14.51651	   7.50000	       14N
  56.91869	  18.87102	   7.50000	       14N
  56.91869	  23.22552	   7.50000	       14N
  59.43277	  14.51651	   7.50000	       14N
  59.43277	  18.87102	   7.50000	       14N
  59.43277	  23.22552	   7.50000	       14N
  61.94684	  14.51651	   7.50000	       14N
  61.94684	  18.87102	   7.50000	       14N
  61.94684	  23.22552	   7.50000	       14N
  64.46092	  14.51651	   7.50000	       14N
  64.46092	  18.87102	   7.50000	       14N
  64.46092	  23.22552	   7.50000	       14N
  45.60535	  28.30530	   7.50000	       11B
  45.60535	  32.65981	   7.50000	       11B
  45.60535	  37.01432	   7.50000	       11B
  48.11942	  28.30530	   7.50000	       11B
  48.11942	  32.65981	   7.50000	       11B
  48.11942	  37.01432	   7.50000	       11B
  50.63350	  28.30530	   7.50000	       11B
  50.63350	  32.65981	   7.50000	       11B
  50.63350	  37.01432	   7.50000	       11B
  53.14758	  28.30530	   7.50000	       11B
  53.14758	  32.65981	   7.50000	       11B
  53.14758	  37.01432	   7.50000	       10B
  55.66165	  28.30530	   7.50000	       11B
  55.66165	  32.65981	   7.50000	       11B
  55.66165	  37.01432	   7.50000	       11B
  58.17573	  28.30530	   7.50000	       11B
  58.17573	  32.65981	   7.50000	       11B
  58.17573	  37.01432	   7.50000	       11B
  60.68981	  28.30530	   7.50000	       11B
  60.68981	  32.65981	   7.50000	       11B
  60.68981	  37.01432	   7.50000	       11B
  63.20388	  28.30530	   7.50000	       11B
  63.20388	  32.65981	   7.50000	       11B
  63.20388	  37.01432	   7.50000	       11B
  65.71796	  28.30530	   7.50000	       11B
  65.71796	  32.65981	   7.50000	       11B
  65.71796	  37.01432	   7.50000	       11B
  44.34831	  26.12803	   7.50000	       11B
  44.34831	  30.48254	   7.50000	       11B
  44.34831	  34.83705	   7.50000	       11B
  46.86238	  26.12803	   7.50000	       10B
  46.86238	  30.48254	   7.50000	       11B
  46.86238	  34.83705	   7.50000	       11B
  49.37646	  26.12803	   7.50000	       11B
  49.37646	  30.48254	   7.50000	       11B
  49.37646	  34.83705	   7.50000	       11B
  51.89054	  26.12803	   7.50000	       11B
  51.89054	  30.48254	   7.50000	       11B
  51.89054	  34.83705	   7.50000	       11B
  54.40461	  26.12803	   7.50000	       11B
  54.40461	  30.48254	   7.50000	       10B
  54.40461	  34.83705	   7.50000	       10B
  56.91869	  26.12803	   7.50000	       11B
  56.91869	  30.48254	   7.50000	       11B
  56.91869	  34.83705	   7.50000	       11B
  59.43277	  26.12803	   7.50000	       11B
  59.43277	  30.48254	   7.50000	       10B
  59.43277	  34.83705	   7.50000	       11B
  61.94684	  26.12803	   7.50000	       11B
  61.94684	  30.48254	   7.50000	       11B
  61.94684	  34.83705	   7.50000	       11B
  64.46092	  26.12803	   7.50000	       11B
  64.46092	  30.48254	   7.50000	       10B
  64.46092	  34.83705	   7.50000	       11B
  45.60535	  29.75729	   7.50000	       14N
  45.60535	  34.11180	   7.50000	       14N
  45.60535	  25.40278	   7.50000	       14N
  48.11942	  29.75729	   7.50000	       14N
  48.11942	  34.11180	   7.50000	       14N
  48.11942	  25.40278	   7.50000	       14N
  50.63350	  29.75729	   7.50000	       14N
  50.63350	  34.11180	   7.50000	       14N
  50.63350	  25.40278	   7.50000	       14N
  53.14758	  29.75729	   7.50000	       14N
  53.14758	  34.11180	   7.50000	       14N
  53.14758	  25.40278	   7.50000	       14N
  55.66165	  29.75729	   7.50000	       14N
  55.66165	  34.11180	   7.50000	       14N
  55.66165	  25.40278	   7.50000	       14N
  58.17573	  29.75729	   7.50000	       14N
  58.17573	  34.11180	   7.50000	       14N
  58.17573	  25.40278	   7.50000	       14N
  60.68981	  29.75729	   7.50000	       14N
  60.68981	  34.11180	   7.50000	       14N
  60.68981	  25.40278	   7.50000	       14N
  63.20388	  29.75729	   7.50000	       14N
  63.20388	  34.11180	   7.50000	       14N
  63.20388	  25.40278	   7.50000	       14N
  65.71796	  29.75729	   7.50000	       14N
  65.71796	  34.11180	   7.50000	       14N
  65.71796	  25.40278	   7.50000	       14N
  44.34831	  27.58003	   7.50000	       14N
  44.34831	  31.93454	   7.50000	       14N
  44.34831	  36.28905	   7.50000	       14N
  46.86238	  27.58003	   7.50000	       14N
  46.86238	  31.93454	   7.50000	       14N
  46.86238	  36.28905	   7.50000	       14N
  49.37646	  27.58003	   7.50000	       14N
  49.37646	  31.93454	   7.50000	       14N
  49.37646	  36.28905	   7.50000	       14N
  51.89054	  27.58003	   7.50000	       14N
  51.89054	  31.93454	   7.50000	       14N
  51.89054	  36.28905	   7.50000	       14N
  54.40461	  27.58003	   7.50000	       14N
  54.40461	  31.93454	   7.50000	       14N
  54.40461	  36.28905	   7.50000	       14N
  56.91869	  27.58003	   7.50000	       14N
  56.91869	  31.93454	   7.50000	       14N
  56.91869	  36.28905	   7.50000	       14N
  59.43277	  27.58003	   7.50000	       14N
  59.43277	  31.93454	   7.50000	       14N
  59.43277	  36.28905	   7.50000	       14N
  61.94684	  27.58003	   7.50000	       14N
  61.94684	  31.93454	   7.50000	       14N
  61.94684	  36.28905	   7.50000	       14N
  64.46092	  27.58003	   7.50000	       14N
  64.46092	  31.93454	   7.50000	       14N
  64.46092	  36.28905	   7.50000	       14N
  45.60535	  41.36882	   7.50000	       11B
  45.60535	  45.72333	   7.50000	       11B
  45.60535	  50.07784	   7.50000	       11B
  48.11942	  41.36882	   7.50000	       11B
  48.11942	  45.72333	   7.50000	       10B
  48.11942	  50.07784	   7.50000	       11B
  50.63350	  41.36882	   7.50000	       11B
  50.63350	  45.72333	   7.50000	       11B
  50.63350	  50.07784	   7.50000	       11B
  53.14758	  41.36882	   7.50000	       10B
  53.14758	  45.72333	   7.50000	       11B
  53.14758	  50.07784	   7.50000	       11B
  55.66165	  41.36882	   7.50000	       11B
  55.66165	  45.72333	   7.50000	       11B
  55.66165	  50.07784	   7.50000	       11B
  58.17573	  41.36882	   7.50000	       11B
  58.17573	  45.72333	   7.50000	       11B
  58.17573	  50.07784	   7.50000	       11B
  60.68981	  41.36882	   7.50000	       11B
  60.68981	  45.72333	   7.50000	       11B
  60.68981	  50.07784	   7.50000	       11B
  63.20388	  41.36882	   7.50000	       11B
  63.20388	  45.72333	   7.50000	       11B
  63.20388	  50.07784	   7.50000	       10B
  65.71796	  41.36882	   7.50000	       11B
  65.71796	  45.72333	   7.50000	       10B
  65.71796	  50.07784	   7.50000	       11B
  44.34831	  39.19155	   7.50000	       11B
  44.34831	  43.54606	   7.50000	       10B
  44.34831	  47.90057	   7.50000	       11B
  46.86238	  39.19155	   7.50000	       11B
  46.86238	  43.54606	   7.50000	       11B
  46.86238	  47.90057	   7.50000	       11B
  49.37646	  39.19155	   7.50000	       11B
  49.37646	  43.54606	   7.50000	       10B
  49.37646	  47.90057	   7.50000	       11B
  51.89054	  39.19155	   7.50000	       11B
  51.89054	  43.54606	   7.50000	       11B
  51.89054	  47.90057	   7.50000	       11B
  54.40461	  39.19155	   7.50000	       11B
  54.40461	  43.54606	   7.50000	       11B
  54.40461	  47.90057	   7.50000	       10B
  56.91869	  39.19155	   7.50000	       11B
  56.91869	  43.54606	   7.50000	       11B
  56.91869	  47.90057	   7.50000	       11B
  59.43277	  39.19155	   7.50000	       11B
  59.43277	  43.54606	   7.50000	       11B
  59.43277	  47.90057	   7.50000	       11B
  61.94684	  39.19155	   7.50000	       11B
  61.94684	  43.54606	   7.50000	       11B
  61.94684	  47.90057	   7.50000	       11B
  64.46092	  39.19155	   7.50000	       11B
  64.46092	  43.54606	   7.50000	       11B
  64.46092	  47.90057	   7.50000	       11B
  45.60535	  42.82082	   7.50000	       14N
  45.60535	  47.17532	   7.50000	       14N
  45.60535	  38.46631	   7.50000	       14N
  48.11942	  42.82082	   7.50000	       14N
  48.11942	  47.17532	   7.50000	       14N
  48.11942	  38.46631	   7.50000	       14N
  50.63350	  42.82082	   7.50000	       14N
  50.63350	  47.17532	   7.50000	       14N
  50.63350	  38.46631	   7.50000	       14N
  53.14758	  42.82082	   7.50000	       14N
  53.14758	  47.17532	   7.50000	       14N
  53.14758	  38.46631	   7.50000	       14N
  55.66165	  42.82082	   7.50000	       14N
  55.66165	  47.17532	   7.50000	       14N
  55.66165	  38.46631	   7.50000	       14N
  58.17573	  42.82082	   7.50000	       14N
  58.17573	  47.17532	   7.50000	       14N
  58.17573	  38.46631	   7.50000	       14N
  60.68981	  42.82082	   7.50000	       14N
  60.68981	  47.17532	   7.50000	       14N
  60.68981	  38.46631	   7.50000	       14N
  63.20388	  42.82082	   7.50000	       14N
  63.20388	  47.17532	   7.50000	       14N
  63.20388	  38.46631	   7.50000	       14N
  65.71796	  42.82082	   7.50000	       14N
  65.71796	  47.17532	   7.50000	       14N
  65.71796	  38.46631	   7.50000	       14N
  44.34831	  40.64356	   7.50000	       14N
  44.34831	  44.99807	   7.50000	       14N
  44.34831	  49.35257	   7.50000	       14N
  46.86238	  40.64356	   7.50000	       14N
  46.86238	  44.99807	   7.50000	       14N
  46.86238	  49.35257	   7.50000	       14N
  49.37646	  40.64356	   7.50000	       14N
  49.37646	  44.99807	   7.50000	       14N
  49.37646	  49.35257	   7.50000	       14N
  51.89054	  40.64356	   7.50000	       14N
  51.89054	  44.99807	   7.50000	       14N
  51.89054	  49.35257	   7.50000	       14N
  54.40461	  40.64356	   7.50000	       14N
  54.40461	  44.99807	   7.50000	       14N
  54.40461	  49.35257	   7.50000	       14N
  56.91869	  40.64356	   7.50000	       14N
  56.91869	  44.99807	   7.50000	       14N
  56.91869	  49.35257	   7.50000	       14N
  59.43277	  40.64356	   7.50000	       14N
  59.43277	  44.99807	   7.50000	       14N
  59.43277	  49.35257	   7.50000	       14N
  61.94684	  40.64356	   7.50000	       14N
  61.94684	  44.99807	   7.50000	       14N
  61.94684	  49.35257	   7.50000	       14N
  64.46092	  40.64356	   7.50000	       14N
  64.46092	  44.99807	   7.50000	       14N
  64.46092	  49.35257	   7.50000	       14N
  45.60535	  54.43235	   7.50000	       11B
  45.60535	  58.78686	   7.50000	       11B
  45.60535	  63.14137	   7.50000	       11B
  48.11942	  54.43235	   7.50000	       11B
  48.11942	  58.78686	   7.50000	       11B
  48.11942	  63.14137	   7.50000	       11B
  50.63350	  54.43235	   7.50000	       11B
  50.63350	  58.78686	   7.50000	       11B
  50.63350	  63.14137	   7.50000	       10B
  53.14758	  54.43235	   7.50000	       11B
  53.14758	  58.78686	   7.50000	       11B
  53.14758	  63.14137	   7.50000	       10B
  55.66165	  54.43235	   7.50000	       11B
  55.66165	  58.78686	   7.50000	       11B
  55.66165	  63.14137	   7.50000	       11B
  58.17573	  54.43235	   7.50000	       11B
  58.17573	  58.78686	   7.50000	       11B
  58.17573	  63.14137	   7.50000	       11B
  60.68981	  54.43235	   7.50000	       10B
  60.68981	  58.78686	   7.50000	       11B
  60.68981	  63.14137	   7.50000	       11B
  63.20388	  54.43235	   7.50000	       10B
  63.20388	  58.78686	   7.50000	       11B
  63.20388	  63.14137	   7.50000	       11B
  65.71796	  54.43235	   7.50000	       10B
  65.71796	  58.78686	   7.50000	       10B
  65.71796	  63.14137	   7.50000	       11B
  44.34831	  52.25508	   7.50000	       11B
  44.34831	  56.60959	   7.50000	       11B
  44.34831	  60.96410	   7.50000	       10B
  46.86238	  52.25508	   7.50000	       11B
  46.86238	  56.60959	   7.50000	       11B
  46.86238	  60.96410	   7.50000	       11B
  49.37646	  52.25508	   7.50000	       11B
  49.37646	  56.60959	   7.50000	       11B
  49.37646	  60.96410	   7.50000	       11B
  51.89054	  52.25508	   7.50000	       11B
  51.89054	  56.60959	   7.50000	       11B
  51.89054	  60.96410	   7.50000	       11B
  54.40461	  52.25508	   7.50000	       11B
  54.40461	  56.60959	   7.50000	       11B
  54.40461	  60.96410	   7.50000	       11B
  56.91869	  52.25508	   7.50000	       11B
  56.91869	  56.60959	   7.50000	       10B
  56.91869	  60.96410	   7.50000	       11B
  59.43277	  52.25508	   7.50000	       10B
  59.43277	  56.60959	   7.50000	       11B
  59.43277	  60.96410	   7.50000	       10B
  61.94684	  52.25508	   7.50000	       11B
  61.94684	  56.60959	   7.50000	       11B
  61.94684	  60.96410	   7.50000	       11B
  64.46092	  52.25508	   7.50000	       11B
  64.46092	  56.60959	   7.50000	       10B
  64.46092	  60.96410	   7.50000	       11B
  45.60535	  55.88434	   7.50000	       14N
  45.60535	  60.23885	   7.50000	       14N
  45.60535	  51.52983	   7.50000	       14N
  48.11942	  55.88434	   7.50000	       14N
  48.11942	  60.23885	   7.50000	       14N
  48.11942	  51.52983	   7.50000	       14N
  50.63350	  55.88434	   7.50000	       14N
  50.63350	  60.23885	   7.50000	       14N
  50.63350	  51.52983	   7.50000	       14N
  53.14758	  55.88434	   7.50000	       14N
  53.14758	  60.23885	   7.50000	       14N
  53.14758	  51.52983	   7.50000	       14N
  55.66165	  55.88434	   7.50000	       14N
  55.66165	  60.23885	   7.50000	       14N
  55.66165	  51.52983	   7.50000	       14N
  58.17573	  55.88434	   7.50000	       14N
  58.17573	  60.23885	   7.50000	       14N
  58.17573	  51.52983	   7.50000	       14N
  60.68981	  55.88434	   7.50000	       14N
  60.68981	  60.23885	   7.50000	       14N
  60.68981	  51.52983	   7.50000	       14N
  63.20388	  55.88434	   7.50000	       14N
  63.20388	  60.23885	   7.50000	       14N
  63.20388	  51.52983	   7.50000	       14N
  65.71796	  55.88434	   7.50000	       14N
  65.71796	  60.23885	   7.50000	       14N
  65.71796	  51.52983	   7.50000	       14N
  44.34831	  53.70708	   7.50000	       14N
  44.34831	  58.06159	   7.50000	       14N
  44.34831	  62.41610	   7.50000	       14N
  46.86238	  53.70708	   7.50000	       14N
  46.86238	  58.06159	   7.50000	       14N
  46.86238	  62.41610	   7.50000	       14N
  49.37646	  53.70708	   7.50000	       14N
  49.37646	  58.06159	   7.50000	       14N
  49.37646	  62.41610	   7.50000	       14N
  51.89054	  53.70708	   7.50000	       14N
  51.89054	  58.06159	   7.50000	       14N
  51.89054	  62.41610	   7.50000	       14N
  54.40461	  53.70708	   7.50000	       14N
  54.40461	  58.06159	   7.50000	       14N
  54.40461	  62.41610	   7.50000	       14N
  56.91869	  53.70708	   7.50000	       14N
  56.91869	  58.06159	   7.50000	       14N
  56.91869	  62.41610	   7.50000	       14N
  59.43277	  53.70708	   7.50000	       14N
  59.43277	  58.06159	   7.50000	       14N
  59.43277	  62.41610	   7.50000	       14N
  61.94684	  53.70708	   7.50000	       14N
  61.94684	  58.06159	   7.50000	       14N
  61.94684	  62.41610	   7.50000	       14N
  64.46092	  53.70708	   7.50000	       14N
  64.46092	  58.06159	   7.50000	       14N
  64.46092	  62.41610	   7.50000	       14N
  45.60535	  67.49587	   7.50000	       11B
  45.60535	  71.85038	   7.50000	       11B
  45.60535	  76.20489	   7.50000	       11B
  48.11942	  67.49587	   7.50000	       11B
  48.11942	  71.85038	   7.50000	       11B
  48.11942	  76.20489	   7.50000	       11B
  50.63350	  67.49587	   7.50000	       11B
  50.63350	  71.85038	   7.50000	       11B
  50.63350	  76.20489	   7.50000	       10B
  53.14758	  67.49587	   7.50000	       10B
  53.14758	  71.85038	   7.50000	       11B
  53.14758	  76.20489	   7.50000	       11B
  55.66165	  67.49587	   7.50000	       11B
  55.66165	  71.85038	   7.50000	       11B
  55.66165	  76.20489	   7.50000	       11B
  58.17573	  67.49587	   7.50000	       11B
  58.17573	  71.85038	   7.50000	       11B
  58.17573	  76.20489	   7.50000	       11B
  60.68981	  67.49587	   7.50000	       11B
  60.68981	  71.85038	   7.50000	       11B
  60.68981	  76.20489	   7.50000	       10B
  63.20388	  67.49587	   7.50000	       11B
  63.20388	  71.85038	   7.50000	       11B
  63.20388	  76.20489	   7.50000	       11B
  65.71796	  67.49587	   7.50000	       10B
  65.71796	  71.85038	   7.50000	       11B
  65.71796	  76.20489	   7.50000	       10B
  44.34831	  65.31860	   7.50000	       11B
  44.34831	  69.67311	   7.50000	       11B
  44.34831	  74.02762	   7.50000	       11B
  46.86238	  65.31860	   7.50000	       10B
  46.86238	  69.67311	   7.50000	       11B
  46.86238	  74.02762	   7.50000	       11B
  49.37646	  65.31860	   7.50000	       10B
  49.37646	  69.67311	   7.50000	       11B
  49.37646	  74.02762	   7.50000	       11B
  51.89054	  65.31860	   7.50000	       11B
  51.89054	  69.67311	   7.50000	       11B
  51.89054	  74.02762	   7.50000	       11B
  54.40461	  65.31860	   7.50000	       11B
  54.40461	  69.67311	   7.50000	       11B
  54.40461	  74.02762	   7.50000	       11B
  56.91869	  65.31860	   7.50000	       11B
  56.91869	  69.67311	   7.50000	       10B
  56.91869	  74.02762	   7.50000	       10B
  59.43277	  65.31860	   7.50000	       11B
  59.43277	  69.67311	   7.50000	       11B
  59.43277	  74.02762	   7.50000	       11B
  61.94684	  65.31860	   7.50000	       10B
  61.94684	  69.67311	   7.50000	       11B
  61.94684	  74.02762	   7.50000	       11B
  64.46092	  65.31860	   7.50000	       11B
  64.46092	  69.67311	   7.50000	       10B
  64.46092	  74.02762	   7.50000	       10B
  45.60535	  68.94787	   7.50000	       14N
  45.60535	  73.30237	   7.50000	       14N
  45.60535	  64.59336	   7.50000	       14N
  48.11942	  68.94787	   7.50000	       14N
  48.11942	  73.30237	   7.50000	       14N
  48.11942	  64.59336	   7.50000	       14N
  50.63350	  68.94787	   7.50000	       14N
  50.63350	  73.30237	   7.50000	       14N
  50.63350	  64.59336	   7.50000	       14N
  53.14758	  68.94787	   7.50000	       14N
  53.14758	  73.30237	   7.50000	       14N
  53.14758	  64.59336	   7.50000	       14N
  55.66165	  68.94787	   7.50000	       14N
  55.66165	  73.30237	   7.50000	       14N
  55.66165	  64.59336	   7.50000	       14N
  58.17573	  68.94787	   7.50000	       14N
  58.17573	  73.30237	   7.50000	       14N
  58.17573	  64.59336	   7.50000	       14N
  60.68981	  68.94787	   7.50000	       14N
  60.68981	  73.30237	   7.50000	       14N
  60.68981	  64.59336	   7.50000	       14N
  63.20388	  68.94787	   7.50000	       14N
  63.20388	  73.30237	   7.50000	       14N
  63.20388	  64.59336	   7.50000	       14N
  65.71796	  68.94787	   7.50000	       14N
  65.71796	  73.30237	   7.50000	       14N
  65.71796	  64.59336	   7.50000	       14N
  44.34831	  66.77061	   7.50000	       14N
  44.34831	  71.12512	   7.50000	       14N
  44.34831	  75.47963	   7.50000	       14N
  46.86238	  66.77061	   7.50000	       14N
  46.86238	  71.12512	   7.50000	       14N
  46.86238	  75.47963	   7.50000	       14N
  49.37646	  66.77061	   7.50000	       14N
  49.37646	  71.12512	   7.50000	       14N
  49.37646	  75.47963	   7.50000	       14N
  51.89054	  66.77061	   7.50000	       14N
  51.89054	  71.12512	   7.50000	       14N
  51.89054	  75.47963	   7.50000	       14N
  54.40461	  66.77061	   7.50000	       14N
  54.40461	  71.12512	   7.50000	       14N
  54.40461	  75.47963	   7.50000	       14N
  56.91869	  66.77061	   7.50000	       14N
  56.91869	  71.12512	   7.50000	       14N
  56.91869	  75.47963	   7.50000	       14N
  59.43277	  66.77061	   7.50000	       14N
  59.43277	  71.12512	   7.50000	       14N
  59.43277	  75.47963	   7.50000	       14N
  61.94684	  66.77061	   7.50000	       14N
  61.94684	  71.12512	   7.50000	       14N
  61.94684	  75.47963	   7.50000	       14N
  64.46092	  66.77061	   7.50000	       14N
  64.46092	  71.12512	   7.50000	       14N
  64.46092	  75.47963	   7.50000	       14N
  44.34831	  78.38213	   7.50000	       11B
  46.86238	  78.38213	   7.50000	       11B
  49.37646	  78.38213	   7.50000	       11B
  51.89054	  78.38213	   7.50000	       11B
  54.40461	  78.38213	   7.50000	       11B
  56.91869	  78.38213	   7.50000	       11B
  59.43277	  78.38213	   7.50000	       11B
  61.94684	  78.38213	   7.50000	       11B
  64.46092	  78.38213	   7.50000	       11B
  45.60535	  77.65688	   7.50000	       14N
  48.11942	  77.65688	   7.50000	       14N
  50.63350	  77.65688	   7.50000	       14N
  53.14758	  77.65688	   7.50000	       14N
  55.66165	  77.65688	   7.50000	       14N
  58.17573	  77.65688	   7.50000	       14N
  60.68981	  77.65688	   7.50000	       14N
  63.20388	  77.65688	   7.50000	       14N
  65.71796	  77.65688	   7.50000	       14N
  44.34831	  79.83413	   7.50000	       14N
  46.86238	  79.83413	   7.50000	       14N
  49.37646	  79.83413	   7.50000	       14N
  51.89054	  79.83413	   7.50000	       14N
  54.40461	  79.83413	   7.50000	       14N
  56.91869	  79.83413	   7.50000	       14N
  59.43277	  79.83413	   7.50000	       14N
  61.94684	  79.83413	   7.50000	       14N
  64.46092	  79.83413	   7.50000	       14N
  68.23203	   2.17825	   7.50000	       11B
  68.23203	   6.53276	   7.50000	       10B
  68.23203	  10.88727	   7.50000	       11B
  70.74611	   2.17825	   7.50000	       11B
  70.74611	   6.53276	   7.50000	       11B
  70.74611	  10.88727	   7.50000	       10B
  73.26019	   2.17825	   7.50000	       11B
  73.26019	   6.53276	   7.50000	       11B
  73.26019	  10.88727	   7.50000	       11B
  75.77426	   2.17825	   7.50000	       11B
  75.77426	   6.53276	   7.50000	       11B
  75.77426	  10.88727	   7.50000	       11B
  78.28834	   2.17825	   7.50000	       11B
  78.28834	   6.53276	   7.50000	       11B
  78.28834	  10.88727	   7.50000	       10B
  66.97500	   0.00098	   7.50000	       11B
  66.97500	   4.35549	   7.50000	       11B
  66.97500	   8.71000	   7.50000	       11B
  69.48907	   0.00098	   7.50000	       11B
  69.48907	   4.35549	   7.50000	       11B
  69.48907	   8.71000	   7.50000	       10B
  72.00315	   0.00098	   7.50000	       10B
  72.00315	   4.35549	   7.50000	       11B
  72.00315	   8.71000	   7.50000	       11B
  74.51723	   0.00098	   7.50000	       11B
  74.51723	   4.35549	   7.50000	       10B
  74.51723	   8.71000	   7.50000	       11B
  77.03130	   0.00098	   7.50000	       10B
  77.03130	   4.35549	   7.50000	       11B
  77.03130	   8.71000	   7.50000	       11B
  79.54538	   0.00098	   7.50000	       11B
  79.54538	   4.35549	   7.50000	       11B
  79.54538	   8.71000	   7.50000	       10B
  68.23203	   3.63024	   7.50000	       14N
  68.23203	   7.98475	   7.50000	       14N
  70.74611	   3.63024	   7.50000	       14N
  70.74611	   7.98475	   7.50000	       14N
  73.26019	   3.63024	   7.50000	       14N
  73.26019	   7.98475	   7.50000	       14N
  75.77426	   3.63024	   7.50000	       14N
  75.77426	   7.98475	   7.50000	       14N
  78.28834	   3.63024	   7.50000	       14N
  78.28834	   7.98475	   7.50000	       14N
  66.97500	   1.45298	   7.50000	       14N
  66.97500	   5.80749	   7.50000	       14N
  66.97500	  10.16200	   7.50000	       14N
  69.48907	   1.45298	   7.50000	       14N
  69.48907	   5.80749	   7.50000	       14N
  69.48907	  10.16200	   7.50000	       14N
  72.00315	   1.45298	   7.50000	       14N
  72.00315	   5.80749	   7.50000	       14N
  72.00315	  10.16200	   7.50000	       14N
  74.51723	   1.45298	   7.50000	       14N
  74.51723	   5.80749	   7.50000	       14N
  74.51723	  10.16200	   7.50000	       14N
  77.03130	   1.45298	   7.50000	       14N
  77.03130	   5.80749	   7.50000	       14N
  77.03130	  10.16200	   7.50000	       14N
  79.54538	   1.45298	   7.50000	       14N
  79.54538	   5.80749	   7.50000	       14N
  79.54538	  10.16200	   7.50000	       14N
  68.23203	  15.24177	   7.50000	       11B
  68.23203	  19.59628	   7.50000	       10B
  68.23203	  23.95079	   7.50000	       10B
  70.74611	  15.24177	   7.50000	       11B
  70.74611	  19.59628	   7.50000	       11B
  70.74611	  23.95079	   7.50000	       11B
  73.26019	  15.24177	   7.50000	       11B
  73.26019	  19.59628	   7.50000	       11B
  73.26019	  23.95079	   7.50000	       10B
  75.77426	  15.24177	   7.50000	       10B
  75.77426	  19.59628	   7.50000	       11B
  75.77426	  23.95079	   7.50000	       11B
  78.28834	  15.24177	   7.50000	       11B
  78.28834	  19.59628	   7.50000	       11B
  78.28834	  23.95079	   7.50000	       11B
  66.97500	  13.06450	   7.50000	       11B
  66.97500	  17.41901	   7.50000	       11B
  66.97500	  21.77352	   7.50000	       11B
  69.48907	  13.06450	   7.50000	       11B
  69.48907	  17.41901	   7.50000	       11B
  69.48907	  21.77352	   7.50000	       11B
  72.00315	  13.06450	   7.50000	       10B
  72.00315	  17.41901	   7.50000	       10B
  72.00315	  21.77352	   7.50000	       11B
  74.51723	  13.06450	   7.50000	       11B
  74.51723	  17.41901	   7.50000	       11B
  74.51723	  21.77352	   7.50000	       11B
  77.03130	  13.06450	   7.50000	       11B
  77.03130	  17.41901	   7.50000	       11B
  77.03130	  21.77352	   7.50000	       11B
  79.54538	  13.06450	   7.50000	       11B
  79.54538	  17.41901	   7.50000	       10B
  79.54538	  21.77352	   7.50000	       11B
  68.23203	  16.69376	   7.50000	       14N
  68.23203	  21.04827	   7.50000	       14N
  68.23203	  12.33926	   7.50000	       14N
  70.74611	  16.69376	   7.50000	       14N
  70.74611	  21.04827	   7.50000	       14N
  70.74611	  12.33926	   7.50000	       14N
  73.26019	  16.69376	   7.50000	       14N
  73.26019	  21.04827	   7.50000	       14N
  73.26019	  12.33926	   7.50000	       14N
  75.77426	  16.69376	   7.50000	       14N
  75.77426	  21.04827	   7.50000	       14N
  75.77426	  12.33926	   7.50000	       14N
  78.28834	  16.69376	   7.50000	       14N
  78.28834	  21.04827	   7.50000	       14N
  78.28834	  12.33926	   7.50000	       14N
  66.97500	  14.51651	   7.50000	       14N
  66.97500	  18.87102	   7.50000	       14N
  66.97500	  23.22552	   7.50000	       14N
  69.48907	  14.51651	   7.50000	       14N
  69.48907	  18.87102	   7.50000	       14N
  69.48907	  23.22552	   7.50000	       14N
  72.00315	  14.51651	   7.50000	       14N
  72.00315	  18.87102	   7.50000	       14N
  72.00315	  23.22552	   7.50000	       14N
  74.51723	  14.51651	   7.50000	       14N
  74.51723	  18.87102	   7.50000	       14N
  74.51723	  23.22552	   7.50000	       14N
  77.03130	  14.51651	   7.50000	       14N
  77.03130	  18.87102	   7.50000	       14N
  77.03130	  23.22552	   7.50000	       14N
  79.54538	  14.51651	   7.50000	       14N
  79.54538	  18.87102	   7.50000	       14N
  79.54538	  23.22552	   7.50000	       14N
  68.23203	  28.30530	   7.50000	       11B
  68.23203	  32.65981	   7.50000	       11B
  68.23203	  37.01432	   7.50000	       11B
  70.74611	  28.30530	   7.50000	       10B
  70.74611	  32.65981	   7.50000	       11B
  70.74611	  37.01432	   7.50000	       11B
  73.26019	  28.30530	   7.50000	       11B
  73.26019	  32.65981	   7.50000	       11B
  73.26019	  37.01432	   7.50000	       11B
  75.77426	  28.30530	   7.50000	       11B
  75.77426	  32.65981	   7.50000	       11B
  75.77426	  37.01432	   7.50000	       11B
  78.28834	  28.30530	   7.50000	       11B
  78.28834	  32.65981	   7.50000	       11B
  78.28834	  37.01432	   7.50000	       11B
  66.97500	  26.12803	   7.50000	       10B
  66.97500	  30.48254	   7.50000	       11B
  66.97500	  34.83705	   7.50000	       10B
  69.48907	  26.12803	   7.50000	       11B
  69.48907	  30.48254	   7.50000	       10B
  69.48907	  34.83705	   7.50000	       11B
  72.00315	  26.12803	   7.50000	       10B
  72.00315	  30.48254	   7.50000	       11B
  72.00315	  34.83705	   7.50000	       11B
  74.51723	  26.12803	   7.50000	       11B
  74.51723	  30.48254	   7.50000	       11B
  74.51723	  34.83705	   7.50000	       11B
  77.03130	  26.12803	   7.50000	       11B
  77.03130	  30.48254	   7.50000	       11B
  77.03130	  34.83705	   7.50000	       11B
  79.54538	  26.12803	   7.50000	       11B
  79.54538	  30.48254	   7.50000	       11B
  79.54538	  34.83705	   7.50000	       10B
  68.23203	  29.75729	   7.50000	       14N
  68.23203	  34.11180	   7.50000	       14N
  68.23203	  25.40278	   7.50000	       14N
  70.74611	  29.75729	   7.50000	       14N
  70.74611	  34.11180	   7.50000	       14N
  70.74611	  25.40278	   7.50000	       14N
  73.26019	  29.75729	   7.50000	       14N
  73.26019	  34.11180	   7.50000	       14N
  73.26019	  25.40278	   7.50000	       14N
  75.77426	  29.75729	   7.50000	       14N
  75.77426	  34.11180	   7.50000	       14N
  75.77426	  25.40278	   7.50000	       14N
  78.28834	  29.75729	   7.50000	       14N
  78.28834	  34.11180	   7.50000	       14N
  78.28834	  25.40278	   7.50000	       14N
  66.97500	  27.58003	   7.50000	       14N
  66.97500	  31.93454	   7.50000	       14N
  66.97500	  36.28905	   7.50000	       14N
  69.48907	  27.58003	   7.50000	       14N
  69.48907	  31.93454	   7.50000	       14N
  69.48907	  36.28905	   7.50000	       14N
  72.00315	  27.58003	   7.50000	       14N
  72.00315	  31.93454	   7.50000	       14N
  72.00315	  36.28905	   7.50000	       14N
  74.51723	  27.58003	   7.50000	       14N
  74.51723	  31.93454	   7.50000	       14N
  74.51723	  36.28905	   7.50000	       14N
  77.03130	  27.58003	   7.50000	       14N
  77.03130	  31.93454	   7.50000	       14N
  77.03130	  36.28905	   7.50000	       14N
  79.54538	  27.58003	   7.50000	       14N
  79.54538	  31.93454	   7.50000	       14N
  79.54538	  36.28905	   7.50000	       14N
  68.23203	  41.36882	   7.50000	       11B
  68.23203	  45.72333	   7.50000	       11B
  68.23203	  50.07784	   7.50000	       11B
  70.74611	  41.36882	   7.50000	       10B
  70.74611	  45.72333	   7.50000	       10B
  70.74611	  50.07784	   7.50000	       11B
  73.26019	  41.36882	   7.50000	       11B
  73.26019	  45.72333	   7.50000	       11B
  73.26019	  50.07784	   7.50000	       11B
  75.77426	  41.36882	   7.50000	       11B
  75.77426	  45.72333	   7.50000	       10B
  75.77426	  50.07784	   7.50000	       11B
  78.28834	  41.36882	   7.50000	       11B
  78.28834	  45.72333	   7.50000	       11B
  78.28834	  50.07784	   7.50000	       10B
  66.97500	  39.19155	   7.50000	       11B
  66.97500	  43.54606	   7.50000	       10B
  66.97500	  47.90057	   7.50000	       11B
  69.48907	  39.19155	   7.50000	       10B
  69.48907	  43.54606	   7.50000	       11B
  69.48907	  47.90057	   7.50000	       10B
  72.00315	  39.19155	   7.50000	       10B
  72.00315	  43.54606	   7.50000	       11B
  72.00315	  47.90057	   7.50000	       11B
  74.51723	  39.19155	   7.50000	       11B
  74.51723	  43.54606	   7.50000	       11B
  74.51723	  47.90057	   7.50000	       10B
  77.03130	  39.19155	   7.50000	       11B
  77.03130	  43.54606	   7.50000	       11B
  77.03130	  47.90057	   7.50000	       11B
  79.54538	  39.19155	   7.50000	       10B
  79.54538	  43.54606	   7.50000	       11B
  79.54538	  47.90057	   7.50000	       11B
  68.23203	  42.82082	   7.50000	       14N
  68.23203	  47.17532	   7.50000	       14N
  68.23203	  38.46631	   7.50000	       14N
  70.74611	  42.82082	   7.50000	       14N
  70.74611	  47.17532	   7.50000	       14N
  70.74611	  38.46631	   7.50000	       14N
  73.26019	  42.82082	   7.50000	       14N
  73.26019	  47.17532	   7.50000	       14N
  73.26019	  38.46631	   7.50000	       14N
  75.77426	  42.82082	   7.50000	       14N
  75.77426	  47.17532	   7.50000	       14N
  75.77426	  38.46631	   7.50000	       14N
  78.28834	  42.82082	   7.50000	       14N
  78.28834	  47.17532	   7.50000	       14N
  78.28834	  38.46631	   7.50000	       14N
  66.97500	  40.64356	   7.50000	       14N
  66.97500	  44.99807	   7.50000	       14N
  66.97500	  49.35257	   7.50000	       14N
  69.48907	  40.64356	   7.50000	       14N
  69.48907	  44.99807	   7.50000	       14N
  69.48907	  49.35257	   7.50000	       14N
  72.00315	  40.64356	   7.50000	       15N
  72.00315	  44.99807	   7.50000	       14N
  72.00315	  49.35257	   7.50000	       14N
  74.51723	  40.64356	   7.50000	       14N
  74.51723	  44.99807	   7.50000	       14N
  74.51723	  49.35257	   7.50000	       14N
  77.03130	  40.64356	   7.50000	       14N
  77.03130	  44.99807	   7.50000	       14N
  77.03130	  49.35257	   7.50000	       14N
  79.54538	  40.64356	   7.50000	       14N
  79.54538	  44.99807	   7.50000	       14N
  79.54538	  49.35257	   7.50000	       14N
  68.23203	  54.43235	   7.50000	       11B
  68.23203	  58.78686	   7.50000	       10B
  68.23203	  63.14137	   7.50000	       10B
  70.74611	  54.43235	   7.50000	       11B
  70.74611	  58.78686	   7.50000	       11B
  70.74611	  63.14137	   7.50000	       11B
  73.26019	  54.43235	   7.50000	       10B
  73.26019	  58.78686	   7.50000	       11B
  73.26019	  63.14137	   7.50000	       11B
  75.77426	  54.43235	   7.50000	       11B
  75.77426	  58.78686	   7.50000	       11B
  75.77426	  63.14137	   7.50000	       10B
  78.28834	  54.43235	   7.50000	       10B
  78.28834	  58.78686	   7.50000	       11B
  78.28834	  63.14137	   7.50000	       11B
  66.97500	  52.25508	   7.50000	       11B
  66.97500	  56.60959	   7.50000	       11B
  66.97500	  60.96410	   7.50000	       11B
  69.48907	  52.25508	   7.50000	       11B
  69.48907	  56.60959	   7.50000	       11B
  69.48907	  60.96410	   7.50000	       11B
  72.00315	  52.25508	   7.50000	       11B
  72.00315	  56.60959	   7.50000	       10B
  72.00315	  60.96410	   7.50000	       11B
  74.51723	  52.25508	   7.50000	       11B
  74.51723	  56.60959	   7.50000	       11B
  74.51723	  60.96410	   7.50000	       10B
  77.03130	  52.25508	   7.50000	       11B
  77.03130	  56.60959	   7.50000	       10B
  77.03130	  60.96410	   7.50000	       11B
  79.54538	  52.25508	   7.50000	       10B
  79.54538	  56.60959	   7.50000	       11B
  79.54538	  60.96410	   7.50000	       11B
  68.23203	  55.88434	   7.50000	       14N
  68.23203	  60.23885	   7.50000	       14N
  68.23203	  51.52983	   7.50000	       14N
  70.74611	  55.88434	   7.50000	       14N
  70.74611	  60.23885	   7.50000	       14N
  70.74611	  51.52983	   7.50000	       14N
  73.26019	  55.88434	   7.50000	       14N
  73.26019	  60.23885	   7.50000	       14N
  73.26019	  51.52983	   7.50000	       14N
  75.77426	  55.88434	   7.50000	       14N
  75.77426	  60.23885	   7.50000	       14N
  75.77426	  51.52983	   7.50000	       14N
  78.28834	  55.88434	   7.50000	       14N
  78.28834	  60.23885	   7.50000	       14N
  78.28834	  51.52983	   7.50000	       14N
  66.97500	  53.70708	   7.50000	       14N
  66.97500	  58.06159	   7.50000	       14N
  66.97500	  62.41610	   7.50000	       14N
  69.48907	  53.70708	   7.50000	       14N
  69.48907	  58.06159	   7.50000	       14N
  69.48907	  62.41610	   7.50000	       14N
  72.00315	  53.70708	   7.50000	       14N
  72.00315	  58.06159	   7.50000	       14N
  72.00315	  62.41610	   7.50000	       14N
  74.51723	  53.70708	   7.50000	       14N
  74.51723	  58.06159	   7.50000	       14N
  74.51723	  62.41610	   7.50000	       14N
  77.03130	  53.70708	   7.50000	       14N
  77.03130	  58.06159	   7.50000	       14N
  77.03130	  62.41610	   7.50000	       14N
  79.54538	  53.70708	   7.50000	       14N
  79.54538	  58.06159	   7.50000	       14N
  79.54538	  62.41610	   7.50000	       14N
  68.23203	  67.49587	   7.50000	       11B
  68.23203	  71.85038	   7.50000	       10B
  68.23203	  76.20489	   7.50000	       11B
  70.74611	  67.49587	   7.50000	       11B
  70.74611	  71.85038	   7.50000	       10B
  70.74611	  76.20489	   7.50000	       11B
  73.26019	  67.49587	   7.50000	       11B
  73.26019	  71.85038	   7.50000	       11B
  73.26019	  76.20489	   7.50000	       11B
  75.77426	  67.49587	   7.50000	       11B
  75.77426	  71.85038	   7.50000	       11B
  75.77426	  76.20489	   7.50000	       11B
  78.28834	  67.49587	   7.50000	       10B
  78.28834	  71.85038	   7.50000	       11B
  78.28834	  76.20489	   7.50000	       11B
  66.97500	  65.31860	   7.50000	       10B
  66.97500	  69.67311	   7.50000	       11B
  66.97500	  74.02762	   7.50000	       11B
  69.48907	  65.31860	   7.50000	       11B
  69.48907	  69.67311	   7.50000	       11B
  69.48907	  74.02762	   7.50000	       10B
  72.00315	  65.31860	   7.50000	       10B
  72.00315	  69.67311	   7.50000	       11B
  72.00315	  74.02762	   7.50000	       10B
  74.51723	  65.31860	   7.50000	       10B
  74.51723	  69.67311	   7.50000	       10B
  74.51723	  74.02762	   7.50000	       11B
  77.03130	  65.31860	   7.50000	       11B
  77.03130	  69.67311	   7.50000	       10B
  77.03130	  74.02762	   7.50000	       10B
  79.54538	  65.31860	   7.50000	       11B
  79.54538	  69.67311	   7.50000	       11B
  79.54538	  74.02762	   7.50000	       11B
  68.23203	  68.94787	   7.50000	       14N
  68.23203	  73.30237	   7.50000	       14N
  68.23203	  64.59336	   7.50000	       14N
  70.74611	  68.94787	   7.50000	       14N
  70.74611	  73.30237	   7.50000	       14N
  70.74611	  64.59336	   7.50000	       14N
  73.26019	  68.94787	   7.50000	       15N
  73.26019	  73.30237	   7.50000	       14N
  73.26019	  64.59336	   7.50000	       14N
  75.77426	  68.94787	   7.50000	       14N
  75.77426	  73.30237	   7.50000	       14N
  75.77426	  64.59336	   7.50000	       14N
  78.28834	  68.94787	   7.50000	       14N
  78.28834	  73.30237	   7.50000	       14N
  78.28834	  64.59336	   7.50000	       14N
  66.97500	  66.77061	   7.50000	       14N
  66.97500	  71.12512	   7.50000	       14N
  66.97500	  75.47963	   7.50000	       14N
  69.48907	  66.77061	   7.50000	       14N
  69.48907	  71.12512	   7.50000	       14N
  69.48907	  75.47963	   7.50000	       14N
  72.00315	  66.77061	   7.50000	       14N
  72.00315	  71.12512	   7.50000	       14N
  72.00315	  75.47963	   7.50000	       14N
  74.51723	  66.77061	   7.50000	       14N
  74.51723	  71.12512	   7.50000	       14N
  74.51723	  75.47963	   7.50000	       14N
  77.03130	  66.77061	   7.50000	       14N
  77.03130	  71.12512	   7.50000	       14N
  77.03130	  75.47963	   7.50000	       14N
  79.54538	  66.77061	   7.50000	       14N
  79.54538	  71.12512	   7.50000	       14N
  79.54538	  75.47963	   7.50000	       14N
  66.97500	  78.38213	   7.50000	       11B
  69.48907	  78.38213	   7.50000	       11B
  72.00315	  78.38213	   7.50000	       10B
  74.51723	  78.38213	   7.50000	       11B
  77.03130	  78.38213	   7.50000	       11B
  79.54538	  78.38213	   7.50000	       11B
  68.23203	  77.65688	   7.50000	       14N
  70.74611	  77.65688	   7.50000	       14N
  73.26019	  77.65688	   7.50000	       14N
  75.77426	  77.65688	   7.50000	       14N
  78.28834	  77.65688	   7.50000	       14N
  66.97500	  79.83413	   7.50000	       14N
  69.48907	  79.83413	   7.50000	       14N
  72.00315	  79.83413	   7.50000	       14N
  74.51723	  79.83413	   7.50000	       14N
  77.03130	  79.83413	   7.50000	       14N
  79.54538	  79.83413	   7.50000	       14N
