6622.00000	   0.00000	   0.00000	   0.00000
   1.85910	   6.56172	  38.96227	       13C
   0.59805	   4.37752	  51.31807	       13C
   1.85910	   3.64948	  50.80320	       13C
   0.59805	   5.83368	  55.43663	       13C
   1.85910	   3.64948	  69.33690	       13C
   0.59805	   4.37752	 113.09707	       13C
   0.59805	   5.83368	 123.39353	       13C
   0.59805	   8.74592	  89.92995	       13C
   1.85910	  12.38628	  81.69270	       13C
   0.59805	  17.48272	  32.78437	       13C
   0.59805	  16.02660	 121.33425	       13C
   0.59805	  16.02660	 122.87872	       13C
   1.85910	  24.03532	   9.61725	       13C
   1.85910	  24.03532	  32.78437	       13C
   0.59805	  23.30728	  75.51480	       13C
   0.59805	  23.30728	  86.32613	       13C
   1.85910	  26.94760	  11.67653	       13C
   0.59805	  27.67568	  19.91371	       13C
   0.59805	  24.76340	 139.86795	       13C
   0.59805	  32.04408	  81.69270	       13C
   1.85910	  32.77212	  96.10785	       13C
   0.59805	  32.04408	  98.68193	       13C
   1.85910	  35.68440	   3.95415	       13C
   1.85910	  34.22828	  12.19133	       13C
   0.59805	  36.41248	  30.72503	       13C
   1.85910	  35.68440	  71.91105	       13C
   1.85910	  37.14052	 106.91917	       13C
   1.85910	  40.05280	  28.66575	       13C
   0.59805	  37.86860	  61.09973	       13C
   1.85910	  41.50892	  88.38547	       13C
   1.85910	  40.05280	  96.62265	       13C
   1.85910	  42.96508	 117.21563	       13C
   1.85910	  48.78960	  61.09973	       13C
   0.59805	  50.97380	  54.92183	       13C
   1.85910	  54.61412	  59.04045	       13C
   1.85910	  51.70188	 118.76010	       13C
   1.85910	  58.98252	  94.56337	       13C
   0.59805	  58.25448	  94.04850	       13C
   0.59805	  59.71060	  48.74393	       13C
   0.59805	  59.71060	 121.33425	       13C
   1.85910	  61.89480	 129.05662	       13C
   1.85910	  64.80708	  67.79243	       13C
   0.59805	  64.07900	  67.27763	       13C
   0.59805	  66.99128	  87.87060	       13C
   1.85910	  67.71932	  94.56337	       13C
   1.85910	  66.26320	 122.87872	       13C
   1.85910	  72.08772	  15.79515	       13C
   0.59805	  68.44740	 110.52292	       13C
   0.59805	  75.72808	   1.38001	       13C
   1.85910	  73.54388	   1.38001	       13C
   0.59805	  75.72808	  44.62530	       13C
   0.59805	  74.27192	  94.56337	       13C
   0.59805	  75.72808	 100.22640	       13C
   0.59805	  72.81580	 122.87872	       13C
   1.85910	  83.73680	  22.48785	       13C
   1.85910	  82.28068	  69.33690	       13C
   0.59805	  84.46488	 106.40430	       13C
   1.85910	  85.19292	 120.81944	       13C
   0.59805	  85.92100	  78.08895	       13C
   0.59805	  93.20168	  49.25873	       13C
   0.59805	  90.28940	 115.15635	       13C
   0.59805	  93.20168	 129.57143	       13C
   1.85910	  92.47360	 147.59032	       13C
   0.59805	  96.11392	   3.43935	       13C
   1.85910	  95.38588	 117.21563	       13C
   1.85910	  95.38588	 135.74933	       13C
   0.59805	  99.02620	   3.95415	       13C
   1.85910	 101.21040	  17.85443	       13C
   1.85910	  99.75428	  36.90293	       13C
   1.85910	  99.75428	 112.58220	       13C
   0.59805	 106.30688	  13.73581	       13C
   1.85910	 107.03492	  52.86255	       13C
   1.85910	 105.57880	  73.45553	       13C
   1.85910	 107.03492	 131.63077	       13C
   0.59805	 104.85072	 143.98657	       13C
   1.85910	 111.40332	  34.32885	       13C
   0.59805	 107.76300	  48.74393	       13C
   0.59805	 110.67528	  86.32613	       13C
   0.59805	 109.21912	  89.92995	       13C
   0.59805	 109.21912	 114.64154	       13C
   0.59805	 107.76300	 133.69005	       13C
   0.59805	 115.04368	  49.25873	       13C
   0.59805	 115.04368	 100.22640	       13C
   1.85910	 115.77172	 119.27497	       13C
   1.85910	 115.77172	 120.81944	       13C
   1.85910	 112.85948	 124.93800	       13C
   0.59805	 115.04368	 143.47170	       13C
   0.59805	 119.41208	  61.61453	       13C
   0.59805	 116.49980	  96.62265	       13C
   0.59805	 117.95592	 120.81944	       13C
   0.59805	 119.41208	 149.64960	       13C
   1.85910	 121.59628	  55.43663	       13C
   0.59805	 125.23660	  65.73315	       13C
   1.85910	 125.96468	 137.29380	       13C
   0.59805	 129.60500	  59.55525	       13C
   1.85910	 130.33308	  67.79243	       13C
   1.85910	 130.33308	 137.29380	       13C
   0.59805	 135.42952	   8.07277	       13C
   1.85910	 140.52600	  41.02155	       13C
   0.59805	 138.34180	  79.63342	       13C
   1.85910	 139.06988	 111.03773	       13C
   1.85910	 141.98212	 114.64154	       13C
   0.59805	 138.34180	 122.87872	       13C
   1.85910	 140.52600	 129.05662	       13C
   1.85910	 144.89440	  22.48785	       13C
   0.59805	 144.16632	 119.27497	       13C
   1.85910	 144.89440	 121.33425	       13C
   0.59805	 149.99088	  36.90293	       13C
   0.59805	 148.53472	 131.63077	       13C
   3.12015	   1.46528	  19.91371	       13C
   4.38120	   2.19332	  77.57415	       13C
   3.12015	   4.37752	   3.43935	       13C
   4.38120	   3.64948	  24.54713	       13C
   3.12015	   7.28980	  16.30995	       13C
   3.12015	  10.20208	  19.91371	       13C
   4.38120	   8.01788	  19.91371	       13C
   4.38120	  10.93012	  51.31807	       13C
   4.38120	   8.01788	  63.15900	       13C
   3.12015	   7.28980	  79.63342	       13C
   4.38120	   8.01788	  94.04850	       13C
   3.12015	  13.11432	  63.67387	       13C
   4.38120	  15.29852	 133.17524	       13C
   3.12015	  16.02660	 135.23452	       13C
   4.38120	  16.75468	 143.47170	       13C
   4.38120	  22.57920	  53.37735	       13C
   4.38120	  25.49148	  12.19133	       13C
   3.12015	  27.67568	  56.98110	       13C
   4.38120	  29.85988	  12.19133	       13C
   3.12015	  30.58792	  76.02967	       13C
   4.38120	  31.31600	  78.08895	       13C
   4.38120	  29.85988	  86.32613	       13C
   3.12015	  32.04408	 124.93800	       13C
   4.38120	  32.77212	 133.17524	       13C
   4.38120	  34.22828	  36.90293	       13C
   4.38120	  34.22828	  49.25873	       13C
   4.38120	  34.22828	  69.33690	       13C
   3.12015	  39.32472	   9.61725	       13C
   4.38120	  40.05280	  41.02155	       13C
   4.38120	  38.59668	  63.15900	       13C
   4.38120	  40.05280	  96.62265	       13C
   3.12015	  45.14928	 104.85983	       13C
   3.12015	  48.06152	  26.60647	       13C
   3.12015	  46.60540	  36.38813	       13C
   3.12015	  46.60540	  42.56603	       13C
   4.38120	  48.78960	  98.16712	       13C
   3.12015	  52.42992	  46.68465	       13C
   3.12015	  55.34220	   5.49863	       13C
   4.38120	  58.98252	 126.99734	       13C
   4.38120	  63.35092	  63.67387	       13C
   4.38120	  64.80708	  13.73581	       13C
   3.12015	  64.07900	  96.62265	       13C
   4.38120	  64.80708	 106.40430	       13C
   3.12015	  65.53512	 126.99734	       13C
   3.12015	  66.99128	 124.93800	       13C
   3.12015	  68.44740	  65.73315	       13C
   4.38120	  70.63160	  78.08895	       13C
   4.38120	  72.08772	  83.75205	       13C
   3.12015	  75.72808	  86.32613	       13C
   4.38120	  73.54388	 112.58220	       13C
   3.12015	  78.64032	  28.15095	       13C
   4.38120	  80.82452	  46.68465	       13C
   3.12015	  83.00872	   1.89487	       13C
   3.12015	  81.55260	  17.85443	       13C
   3.12015	  84.46488	  36.90293	       13C
   4.38120	  82.28068	  44.62530	       13C
   3.12015	  81.55260	 121.33425	       13C
   3.12015	  83.00872	 126.99734	       13C
   3.12015	  83.00872	 131.63077	       13C
   4.38120	  88.10520	   3.95415	       13C
   3.12015	  90.28940	  48.74393	       13C
   4.38120	  91.01748	 137.29380	       13C
   3.12015	  94.65780	  24.03233	       13C
   3.12015	  94.65780	 127.51215	       13C
   4.38120	  96.84200	 129.05662	       13C
   3.12015	 101.93848	   6.01343	       13C
   4.38120	  99.75428	  81.69270	       13C
   4.38120	  99.75428	 111.03773	       13C
   3.12015	 104.85072	  38.96227	       13C
   4.38120	 107.03492	 143.98657	       13C
   4.38120	 111.40332	   1.89487	       13C
   3.12015	 109.21912	  71.39625	       13C
   4.38120	 108.49108	  98.68193	       13C
   3.12015	 112.13140	  22.48785	       13C
   3.12015	 115.04368	  69.33690	       13C
   4.38120	 112.85948	 131.11590	       13C
   4.38120	 117.22788	   1.38001	       13C
   3.12015	 116.49980	   3.95415	       13C
   4.38120	 121.59628	  98.68193	       13C
   4.38120	 124.50852	 137.80867	       13C
   3.12015	 125.23660	  42.56603	       13C
   3.12015	 125.23660	 116.70082	       13C
   4.38120	 133.24532	  15.79515	       13C
   3.12015	 131.06112	  26.60647	       13C
   4.38120	 131.78920	  71.91105	       13C
   4.38120	 133.24532	  76.02967	       13C
   3.12015	 136.88568	   7.55791	       13C
   3.12015	 136.88568	  19.91371	       13C
   4.38120	 134.70148	  30.72503	       13C
   3.12015	 136.88568	  55.43663	       13C
   3.12015	 136.88568	  69.33690	       13C
   3.12015	 138.34180	 108.97845	       13C
   4.38120	 141.98212	 114.64154	       13C
   3.12015	 141.25408	 118.76010	       13C
   4.38120	 141.98212	 131.63077	       13C
   3.12015	 138.34180	 135.23452	       13C
   3.12015	 144.16632	   3.43935	       13C
   3.12015	 142.71020	  24.03233	       13C
   3.12015	 142.71020	 135.23452	       13C
   4.38120	 143.43828	 137.29380	       13C
   3.12015	 148.53472	  14.25067	       13C
   3.12015	 148.53472	  15.79515	       13C
   6.90330	   2.19332	  40.50675	       13C
   6.90330	   0.73720	  79.63342	       13C
   6.90330	   0.73720	 104.34502	       13C
   6.90330	   0.73720	 115.15635	       13C
   5.64225	   5.83368	  32.26951	       13C
   5.64225	   2.92140	 121.33425	       13C
   6.90330	   6.56172	 145.53104	       13C
   5.64225	   7.28980	  36.38813	       13C
   5.64225	   8.74592	  59.04045	       13C
   6.90330	   8.01788	  63.15900	       13C
   6.90330	  10.93012	  77.57415	       13C
   6.90330	   8.01788	  98.68193	       13C
   6.90330	  10.93012	 106.91917	       13C
   5.64225	  13.11432	  65.21835	       13C
   6.90330	  12.38628	 118.76010	       13C
   5.64225	  14.57048	 137.29380	       13C
   6.90330	  12.38628	 148.10513	       13C
   5.64225	  16.02660	  48.74393	       13C
   6.90330	  18.21080	  48.74393	       13C
   6.90330	  24.03532	  51.31807	       13C
   6.90330	  21.12308	  56.98110	       13C
   6.90330	  22.57920	 121.33425	       13C
   6.90330	  28.40372	   1.89487	       13C
   6.90330	  26.94760	  34.84365	       13C
   5.64225	  27.67568	  50.80320	       13C
   6.90330	  29.85988	   6.01343	       13C
   6.90330	  32.77212	  28.15095	       13C
   6.90330	  34.22828	  56.98110	       13C
   5.64225	  40.78088	  38.44741	       13C
   6.90330	  41.50892	  46.68465	       13C
   5.64225	  40.78088	 117.21563	       13C
   6.90330	  40.05280	 141.41242	       13C
   5.64225	  39.32472	 145.53104	       13C
   5.64225	  45.14928	  19.91371	       13C
   6.90330	  42.96508	  26.09161	       13C
   6.90330	  42.96508	  63.15900	       13C
   5.64225	  42.23700	  67.27763	       13C
   5.64225	  46.60540	  30.21023	       13C
   5.64225	  46.60540	  91.98922	       13C
   5.64225	  53.88608	  30.72503	       13C
   5.64225	  52.42992	  76.02967	       13C
   5.64225	  53.88608	  73.97033	       13C
   6.90330	  53.15800	  84.26685	       13C
   6.90330	  51.70188	  86.32613	       13C
   5.64225	  50.97380	 133.69005	       13C
   5.64225	  53.88608	 135.74933	       13C
   6.90330	  58.98252	   1.89487	       13C
   6.90330	  56.07028	 135.74933	       13C
   6.90330	  60.43868	  43.08083	       13C
   5.64225	  59.71060	  59.55525	       13C
   5.64225	  62.62288	  87.87060	       13C
   5.64225	  62.62288	  98.68193	       13C
   6.90330	  60.43868	 137.29380	       13C
   6.90330	  66.26320	   5.49863	       13C
   6.90330	  67.71932	  20.42857	       13C
   6.90330	  66.26320	  36.38813	       13C
   6.90330	  67.71932	  65.21835	       13C
   5.64225	  66.99128	 131.11590	       13C
   5.64225	  68.44740	  47.19945	       13C
   5.64225	  69.90352	  69.85177	       13C
   6.90330	  72.08772	  69.85177	       13C
   6.90330	  69.17548	  73.97033	       13C
   6.90330	  69.17548	  92.50403	       13C
   5.64225	  68.44740	 133.69005	       13C
   6.90330	  70.63160	 133.69005	       13C
   5.64225	  75.72808	   1.38001	       13C
   6.90330	  75.00000	  42.56603	       13C
   6.90330	  73.54388	 141.92723	       13C
   5.64225	  77.18420	  22.48785	       13C
   6.90330	  79.36840	 122.87872	       13C
   5.64225	  81.55260	   5.49863	       13C
   5.64225	  83.00872	  14.25067	       13C
   5.64225	  81.55260	  17.85443	       13C
   6.90330	  85.19292	  45.14017	       13C
   6.90330	  85.19292	  82.20757	       13C
   5.64225	  83.00872	 114.64154	       13C
   5.64225	  83.00872	 120.81944	       13C
   6.90330	  83.73680	 121.33425	       13C
   5.64225	  87.37712	  52.86255	       13C
   6.90330	  86.64908	 135.74933	       13C
   5.64225	  93.20168	   7.55791	       13C
   5.64225	  90.28940	 121.33425	       13C
   5.64225	  93.20168	 148.10513	       13C
   6.90330	  98.29812	  51.31807	       13C
   5.64225	  94.65780	  98.16712	       13C
   6.90330	  99.75428	  43.08083	       13C
   6.90330	 102.66652	  94.56337	       13C
   5.64225	  99.02620	  98.16712	       13C
   6.90330	  99.75428	 135.74933	       13C
   5.64225	 107.76300	  11.67653	       13C
   6.90330	 111.40332	  32.78437	       13C
   6.90330	 111.40332	  51.31807	       13C
   5.64225	 107.76300	  85.81132	       13C
   6.90330	 108.49108	 148.10513	       13C
   6.90330	 112.85948	  44.62530	       13C
   5.64225	 115.04368	  49.25873	       13C
   6.90330	 114.31560	  73.45553	       13C
   6.90330	 120.14012	  57.49597	       13C
   5.64225	 116.49980	  61.09973	       13C
   5.64225	 123.78048	  13.73581	       13C
   6.90330	 123.05240	  36.38813	       13C
   5.64225	 128.14888	  12.19133	       13C
   6.90330	 127.42080	  11.67653	       13C
   5.64225	 126.69272	  45.14017	       13C
   5.64225	 128.14888	  55.43663	       13C
   6.90330	 125.96468	 137.29380	       13C
   5.64225	 126.69272	 143.98657	       13C
   5.64225	 132.51728	   1.38001	       13C
   5.64225	 132.51728	 106.40430	       13C
   6.90330	 131.78920	 127.51215	       13C
   6.90330	 131.78920	 141.41242	       13C
   5.64225	 135.42952	  76.02967	       13C
   5.64225	 133.97340	 147.59032	       13C
   5.64225	 138.34180	   3.95415	       13C
   5.64225	 141.25408	   6.01343	       13C
   6.90330	 139.06988	  92.50403	       13C
   5.64225	 141.25408	 148.10513	       13C
   5.64225	 147.07860	  73.45553	       13C
   9.42540	   2.19332	   3.43935	       13C
   8.16435	   0.00912	  40.50675	       13C
   8.16435	   1.46528	 149.64960	       13C
   9.42540	   6.56172	  15.79515	       13C
   8.16435	   4.37752	  28.15095	       13C
   9.42540	   3.64948	  80.14823	       13C
   9.42540	   3.64948	  81.69270	       13C
   8.16435	   7.28980	  28.66575	       13C
   8.16435	   8.74592	  57.49597	       13C
   8.16435	  10.20208	  56.98110	       13C
   8.16435	   7.28980	  85.81132	       13C
   9.42540	  15.29852	  63.67387	       13C
   9.42540	  18.21080	  41.02155	       13C
   9.42540	  19.66692	  59.04045	       13C
   8.16435	  17.48272	  65.21835	       13C
   8.16435	  17.48272	  77.57415	       13C
   8.16435	  20.39500	  42.56603	       13C
   9.42540	  21.12308	  49.25873	       13C
   9.42540	  24.03532	  63.67387	       13C
   9.42540	  21.12308	  73.97033	       13C
   9.42540	  22.57920	  96.62265	       13C
   9.42540	  25.49148	  30.72503	       13C
   9.42540	  26.94760	  41.02155	       13C
   9.42540	  28.40372	  76.02967	       13C
   9.42540	  25.49148	 149.64960	       13C
   8.16435	  29.13180	  17.85443	       13C
   9.42540	  32.77212	 113.09707	       13C
   8.16435	  37.86860	 129.05662	       13C
   9.42540	  45.87732	  59.04045	       13C
   9.42540	  48.78960	  10.13205	       13C
   8.16435	  49.51768	  49.25873	       13C
   8.16435	  46.60540	  79.63342	       13C
   8.16435	  50.97380	  34.84365	       13C
   9.42540	  54.61412	 106.91917	       13C
   8.16435	  55.34220	  22.48785	       13C
   9.42540	  56.07028	  50.80320	       13C
   9.42540	  57.52640	 116.70082	       13C
   8.16435	  61.16672	  15.79515	       13C
   8.16435	  59.71060	 102.80055	       13C
   9.42540	  67.71932	   8.07277	       13C
   8.16435	  64.07900	  65.73315	       13C
   8.16435	  64.07900	  71.91105	       13C
   8.16435	  75.72808	  19.91371	       13C
   8.16435	  74.27192	  51.31807	       13C
   9.42540	  73.54388	  67.79243	       13C
   9.42540	  73.54388	 104.85983	       13C
   9.42540	  76.45612	 143.98657	       13C
   9.42540	  77.91228	  13.73581	       13C
   9.42540	  80.82452	  88.38547	       13C
   9.42540	  83.73680	  16.30995	       13C
   9.42540	  83.73680	  17.85443	       13C
   9.42540	  82.28068	  69.33690	       13C
   9.42540	  85.19292	  76.02967	       13C
   9.42540	  85.19292	  83.75205	       13C
   9.42540	  83.73680	  85.81132	       13C
   8.16435	  84.46488	 141.92723	       13C
   9.42540	  89.56132	  21.97305	       13C
   8.16435	  88.83328	  44.62530	       13C
   9.42540	  86.64908	  94.04850	       13C
   8.16435	  90.28940	  48.74393	       13C
   9.42540	  92.47360	 115.15635	       13C
   8.16435	  90.28940	 139.86795	       13C
   9.42540	  95.38588	   1.38001	       13C
   9.42540	  96.84200	  48.74393	       13C
   8.16435	  94.65780	  78.08895	       13C
   9.42540	  96.84200	  90.44475	       13C
   8.16435	  96.11392	 120.81944	       13C
   8.16435	 100.48232	   1.89487	       13C
   9.42540	  99.75428	  49.25873	       13C
   9.42540	 102.66652	  76.02967	       13C
   8.16435	 100.48232	 108.46364	       13C
   9.42540	  99.75428	 141.92723	       13C
   8.16435	 106.30688	  98.68193	       13C
   9.42540	 104.12268	 112.58220	       13C
   8.16435	 110.67528	   6.01343	       13C
   8.16435	 107.76300	  78.08895	       13C
   9.42540	 108.49108	  81.69270	       13C
   8.16435	 109.21912	 113.09707	       13C
   8.16435	 109.21912	 131.63077	       13C
   8.16435	 113.58752	  14.25067	       13C
   8.16435	 115.04368	  75.51480	       13C
   8.16435	 117.95592	  45.14017	       13C
   9.42540	 120.14012	  45.14017	       13C
   8.16435	 119.41208	  86.32613	       13C
   9.42540	 118.68400	  90.44475	       13C
   8.16435	 119.41208	  92.50403	       13C
   8.16435	 117.95592	 120.81944	       13C
   8.16435	 117.95592	 145.53104	       13C
   8.16435	 120.86820	  36.38813	       13C
   8.16435	 123.78048	 106.40430	       13C
   9.42540	 124.50852	 137.80867	       13C
   9.42540	 127.42080	  11.67653	       13C
   9.42540	 125.96468	 117.21563	       13C
   9.42540	 125.96468	 148.10513	       13C
   9.42540	 131.78920	  71.91105	       13C
   8.16435	 131.06112	 120.81944	       13C
   8.16435	 129.60500	 147.59032	       13C
   8.16435	 135.42952	 126.99734	       13C
   9.42540	 139.06988	  26.09161	       13C
   9.42540	 141.98212	  40.50675	       13C
   9.42540	 140.52600	  96.62265	       13C
   8.16435	 141.25408	 137.29380	       13C
   9.42540	 143.43828	  30.72503	       13C
   8.16435	 145.62248	  92.50403	       13C
   9.42540	 143.43828	  94.04850	       13C
   8.16435	 149.99088	  36.90293	       13C
   9.42540	 147.80668	  75.51480	       13C
   8.16435	 149.99088	 100.22640	       13C
   9.42540	 149.26280	 127.51215	       13C
  11.94750	   2.19332	   9.61725	       13C
  10.68645	   1.46528	  13.73581	       13C
  10.68645	   1.46528	  86.32613	       13C
  10.68645	   5.83368	  12.19133	       13C
  11.94750	   6.56172	 120.81944	       13C
  10.68645	   5.83368	 137.29380	       13C
  10.68645	  10.20208	  81.69270	       13C
  11.94750	   9.47400	  84.26685	       13C
  11.94750	  10.93012	 106.91917	       13C
  11.94750	  12.38628	  13.73581	       13C
  11.94750	  13.84240	  24.03233	       13C
  10.68645	  14.57048	  81.69270	       13C
  11.94750	  15.29852	 102.28574	       13C
  10.68645	  17.48272	   9.61725	       13C
  10.68645	  17.48272	  14.25067	       13C
  10.68645	  16.02660	  17.85443	       13C
  10.68645	  17.48272	  21.97305	       13C
  11.94750	  19.66692	  40.50675	       13C
  11.94750	  18.21080	 122.87872	       13C
  10.68645	  23.30728	 141.92723	       13C
  10.68645	  27.67568	  24.54713	       13C
  10.68645	  24.76340	  54.92183	       13C
  11.94750	  28.40372	  83.75205	       13C
  10.68645	  27.67568	 135.74933	       13C
  10.68645	  26.21952	 145.53104	       13C
  10.68645	  30.58792	  20.42857	       13C
  10.68645	  30.58792	 113.09707	       13C
  10.68645	  33.50020	  85.81132	       13C
  11.94750	  34.22828	 118.76010	       13C
  10.68645	  39.32472	  20.42857	       13C
  10.68645	  39.32472	  69.85177	       13C
  11.94750	  41.50892	  83.75205	       13C
  11.94750	  38.59668	 135.74933	       13C
  10.68645	  42.23700	  17.85443	       13C
  10.68645	  45.14928	  19.91371	       13C
  10.68645	  45.14928	  56.98110	       13C
  11.94750	  45.87732	 145.53104	       13C
  11.94750	  50.24572	  63.67387	       13C
  10.68645	  48.06152	 113.09707	       13C
  11.94750	  51.70188	  26.09161	       13C
  10.68645	  52.42992	  52.86255	       13C
  10.68645	  50.97380	  65.73315	       13C
  10.68645	  53.88608	 106.40430	       13C
  10.68645	  53.88608	 124.93800	       13C
  10.68645	  56.79832	   3.43935	       13C
  10.68645	  55.34220	  24.03233	       13C
  11.94750	  58.98252	  34.32885	       13C
  10.68645	  56.79832	  71.39625	       13C
  11.94750	  63.35092	   8.07277	       13C
  10.68645	  61.16672	  32.78437	       13C
  11.94750	  60.43868	  61.61453	       13C
  10.68645	  61.16672	  96.10785	       13C
  11.94750	  63.35092	 119.27497	       13C
  11.94750	  63.35092	 126.99734	       13C
  11.94750	  72.08772	  26.60647	       13C
  11.94750	  70.63160	  42.56603	       13C
  10.68645	  69.90352	 137.80867	       13C
  10.68645	  75.72808	  26.09161	       13C
  11.94750	  76.45612	  59.04045	       13C
  11.94750	  73.54388	 118.76010	       13C
  10.68645	  78.64032	   8.07277	       13C
  10.68645	  80.09648	   7.55791	       13C
  11.94750	  80.82452	  94.56337	       13C
  11.94750	  77.91228	 137.29380	       13C
  10.68645	  81.55260	  42.56603	       13C
  11.94750	  85.19292	  65.21835	       13C
  11.94750	  85.19292	 102.28574	       13C
  10.68645	  85.92100	  42.56603	       13C
  11.94750	  89.56132	  51.31807	       13C
  11.94750	  89.56132	  76.02967	       13C
  10.68645	  85.92100	  85.81132	       13C
  10.68645	  85.92100	  96.62265	       13C
  10.68645	  85.92100	 110.52292	       13C
  10.68645	  90.28940	  78.08895	       13C
  11.94750	  92.47360	 115.15635	       13C
  11.94750	  93.92972	 145.53104	       13C
  10.68645	  94.65780	  54.92183	       13C
  10.68645	  94.65780	  98.16712	       13C
  10.68645	  99.02620	  34.84365	       13C
  10.68645	 100.48232	 143.98657	       13C
  10.68645	 103.39460	  11.67653	       13C
  11.94750	 105.57880	 122.87872	       13C
  10.68645	 107.76300	  22.48785	       13C
  11.94750	 109.94720	  22.48785	       13C
  11.94750	 111.40332	  38.96227	       13C
  10.68645	 107.76300	  73.45553	       13C
  11.94750	 109.94720	  91.98922	       13C
  11.94750	 111.40332	 131.63077	       13C
  11.94750	 115.77172	 139.35314	       13C
  10.68645	 117.95592	   8.07277	       13C
  11.94750	 118.68400	  28.66575	       13C
  11.94750	 117.22788	 129.57143	       13C
  10.68645	 123.78048	   7.55791	       13C
  10.68645	 120.86820	  59.55525	       13C
  11.94750	 128.87692	   9.61725	       13C
  10.68645	 126.69272	  65.21835	       13C
  10.68645	 128.14888	 117.21563	       13C
  10.68645	 128.14888	 118.76010	       13C
  11.94750	 133.24532	  52.86255	       13C
  10.68645	 129.60500	 104.34502	       13C
  10.68645	 132.51728	 106.40430	       13C
  11.94750	 137.61372	 114.64154	       13C
  11.94750	 137.61372	 139.35314	       13C
  11.94750	 136.15760	 146.04585	       13C
  10.68645	 141.25408	  18.36923	       13C
  10.68645	 139.79792	  34.32885	       13C
  11.94750	 140.52600	  42.56603	       13C
  11.94750	 139.06988	  49.25873	       13C
  10.68645	 141.25408	 131.11590	       13C
  10.68645	 141.25408	 148.10513	       13C
  11.94750	 147.80668	  13.73581	       13C
  10.68645	 149.99088	  26.09161	       13C
  10.68645	 149.99088	  38.44741	       13C
  11.94750	 147.80668	  44.62530	       13C
  11.94750	 149.26280	 102.80055	       13C
  13.20855	   0.00912	   3.43935	       13C
  14.46960	   2.19332	  45.14017	       13C
  14.46960	   2.19332	 108.46364	       13C
  14.46960	   6.56172	  20.42857	       13C
  13.20855	   2.92140	  17.85443	       13C
  13.20855	   4.37752	  40.50675	       13C
  13.20855	   5.83368	  86.32613	       13C
  13.20855	  10.20208	 149.64960	       13C
  14.46960	  15.29852	  46.68465	       13C
  13.20855	  13.11432	  65.21835	       13C
  13.20855	  14.57048	  80.14823	       13C
  14.46960	  19.66692	 131.63077	       13C
  14.46960	  16.75468	 143.47170	       13C
  14.46960	  24.03532	  32.78437	       13C
  14.46960	  22.57920	  67.27763	       13C
  14.46960	  21.12308	 124.93800	       13C
  13.20855	  24.76340	   5.49863	       13C
  14.46960	  28.40372	 131.63077	       13C
  14.46960	  29.85988	  63.15900	       13C
  13.20855	  32.04408	  92.50403	       13C
  13.20855	  34.95632	  59.04045	       13C
  13.20855	  36.41248	  61.61453	       13C
  13.20855	  36.41248	  86.32613	       13C
  14.46960	  37.14052	 108.46364	       13C
  13.20855	  36.41248	 117.21563	       13C
  14.46960	  34.22828	 117.21563	       13C
  14.46960	  35.68440	 133.69005	       13C
  13.20855	  36.41248	 137.29380	       13C
  14.46960	  37.14052	 143.98657	       13C
  13.20855	  37.86860	  65.73315	       13C
  14.46960	  44.42120	  42.56603	       13C
  14.46960	  47.33348	 104.85983	       13C
  14.46960	  48.78960	 122.87872	       13C
  13.20855	  49.51768	 124.93800	       13C
  14.46960	  48.78960	 133.69005	       13C
  14.46960	  54.61412	  96.10785	       13C
  14.46960	  51.70188	 112.58220	       13C
  14.46960	  51.70188	 135.74933	       13C
  13.20855	  56.79832	 131.63077	       13C
  14.46960	  61.89480	  48.74393	       13C
  13.20855	  62.62288	  50.80320	       13C
  14.46960	  64.80708	  49.25873	       13C
  14.46960	  70.63160	  28.66575	       13C
  13.20855	  69.90352	  82.20757	       13C
  14.46960	  73.54388	   7.55791	       13C
  13.20855	  74.27192	  15.79515	       13C
  13.20855	  72.81580	  28.66575	       13C
  14.46960	  76.45612	  34.32885	       13C
  13.20855	  75.72808	  98.68193	       13C
  14.46960	  76.45612	 126.99734	       13C
  13.20855	  80.09648	  19.91371	       13C
  13.20855	  78.64032	 106.91917	       13C
  14.46960	  79.36840	 121.33425	       13C
  14.46960	  80.82452	 126.99734	       13C
  13.20855	  80.09648	 124.93800	       13C
  13.20855	  83.00872	   1.89487	       13C
  13.20855	  84.46488	  73.97033	       13C
  13.20855	  85.92100	  71.91105	       13C
  13.20855	  87.37712	 145.53104	       13C
  13.20855	  91.74552	  20.42857	       13C
  13.20855	  93.20168	  18.36923	       13C
  13.20855	  90.28940	  17.85443	       13C
  14.46960	  93.92972	  26.60647	       13C
  14.46960	  93.92972	 100.74127	       13C
  13.20855	  90.28940	 104.34502	       13C
  13.20855	  96.11392	  26.60647	       13C
  14.46960	  98.29812	  59.04045	       13C
  13.20855	 100.48232	  38.96227	       13C
  14.46960	  99.75428	  86.32613	       13C
  13.20855	 100.48232	 114.64154	       13C
  14.46960	  99.75428	 143.47170	       13C
  13.20855	 103.39460	  90.44475	       13C
  14.46960	 104.12268	  98.68193	       13C
  13.20855	 104.85072	 102.28574	       13C
  13.20855	 103.39460	 121.33425	       13C
  13.20855	 109.21912	   1.89487	       13C
  13.20855	 110.67528	  24.54713	       13C
  13.20855	 107.76300	  65.73315	       13C
  14.46960	 109.94720	  73.45553	       13C
  13.20855	 110.67528	  94.04850	       13C
  14.46960	 109.94720	 110.52292	       13C
  13.20855	 109.21912	 120.81944	       13C
  13.20855	 109.21912	 133.17524	       13C
  13.20855	 115.04368	  32.26951	       13C
  14.46960	 115.77172	  40.50675	       13C
  13.20855	 113.58752	  51.31807	       13C
  13.20855	 115.04368	  81.69270	       13C
  13.20855	 112.13140	 141.41242	       13C
  13.20855	 116.49980	  73.45553	       13C
  13.20855	 116.49980	 127.51215	       13C
  14.46960	 123.05240	  17.85443	       13C
  14.46960	 124.50852	  52.86255	       13C
  13.20855	 122.32432	  77.57415	       13C
  13.20855	 120.86820	 133.69005	       13C
  13.20855	 126.69272	  59.04045	       13C
  13.20855	 126.69272	  63.67387	       13C
  14.46960	 125.96468	  67.79243	       13C
  13.20855	 126.69272	  71.39625	       13C
  13.20855	 126.69272	  83.75205	       13C
  13.20855	 126.69272	  89.92995	       13C
  14.46960	 130.33308	 123.39353	       13C
  14.46960	 136.15760	  36.38813	       13C
  13.20855	 133.97340	  71.91105	       13C
  14.46960	 134.70148	  73.97033	       13C
  13.20855	 135.42952	 119.27497	       13C
  14.46960	 134.70148	 141.92723	       13C
  13.20855	 138.34180	  10.13205	       13C
  13.20855	 138.34180	  24.03233	       13C
  13.20855	 139.79792	  51.31807	       13C
  13.20855	 141.25408	  63.15900	       13C
  14.46960	 141.98212	 131.63077	       13C
  13.20855	 141.25408	 143.47170	       13C
  14.46960	 146.35052	  14.25067	       13C
  14.46960	 147.80668	  26.09161	       13C
  14.46960	 149.26280	  36.38813	       13C
  16.99170	   0.73720	  42.56603	       13C
  16.99170	   2.19332	  89.92995	       13C
  16.99170	   0.73720	 102.80055	       13C
  15.73065	   0.00912	 113.09707	       13C
  15.73065	   0.00912	 119.27497	       13C
  16.99170	   2.19332	 119.27497	       13C
  16.99170	   0.73720	 135.23452	       13C
  15.73065	   5.83368	  18.36923	       13C
  16.99170	   3.64948	  18.36923	       13C
  16.99170	   3.64948	  32.26951	       13C
  15.73065	   8.74592	  32.78437	       13C
  16.99170	   9.47400	  65.73315	       13C
  16.99170	   8.01788	  92.50403	       13C
  16.99170	   8.01788	 149.64960	       13C
  16.99170	  12.38628	  12.19133	       13C
  15.73065	  13.11432	 119.27497	       13C
  16.99170	  13.84240	 116.70082	       13C
  15.73065	  18.93888	  94.04850	       13C
  15.73065	  16.02660	 115.15635	       13C
  15.73065	  17.48272	 139.35314	       13C
  16.99170	  24.03532	  15.79515	       13C
  16.99170	  24.03532	  20.42857	       13C
  15.73065	  21.85112	  40.50675	       13C
  15.73065	  23.30728	  56.98110	       13C
  16.99170	  24.03532	  94.56337	       13C
  15.73065	  21.85112	 126.99734	       13C
  16.99170	  22.57920	 135.23452	       13C
  15.73065	  27.67568	  26.09161	       13C
  15.73065	  26.21952	  34.32885	       13C
  16.99170	  25.49148	  55.43663	       13C
  16.99170	  26.94760	  79.63342	       13C
  16.99170	  26.94760	  96.62265	       13C
  15.73065	  24.76340	 115.15635	       13C
  16.99170	  32.77212	   1.89487	       13C
  15.73065	  30.58792	  32.78437	       13C
  16.99170	  32.77212	  45.14017	       13C
  16.99170	  32.77212	  51.31807	       13C
  15.73065	  29.13180	  61.09973	       13C
  15.73065	  30.58792	  65.21835	       13C
  15.73065	  32.04408	  86.32613	       13C
  16.99170	  32.77212	 114.64154	       13C
  15.73065	  30.58792	 125.45287	       13C
  16.99170	  37.14052	   1.89487	       13C
  15.73065	  36.41248	  87.87060	       13C
  16.99170	  40.05280	   3.95415	       13C
  16.99170	  40.05280	  96.62265	       13C
  16.99170	  40.05280	 127.51215	       13C
  16.99170	  38.59668	 141.92723	       13C
  16.99170	  42.96508	  18.36923	       13C
  16.99170	  45.87732	  26.60647	       13C
  15.73065	  45.14928	  49.25873	       13C
  16.99170	  44.42120	  78.08895	       13C
  16.99170	  45.87732	 120.81944	       13C
  15.73065	  46.60540	   5.49863	       13C
  16.99170	  50.24572	 113.09707	       13C
  15.73065	  53.88608	  18.36923	       13C
  16.99170	  54.61412	  28.15095	       13C
  16.99170	  54.61412	  52.86255	       13C
  16.99170	  51.70188	  63.15900	       13C
  15.73065	  56.79832	  28.15095	       13C
  15.73065	  56.79832	  45.14017	       13C
  15.73065	  55.34220	  71.91105	       13C
  15.73065	  58.25448	  81.69270	       13C
  16.99170	  57.52640	 127.51215	       13C
  16.99170	  60.43868	   7.55791	       13C
  16.99170	  63.35092	  40.50675	       13C
  15.73065	  62.62288	  44.62530	       13C
  16.99170	  60.43868	  49.25873	       13C
  15.73065	  61.16672	 125.45287	       13C
  16.99170	  66.26320	  10.13205	       13C
  15.73065	  66.99128	 100.22640	       13C
  16.99170	  73.54388	  80.14823	       13C
  15.73065	  72.81580	 122.87872	       13C
  15.73065	  77.18420	 115.15635	       13C
  16.99170	  80.82452	 131.63077	       13C
  16.99170	  85.19292	  89.92995	       13C
  15.73065	  84.46488	 118.76010	       13C
  16.99170	  82.28068	 118.76010	       13C
  16.99170	  83.73680	 121.33425	       13C
  16.99170	  89.56132	  69.85177	       13C
  16.99170	  89.56132	 120.81944	       13C
  16.99170	  88.10520	 133.69005	       13C
  15.73065	  94.65780	  78.08895	       13C
  16.99170	  98.29812	 139.35314	       13C
  15.73065	 100.48232	  46.68465	       13C
  15.73065	 100.48232	  59.04045	       13C
  16.99170	  99.75428	 100.22640	       13C
  16.99170	 104.12268	  19.91371	       13C
  16.99170	 107.03492	  26.60647	       13C
  15.73065	 106.30688	  36.90293	       13C
  16.99170	 105.57880	  59.55525	       13C
  16.99170	 104.12268	 117.21563	       13C
  16.99170	 109.94720	  48.74393	       13C
  15.73065	 110.67528	  56.98110	       13C
  16.99170	 108.49108	  63.15900	       13C
  16.99170	 114.31560	   3.95415	       13C
  15.73065	 112.13140	  41.02155	       13C
  15.73065	 112.13140	  96.62265	       13C
  16.99170	 112.85948	 124.93800	       13C
  16.99170	 117.22788	  13.73581	       13C
  15.73065	 116.49980	  16.30995	       13C
  15.73065	 119.41208	  30.72503	       13C
  15.73065	 119.41208	  98.68193	       13C
  16.99170	 123.05240	  67.27763	       13C
  16.99170	 131.78920	  10.13205	       13C
  15.73065	 132.51728	  94.04850	       13C
  15.73065	 131.06112	 139.35314	       13C
  15.73065	 135.42952	   1.89487	       13C
  16.99170	 137.61372	  26.60647	       13C
  15.73065	 135.42952	  89.92995	       13C
  16.99170	 134.70148	 131.11590	       13C
  15.73065	 139.79792	   9.61725	       13C
  15.73065	 141.25408	  12.19133	       13C
  16.99170	 140.52600	  41.02155	       13C
  16.99170	 140.52600	 116.70082	       13C
  15.73065	 142.71020	  24.03233	       13C
  15.73065	 142.71020	  48.74393	       13C
  16.99170	 147.80668	   7.55791	       13C
  15.73065	 148.53472	  45.14017	       13C
  15.73065	 147.07860	  90.44475	       13C
  16.99170	 149.26280	  90.44475	       13C
  15.73065	 147.07860	  91.98922	       13C
  18.25275	   1.46528	 141.92723	       13C
  19.51380	   3.64948	  18.36923	       13C
  19.51380	   5.10560	  36.38813	       13C
  18.25275	   5.83368	  69.33690	       13C
  18.25275	   4.37752	 102.28574	       13C
  19.51380	   5.10560	 127.51215	       13C
  18.25275	  10.20208	  19.91371	       13C
  19.51380	   8.01788	  19.91371	       13C
  19.51380	   9.47400	 139.86795	       13C
  18.25275	  13.11432	   1.89487	       13C
  18.25275	  14.57048	  94.04850	       13C
  18.25275	  13.11432	 100.74127	       13C
  19.51380	  12.38628	 149.64960	       13C
  18.25275	  18.93888	  19.91371	       13C
  19.51380	  19.66692	  46.68465	       13C
  18.25275	  16.02660	  71.91105	       13C
  18.25275	  20.39500	  16.30995	       13C
  18.25275	  23.30728	  32.26951	       13C
  18.25275	  20.39500	  42.56603	       13C
  18.25275	  23.30728	  69.33690	       13C
  18.25275	  27.67568	  44.62530	       13C
  19.51380	  25.49148	  50.80320	       13C
  19.51380	  28.40372	  89.92995	       13C
  18.25275	  27.67568	  87.87060	       13C
  18.25275	  29.13180	   3.95415	       13C
  19.51380	  29.85988	  38.44741	       13C
  19.51380	  31.31600	  96.62265	       13C
  18.25275	  36.41248	  19.91371	       13C
  18.25275	  33.50020	  24.03233	       13C
  18.25275	  34.95632	  69.85177	       13C
  18.25275	  36.41248	  87.87060	       13C
  19.51380	  38.59668	  24.54713	       13C
  18.25275	  40.78088	  30.72503	       13C
  18.25275	  40.78088	 111.03773	       13C
  19.51380	  45.87732	  38.96227	       13C
  19.51380	  42.96508	  73.97033	       13C
  18.25275	  46.60540	  71.91105	       13C
  18.25275	  49.51768	  92.50403	       13C
  19.51380	  54.61412	  15.79515	       13C
  19.51380	  51.70188	  67.79243	       13C
  19.51380	  54.61412	 114.64154	       13C
  18.25275	  53.88608	 117.21563	       13C
  19.51380	  57.52640	   3.95415	       13C
  18.25275	  58.25448	   7.55791	       13C
  19.51380	  58.98252	  71.39625	       13C
  18.25275	  58.25448	 106.40430	       13C
  18.25275	  55.34220	 108.97845	       13C
  18.25275	  58.25448	 123.39353	       13C
  18.25275	  59.71060	   5.49863	       13C
  19.51380	  61.89480	  98.16712	       13C
  19.51380	  63.35092	 131.63077	       13C
  19.51380	  66.26320	  65.73315	       13C
  18.25275	  65.53512	 145.53104	       13C
  18.25275	  66.99128	 143.47170	       13C
  18.25275	  71.35968	   6.01343	       13C
  19.51380	  69.17548	  63.15900	       13C
  18.25275	  71.35968	 131.11590	       13C
  19.51380	  73.54388	  18.36923	       13C
  18.25275	  75.72808	  67.79243	       13C
  19.51380	  75.00000	 115.15635	       13C
  19.51380	  75.00000	 147.59032	       13C
  19.51380	  79.36840	  61.09973	       13C
  18.25275	  80.09648	  67.79243	       13C
  18.25275	  80.09648	  80.14823	       13C
  18.25275	  77.18420	 141.41242	       13C
  18.25275	  80.09648	 143.47170	       13C
  18.25275	  84.46488	  13.73581	       13C
  18.25275	  81.55260	  71.91105	       13C
  18.25275	  81.55260	 108.97845	       13C
  18.25275	  88.83328	  32.26951	       13C
  19.51380	  86.64908	  32.26951	       13C
  18.25275	  88.83328	  49.25873	       13C
  19.51380	  89.56132	  89.92995	       13C
  18.25275	  88.83328	 123.39353	       13C
  19.51380	  91.01748	   1.38001	       13C
  19.51380	  93.92972	   9.61725	       13C
  19.51380	  93.92972	  65.21835	       13C
  19.51380	  96.84200	  17.85443	       13C
  19.51380	  95.38588	  50.80320	       13C
  19.51380	  95.38588	  56.98110	       13C
  19.51380	  95.38588	 123.39353	       13C
  19.51380	  99.75428	  24.54713	       13C
  19.51380	 102.66652	  34.32885	       13C
  19.51380	 102.66652	  89.92995	       13C
  18.25275	 101.93848	 129.57143	       13C
  18.25275	 103.39460	  41.02155	       13C
  19.51380	 105.57880	  54.92183	       13C
  19.51380	 104.12268	  61.61453	       13C
  19.51380	 108.49108	  26.09161	       13C
  19.51380	 109.94720	  73.45553	       13C
  18.25275	 110.67528	  81.69270	       13C
  19.51380	 118.68400	  53.37735	       13C
  18.25275	 117.95592	  77.57415	       13C
  18.25275	 117.95592	 108.46364	       13C
  19.51380	 117.22788	 111.03773	       13C
  18.25275	 117.95592	 133.17524	       13C
  18.25275	 117.95592	 143.98657	       13C
  18.25275	 120.86820	  11.67653	       13C
  19.51380	 121.59628	  44.62530	       13C
  18.25275	 126.69272	   1.89487	       13C
  19.51380	 127.42080	  59.55525	       13C
  19.51380	 125.96468	  94.04850	       13C
  19.51380	 127.42080	 116.70082	       13C
  19.51380	 130.33308	  80.14823	       13C
  19.51380	 133.24532	 113.09707	       13C
  18.25275	 129.60500	 141.41242	       13C
  18.25275	 133.97340	  71.91105	       13C
  18.25275	 139.79792	  20.42857	       13C
  19.51380	 140.52600	  41.02155	       13C
  19.51380	 141.98212	  63.67387	       13C
  19.51380	 141.98212	  89.92995	       13C
  19.51380	 141.98212	 102.28574	       13C
  18.25275	 138.34180	 108.97845	       13C
  19.51380	 144.89440	  11.67653	       13C
  19.51380	 143.43828	  73.97033	       13C
  18.25275	 142.71020	  73.45553	       13C
  18.25275	 145.62248	  92.50403	       13C
  19.51380	 146.35052	 119.27497	       13C
  18.25275	 142.71020	 122.87872	       13C
  19.51380	 143.43828	 135.74933	       13C
  18.25275	 147.07860	  22.48785	       13C
  18.25275	 148.53472	 100.74127	       13C
  19.51380	 149.26280	 129.05662	       13C
  18.25275	 149.99088	 141.92723	       13C
  20.77485	   2.92140	   3.95415	       13C
  20.77485	   5.83368	  49.25873	       13C
  22.03590	   5.10560	  65.73315	       13C
  22.03590	   6.56172	  94.56337	       13C
  22.03590	   8.01788	  56.98110	       13C
  20.77485	   7.28980	  65.73315	       13C
  20.77485	  10.20208	 104.85983	       13C
  22.03590	  10.93012	 131.63077	       13C
  22.03590	  15.29852	  94.56337	       13C
  20.77485	  13.11432	 131.63077	       13C
  22.03590	  19.66692	  59.04045	       13C
  22.03590	  16.75468	 123.39353	       13C
  22.03590	  19.66692	 131.63077	       13C
  20.77485	  21.85112	  34.32885	       13C
  22.03590	  26.94760	  10.13205	       13C
  20.77485	  24.76340	  90.44475	       13C
  22.03590	  28.40372	 137.80867	       13C
  22.03590	  32.77212	  14.25067	       13C
  20.77485	  29.13180	  17.85443	       13C
  20.77485	  30.58792	  26.60647	       13C
  22.03590	  29.85988	  30.72503	       13C
  22.03590	  31.31600	  90.44475	       13C
  22.03590	  32.77212	 113.09707	       13C
  20.77485	  30.58792	 119.27497	       13C
  22.03590	  29.85988	 123.39353	       13C
  20.77485	  30.58792	 139.35314	       13C
  20.77485	  32.04408	 137.29380	       13C
  20.77485	  36.41248	   7.55791	       13C
  20.77485	  34.95632	  57.49597	       13C
  22.03590	  35.68440	  59.55525	       13C
  20.77485	  34.95632	  76.02967	       13C
  20.77485	  36.41248	 149.64960	       13C
  20.77485	  37.86860	  36.38813	       13C
  22.03590	  41.50892	  69.85177	       13C
  22.03590	  38.59668	 137.29380	       13C
  22.03590	  44.42120	  28.66575	       13C
  22.03590	  42.96508	  49.25873	       13C
  20.77485	  42.23700	  67.27763	       13C
  20.77485	  48.06152	   3.43935	       13C
  20.77485	  48.06152	  14.25067	       13C
  20.77485	  48.06152	  45.14017	       13C
  22.03590	  47.33348	  69.33690	       13C
  22.03590	  48.78960	 110.52292	       13C
  22.03590	  54.61412	  57.49597	       13C
  22.03590	  53.15800	  54.92183	       13C
  20.77485	  53.88608	  81.69270	       13C
  22.03590	  53.15800	 104.34502	       13C
  22.03590	  58.98252	  32.78437	       13C
  20.77485	  58.25448	  49.25873	       13C
  22.03590	  57.52640	 102.80055	       13C
  22.03590	  56.07028	 149.64960	       13C
  20.77485	  59.71060	   3.95415	       13C
  20.77485	  59.71060	  96.62265	       13C
  20.77485	  66.99128	  44.62530	       13C
  22.03590	  64.80708	  63.15900	       13C
  20.77485	  65.53512	  94.56337	       13C
  20.77485	  65.53512	  96.10785	       13C
  20.77485	  66.99128	 106.40430	       13C
  22.03590	  64.80708	 117.21563	       13C
  20.77485	  69.90352	  83.75205	       13C
  22.03590	  70.63160	  85.81132	       13C
  22.03590	  70.63160	 129.05662	       13C
  22.03590	  70.63160	 147.59032	       13C
  22.03590	  75.00000	   5.49863	       13C
  22.03590	  73.54388	  12.19133	       13C
  22.03590	  75.00000	  85.81132	       13C
  20.77485	  77.18420	 141.41242	       13C
  20.77485	  81.55260	  41.02155	       13C
  22.03590	  82.28068	  92.50403	       13C
  22.03590	  83.73680	  98.16712	       13C
  20.77485	  83.00872	 131.63077	       13C
  22.03590	  86.64908	   1.38001	       13C
  22.03590	  89.56132	  71.39625	       13C
  20.77485	  87.37712	  94.56337	       13C
  22.03590	  92.47360	  85.81132	       13C
  20.77485	  93.20168	 104.85983	       13C
  22.03590	  95.38588	  32.26951	       13C
  20.77485	  94.65780	 127.51215	       13C
  22.03590	  95.38588	 129.57143	       13C
  22.03590	  99.75428	  73.97033	       13C
  20.77485	 106.30688	  30.72503	       13C
  22.03590	 104.12268	  30.72503	       13C
  22.03590	 105.57880	  67.27763	       13C
  22.03590	 111.40332	 102.28574	       13C
  20.77485	 113.58752	  34.32885	       13C
  20.77485	 115.04368	  98.68193	       13C
  22.03590	 112.85948	 111.03773	       13C
  20.77485	 116.49980	  17.85443	       13C
  22.03590	 118.68400	 104.34502	       13C
  20.77485	 122.32432	  88.38547	       13C
  20.77485	 122.32432	 126.99734	       13C
  20.77485	 122.32432	 145.53104	       13C
  20.77485	 126.69272	   9.61725	       13C
  22.03590	 128.87692	 108.46364	       13C
  20.77485	 128.14888	 112.58220	       13C
  20.77485	 129.60500	  41.02155	       13C
  22.03590	 131.78920	  53.37735	       13C
  22.03590	 130.33308	  69.33690	       13C
  20.77485	 135.42952	  15.79515	       13C
  22.03590	 137.61372	  69.85177	       13C
  20.77485	 135.42952	  71.39625	       13C
  20.77485	 135.42952	  82.20757	       13C
  20.77485	 141.25408	   6.01343	       13C
  22.03590	 139.06988	 100.22640	       13C
  20.77485	 144.16632	  52.86255	       13C
  22.03590	 147.80668	  69.33690	       13C
  20.77485	 149.99088	  80.14823	       13C
  22.03590	 147.80668	 112.58220	       13C
  20.77485	 147.07860	 115.15635	       13C
  20.77485	 147.07860	 139.86795	       13C
  24.55800	   2.19332	  82.20757	       13C
  23.29695	   1.46528	 104.85983	       13C
  24.55800	   3.64948	  18.36923	       13C
  23.29695	   5.83368	  26.09161	       13C
  24.55800	   5.10560	  36.38813	       13C
  24.55800	   3.64948	  49.25873	       13C
  23.29695	   4.37752	  63.67387	       13C
  23.29695	   7.28980	   5.49863	       13C
  24.55800	   8.01788	  18.36923	       13C
  23.29695	   7.28980	  67.27763	       13C
  23.29695	   7.28980	  84.26685	       13C
  24.55800	  10.93012	 133.17524	       13C
  24.55800	  12.38628	  50.80320	       13C
  24.55800	  15.29852	  59.04045	       13C
  23.29695	  11.65820	  59.55525	       13C
  24.55800	  15.29852	  82.20757	       13C
  23.29695	  11.65820	 146.04585	       13C
  24.55800	  18.21080	  17.85443	       13C
  24.55800	  19.66692	  71.39625	       13C
  24.55800	  18.21080	  73.45553	       13C
  24.55800	  19.66692	  83.75205	       13C
  23.29695	  18.93888	 131.11590	       13C
  24.55800	  18.21080	 135.23452	       13C
  23.29695	  16.02660	 146.04585	       13C
  24.55800	  24.03532	  32.78437	       13C
  23.29695	  20.39500	  79.63342	       13C
  23.29695	  20.39500	 141.41242	       13C
  24.55800	  28.40372	  52.86255	       13C
  24.55800	  28.40372	  69.85177	       13C
  24.55800	  28.40372	 114.64154	       13C
  24.55800	  26.94760	 129.05662	       13C
  24.55800	  29.85988	  13.73581	       13C
  23.29695	  30.58792	  76.02967	       13C
  24.55800	  32.77212	 119.27497	       13C
  24.55800	  29.85988	 149.64960	       13C
  23.29695	  36.41248	  18.36923	       13C
  24.55800	  34.22828	  43.08083	       13C
  24.55800	  37.14052	  76.02967	       13C
  24.55800	  35.68440	 127.51215	       13C
  23.29695	  39.32472	  38.96227	       13C
  24.55800	  38.59668	  36.90293	       13C
  24.55800	  41.50892	  76.02967	       13C
  23.29695	  40.78088	 112.58220	       13C
  24.55800	  42.96508	 123.39353	       13C
  23.29695	  49.51768	  49.25873	       13C
  23.29695	  49.51768	 129.57143	       13C
  24.55800	  48.78960	 146.04585	       13C
  23.29695	  53.88608	  30.72503	       13C
  24.55800	  54.61412	  82.20757	       13C
  24.55800	  51.70188	 104.85983	       13C
  24.55800	  51.70188	 129.57143	       13C
  24.55800	  58.98252	  71.39625	       13C
  24.55800	  57.52640	 115.15635	       13C
  23.29695	  58.25448	 118.76010	       13C
  24.55800	  60.43868	  55.43663	       13C
  24.55800	  61.89480	  73.45553	       13C
  23.29695	  66.99128	  12.19133	       13C
  23.29695	  64.07900	  24.03233	       13C
  24.55800	  66.26320	  96.62265	       13C
  24.55800	  70.63160	   5.49863	       13C
  23.29695	  68.44740	  17.85443	       13C
  24.55800	  69.17548	  50.80320	       13C
  23.29695	  68.44740	  61.09973	       13C
  24.55800	  70.63160	  78.08895	       13C
  23.29695	  69.90352	 113.09707	       13C
  24.55800	  69.17548	 118.76010	       13C
  23.29695	  72.81580	  16.30995	       13C
  24.55800	  76.45612	  46.68465	       13C
  24.55800	  73.54388	 141.92723	       13C
  24.55800	  79.36840	  59.55525	       13C
  24.55800	  80.82452	  88.38547	       13C
  24.55800	  79.36840	 122.87872	       13C
  24.55800	  79.36840	 139.86795	       13C
  23.29695	  87.37712	  21.97305	       13C
  23.29695	  85.92100	  30.21023	       13C
  24.55800	  88.10520	  54.92183	       13C
  24.55800	  88.10520	  84.26685	       13C
  23.29695	  87.37712	 102.28574	       13C
  24.55800	  89.56132	 113.09707	       13C
  24.55800	  86.64908	 131.11590	       13C
  24.55800	  92.47360	  17.85443	       13C
  23.29695	  90.28940	  24.03233	       13C
  24.55800	  93.92972	 113.09707	       13C
  23.29695	  96.11392	  15.79515	       13C
  23.29695	  96.11392	 119.27497	       13C
  23.29695	  99.02620	  79.63342	       13C
  23.29695	 106.30688	 131.11590	       13C
  24.55800	 105.57880	 133.69005	       13C
  24.55800	 111.40332	  21.97305	       13C
  23.29695	 113.58752	   8.07277	       13C
  23.29695	 113.58752	  14.25067	       13C
  24.55800	 115.77172	  45.14017	       13C
  23.29695	 115.04368	  55.43663	       13C
  24.55800	 114.31560	 129.05662	       13C
  23.29695	 116.49980	   5.49863	       13C
  24.55800	 118.68400	   5.49863	       13C
  24.55800	 120.14012	  63.67387	       13C
  24.55800	 120.14012	  69.85177	       13C
  23.29695	 117.95592	  76.02967	       13C
  24.55800	 118.68400	  79.63342	       13C
  24.55800	 120.14012	 102.28574	       13C
  23.29695	 116.49980	 102.80055	       13C
  23.29695	 116.49980	 108.97845	       13C
  23.29695	 125.23660	  53.37735	       13C
  24.55800	 125.96468	  94.04850	       13C
  23.29695	 125.23660	  96.62265	       13C
  24.55800	 130.33308	  13.73581	       13C
  24.55800	 131.78920	  17.85443	       13C
  23.29695	 129.60500	  67.27763	       13C
  23.29695	 129.60500	  79.63342	       13C
  23.29695	 129.60500	 116.70082	       13C
  23.29695	 133.97340	   5.49863	       13C
  24.55800	 137.61372	  14.25067	       13C
  24.55800	 134.70148	  36.90293	       13C
  24.55800	 134.70148	  55.43663	       13C
  24.55800	 136.15760	  96.62265	       13C
  23.29695	 133.97340	 139.86795	       13C
  24.55800	 140.52600	  65.73315	       13C
  23.29695	 138.34180	  98.16712	       13C
  23.29695	 139.79792	 106.91917	       13C
  24.55800	 146.35052	   9.61725	       13C
  24.55800	 146.35052	  34.32885	       13C
  24.55800	 144.89440	  36.38813	       13C
  23.29695	 148.53472	  40.50675	       13C
  23.29695	 148.53472	  46.68465	       13C
  25.81905	   0.00912	  89.92995	       13C
  25.81905	   1.46528	 117.21563	       13C
  27.08010	   3.64948	  50.80320	       13C
  27.08010	   6.56172	 126.99734	       13C
  25.81905	   8.74592	  71.39625	       13C
  27.08010	  15.29852	  63.67387	       13C
  27.08010	  12.38628	  94.04850	       13C
  27.08010	  13.84240	  96.62265	       13C
  25.81905	  13.11432	 126.99734	       13C
  25.81905	  17.48272	  52.86255	       13C
  25.81905	  23.30728	   1.38001	       13C
  25.81905	  23.30728	  32.26951	       13C
  27.08010	  21.12308	 104.85983	       13C
  25.81905	  26.21952	  15.79515	       13C
  25.81905	  26.21952	  51.31807	       13C
  25.81905	  24.76340	  84.26685	       13C
  27.08010	  28.40372	  88.38547	       13C
  25.81905	  27.67568	  94.04850	       13C
  27.08010	  26.94760	 121.33425	       13C
  27.08010	  32.77212	  65.21835	       13C
  27.08010	  32.77212	 119.27497	       13C
  25.81905	  30.58792	 137.80867	       13C
  25.81905	  34.95632	 143.98657	       13C
  27.08010	  34.22828	 149.64960	       13C
  27.08010	  41.50892	   8.07277	       13C
  25.81905	  37.86860	  91.98922	       13C
  25.81905	  42.23700	  11.67653	       13C
  25.81905	  48.06152	 137.80867	       13C
  25.81905	  50.97380	  10.13205	       13C
  27.08010	  51.70188	  56.98110	       13C
  25.81905	  53.88608	  87.87060	       13C
  25.81905	  53.88608	 117.21563	       13C
  27.08010	  51.70188	 137.29380	       13C
  27.08010	  58.98252	   3.43935	       13C
  25.81905	  55.34220	  16.30995	       13C
  25.81905	  56.79832	 119.27497	       13C
  25.81905	  62.62288	  32.26951	       13C
  27.08010	  60.43868	 117.21563	       13C
  25.81905	  62.62288	 123.39353	       13C
  27.08010	  63.35092	 126.99734	       13C
  25.81905	  65.53512	  46.68465	       13C
  25.81905	  64.07900	 122.87872	       13C
  25.81905	  65.53512	 139.35314	       13C
  27.08010	  69.17548	  32.26951	       13C
  27.08010	  70.63160	  71.91105	       13C
  25.81905	  68.44740	  73.45553	       13C
  25.81905	  71.35968	 118.76010	       13C
  25.81905	  68.44740	 135.23452	       13C
  25.81905	  68.44740	 141.41242	       13C
  25.81905	  75.72808	 131.11590	       13C
  27.08010	  79.36840	  30.21023	       13C
  25.81905	  80.09648	  43.08083	       13C
  27.08010	  79.36840	  84.26685	       13C
  25.81905	  78.64032	 143.98657	       13C
  25.81905	  83.00872	  28.15095	       13C
  25.81905	  81.55260	  90.44475	       13C
  25.81905	  83.00872	  94.56337	       13C
  27.08010	  85.19292	 120.81944	       13C
  25.81905	  84.46488	 124.93800	       13C
  27.08010	  89.56132	  59.04045	       13C
  25.81905	  85.92100	  67.27763	       13C
  27.08010	  88.10520	 122.87872	       13C
  25.81905	  93.20168	  32.26951	       13C
  25.81905	  91.74552	  52.86255	       13C
  27.08010	  93.92972	  88.38547	       13C
  27.08010	  91.01748	 131.11590	       13C
  25.81905	  94.65780	  11.67653	       13C
  25.81905	  97.57008	  94.04850	       13C
  25.81905	  96.11392	 145.53104	       13C
  25.81905	 100.48232	  14.25067	       13C
  25.81905	 103.39460	 141.41242	       13C
  27.08010	 111.40332	  46.68465	       13C
  25.81905	 115.04368	 137.29380	       13C
  25.81905	 119.41208	  92.50403	       13C
  27.08010	 117.22788	 112.58220	       13C
  27.08010	 118.68400	 146.04585	       13C
  25.81905	 120.86820	  42.56603	       13C
  25.81905	 122.32432	 100.74127	       13C
  25.81905	 123.78048	 106.40430	       13C
  27.08010	 125.96468	  26.09161	       13C
  25.81905	 125.23660	  61.09973	       13C
  25.81905	 128.14888	  73.97033	       13C
  27.08010	 128.87692	 113.09707	       13C
  27.08010	 133.24532	  20.42857	       13C
  27.08010	 130.33308	 117.21563	       13C
  25.81905	 138.34180	 108.97845	       13C
  27.08010	 139.06988	 129.57143	       13C
  25.81905	 145.62248	 112.58220	       13C
  25.81905	 142.71020	 129.05662	       13C
  27.08010	 144.89440	 129.05662	       13C
  25.81905	 142.71020	 139.86795	       13C
  25.81905	 149.99088	   1.38001	       13C
  25.81905	 147.07860	  17.85443	       13C
  25.81905	 149.99088	  24.54713	       13C
  25.81905	 148.53472	  40.50675	       13C
  25.81905	 149.99088	  56.98110	       13C
  25.81905	 147.07860	  79.63342	       13C
  27.08010	 147.80668	  81.69270	       13C
  25.81905	 147.07860	 141.41242	       13C
  29.60220	   2.19332	  28.15095	       13C
  28.34115	   1.46528	  92.50403	       13C
  28.34115	   2.92140	   5.49863	       13C
  28.34115	   2.92140	  41.02155	       13C
  29.60220	   6.56172	  45.14017	       13C
  28.34115	   2.92140	  47.19945	       13C
  28.34115	   5.83368	  94.04850	       13C
  28.34115	   5.83368	 106.40430	       13C
  29.60220	   5.10560	 129.05662	       13C
  28.34115	   4.37752	 137.80867	       13C
  28.34115	  10.20208	  18.36923	       13C
  28.34115	   7.28980	  73.45553	       13C
  29.60220	  10.93012	  82.20757	       13C
  29.60220	   8.01788	  86.32613	       13C
  28.34115	   8.74592	 145.53104	       13C
  29.60220	  12.38628	  69.33690	       13C
  29.60220	  15.29852	 113.09707	       13C
  29.60220	  16.75468	  38.44741	       13C
  28.34115	  18.93888	  44.62530	       13C
  28.34115	  18.93888	 137.29380	       13C
  28.34115	  21.85112	  26.60647	       13C
  28.34115	  21.85112	  71.39625	       13C
  29.60220	  22.57920	  91.98922	       13C
  28.34115	  21.85112	 102.28574	       13C
  28.34115	  20.39500	 104.34502	       13C
  29.60220	  21.12308	 141.92723	       13C
  28.34115	  26.21952	  65.21835	       13C
  28.34115	  24.76340	  98.16712	       13C
  29.60220	  26.94760	 129.05662	       13C
  29.60220	  32.77212	  52.86255	       13C
  28.34115	  32.04408	  87.87060	       13C
  28.34115	  33.50020	  11.67653	       13C
  28.34115	  33.50020	  91.98922	       13C
  29.60220	  37.14052	 113.09707	       13C
  29.60220	  41.50892	  21.97305	       13C
  28.34115	  40.78088	  30.72503	       13C
  29.60220	  42.96508	   7.55791	       13C
  29.60220	  44.42120	 110.52292	       13C
  29.60220	  53.15800	  34.84365	       13C
  29.60220	  51.70188	 124.93800	       13C
  28.34115	  52.42992	 139.35314	       13C
  28.34115	  50.97380	 139.86795	       13C
  28.34115	  62.62288	  50.80320	       13C
  28.34115	  59.71060	  78.08895	       13C
  29.60220	  61.89480	  98.16712	       13C
  28.34115	  61.16672	 119.27497	       13C
  28.34115	  62.62288	 117.21563	       13C
  28.34115	  64.07900	  36.38813	       13C
  28.34115	  64.07900	  53.37735	       13C
  28.34115	  65.53512	  88.38547	       13C
  28.34115	  64.07900	 102.80055	       13C
  28.34115	  65.53512	 125.45287	       13C
  28.34115	  65.53512	 137.80867	       13C
  28.34115	  64.07900	 141.41242	       13C
  29.60220	  69.17548	  49.25873	       13C
  29.60220	  76.45612	  14.25067	       13C
  29.60220	  76.45612	  20.42857	       13C
  28.34115	  75.72808	  69.33690	       13C
  29.60220	  73.54388	  73.97033	       13C
  29.60220	  75.00000	 115.15635	       13C
  28.34115	  78.64032	  52.86255	       13C
  29.60220	  79.36840	  61.09973	       13C
  28.34115	  77.18420	  65.73315	       13C
  29.60220	  83.73680	  54.92183	       13C
  28.34115	  81.55260	  67.27763	       13C
  29.60220	  83.73680	  73.45553	       13C
  28.34115	  83.00872	 145.53104	       13C
  28.34115	  88.83328	  86.32613	       13C
  28.34115	  85.92100	  90.44475	       13C
  28.34115	  88.83328	  98.68193	       13C
  29.60220	  92.47360	  10.13205	       13C
  28.34115	  93.20168	  49.25873	       13C
  28.34115	  93.20168	 117.21563	       13C
  29.60220	  95.38588	 124.93800	       13C
  28.34115	 101.93848	   7.55791	       13C
  28.34115	 100.48232	  38.96227	       13C
  29.60220	 102.66652	  82.20757	       13C
  29.60220	 102.66652	 133.17524	       13C
  28.34115	 104.85072	  21.97305	       13C
  28.34115	 104.85072	  40.50675	       13C
  28.34115	 104.85072	  45.14017	       13C
  28.34115	 104.85072	  51.31807	       13C
  29.60220	 107.03492	  77.57415	       13C
  29.60220	 104.12268	 143.47170	       13C
  28.34115	 107.76300	  24.03233	       13C
  28.34115	 113.58752	   1.89487	       13C
  28.34115	 115.04368	  61.61453	       13C
  29.60220	 115.77172	 120.81944	       13C
  29.60220	 115.77172	 126.99734	       13C
  28.34115	 117.95592	   9.61725	       13C
  28.34115	 119.41208	  19.91371	       13C
  29.60220	 124.50852	  51.31807	       13C
  28.34115	 122.32432	 143.98657	       13C
  29.60220	 125.96468	  69.33690	       13C
  29.60220	 125.96468	  94.04850	       13C
  29.60220	 127.42080	 104.34502	       13C
  29.60220	 128.87692	 120.81944	       13C
  28.34115	 129.60500	  36.38813	       13C
  29.60220	 131.78920	 127.51215	       13C
  28.34115	 131.06112	 133.17524	       13C
  29.60220	 137.61372	  34.32885	       13C
  29.60220	 136.15760	  53.37735	       13C
  28.34115	 135.42952	  57.49597	       13C
  29.60220	 134.70148	  55.43663	       13C
  28.34115	 136.88568	 118.76010	       13C
  29.60220	 146.35052	  15.79515	       13C
  29.60220	 146.35052	  76.02967	       13C
  30.86325	   1.46528	   1.38001	       13C
  32.12430	   2.19332	  14.25067	       13C
  32.12430	   0.73720	  16.30995	       13C
  30.86325	   1.46528	 131.11590	       13C
  32.12430	   0.73720	 135.23452	       13C
  30.86325	   5.83368	  49.25873	       13C
  30.86325	   2.92140	  61.09973	       13C
  32.12430	   5.10560	  67.27763	       13C
  30.86325	   5.83368	  81.69270	       13C
  32.12430	   9.47400	  53.37735	       13C
  32.12430	   8.01788	  75.51480	       13C
  30.86325	  13.11432	  34.32885	       13C
  30.86325	  11.65820	  48.74393	       13C
  32.12430	  15.29852	  69.85177	       13C
  32.12430	  13.84240	 115.15635	       13C
  32.12430	  18.21080	 116.70082	       13C
  32.12430	  21.12308	  61.61453	       13C
  30.86325	  20.39500	  90.44475	       13C
  32.12430	  24.03532	 133.17524	       13C
  30.86325	  26.21952	  32.78437	       13C
  32.12430	  25.49148	  30.72503	       13C
  30.86325	  27.67568	  61.61453	       13C
  30.86325	  26.21952	 102.28574	       13C
  32.12430	  32.77212	  59.04045	       13C
  30.86325	  30.58792	  89.92995	       13C
  30.86325	  30.58792	 108.46364	       13C
  30.86325	  34.95632	  14.25067	       13C
  32.12430	  37.14052	  40.50675	       13C
  30.86325	  33.50020	  85.81132	       13C
  32.12430	  34.22828	 143.47170	       13C
  30.86325	  43.69312	 119.27497	       13C
  30.86325	  42.23700	 141.41242	       13C
  30.86325	  48.06152	  40.50675	       13C
  30.86325	  49.51768	  73.97033	       13C
  32.12430	  50.24572	 120.81944	       13C
  32.12430	  53.15800	  48.74393	       13C
  32.12430	  54.61412	  71.39625	       13C
  30.86325	  52.42992	 137.80867	       13C
  30.86325	  58.25448	  55.43663	       13C
  30.86325	  55.34220	  65.73315	       13C
  32.12430	  56.07028	  67.79243	       13C
  32.12430	  57.52640	  78.08895	       13C
  32.12430	  58.98252	  96.10785	       13C
  30.86325	  62.62288	   7.55791	       13C
  30.86325	  62.62288	  26.09161	       13C
  30.86325	  66.99128	  44.62530	       13C
  32.12430	  67.71932	  77.57415	       13C
  32.12430	  66.26320	 141.41242	       13C
  32.12430	  72.08772	  28.15095	       13C
  32.12430	  75.00000	  79.63342	       13C
  30.86325	  74.27192	  83.75205	       13C
  32.12430	  77.91228	  26.09161	       13C
  30.86325	  78.64032	  40.50675	       13C
  30.86325	  80.09648	  49.25873	       13C
  32.12430	  79.36840	  79.63342	       13C
  32.12430	  79.36840	  84.26685	       13C
  32.12430	  79.36840	 116.70082	       13C
  32.12430	  79.36840	 121.33425	       13C
  30.86325	  81.55260	  78.08895	       13C
  30.86325	  84.46488	  94.04850	       13C
  30.86325	  84.46488	 117.21563	       13C
  32.12430	  83.73680	 135.23452	       13C
  30.86325	  85.92100	  54.92183	       13C
  30.86325	  87.37712	 106.91917	       13C
  30.86325	  91.74552	  82.20757	       13C
  30.86325	  93.20168	 106.40430	       13C
  30.86325	  94.65780	  11.67653	       13C
  32.12430	  98.29812	  21.97305	       13C
  30.86325	  94.65780	  47.19945	       13C
  30.86325	  96.11392	  69.85177	       13C
  32.12430	  96.84200	  79.63342	       13C
  32.12430	  96.84200	 133.69005	       13C
  30.86325	 101.93848	  18.36923	       13C
  30.86325	  99.02620	  42.56603	       13C
  32.12430	 102.66652	  51.31807	       13C
  32.12430	 102.66652	 108.46364	       13C
  30.86325	 106.30688	  61.61453	       13C
  32.12430	 108.49108	  38.44741	       13C
  30.86325	 109.21912	  46.68465	       13C
  30.86325	 107.76300	  71.91105	       13C
  32.12430	 108.49108	 117.21563	       13C
  32.12430	 109.94720	 121.33425	       13C
  32.12430	 108.49108	 123.39353	       13C
  32.12430	 111.40332	 131.63077	       13C
  30.86325	 117.95592	  20.42857	       13C
  30.86325	 116.49980	  48.74393	       13C
  32.12430	 120.14012	  96.10785	       13C
  32.12430	 117.22788	 124.93800	       13C
  30.86325	 123.78048	  63.15900	       13C
  32.12430	 127.42080	  16.30995	       13C
  30.86325	 128.14888	  36.90293	       13C
  32.12430	 127.42080	  48.74393	       13C
  32.12430	 125.96468	  50.80320	       13C
  32.12430	 127.42080	  59.55525	       13C
  32.12430	 127.42080	 146.04585	       13C
  30.86325	 131.06112	   9.61725	       13C
  32.12430	 131.78920	  36.38813	       13C
  32.12430	 131.78920	  48.74393	       13C
  30.86325	 132.51728	  73.97033	       13C
  30.86325	 131.06112	 102.28574	       13C
  32.12430	 136.15760	  53.37735	       13C
  30.86325	 135.42952	  59.04045	       13C
  32.12430	 134.70148	  98.68193	       13C
  32.12430	 134.70148	 131.11590	       13C
  30.86325	 138.34180	  71.91105	       13C
  32.12430	 140.52600	 141.41242	       13C
  32.12430	 146.35052	  76.02967	       13C
  30.86325	 142.71020	 110.52292	       13C
  32.12430	 143.43828	 148.10513	       13C
  32.12430	 147.80668	  13.73581	       13C
  32.12430	 149.26280	 110.52292	       13C
  33.38535	   1.46528	 112.58220	       13C
  33.38535	   1.46528	 135.74933	       13C
  33.38535	   0.00912	 145.53104	       13C
  33.38535	   5.83368	  98.68193	       13C
  34.64640	  10.93012	  28.15095	       13C
  33.38535	   8.74592	 100.74127	       13C
  33.38535	   7.28980	 133.69005	       13C
  33.38535	  17.48272	   9.61725	       13C
  33.38535	  17.48272	  69.85177	       13C
  34.64640	  18.21080	  67.27763	       13C
  33.38535	  17.48272	 143.98657	       13C
  33.38535	  18.93888	 149.64960	       13C
  33.38535	  23.30728	  26.09161	       13C
  34.64640	  22.57920	  30.21023	       13C
  34.64640	  21.12308	  49.25873	       13C
  33.38535	  23.30728	  69.33690	       13C
  34.64640	  24.03532	  82.20757	       13C
  34.64640	  21.12308	  87.87060	       13C
  33.38535	  20.39500	 116.70082	       13C
  33.38535	  20.39500	 146.04585	       13C
  33.38535	  24.76340	  22.48785	       13C
  33.38535	  27.67568	  63.15900	       13C
  34.64640	  25.49148	  63.15900	       13C
  33.38535	  32.04408	  24.54713	       13C
  34.64640	  35.68440	  11.67653	       13C
  34.64640	  34.22828	  50.80320	       13C
  33.38535	  36.41248	 117.21563	       13C
  34.64640	  38.59668	   6.01343	       13C
  33.38535	  40.78088	  24.54713	       13C
  33.38535	  39.32472	  32.78437	       13C
  33.38535	  40.78088	  75.51480	       13C
  33.38535	  40.78088	  94.04850	       13C
  34.64640	  38.59668	  94.04850	       13C
  34.64640	  40.05280	 129.05662	       13C
  33.38535	  37.86860	 146.04585	       13C
  33.38535	  37.86860	 147.59032	       13C
  33.38535	  49.51768	  26.09161	       13C
  34.64640	  48.78960	 147.59032	       13C
  33.38535	  52.42992	  38.96227	       13C
  33.38535	  53.88608	  67.79243	       13C
  33.38535	  53.88608	 148.10513	       13C
  33.38535	  56.79832	  57.49597	       13C
  34.64640	  60.43868	  32.26951	       13C
  33.38535	  62.62288	  61.61453	       13C
  34.64640	  66.26320	  42.56603	       13C
  34.64640	  64.80708	  44.62530	       13C
  33.38535	  64.07900	 108.97845	       13C
  34.64640	  72.08772	 114.64154	       13C
  33.38535	  75.72808	   6.01343	       13C
  34.64640	  75.00000	  16.30995	       13C
  34.64640	  76.45612	  52.86255	       13C
  34.64640	  75.00000	  65.73315	       13C
  34.64640	  76.45612	  69.85177	       13C
  34.64640	  77.91228	  24.54713	       13C
  34.64640	  80.82452	  63.67387	       13C
  33.38535	  78.64032	  65.21835	       13C
  34.64640	  77.91228	 135.74933	       13C
  34.64640	  77.91228	 149.64960	       13C
  34.64640	  82.28068	  30.72503	       13C
  33.38535	  84.46488	  36.90293	       13C
  34.64640	  83.73680	  42.56603	       13C
  34.64640	  82.28068	  75.51480	       13C
  33.38535	  81.55260	 104.34502	       13C
  34.64640	  85.19292	 114.64154	       13C
  34.64640	  82.28068	 143.47170	       13C
  33.38535	  87.37712	  40.50675	       13C
  33.38535	  88.83328	  38.44741	       13C
  34.64640	  89.56132	  57.49597	       13C
  33.38535	  88.83328	  69.33690	       13C
  34.64640	  93.92972	 102.28574	       13C
  33.38535	  90.28940	 110.52292	       13C
  34.64640	  98.29812	  83.75205	       13C
  33.38535	 100.48232	  88.38547	       13C
  34.64640	 104.12268	 129.57143	       13C
  34.64640	 111.40332	  32.78437	       13C
  33.38535	 107.76300	  41.02155	       13C
  33.38535	 110.67528	  81.69270	       13C
  33.38535	 109.21912	 114.64154	       13C
  33.38535	 110.67528	 135.74933	       13C
  33.38535	 112.13140	 116.70082	       13C
  33.38535	 117.95592	   3.43935	       13C
  33.38535	 119.41208	  63.15900	       13C
  33.38535	 122.32432	  65.21835	       13C
  34.64640	 124.50852	  71.39625	       13C
  33.38535	 122.32432	  82.20757	       13C
  33.38535	 122.32432	  96.10785	       13C
  34.64640	 123.05240	 108.97845	       13C
  34.64640	 124.50852	 131.63077	       13C
  33.38535	 125.23660	  41.02155	       13C
  34.64640	 127.42080	  91.98922	       13C
  34.64640	 130.33308	  38.44741	       13C
  33.38535	 129.60500	  67.27763	       13C
  34.64640	 133.24532	 126.99734	       13C
  33.38535	 135.42952	  15.79515	       13C
  33.38535	 136.88568	  18.36923	       13C
  33.38535	 133.97340	  30.21023	       13C
  33.38535	 136.88568	  55.43663	       13C
  34.64640	 136.15760	 110.52292	       13C
  34.64640	 134.70148	 124.93800	       13C
  34.64640	 139.06988	  19.91371	       13C
  34.64640	 139.06988	  55.43663	       13C
  34.64640	 146.35052	  38.96227	       13C
  33.38535	 142.71020	  61.09973	       13C
  34.64640	 143.43828	  87.87060	       13C
  34.64640	 144.89440	 110.52292	       13C
  33.38535	 148.53472	  65.21835	       13C
  35.90745	   1.46528	  75.51480	       13C
  37.16850	   0.73720	  84.26685	       13C
  35.90745	   4.37752	  20.42857	       13C
  35.90745	   5.83368	  73.97033	       13C
  35.90745	   2.92140	 122.87872	       13C
  35.90745	   2.92140	 141.41242	       13C
  37.16850	   9.47400	  36.38813	       13C
  35.90745	   7.28980	  71.91105	       13C
  35.90745	   7.28980	  73.45553	       13C
  37.16850	  10.93012	  77.57415	       13C
  35.90745	   7.28980	  78.08895	       13C
  37.16850	   8.01788	 104.85983	       13C
  37.16850	  13.84240	  91.98922	       13C
  37.16850	  19.66692	  26.60647	       13C
  37.16850	  19.66692	  45.14017	       13C
  37.16850	  21.12308	 117.21563	       13C
  35.90745	  26.21952	  89.92995	       13C
  35.90745	  26.21952	 120.81944	       13C
  35.90745	  26.21952	 133.17524	       13C
  37.16850	  25.49148	 149.64960	       13C
  37.16850	  31.31600	  16.30995	       13C
  37.16850	  32.77212	  65.21835	       13C
  35.90745	  32.04408	  73.97033	       13C
  35.90745	  32.04408	  87.87060	       13C
  37.16850	  37.14052	 125.45287	       13C
  35.90745	  40.78088	  12.19133	       13C
  35.90745	  40.78088	  36.90293	       13C
  37.16850	  41.50892	  82.20757	       13C
  35.90745	  40.78088	 148.10513	       13C
  35.90745	  42.23700	  11.67653	       13C
  35.90745	  45.14928	  24.54713	       13C
  35.90745	  43.69312	  65.21835	       13C
  35.90745	  48.06152	  20.42857	       13C
  35.90745	  46.60540	  90.44475	       13C
  37.16850	  53.15800	  24.03233	       13C
  35.90745	  53.88608	  36.90293	       13C
  37.16850	  58.98252	  59.04045	       13C
  35.90745	  55.34220	  67.27763	       13C
  37.16850	  66.26320	  47.19945	       13C
  37.16850	  64.80708	  61.61453	       13C
  37.16850	  64.80708	 123.39353	       13C
  37.16850	  69.17548	  75.51480	       13C
  37.16850	  76.45612	   1.89487	       13C
  35.90745	  75.72808	   1.38001	       13C
  35.90745	  72.81580	  22.48785	       13C
  37.16850	  76.45612	  46.68465	       13C
  35.90745	  74.27192	  59.04045	       13C
  35.90745	  75.72808	 123.39353	       13C
  35.90745	  80.09648	 111.03773	       13C
  37.16850	  80.82452	 125.45287	       13C
  35.90745	  84.46488	  50.80320	       13C
  37.16850	  85.19292	 100.74127	       13C
  37.16850	  85.19292	 120.81944	       13C
  35.90745	  87.37712	  28.15095	       13C
  37.16850	  86.64908	  61.61453	       13C
  37.16850	  89.56132	  69.85177	       13C
  37.16850	  89.56132	 133.17524	       13C
  37.16850	  86.64908	 137.29380	       13C
  37.16850	  96.84200	   3.95415	       13C
  35.90745	  94.65780	  17.85443	       13C
  37.16850	  95.38588	  50.80320	       13C
  37.16850	  95.38588	  61.61453	       13C
  37.16850	  96.84200	  71.91105	       13C
  35.90745	 101.93848	  24.54713	       13C
  35.90745	 101.93848	  26.09161	       13C
  37.16850	  99.75428	  30.72503	       13C
  35.90745	 103.39460	  16.30995	       13C
  35.90745	 107.76300	  36.38813	       13C
  35.90745	 107.76300	  53.37735	       13C
  35.90745	 110.67528	  69.33690	       13C
  37.16850	 109.94720	  79.63342	       13C
  35.90745	 109.21912	 137.80867	       13C
  35.90745	 115.04368	  73.97033	       13C
  35.90745	 119.41208	  50.80320	       13C
  35.90745	 117.95592	  59.04045	       13C
  35.90745	 116.49980	 102.80055	       13C
  37.16850	 117.22788	 123.39353	       13C
  37.16850	 117.22788	 148.10513	       13C
  35.90745	 120.86820	  59.55525	       13C
  35.90745	 120.86820	  96.62265	       13C
  37.16850	 121.59628	  98.68193	       13C
  37.16850	 123.05240	 108.97845	       13C
  37.16850	 125.96468	  43.08083	       13C
  37.16850	 128.87692	  77.57415	       13C
  37.16850	 133.24532	  88.38547	       13C
  35.90745	 131.06112	 125.45287	       13C
  37.16850	 130.33308	 137.29380	       13C
  37.16850	 137.61372	   8.07277	       13C
  37.16850	 136.15760	  17.85443	       13C
  37.16850	 137.61372	  40.50675	       13C
  37.16850	 137.61372	 131.63077	       13C
  35.90745	 138.34180	  36.38813	       13C
  35.90745	 141.25408	  44.62530	       13C
  35.90745	 144.16632	  21.97305	       13C
  35.90745	 149.99088	  13.73581	       13C
  35.90745	 147.07860	  48.74393	       13C
  35.90745	 149.99088	  55.43663	       13C
  35.90745	 148.53472	  77.57415	       13C
  35.90745	 149.99088	  94.04850	       13C
  35.90745	 148.53472	 125.45287	       13C
  38.42955	   0.00912	  20.42857	       13C
  39.69060	   2.19332	  76.02967	       13C
  38.42955	   1.46528	 106.40430	       13C
  39.69060	   3.64948	   7.55791	       13C
  39.69060	   5.10560	  10.13205	       13C
  38.42955	   5.83368	  32.26951	       13C
  38.42955	   8.74592	   9.61725	       13C
  38.42955	   7.28980	  90.44475	       13C
  39.69060	  10.93012	  94.56337	       13C
  38.42955	   7.28980	  98.16712	       13C
  39.69060	   8.01788	 117.21563	       13C
  38.42955	  14.57048	   1.38001	       13C
  39.69060	  12.38628	  50.80320	       13C
  39.69060	  16.75468	  81.69270	       13C
  39.69060	  22.57920	  61.09973	       13C
  38.42955	  21.85112	 137.80867	       13C
  39.69060	  25.49148	  56.98110	       13C
  38.42955	  29.13180	  16.30995	       13C
  39.69060	  29.85988	 123.39353	       13C
  38.42955	  33.50020	  11.67653	       13C
  38.42955	  34.95632	  59.04045	       13C
  39.69060	  37.14052	  77.57415	       13C
  39.69060	  34.22828	 131.11590	       13C
  38.42955	  37.86860	  59.55525	       13C
  38.42955	  43.69312	  51.31807	       13C
  39.69060	  44.42120	  79.63342	       13C
  39.69060	  44.42120	 127.51215	       13C
  39.69060	  42.96508	 137.29380	       13C
  38.42955	  49.51768	  36.90293	       13C
  38.42955	  49.51768	  49.25873	       13C
  39.69060	  53.15800	   5.49863	       13C
  38.42955	  52.42992	  20.42857	       13C
  38.42955	  55.34220	  28.66575	       13C
  39.69060	  56.07028	  50.80320	       13C
  38.42955	  55.34220	  67.27763	       13C
  39.69060	  58.98252	  88.38547	       13C
  39.69060	  56.07028	  86.32613	       13C
  39.69060	  63.35092	  88.38547	       13C
  38.42955	  59.71060	 121.33425	       13C
  38.42955	  64.07900	  11.67653	       13C
  39.69060	  67.71932	 100.74127	       13C
  39.69060	  70.63160	  61.09973	       13C
  38.42955	  71.35968	 137.29380	       13C
  38.42955	  74.27192	  57.49597	       13C
  38.42955	  74.27192	  63.67387	       13C
  38.42955	  74.27192	  71.39625	       13C
  39.69060	  73.54388	  75.51480	       13C
  38.42955	  72.81580	 115.15635	       13C
  39.69060	  79.36840	 115.15635	       13C
  38.42955	  83.00872	 126.99734	       13C
  39.69060	  82.28068	 129.57143	       13C
  39.69060	  88.10520	   5.49863	       13C
  38.42955	  87.37712	  71.39625	       13C
  38.42955	  85.92100	  90.44475	       13C
  38.42955	  88.83328	  92.50403	       13C
  38.42955	  87.37712	 131.63077	       13C
  38.42955	  90.28940	  54.92183	       13C
  38.42955	  90.28940	  59.55525	       13C
  38.42955	  91.74552	  77.57415	       13C
  39.69060	  91.01748	  87.87060	       13C
  39.69060	  98.29812	   3.43935	       13C
  39.69060	  95.38588	 117.21563	       13C
  38.42955	  94.65780	 141.41242	       13C
  39.69060	 101.21040	   5.49863	       13C
  38.42955	 101.93848	  12.19133	       13C
  38.42955	  99.02620	  22.48785	       13C
  39.69060	  99.75428	  86.32613	       13C
  39.69060	 104.12268	  24.54713	       13C
  38.42955	 104.85072	  77.57415	       13C
  39.69060	 105.57880	 116.70082	       13C
  38.42955	 103.39460	 127.51215	       13C
  39.69060	 109.94720	  11.67653	       13C
  39.69060	 108.49108	  38.44741	       13C
  39.69060	 111.40332	  45.14017	       13C
  39.69060	 108.49108	  81.69270	       13C
  39.69060	 109.94720	 135.23452	       13C
  39.69060	 114.31560	  73.45553	       13C
  39.69060	 115.77172	 120.81944	       13C
  39.69060	 112.85948	 131.11590	       13C
  39.69060	 120.14012	   8.07277	       13C
  38.42955	 119.41208	  50.80320	       13C
  38.42955	 116.49980	 115.15635	       13C
  39.69060	 120.14012	 126.99734	       13C
  38.42955	 117.95592	 139.35314	       13C
  38.42955	 122.32432	 133.17524	       13C
  38.42955	 126.69272	   3.43935	       13C
  38.42955	 129.60500	  11.67653	       13C
  39.69060	 136.15760	  47.19945	       13C
  38.42955	 135.42952	  65.21835	       13C
  38.42955	 136.88568	  86.32613	       13C
  38.42955	 136.88568	 123.39353	       13C
  38.42955	 138.34180	  17.85443	       13C
  39.69060	 140.52600	  17.85443	       13C
  38.42955	 138.34180	  53.37735	       13C
  39.69060	 143.43828	  38.44741	       13C
  39.69060	 143.43828	  55.43663	       13C
  38.42955	 144.16632	  89.92995	       13C
  38.42955	 145.62248	  94.04850	       13C
  39.69060	 149.26280	  42.56603	       13C
  38.42955	 148.53472	  51.31807	       13C
  39.69060	 149.26280	 139.86795	       13C
  40.95165	   0.00912	   3.43935	       13C
  40.95165	   1.46528	   7.55791	       13C
  40.95165	   1.46528	  24.54713	       13C
  42.21270	   2.19332	 133.17524	       13C
  40.95165	   2.92140	  47.19945	       13C
  40.95165	   4.37752	 125.45287	       13C
  40.95165	   5.83368	 129.57143	       13C
  42.21270	   5.10560	 147.59032	       13C
  42.21270	   9.47400	  79.63342	       13C
  42.21270	  12.38628	   6.01343	       13C
  40.95165	  11.65820	  17.85443	       13C
  42.21270	  13.84240	  79.63342	       13C
  42.21270	  19.66692	  14.25067	       13C
  42.21270	  16.75468	  26.09161	       13C
  40.95165	  17.48272	  76.02967	       13C
  42.21270	  18.21080	 108.97845	       13C
  42.21270	  19.66692	 125.45287	       13C
  40.95165	  20.39500	  22.48785	       13C
  40.95165	  23.30728	 100.22640	       13C
  42.21270	  26.94760	  28.66575	       13C
  40.95165	  24.76340	  36.38813	       13C
  42.21270	  28.40372	  52.86255	       13C
  40.95165	  29.13180	  28.66575	       13C
  40.95165	  29.13180	  36.38813	       13C
  42.21270	  29.85988	  49.25873	       13C
  40.95165	  29.13180	  65.73315	       13C
  42.21270	  32.77212	 133.17524	       13C
  40.95165	  34.95632	  46.68465	       13C
  40.95165	  39.32472	  46.68465	       13C
  40.95165	  37.86860	  47.19945	       13C
  40.95165	  39.32472	 133.17524	       13C
  40.95165	  40.78088	 137.29380	       13C
  40.95165	  42.23700	  71.91105	       13C
  42.21270	  45.87732	 119.27497	       13C
  42.21270	  47.33348	  24.54713	       13C
  40.95165	  46.60540	  30.21023	       13C
  42.21270	  50.24572	 102.28574	       13C
  40.95165	  49.51768	 106.40430	       13C
  42.21270	  54.61412	  26.60647	       13C
  40.95165	  50.97380	  24.03233	       13C
  40.95165	  53.88608	 131.11590	       13C
  42.21270	  51.70188	 141.92723	       13C
  42.21270	  57.52640	  78.08895	       13C
  42.21270	  58.98252	 120.81944	       13C
  40.95165	  55.34220	 135.23452	       13C
  42.21270	  63.35092	   8.07277	       13C
  40.95165	  62.62288	  32.26951	       13C
  42.21270	  61.89480	  67.27763	       13C
  40.95165	  61.16672	  88.38547	       13C
  40.95165	  62.62288	  94.04850	       13C
  42.21270	  60.43868	 123.39353	       13C
  40.95165	  62.62288	 124.93800	       13C
  42.21270	  64.80708	  55.43663	       13C
  42.21270	  67.71932	  59.04045	       13C
  40.95165	  66.99128	  87.87060	       13C
  42.21270	  64.80708	 100.22640	       13C
  40.95165	  65.53512	 133.17524	       13C
  40.95165	  71.35968	  50.80320	       13C
  40.95165	  71.35968	 100.22640	       13C
  42.21270	  75.00000	  17.85443	       13C
  42.21270	  75.00000	 146.04585	       13C
  42.21270	  77.91228	   6.01343	       13C
  40.95165	  80.09648	  36.90293	       13C
  42.21270	  79.36840	  42.56603	       13C
  42.21270	  80.82452	  94.56337	       13C
  40.95165	  80.09648	 104.85983	       13C
  42.21270	  79.36840	 127.51215	       13C
  42.21270	  82.28068	  73.97033	       13C
  42.21270	  85.19292	  88.38547	       13C
  40.95165	  84.46488	 123.39353	       13C
  42.21270	  88.10520	  36.38813	       13C
  42.21270	  89.56132	  69.85177	       13C
  42.21270	  86.64908	 129.57143	       13C
  42.21270	  89.56132	 139.35314	       13C
  42.21270	  93.92972	   8.07277	       13C
  40.95165	  90.28940	   5.49863	       13C
  40.95165	  93.20168	  12.19133	       13C
  42.21270	  92.47360	 104.34502	       13C
  42.21270	  91.01748	 123.39353	       13C
  42.21270	  98.29812	  46.68465	       13C
  40.95165	  94.65780	  71.91105	       13C
  40.95165	  96.11392	 106.91917	       13C
  42.21270	  95.38588	 117.21563	       13C
  42.21270	 107.03492	  40.50675	       13C
  40.95165	 104.85072	  51.31807	       13C
  42.21270	 104.12268	  63.15900	       13C
  40.95165	 106.30688	  67.79243	       13C
  40.95165	 104.85072	  94.56337	       13C
  40.95165	 107.76300	  61.09973	       13C
  42.21270	 109.94720	 141.41242	       13C
  40.95165	 113.58752	  40.50675	       13C
  40.95165	 112.13140	  84.26685	       13C
  40.95165	 117.95592	  15.79515	       13C
  40.95165	 116.49980	  16.30995	       13C
  42.21270	 117.22788	 135.74933	       13C
  40.95165	 120.86820	   5.49863	       13C
  40.95165	 122.32432	  32.78437	       13C
  40.95165	 120.86820	  54.92183	       13C
  40.95165	 120.86820	 104.34502	       13C
  42.21270	 125.96468	  73.97033	       13C
  42.21270	 128.87692	  77.57415	       13C
  42.21270	 133.24532	   8.07277	       13C
  40.95165	 131.06112	  15.79515	       13C
  42.21270	 133.24532	  83.75205	       13C
  42.21270	 134.70148	   7.55791	       13C
  40.95165	 135.42952	  15.79515	       13C
  40.95165	 135.42952	 100.74127	       13C
  42.21270	 141.98212	  21.97305	       13C
  42.21270	 141.98212	  51.31807	       13C
  40.95165	 138.34180	  85.81132	       13C
  42.21270	 143.43828	   7.55791	       13C
  40.95165	 144.16632	  15.79515	       13C
  42.21270	 144.89440	  71.91105	       13C
  40.95165	 144.16632	 106.91917	       13C
  42.21270	 143.43828	 112.58220	       13C
  40.95165	 144.16632	 133.17524	       13C
  40.95165	 145.62248	 141.92723	       13C
  40.95165	 148.53472	  52.86255	       13C
  42.21270	 149.26280	  90.44475	       13C
  44.73480	   0.73720	  84.26685	       13C
  44.73480	   6.56172	  20.42857	       13C
  44.73480	   6.56172	  28.15095	       13C
  43.47375	   4.37752	  46.68465	       13C
  43.47375	   2.92140	  48.74393	       13C
  44.73480	   5.10560	  61.09973	       13C
  43.47375	   5.83368	  87.87060	       13C
  43.47375	   7.28980	  17.85443	       13C
  44.73480	  10.93012	  26.60647	       13C
  44.73480	   8.01788	 117.21563	       13C
  44.73480	  10.93012	 143.98657	       13C
  44.73480	  15.29852	  40.50675	       13C
  44.73480	  12.38628	  38.44741	       13C
  43.47375	  13.11432	  45.14017	       13C
  44.73480	  15.29852	 119.27497	       13C
  44.73480	  18.21080	  24.03233	       13C
  43.47375	  16.02660	 141.41242	       13C
  43.47375	  23.30728	  12.19133	       13C
  43.47375	  20.39500	  79.63342	       13C
  43.47375	  21.85112	 106.91917	       13C
  44.73480	  25.49148	  49.25873	       13C
  43.47375	  27.67568	  69.33690	       13C
  44.73480	  26.94760	 147.59032	       13C
  44.73480	  34.22828	  13.73581	       13C
  44.73480	  35.68440	  41.02155	       13C
  44.73480	  34.22828	  43.08083	       13C
  44.73480	  35.68440	 122.87872	       13C
  44.73480	  40.05280	   3.95415	       13C
  43.47375	  37.86860	   5.49863	       13C
  44.73480	  41.50892	  34.32885	       13C
  44.73480	  41.50892	  57.49597	       13C
  44.73480	  41.50892	  77.57415	       13C
  44.73480	  41.50892	  83.75205	       13C
  43.47375	  37.86860	 141.41242	       13C
  44.73480	  40.05280	 141.41242	       13C
  44.73480	  45.87732	  51.31807	       13C
  43.47375	  45.14928	  69.33690	       13C
  43.47375	  43.69312	 100.74127	       13C
  43.47375	  46.60540	  85.81132	       13C
  43.47375	  46.60540	 121.33425	       13C
  44.73480	  54.61412	  63.67387	       13C
  44.73480	  53.15800	  71.91105	       13C
  43.47375	  56.79832	  28.15095	       13C
  43.47375	  55.34220	  61.09973	       13C
  43.47375	  55.34220	 122.87872	       13C
  43.47375	  61.16672	  14.25067	       13C
  44.73480	  60.43868	  55.43663	       13C
  43.47375	  59.71060	 110.52292	       13C
  43.47375	  64.07900	  73.45553	       13C
  44.73480	  66.26320	  78.08895	       13C
  44.73480	  66.26320	  98.16712	       13C
  43.47375	  71.35968	  32.26951	       13C
  43.47375	  75.72808	  81.69270	       13C
  43.47375	  74.27192	  94.56337	       13C
  43.47375	  80.09648	  12.19133	       13C
  44.73480	  79.36840	 116.70082	       13C
  44.73480	  79.36840	 146.04585	       13C
  43.47375	  81.55260	  61.09973	       13C
  43.47375	  84.46488	  67.79243	       13C
  44.73480	  82.28068	  67.79243	       13C
  43.47375	  84.46488	  98.68193	       13C
  44.73480	  86.64908	  18.36923	       13C
  44.73480	  89.56132	  65.21835	       13C
  44.73480	  86.64908	  69.33690	       13C
  43.47375	  85.92100	  78.08895	       13C
  44.73480	  89.56132	  88.38547	       13C
  44.73480	  88.10520	  98.16712	       13C
  43.47375	  88.83328	 106.40430	       13C
  43.47375	  93.20168	  26.09161	       13C
  44.73480	  91.01748	  55.43663	       13C
  44.73480	  91.01748	 111.03773	       13C
  43.47375	  93.20168	 137.29380	       13C
  43.47375	  96.11392	   8.07277	       13C
  43.47375	  96.11392	  38.96227	       13C
  44.73480	  96.84200	  84.26685	       13C
  43.47375	  96.11392	 108.46364	       13C
  43.47375	  99.02620	  84.26685	       13C
  43.47375	 100.48232	 106.91917	       13C
  43.47375	 106.30688	  18.36923	       13C
  43.47375	 106.30688	  38.44741	       13C
  43.47375	 103.39460	  59.55525	       13C
  43.47375	 103.39460	 141.41242	       13C
  43.47375	 110.67528	   1.38001	       13C
  43.47375	 109.21912	  21.97305	       13C
  44.73480	 108.49108	  92.50403	       13C
  44.73480	 108.49108	 104.85983	       13C
  44.73480	 111.40332	 113.09707	       13C
  43.47375	 107.76300	 129.05662	       13C
  43.47375	 115.04368	   7.55791	       13C
  43.47375	 113.58752	  52.86255	       13C
  44.73480	 112.85948	  50.80320	       13C
  43.47375	 112.13140	  65.73315	       13C
  43.47375	 119.41208	   1.38001	       13C
  44.73480	 117.22788	  24.54713	       13C
  43.47375	 116.49980	  47.19945	       13C
  44.73480	 117.22788	  67.79243	       13C
  43.47375	 116.49980	 129.05662	       13C
  43.47375	 120.86820	  48.74393	       13C
  44.73480	 127.42080	  16.30995	       13C
  44.73480	 128.87692	  71.39625	       13C
  43.47375	 135.42952	  15.79515	       13C
  43.47375	 136.88568	  26.09161	       13C
  44.73480	 136.15760	  34.84365	       13C
  43.47375	 136.88568	  55.43663	       13C
  44.73480	 141.98212	   9.61725	       13C
  44.73480	 141.98212	  34.32885	       13C
  44.73480	 139.06988	  49.25873	       13C
  44.73480	 146.35052	 119.27497	       13C
  44.73480	 147.80668	  24.54713	       13C
  43.47375	 149.99088	  75.51480	       13C
  44.73480	 147.80668	  92.50403	       13C
  43.47375	 149.99088	 123.39353	       13C
  43.47375	 149.99088	 148.10513	       13C
  47.25690	   0.73720	   5.49863	       13C
  45.99585	   1.46528	  81.69270	       13C
  45.99585	   0.00912	 143.98657	       13C
  45.99585	   4.37752	 113.09707	       13C
  47.25690	   6.56172	 119.27497	       13C
  47.25690	   9.47400	  67.27763	       13C
  47.25690	  13.84240	   5.49863	       13C
  45.99585	  14.57048	  13.73581	       13C
  47.25690	  13.84240	  42.56603	       13C
  45.99585	  13.11432	  57.49597	       13C
  45.99585	  11.65820	 133.69005	       13C
  45.99585	  17.48272	  14.25067	       13C
  45.99585	  16.02660	  79.63342	       13C
  47.25690	  21.12308	  73.97033	       13C
  45.99585	  24.76340	  36.38813	       13C
  47.25690	  28.40372	  40.50675	       13C
  45.99585	  27.67568	  67.79243	       13C
  47.25690	  25.49148	  81.69270	       13C
  47.25690	  25.49148	  98.68193	       13C
  45.99585	  29.13180	 147.59032	       13C
  45.99585	  36.41248	  98.68193	       13C
  47.25690	  34.22828	 117.21563	       13C
  47.25690	  35.68440	 129.05662	       13C
  45.99585	  37.86860	  34.84365	       13C
  45.99585	  37.86860	  53.37735	       13C
  47.25690	  41.50892	 131.63077	       13C
  47.25690	  41.50892	 139.35314	       13C
  47.25690	  45.87732	   8.07277	       13C
  47.25690	  45.87732	  82.20757	       13C
  47.25690	  44.42120	 127.51215	       13C
  47.25690	  48.78960	  10.13205	       13C
  45.99585	  49.51768	  18.36923	       13C
  45.99585	  49.51768	  73.97033	       13C
  45.99585	  46.60540	  78.08895	       13C
  47.25690	  47.33348	 106.40430	       13C
  47.25690	  50.24572	 139.35314	       13C
  47.25690	  51.70188	  19.91371	       13C
  45.99585	  50.97380	  42.56603	       13C
  45.99585	  50.97380	 133.69005	       13C
  45.99585	  50.97380	 139.86795	       13C
  47.25690	  58.98252	  45.14017	       13C
  45.99585	  55.34220	 146.04585	       13C
  47.25690	  63.35092	   3.43935	       13C
  47.25690	  61.89480	  84.26685	       13C
  45.99585	  64.07900	  11.67653	       13C
  45.99585	  64.07900	  34.84365	       13C
  45.99585	  66.99128	  63.15900	       13C
  47.25690	  67.71932	  94.56337	       13C
  45.99585	  66.99128	 112.58220	       13C
  47.25690	  72.08772	  63.67387	       13C
  45.99585	  68.44740	  79.63342	       13C
  45.99585	  69.90352	  94.56337	       13C
  47.25690	  70.63160	  91.98922	       13C
  47.25690	  72.08772	 137.80867	       13C
  45.99585	  74.27192	  21.97305	       13C
  45.99585	  74.27192	  52.86255	       13C
  47.25690	  73.54388	  67.79243	       13C
  47.25690	  73.54388	 135.74933	       13C
  45.99585	  78.64032	  28.15095	       13C
  47.25690	  77.91228	  43.08083	       13C
  47.25690	  77.91228	  73.97033	       13C
  45.99585	  78.64032	 133.17524	       13C
  45.99585	  77.18420	 147.59032	       13C
  47.25690	  85.19292	  40.50675	       13C
  45.99585	  81.55260	  71.91105	       13C
  47.25690	  82.28068	 143.47170	       13C
  45.99585	  88.83328	  69.33690	       13C
  47.25690	  88.10520	 104.34502	       13C
  45.99585	  93.20168	   1.38001	       13C
  47.25690	  92.47360	 110.52292	       13C
  45.99585	  94.65780	  65.73315	       13C
  47.25690	  98.29812	 126.99734	       13C
  47.25690	 102.66652	  26.60647	       13C
  45.99585	 103.39460	  36.38813	       13C
  45.99585	 104.85072	  45.14017	       13C
  47.25690	 107.03492	  69.85177	       13C
  45.99585	 107.76300	   5.49863	       13C
  45.99585	 109.21912	  28.15095	       13C
  45.99585	 109.21912	  45.14017	       13C
  47.25690	 109.94720	 146.04585	       13C
  45.99585	 113.58752	   3.43935	       13C
  45.99585	 112.13140	  30.21023	       13C
  45.99585	 112.13140	  67.27763	       13C
  47.25690	 115.77172	 119.27497	       13C
  47.25690	 120.14012	  45.14017	       13C
  45.99585	 119.41208	  49.25873	       13C
  47.25690	 120.14012	 108.46364	       13C
  47.25690	 121.59628	 106.40430	       13C
  47.25690	 121.59628	 143.47170	       13C
  45.99585	 126.69272	  20.42857	       13C
  45.99585	 128.14888	  26.09161	       13C
  45.99585	 128.14888	  87.87060	       13C
  45.99585	 128.14888	  94.04850	       13C
  45.99585	 129.60500	  10.13205	       13C
  45.99585	 132.51728	  67.79243	       13C
  45.99585	 129.60500	 110.52292	       13C
  47.25690	 137.61372	  82.20757	       13C
  45.99585	 133.97340	 102.80055	       13C
  47.25690	 137.61372	 119.27497	       13C
  45.99585	 138.34180	   3.95415	       13C
  45.99585	 141.25408	  12.19133	       13C
  45.99585	 144.16632	  63.67387	       13C
  45.99585	 145.62248	  67.79243	       13C
  45.99585	 144.16632	  89.92995	       13C
  45.99585	 149.99088	 143.47170	       13C
  49.77900	   0.73720	  78.08895	       13C
  49.77900	   0.73720	 104.34502	       13C
  48.51795	   5.83368	  12.19133	       13C
  49.77900	   9.47400	  28.66575	       13C
  49.77900	  10.93012	 126.99734	       13C
  49.77900	  15.29852	  20.42857	       13C
  48.51795	  18.93888	  30.72503	       13C
  48.51795	  17.48272	  51.31807	       13C
  48.51795	  17.48272	  71.39625	       13C
  49.77900	  19.66692	  96.10785	       13C
  49.77900	  21.12308	  55.43663	       13C
  49.77900	  24.03532	 114.64154	       13C
  48.51795	  20.39500	 133.69005	       13C
  48.51795	  26.21952	   8.07277	       13C
  48.51795	  27.67568	  69.33690	       13C
  48.51795	  27.67568	  80.14823	       13C
  48.51795	  27.67568	 100.22640	       13C
  49.77900	  26.94760	 104.34502	       13C
  49.77900	  28.40372	 145.53104	       13C
  49.77900	  25.49148	 148.10513	       13C
  48.51795	  30.58792	  14.25067	       13C
  49.77900	  29.85988	  50.80320	       13C
  48.51795	  29.13180	  54.92183	       13C
  49.77900	  32.77212	  77.57415	       13C
  48.51795	  32.04408	 100.22640	       13C
  48.51795	  29.13180	 135.23452	       13C
  48.51795	  37.86860	   3.95415	       13C
  48.51795	  39.32472	  14.25067	       13C
  49.77900	  44.42120	  65.73315	       13C
  48.51795	  52.42992	  34.32885	       13C
  48.51795	  53.88608	  43.08083	       13C
  49.77900	  51.70188	  67.79243	       13C
  49.77900	  54.61412	  89.92995	       13C
  49.77900	  53.15800	 104.34502	       13C
  49.77900	  51.70188	 143.47170	       13C
  49.77900	  58.98252	   1.89487	       13C
  48.51795	  55.34220	  22.48785	       13C
  49.77900	  58.98252	  34.32885	       13C
  49.77900	  58.98252	  51.31807	       13C
  49.77900	  57.52640	  59.55525	       13C
  49.77900	  56.07028	 104.85983	       13C
  48.51795	  61.16672	  52.86255	       13C
  48.51795	  62.62288	  67.79243	       13C
  49.77900	  60.43868	  94.04850	       13C
  48.51795	  61.16672	 108.46364	       13C
  48.51795	  59.71060	 141.41242	       13C
  49.77900	  64.80708	  49.25873	       13C
  49.77900	  69.17548	  24.54713	       13C
  49.77900	  70.63160	  28.66575	       13C
  48.51795	  68.44740	 115.15635	       13C
  48.51795	  68.44740	 147.59032	       13C
  48.51795	  72.81580	   3.95415	       13C
  49.77900	  76.45612	  20.42857	       13C
  49.77900	  75.00000	  22.48785	       13C
  49.77900	  76.45612	  46.68465	       13C
  49.77900	  76.45612	  82.20757	       13C
  48.51795	  75.72808	 117.21563	       13C
  48.51795	  75.72808	 141.92723	       13C
  48.51795	  78.64032	  89.92995	       13C
  49.77900	  79.36840	 102.80055	       13C
  49.77900	  80.82452	 108.46364	       13C
  48.51795	  84.46488	 111.03773	       13C
  49.77900	  89.56132	   8.07277	       13C
  49.77900	  86.64908	  75.51480	       13C
  49.77900	  93.92972	  28.15095	       13C
  49.77900	  91.01748	  50.80320	       13C
  49.77900	  92.47360	  54.92183	       13C
  48.51795	  90.28940	  67.27763	       13C
  49.77900	  93.92972	 139.35314	       13C
  48.51795	  96.11392	  46.68465	       13C
  48.51795	  97.57008	 148.10513	       13C
  48.51795	 100.48232	   1.89487	       13C
  48.51795	 100.48232	  14.25067	       13C
  49.77900	 102.66652	  52.86255	       13C
  48.51795	 100.48232	  63.67387	       13C
  49.77900	 102.66652	  65.21835	       13C
  49.77900	 102.66652	 108.46364	       13C
  48.51795	 103.39460	  11.67653	       13C
  49.77900	 105.57880	  47.19945	       13C
  48.51795	 106.30688	  80.14823	       13C
  49.77900	 109.94720	  30.21023	       13C
  49.77900	 111.40332	 120.81944	       13C
  48.51795	 110.67528	 118.76010	       13C
  48.51795	 113.58752	 126.99734	       13C
  49.77900	 120.14012	   1.89487	       13C
  49.77900	 120.14012	  63.67387	       13C
  49.77900	 117.22788	  61.61453	       13C
  49.77900	 124.50852	   3.43935	       13C
  48.51795	 122.32432	  28.15095	       13C
  49.77900	 123.05240	  30.21023	       13C
  49.77900	 123.05240	  34.84365	       13C
  49.77900	 121.59628	 100.22640	       13C
  48.51795	 122.32432	 125.45287	       13C
  48.51795	 126.69272	  20.42857	       13C
  48.51795	 125.23660	  54.92183	       13C
  48.51795	 126.69272	  89.92995	       13C
  48.51795	 125.23660	 108.97845	       13C
  48.51795	 131.06112	   3.43935	       13C
  48.51795	 132.51728	  26.09161	       13C
  49.77900	 130.33308	 104.85983	       13C
  49.77900	 131.78920	 122.87872	       13C
  48.51795	 133.97340	  28.66575	       13C
  49.77900	 139.06988	  55.43663	       13C
  48.51795	 141.25408	 129.57143	       13C
  48.51795	 139.79792	 133.17524	       13C
  48.51795	 142.71020	 122.87872	       13C
  48.51795	 148.53472	  32.78437	       13C
  48.51795	 148.53472	  65.21835	       13C
  48.51795	 147.07860	  90.44475	       13C
  51.04005	   1.46528	 111.03773	       13C
  52.30110	   0.73720	 127.51215	       13C
  52.30110	   3.64948	  44.62530	       13C
  51.04005	   8.74592	  63.67387	       13C
  51.04005	   8.74592	 125.45287	       13C
  52.30110	   9.47400	 135.23452	       13C
  52.30110	  12.38628	  19.91371	       13C
  52.30110	  12.38628	  36.90293	       13C
  52.30110	  15.29852	 108.46364	       13C
  52.30110	  16.75468	  49.25873	       13C
  51.04005	  16.02660	  53.37735	       13C
  51.04005	  16.02660	  65.73315	       13C
  51.04005	  17.48272	 114.64154	       13C
  51.04005	  21.85112	  71.39625	       13C
  52.30110	  22.57920	 104.34502	       13C
  51.04005	  20.39500	 108.97845	       13C
  51.04005	  27.67568	  43.08083	       13C
  51.04005	  24.76340	  59.55525	       13C
  52.30110	  25.49148	  80.14823	       13C
  51.04005	  24.76340	 116.70082	       13C
  52.30110	  28.40372	 120.81944	       13C
  51.04005	  24.76340	 133.69005	       13C
  52.30110	  32.77212	  96.10785	       13C
  51.04005	  32.04408	 135.74933	       13C
  51.04005	  34.95632	  21.97305	       13C
  52.30110	  37.14052	  46.68465	       13C
  52.30110	  37.14052	  71.39625	       13C
  52.30110	  41.50892	 125.45287	       13C
  52.30110	  45.87732	  21.97305	       13C
  52.30110	  44.42120	  48.74393	       13C
  51.04005	  42.23700	  96.62265	       13C
  52.30110	  44.42120	  96.62265	       13C
  51.04005	  48.06152	  32.78437	       13C
  51.04005	  48.06152	  57.49597	       13C
  52.30110	  48.78960	  54.92183	       13C
  51.04005	  49.51768	  87.87060	       13C
  51.04005	  49.51768	 117.21563	       13C
  52.30110	  47.33348	 135.74933	       13C
  51.04005	  50.97380	  10.13205	       13C
  51.04005	  52.42992	  14.25067	       13C
  51.04005	  52.42992	  57.49597	       13C
  52.30110	  54.61412	  94.56337	       13C
  51.04005	  50.97380	 108.97845	       13C
  52.30110	  51.70188	 148.10513	       13C
  51.04005	  58.25448	  36.90293	       13C
  51.04005	  56.79832	 114.64154	       13C
  52.30110	  58.98252	 145.53104	       13C
  52.30110	  63.35092	  20.42857	       13C
  52.30110	  61.89480	  22.48785	       13C
  52.30110	  60.43868	 129.57143	       13C
  51.04005	  61.16672	 133.17524	       13C
  52.30110	  66.26320	 133.69005	       13C
  52.30110	  69.17548	   1.38001	       13C
  52.30110	  72.08772	   8.07277	       13C
  52.30110	  70.63160	  71.91105	       13C
  52.30110	  69.17548	  73.97033	       13C
  51.04005	  69.90352	 119.27497	       13C
  51.04005	  69.90352	 133.17524	       13C
  52.30110	  75.00000	  22.48785	       13C
  52.30110	  76.45612	  46.68465	       13C
  51.04005	  72.81580	 146.04585	       13C
  52.30110	  80.82452	  34.32885	       13C
  51.04005	  80.09648	  92.50403	       13C
  52.30110	  77.91228	  98.68193	       13C
  52.30110	  80.82452	 133.17524	       13C
  52.30110	  79.36840	 139.86795	       13C
  51.04005	  81.55260	  71.91105	       13C
  52.30110	  82.28068	 124.93800	       13C
  52.30110	  88.10520	 108.97845	       13C
  52.30110	  91.01748	  30.72503	       13C
  52.30110	  92.47360	  71.91105	       13C
  51.04005	  90.28940	  98.16712	       13C
  52.30110	  95.38588	  38.44741	       13C
  51.04005	  94.65780	  61.09973	       13C
  52.30110	  96.84200	  90.44475	       13C
  51.04005	  97.57008	 112.58220	       13C
  52.30110	  96.84200	 115.15635	       13C
  51.04005	  94.65780	 141.41242	       13C
  52.30110	  99.75428	  32.26951	       13C
  52.30110	 102.66652	  71.39625	       13C
  51.04005	 100.48232	  77.57415	       13C
  51.04005	  99.02620	 104.34502	       13C
  51.04005	 107.76300	  41.02155	       13C
  52.30110	 111.40332	  46.68465	       13C
  52.30110	 111.40332	  69.85177	       13C
  52.30110	 108.49108	  75.51480	       13C
  52.30110	 109.94720	  84.26685	       13C
  51.04005	 115.04368	  38.44741	       13C
  52.30110	 112.85948	  56.98110	       13C
  51.04005	 119.41208	   6.01343	       13C
  52.30110	 120.14012	  26.60647	       13C
  51.04005	 119.41208	  49.25873	       13C
  51.04005	 117.95592	  71.39625	       13C
  52.30110	 120.14012	 106.91917	       13C
  52.30110	 124.50852	   9.61725	       13C
  51.04005	 122.32432	  88.38547	       13C
  52.30110	 124.50852	  88.38547	       13C
  51.04005	 128.14888	 143.47170	       13C
  51.04005	 132.51728	  18.36923	       13C
  52.30110	 133.24532	  46.68465	       13C
  51.04005	 131.06112	 106.91917	       13C
  51.04005	 129.60500	 122.87872	       13C
  51.04005	 133.97340	  59.55525	       13C
  51.04005	 136.88568	 117.21563	       13C
  52.30110	 141.98212	  34.32885	       13C
  52.30110	 143.43828	  86.32613	       13C
  51.04005	 144.16632	  89.92995	       13C
  52.30110	 144.89440	 102.80055	       13C
  51.04005	 142.71020	 110.52292	       13C
  51.04005	 147.07860	  24.03233	       13C
  51.04005	 149.99088	  36.90293	       13C
  51.04005	 148.53472	  65.21835	       13C
  52.30110	 147.80668	  94.04850	       13C
  54.82320	   2.19332	  20.42857	       13C
  53.56215	   1.46528	  80.14823	       13C
  54.82320	   6.56172	 120.81944	       13C
  54.82320	  13.84240	  34.84365	       13C
  53.56215	  13.11432	  63.67387	       13C
  54.82320	  13.84240	 104.34502	       13C
  53.56215	  21.85112	 119.27497	       13C
  54.82320	  26.94760	 110.52292	       13C
  53.56215	  29.13180	  67.27763	       13C
  53.56215	  30.58792	 131.63077	       13C
  54.82320	  35.68440	  59.55525	       13C
  54.82320	  34.22828	 129.57143	       13C
  54.82320	  41.50892	   8.07277	       13C
  53.56215	  37.86860	  10.13205	       13C
  53.56215	  39.32472	  34.32885	       13C
  53.56215	  40.78088	  73.97033	       13C
  53.56215	  40.78088	 106.40430	       13C
  54.82320	  38.59668	 137.29380	       13C
  53.56215	  43.69312	  21.97305	       13C
  53.56215	  43.69312	  32.78437	       13C
  54.82320	  42.96508	  80.14823	       13C
  53.56215	  43.69312	  83.75205	       13C
  54.82320	  44.42120	 139.86795	       13C
  54.82320	  50.24572	   3.43935	       13C
  53.56215	  46.60540	  53.37735	       13C
  53.56215	  49.51768	  61.61453	       13C
  53.56215	  48.06152	 106.91917	       13C
  53.56215	  50.97380	   3.95415	       13C
  53.56215	  53.88608	   6.01343	       13C
  53.56215	  50.97380	 102.80055	       13C
  53.56215	  58.25448	  49.25873	       13C
  54.82320	  57.52640	  54.92183	       13C
  54.82320	  57.52640	  85.81132	       13C
  53.56215	  56.79832	 119.27497	       13C
  54.82320	  63.35092	  28.15095	       13C
  53.56215	  65.53512	  65.21835	       13C
  54.82320	  64.80708	  80.14823	       13C
  53.56215	  69.90352	  26.60647	       13C
  54.82320	  73.54388	  18.36923	       13C
  54.82320	  75.00000	  36.38813	       13C
  54.82320	  75.00000	 108.97845	       13C
  53.56215	  72.81580	 115.15635	       13C
  53.56215	  75.72808	 129.57143	       13C
  54.82320	  73.54388	 149.64960	       13C
  53.56215	  80.09648	  73.97033	       13C
  53.56215	  80.09648	  81.69270	       13C
  53.56215	  83.00872	  45.14017	       13C
  53.56215	  85.92100	  36.38813	       13C
  54.82320	  88.10520	 108.97845	       13C
  54.82320	  89.56132	 114.64154	       13C
  53.56215	  85.92100	 133.69005	       13C
  54.82320	  92.47360	   3.95415	       13C
  53.56215	  90.28940	  28.66575	       13C
  54.82320	  95.38588	  19.91371	       13C
  54.82320	  98.29812	  32.78437	       13C
  53.56215	  99.02620	  41.02155	       13C
  53.56215	 100.48232	  82.20757	       13C
  53.56215	 101.93848	  98.68193	       13C
  53.56215	 104.85072	  21.97305	       13C
  53.56215	 103.39460	  98.16712	       13C
  53.56215	 104.85072	 113.09707	       13C
  54.82320	 108.49108	  43.08083	       13C
  54.82320	 111.40332	 126.99734	       13C
  54.82320	 108.49108	 141.92723	       13C
  54.82320	 114.31560	   3.95415	       13C
  54.82320	 112.85948	  18.36923	       13C
  54.82320	 114.31560	  22.48785	       13C
  54.82320	 117.22788	  63.15900	       13C
  54.82320	 118.68400	 104.34502	       13C
  54.82320	 123.05240	  16.30995	       13C
  53.56215	 123.78048	  26.09161	       13C
  54.82320	 123.05240	  67.27763	       13C
  53.56215	 128.14888	  87.87060	       13C
  54.82320	 131.78920	  48.74393	       13C
  54.82320	 131.78920	  85.81132	       13C
  54.82320	 131.78920	  90.44475	       13C
  53.56215	 133.97340	  73.45553	       13C
  54.82320	 134.70148	 131.11590	       13C
  53.56215	 141.25408	 111.03773	       13C
  53.56215	 142.71020	  30.21023	       13C
  53.56215	 144.16632	  69.85177	       13C
  53.56215	 145.62248	  80.14823	       13C
  53.56215	 144.16632	  83.75205	       13C
  53.56215	 149.99088	   1.38001	       13C
  54.82320	 149.26280	  41.02155	       13C
  53.56215	 149.99088	  61.61453	       13C
  53.56215	 149.99088	  73.97033	       13C
  56.08425	   0.00912	 106.91917	       13C
  56.08425	   5.83368	  80.14823	       13C
  57.34530	   5.10560	 122.87872	       13C
  57.34530	   6.56172	 143.98657	       13C
  57.34530	  10.93012	  28.15095	       13C
  57.34530	  10.93012	  32.78437	       13C
  56.08425	   7.28980	 108.97845	       13C
  57.34530	   9.47400	 108.97845	       13C
  57.34530	  13.84240	  71.91105	       13C
  56.08425	  14.57048	  94.04850	       13C
  57.34530	  19.66692	  20.42857	       13C
  57.34530	  16.75468	  86.32613	       13C
  57.34530	  16.75468	  92.50403	       13C
  57.34530	  16.75468	 106.40430	       13C
  56.08425	  16.02660	 115.15635	       13C
  57.34530	  18.21080	 116.70082	       13C
  57.34530	  22.57920	  30.21023	       13C
  56.08425	  20.39500	  48.74393	       13C
  56.08425	  21.85112	  96.10785	       13C
  56.08425	  23.30728	  94.04850	       13C
  57.34530	  21.12308	 106.40430	       13C
  57.34530	  22.57920	 129.05662	       13C
  57.34530	  25.49148	  69.33690	       13C
  56.08425	  27.67568	 100.22640	       13C
  56.08425	  26.21952	 131.63077	       13C
  57.34530	  29.85988	  19.91371	       13C
  57.34530	  32.77212	 145.53104	       13C
  57.34530	  31.31600	 146.04585	       13C
  57.34530	  34.22828	   7.55791	       13C
  57.34530	  35.68440	  16.30995	       13C
  56.08425	  39.32472	 102.28574	       13C
  56.08425	  43.69312	  59.04045	       13C
  57.34530	  42.96508	 112.58220	       13C
  57.34530	  45.87732	 137.80867	       13C
  57.34530	  44.42120	 139.86795	       13C
  56.08425	  46.60540	  10.13205	       13C
  56.08425	  49.51768	  43.08083	       13C
  56.08425	  49.51768	  61.61453	       13C
  56.08425	  52.42992	  46.68465	       13C
  56.08425	  52.42992	 125.45287	       13C
  56.08425	  56.79832	   9.61725	       13C
  57.34530	  56.07028	  32.26951	       13C
  57.34530	  61.89480	  36.38813	       13C
  57.34530	  61.89480	  73.45553	       13C
  56.08425	  59.71060	  85.81132	       13C
  56.08425	  61.16672	  89.92995	       13C
  57.34530	  63.35092	 120.81944	       13C
  56.08425	  66.99128	 129.57143	       13C
  56.08425	  68.44740	   3.95415	       13C
  56.08425	  68.44740	  84.26685	       13C
  56.08425	  71.35968	 100.22640	       13C
  57.34530	  72.08772	 125.45287	       13C
  57.34530	  76.45612	  21.97305	       13C
  57.34530	  73.54388	  19.91371	       13C
  56.08425	  75.72808	  49.25873	       13C
  57.34530	  73.54388	  63.15900	       13C
  57.34530	  80.82452	   3.43935	       13C
  56.08425	  80.09648	  24.54713	       13C
  56.08425	  77.18420	  47.19945	       13C
  57.34530	  82.28068	  24.54713	       13C
  56.08425	  81.55260	  54.92183	       13C
  56.08425	  81.55260	  91.98922	       13C
  57.34530	  82.28068	 111.03773	       13C
  57.34530	  86.64908	  36.90293	       13C
  57.34530	  88.10520	  96.62265	       13C
  57.34530	  89.56132	 120.81944	       13C
  57.34530	  92.47360	  84.26685	       13C
  56.08425	  93.20168	 118.76010	       13C
  57.34530	  91.01748	 137.29380	       13C
  56.08425	  94.65780	   3.95415	       13C
  56.08425	  96.11392	  15.79515	       13C
  57.34530	  96.84200	  84.26685	       13C
  56.08425	  96.11392	  96.10785	       13C
  57.34530	  98.29812	 106.91917	       13C
  56.08425	  96.11392	 113.09707	       13C
  57.34530	 101.21040	  34.84365	       13C
  57.34530	 102.66652	  46.68465	       13C
  56.08425	 101.93848	  67.79243	       13C
  56.08425	 100.48232	 100.74127	       13C
  57.34530	 102.66652	 120.81944	       13C
  56.08425	  99.02620	 129.05662	       13C
  56.08425	 100.48232	 133.17524	       13C
  56.08425	 106.30688	  12.19133	       13C
  57.34530	 105.57880	  22.48785	       13C
  57.34530	 107.03492	  59.04045	       13C
  56.08425	 106.30688	 141.92723	       13C
  56.08425	 109.21912	 114.64154	       13C
  56.08425	 113.58752	 139.35314	       13C
  56.08425	 119.41208	  49.25873	       13C
  57.34530	 118.68400	 115.15635	       13C
  57.34530	 123.05240	  16.30995	       13C
  56.08425	 122.32432	  77.57415	       13C
  57.34530	 123.05240	  78.08895	       13C
  57.34530	 128.87692	   8.07277	       13C
  56.08425	 128.14888	  49.25873	       13C
  57.34530	 125.96468	  81.69270	       13C
  57.34530	 125.96468	  92.50403	       13C
  56.08425	 126.69272	 113.09707	       13C
  57.34530	 128.87692	 113.09707	       13C
  56.08425	 128.14888	 141.92723	       13C
  56.08425	 136.88568	  94.04850	       13C
  56.08425	 139.79792	  14.25067	       13C
  56.08425	 141.25408	  13.73581	       13C
  57.34530	 139.06988	  69.33690	       13C
  57.34530	 141.98212	  89.92995	       13C
  56.08425	 141.25408	 112.58220	       13C
  56.08425	 139.79792	 139.35314	       13C
  57.34530	 141.98212	 139.35314	       13C
  56.08425	 144.16632	   8.07277	       13C
  57.34530	 144.89440	  34.84365	       13C
  57.34530	 146.35052	 143.98657	       13C
  56.08425	 148.53472	  20.42857	       13C
  56.08425	 149.99088	  26.09161	       13C
  57.34530	 149.26280	  30.21023	       13C
  57.34530	 147.80668	  55.43663	       13C
  57.34530	 149.26280	  61.09973	       13C
  56.08425	 148.53472	  65.21835	       13C
  56.08425	 147.07860	 102.80055	       13C
  58.60635	   0.00912	   1.89487	       13C
  58.60635	   1.46528	  75.51480	       13C
  59.86740	   2.19332	  88.38547	       13C
  58.60635	   1.46528	 123.39353	       13C
  59.86740	   3.64948	  63.15900	       13C
  58.60635	   7.28980	   3.95415	       13C
  59.86740	   8.01788	   6.01343	       13C
  58.60635	   7.28980	  41.02155	       13C
  58.60635	   7.28980	 104.34502	       13C
  58.60635	  11.65820	  71.91105	       13C
  59.86740	  19.66692	  65.21835	       13C
  58.60635	  17.48272	 102.28574	       13C
  58.60635	  20.39500	  36.38813	       13C
  58.60635	  23.30728	  86.32613	       13C
  59.86740	  24.03532	 100.74127	       13C
  58.60635	  27.67568	  38.44741	       13C
  58.60635	  24.76340	  47.19945	       13C
  59.86740	  28.40372	 133.17524	       13C
  59.86740	  31.31600	 115.15635	       13C
  58.60635	  32.04408	 129.57143	       13C
  58.60635	  30.58792	 137.80867	       13C
  58.60635	  34.95632	   3.43935	       13C
  59.86740	  37.14052	  26.60647	       13C
  58.60635	  36.41248	  24.54713	       13C
  58.60635	  40.78088	  44.62530	       13C
  59.86740	  40.05280	  71.91105	       13C
  58.60635	  37.86860	 115.15635	       13C
  59.86740	  40.05280	 121.33425	       13C
  59.86740	  38.59668	 135.74933	       13C
  59.86740	  42.96508	  49.25873	       13C
  58.60635	  45.14928	  61.61453	       13C
  59.86740	  45.87732	 145.53104	       13C
  59.86740	  47.33348	  12.19133	       13C
  59.86740	  47.33348	  80.14823	       13C
  58.60635	  46.60540	 135.23452	       13C
  58.60635	  46.60540	 141.41242	       13C
  58.60635	  50.97380	 127.51215	       13C
  58.60635	  58.25448	  26.09161	       13C
  58.60635	  56.79832	  34.32885	       13C
  59.86740	  57.52640	  47.19945	       13C
  58.60635	  56.79832	 131.63077	       13C
  59.86740	  61.89480	  10.13205	       13C
  59.86740	  63.35092	  21.97305	       13C
  58.60635	  62.62288	  44.62530	       13C
  59.86740	  61.89480	  61.09973	       13C
  59.86740	  60.43868	  67.79243	       13C
  58.60635	  66.99128	  26.09161	       13C
  59.86740	  66.26320	 104.34502	       13C
  59.86740	  72.08772	   3.43935	       13C
  58.60635	  68.44740	  53.37735	       13C
  59.86740	  72.08772	 108.46364	       13C
  59.86740	  69.17548	 112.58220	       13C
  58.60635	  72.81580	  65.73315	       13C
  59.86740	  75.00000	  73.45553	       13C
  58.60635	  75.72808	  86.32613	       13C
  58.60635	  74.27192	  89.92995	       13C
  58.60635	  75.72808	 135.74933	       13C
  58.60635	  80.09648	  12.19133	       13C
  58.60635	  80.09648	  30.72503	       13C
  59.86740	  77.91228	  36.90293	       13C
  59.86740	  77.91228	  43.08083	       13C
  58.60635	  80.09648	  55.43663	       13C
  59.86740	  77.91228	  56.98110	       13C
  58.60635	  77.18420	 110.52292	       13C
  59.86740	  77.91228	 118.76010	       13C
  58.60635	  77.18420	 133.69005	       13C
  58.60635	  84.46488	  43.08083	       13C
  59.86740	  82.28068	  43.08083	       13C
  59.86740	  82.28068	  67.79243	       13C
  59.86740	  83.73680	  73.45553	       13C
  58.60635	  81.55260	 133.69005	       13C
  58.60635	  87.37712	  65.21835	       13C
  58.60635	  88.83328	 117.21563	       13C
  58.60635	  85.92100	 146.04585	       13C
  59.86740	  91.01748	  38.44741	       13C
  58.60635	  90.28940	  47.19945	       13C
  59.86740	  91.01748	 117.21563	       13C
  58.60635	  97.57008	   6.01343	       13C
  58.60635	  96.11392	  65.21835	       13C
  58.60635	  94.65780	  90.44475	       13C
  59.86740	  98.29812	 102.28574	       13C
  59.86740	 102.66652	  59.04045	       13C
  58.60635	 101.93848	  56.98110	       13C
  59.86740	 107.03492	  46.68465	       13C
  59.86740	 105.57880	 102.80055	       13C
  58.60635	 110.67528	  30.72503	       13C
  59.86740	 111.40332	  52.86255	       13C
  58.60635	 109.21912	 145.53104	       13C
  59.86740	 115.77172	  71.39625	       13C
  58.60635	 119.41208	  12.19133	       13C
  59.86740	 117.22788	  13.73581	       13C
  58.60635	 116.49980	  16.30995	       13C
  59.86740	 118.68400	  54.92183	       13C
  59.86740	 118.68400	  85.81132	       13C
  59.86740	 118.68400	  91.98922	       13C
  59.86740	 123.05240	  30.21023	       13C
  59.86740	 121.59628	  75.51480	       13C
  58.60635	 123.78048	  87.87060	       13C
  58.60635	 123.78048	  92.50403	       13C
  58.60635	 120.86820	  96.62265	       13C
  59.86740	 123.05240	  98.16712	       13C
  59.86740	 124.50852	 113.09707	       13C
  58.60635	 122.32432	 145.53104	       13C
  59.86740	 128.87692	   9.61725	       13C
  59.86740	 128.87692	 102.28574	       13C
  59.86740	 133.24532	   8.07277	       13C
  58.60635	 132.51728	 141.92723	       13C
  58.60635	 135.42952	  32.78437	       13C
  59.86740	 137.61372	  83.75205	       13C
  59.86740	 136.15760	 127.51215	       13C
  59.86740	 144.89440	  85.81132	       13C
  59.86740	 146.35052	 102.28574	       13C
  59.86740	 149.26280	  11.67653	       13C
  59.86740	 149.26280	  34.84365	       13C
  59.86740	 149.26280	  42.56603	       13C
  58.60635	 149.99088	  63.15900	       13C
  62.38950	   0.73720	   5.49863	       13C
  62.38950	   2.19332	  63.67387	       13C
  61.12845	   0.00912	 120.81944	       13C
  62.38950	   6.56172	  20.42857	       13C
  61.12845	   4.37752	  28.15095	       13C
  61.12845	   2.92140	  65.73315	       13C
  61.12845	   5.83368	 111.03773	       13C
  62.38950	   3.64948	 135.74933	       13C
  61.12845	  10.20208	 124.93800	       13C
  62.38950	  15.29852	   3.43935	       13C
  61.12845	  14.57048	  55.43663	       13C
  61.12845	  14.57048	  86.32613	       13C
  61.12845	  17.48272	  38.96227	       13C
  61.12845	  16.02660	  59.55525	       13C
  62.38950	  18.21080	  90.44475	       13C
  62.38950	  19.66692	  94.56337	       13C
  62.38950	  19.66692	 106.91917	       13C
  61.12845	  20.39500	  65.73315	       13C
  62.38950	  24.03532	  82.20757	       13C
  61.12845	  26.21952	  88.38547	       13C
  62.38950	  28.40372	 102.28574	       13C
  62.38950	  31.31600	   3.95415	       13C
  62.38950	  29.85988	  38.44741	       13C
  62.38950	  32.77212	  88.38547	       13C
  61.12845	  32.04408	  87.87060	       13C
  62.38950	  32.77212	 113.09707	       13C
  61.12845	  30.58792	 119.27497	       13C
  62.38950	  35.68440	 102.80055	       13C
  61.12845	  36.41248	 106.40430	       13C
  62.38950	  35.68440	 110.52292	       13C
  62.38950	  38.59668	 100.22640	       13C
  61.12845	  39.32472	 133.17524	       13C
  61.12845	  40.78088	 141.92723	       13C
  62.38950	  42.96508	  30.72503	       13C
  61.12845	  45.14928	  69.33690	       13C
  61.12845	  42.23700	 108.97845	       13C
  62.38950	  50.24572	  34.32885	       13C
  61.12845	  50.97380	  10.13205	       13C
  62.38950	  51.70188	  81.69270	       13C
  62.38950	  57.52640	  67.27763	       13C
  61.12845	  55.34220	 127.51215	       13C
  61.12845	  59.71060	  78.08895	       13C
  61.12845	  68.44740	   5.49863	       13C
  61.12845	  71.35968	  18.36923	       13C
  61.12845	  75.72808	  50.80320	       13C
  61.12845	  74.27192	 100.74127	       13C
  61.12845	  77.18420	  22.48785	       13C
  62.38950	  77.91228	  92.50403	       13C
  61.12845	  80.09648	 118.76010	       13C
  62.38950	  80.82452	 125.45287	       13C
  61.12845	  81.55260	  16.30995	       13C
  61.12845	  83.00872	  83.75205	       13C
  62.38950	  82.28068	 129.57143	       13C
  61.12845	  85.92100	  11.67653	       13C
  61.12845	  88.83328	  19.91371	       13C
  61.12845	  87.37712	 102.28574	       13C
  62.38950	  86.64908	 124.93800	       13C
  62.38950	  92.47360	  79.63342	       13C
  62.38950	  92.47360	  84.26685	       13C
  62.38950	  91.01748	 123.39353	       13C
  62.38950	  96.84200	   5.49863	       13C
  62.38950	  96.84200	  10.13205	       13C
  62.38950	  96.84200	  59.55525	       13C
  61.12845	  94.65780	  84.26685	       13C
  62.38950	  99.75428	  56.98110	       13C
  62.38950	 102.66652	 114.64154	       13C
  62.38950	 105.57880	   3.95415	       13C
  61.12845	 106.30688	  80.14823	       13C
  61.12845	 106.30688	  87.87060	       13C
  61.12845	 106.30688	  92.50403	       13C
  62.38950	 107.03492	 100.74127	       13C
  61.12845	 104.85072	 133.17524	       13C
  61.12845	 107.76300	  41.02155	       13C
  62.38950	 108.49108	  73.97033	       13C
  61.12845	 110.67528	  81.69270	       13C
  62.38950	 108.49108	  98.68193	       13C
  62.38950	 108.49108	 143.47170	       13C
  62.38950	 115.77172	  14.25067	       13C
  61.12845	 116.49980	  54.92183	       13C
  62.38950	 117.22788	  75.51480	       13C
  61.12845	 116.49980	 121.33425	       13C
  62.38950	 124.50852	   1.89487	       13C
  61.12845	 120.86820	   3.95415	       13C
  61.12845	 122.32432	  20.42857	       13C
  62.38950	 123.05240	  73.45553	       13C
  62.38950	 121.59628	  81.69270	       13C
  61.12845	 123.78048	 111.03773	       13C
  61.12845	 125.23660	   5.49863	       13C
  61.12845	 126.69272	  63.67387	       13C
  61.12845	 126.69272	  94.56337	       13C
  61.12845	 125.23660	  98.16712	       13C
  61.12845	 131.06112	  71.39625	       13C
  62.38950	 130.33308	  81.69270	       13C
  61.12845	 131.06112	  96.10785	       13C
  62.38950	 133.24532	 137.80867	       13C
  61.12845	 136.88568	  38.44741	       13C
  62.38950	 137.61372	 133.17524	       13C
  62.38950	 136.15760	 133.69005	       13C
  61.12845	 136.88568	 135.74933	       13C
  61.12845	 138.34180	  34.84365	       13C
  62.38950	 140.52600	  53.37735	       13C
  61.12845	 141.25408	  94.04850	       13C
  62.38950	 146.35052	   3.43935	       13C
  62.38950	 143.43828	  13.73581	       13C
  61.12845	 149.99088	  19.91371	       13C
  64.91160	   0.73720	  53.37735	       13C
  63.65055	   1.46528	  73.97033	       13C
  63.65055	   2.92140	  11.67653	       13C
  63.65055	   5.83368	  30.72503	       13C
  64.91160	   6.56172	  89.92995	       13C
  63.65055	   5.83368	 100.22640	       13C
  63.65055	   5.83368	 129.57143	       13C
  63.65055	   8.74592	  52.86255	       13C
  63.65055	  10.20208	  80.14823	       13C
  63.65055	   8.74592	 108.46364	       13C
  63.65055	  13.11432	   9.61725	       13C
  63.65055	  14.57048	 135.74933	       13C
  63.65055	  21.85112	  15.79515	       13C
  64.91160	  21.12308	 112.58220	       13C
  64.91160	  25.49148	  30.72503	       13C
  64.91160	  28.40372	  69.85177	       13C
  64.91160	  26.94760	  96.62265	       13C
  63.65055	  27.67568	 104.85983	       13C
  63.65055	  24.76340	 104.34502	       13C
  64.91160	  25.49148	 135.74933	       13C
  64.91160	  35.68440	  96.62265	       13C
  63.65055	  36.41248	 143.47170	       13C
  63.65055	  40.78088	  13.73581	       13C
  64.91160	  41.50892	  45.14017	       13C
  64.91160	  44.42120	   5.49863	       13C
  64.91160	  45.87732	  26.60647	       13C
  63.65055	  45.14928	  24.54713	       13C
  64.91160	  44.42120	  98.16712	       13C
  63.65055	  42.23700	 121.33425	       13C
  64.91160	  47.33348	 112.58220	       13C
  63.65055	  48.06152	 126.99734	       13C
  64.91160	  47.33348	 143.47170	       13C
  63.65055	  53.88608	  50.80320	       13C
  64.91160	  58.98252	  20.42857	       13C
  63.65055	  55.34220	  41.02155	       13C
  63.65055	  55.34220	  73.45553	       13C
  64.91160	  56.07028	  98.68193	       13C
  63.65055	  56.79832	 145.53104	       13C
  64.91160	  60.43868	  12.19133	       13C
  64.91160	  61.89480	  30.21023	       13C
  63.65055	  59.71060	 115.15635	       13C
  64.91160	  64.80708	  26.09161	       13C
  63.65055	  65.53512	  45.14017	       13C
  64.91160	  64.80708	  94.04850	       13C
  63.65055	  65.53512	 108.46364	       13C
  63.65055	  66.99128	 123.39353	       13C
  64.91160	  72.08772	   9.61725	       13C
  63.65055	  69.90352	 108.46364	       13C
  63.65055	  69.90352	 126.99734	       13C
  64.91160	  76.45612	  34.32885	       13C
  64.91160	  85.19292	  52.86255	       13C
  64.91160	  82.28068	  69.33690	       13C
  64.91160	  85.19292	 119.27497	       13C
  63.65055	  84.46488	 131.11590	       13C
  64.91160	  86.64908	  87.87060	       13C
  64.91160	  92.47360	  28.66575	       13C
  64.91160	  92.47360	  96.62265	       13C
  64.91160	  92.47360	  98.16712	       13C
  64.91160	  98.29812	  28.15095	       13C
  63.65055	  97.57008	  75.51480	       13C
  63.65055	  99.02620	  48.74393	       13C
  64.91160	 101.21040	 121.33425	       13C
  63.65055	 100.48232	 133.17524	       13C
  64.91160	 104.12268	  13.73581	       13C
  64.91160	 104.12268	  80.14823	       13C
  64.91160	 107.03492	 108.46364	       13C
  63.65055	 107.76300	  10.13205	       13C
  64.91160	 111.40332	  59.04045	       13C
  64.91160	 108.49108	  94.04850	       13C
  64.91160	 112.85948	  13.73581	       13C
  63.65055	 115.04368	  24.54713	       13C
  63.65055	 117.95592	   3.43935	       13C
  63.65055	 122.32432	  26.60647	       13C
  63.65055	 122.32432	  71.39625	       13C
  63.65055	 128.14888	  13.73581	       13C
  63.65055	 128.14888	  18.36923	       13C
  63.65055	 126.69272	  94.56337	       13C
  63.65055	 128.14888	 123.39353	       13C
  64.91160	 125.96468	 149.64960	       13C
  63.65055	 129.60500	  30.21023	       13C
  63.65055	 131.06112	  96.10785	       13C
  63.65055	 129.60500	 135.23452	       13C
  63.65055	 133.97340	  11.67653	       13C
  64.91160	 137.61372	  15.79515	       13C
  63.65055	 136.88568	  80.14823	       13C
  63.65055	 135.42952	  89.92995	       13C
  63.65055	 136.88568	 123.39353	       13C
  63.65055	 145.62248	  36.90293	       13C
  64.91160	 147.80668	  73.97033	       13C
  63.65055	 147.07860	 135.23452	       13C
  66.17265	   1.46528	  26.09161	       13C
  66.17265	   1.46528	  38.44741	       13C
  66.17265	   8.74592	  52.86255	       13C
  66.17265	   8.74592	  88.38547	       13C
  67.43370	   9.47400	  96.62265	       13C
  66.17265	   8.74592	 114.64154	       13C
  66.17265	  10.20208	 117.21563	       13C
  66.17265	  14.57048	   6.01343	       13C
  66.17265	  13.11432	  34.32885	       13C
  67.43370	  15.29852	  59.04045	       13C
  66.17265	  13.11432	  89.92995	       13C
  66.17265	  13.11432	  94.56337	       13C
  66.17265	  13.11432	 102.28574	       13C
  66.17265	  11.65820	 135.23452	       13C
  67.43370	  13.84240	 135.23452	       13C
  67.43370	  12.38628	 137.29380	       13C
  66.17265	  18.93888	  26.09161	       13C
  66.17265	  16.02660	  41.02155	       13C
  66.17265	  16.02660	  90.44475	       13C
  67.43370	  21.12308	  63.15900	       13C
  67.43370	  22.57920	 102.80055	       13C
  67.43370	  25.49148	  44.62530	       13C
  66.17265	  26.21952	 126.99734	       13C
  66.17265	  26.21952	 133.17524	       13C
  67.43370	  25.49148	 141.92723	       13C
  66.17265	  32.04408	 124.93800	       13C
  66.17265	  30.58792	 145.53104	       13C
  67.43370	  31.31600	 146.04585	       13C
  67.43370	  37.14052	  63.67387	       13C
  66.17265	  33.50020	 104.34502	       13C
  67.43370	  37.14052	 114.64154	       13C
  66.17265	  39.32472	   3.43935	       13C
  67.43370	  40.05280	   5.49863	       13C
  66.17265	  40.78088	  38.44741	       13C
  66.17265	  37.86860	  41.02155	       13C
  66.17265	  40.78088	  43.08083	       13C
  66.17265	  40.78088	 106.40430	       13C
  67.43370	  44.42120	  61.09973	       13C
  66.17265	  45.14928	  94.04850	       13C
  66.17265	  45.14928	  98.68193	       13C
  66.17265	  42.23700	 116.70082	       13C
  67.43370	  44.42120	 135.23452	       13C
  67.43370	  45.87732	 145.53104	       13C
  66.17265	  48.06152	  26.60647	       13C
  66.17265	  48.06152	  28.15095	       13C
  66.17265	  48.06152	  34.32885	       13C
  66.17265	  46.60540	  48.74393	       13C
  66.17265	  48.06152	 125.45287	       13C
  67.43370	  54.61412	  89.92995	       13C
  66.17265	  53.88608	 118.76010	       13C
  66.17265	  53.88608	 135.74933	       13C
  66.17265	  55.34220	  48.74393	       13C
  67.43370	  57.52640	  85.81132	       13C
  66.17265	  56.79832	 100.74127	       13C
  67.43370	  58.98252	 108.46364	       13C
  67.43370	  66.26320	  34.84365	       13C
  66.17265	  66.99128	  69.33690	       13C
  67.43370	  66.26320	  71.91105	       13C
  66.17265	  65.53512	 119.27497	       13C
  67.43370	  67.71932	 125.45287	       13C
  67.43370	  72.08772	   9.61725	       13C
  66.17265	  71.35968	  12.19133	       13C
  67.43370	  70.63160	  61.09973	       13C
  66.17265	  69.90352	  69.85177	       13C
  66.17265	  68.44740	  67.27763	       13C
  67.43370	  70.63160	 102.80055	       13C
  66.17265	  69.90352	 133.17524	       13C
  66.17265	  74.27192	  14.25067	       13C
  66.17265	  74.27192	 108.46364	       13C
  67.43370	  75.00000	 133.69005	       13C
  67.43370	  73.54388	 143.47170	       13C
  67.43370	  80.82452	  57.49597	       13C
  66.17265	  77.18420	  84.26685	       13C
  66.17265	  83.00872	 100.74127	       13C
  67.43370	  82.28068	 111.03773	       13C
  66.17265	  87.37712	  63.67387	       13C
  67.43370	  93.92972	   3.43935	       13C
  67.43370	  91.01748	  18.36923	       13C
  67.43370	  93.92972	 126.99734	       13C
  66.17265	  96.11392	   3.43935	       13C
  66.17265	  94.65780	  42.56603	       13C
  67.43370	  98.29812	  96.10785	       13C
  66.17265	  97.57008	 123.39353	       13C
  67.43370	  99.75428	  24.54713	       13C
  66.17265	 106.30688	  26.09161	       13C
  66.17265	 106.30688	  49.25873	       13C
  67.43370	 107.03492	  83.75205	       13C
  66.17265	 106.30688	 129.57143	       13C
  66.17265	 110.67528	  30.72503	       13C
  66.17265	 110.67528	  32.26951	       13C
  67.43370	 111.40332	  52.86255	       13C
  66.17265	 107.76300	 147.59032	       13C
  66.17265	 112.13140	  10.13205	       13C
  67.43370	 112.85948	  43.08083	       13C
  66.17265	 112.13140	  42.56603	       13C
  67.43370	 115.77172	  51.31807	       13C
  66.17265	 115.04368	 100.22640	       13C
  66.17265	 115.04368	 124.93800	       13C
  67.43370	 120.14012	  40.50675	       13C
  67.43370	 118.68400	 115.15635	       13C
  66.17265	 122.32432	  57.49597	       13C
  66.17265	 122.32432	 139.35314	       13C
  67.43370	 127.42080	 116.70082	       13C
  66.17265	 128.14888	 148.10513	       13C
  66.17265	 132.51728	  44.62530	       13C
  67.43370	 133.24532	  57.49597	       13C
  67.43370	 131.78920	  54.92183	       13C
  67.43370	 137.61372	  26.60647	       13C
  67.43370	 134.70148	  44.62530	       13C
  67.43370	 134.70148	  86.32613	       13C
  67.43370	 134.70148	  92.50403	       13C
  66.17265	 133.97340	 121.33425	       13C
  67.43370	 144.89440	  22.48785	       13C
  67.43370	 143.43828	  55.43663	       13C
  67.43370	 146.35052	  59.04045	       13C
  66.17265	 142.71020	  90.44475	       13C
  66.17265	 148.53472	  76.02967	       13C
  66.17265	 147.07860	  73.45553	       13C
  67.43370	 147.80668	  75.51480	       13C
  68.69475	   0.00912	  63.67387	       13C
  68.69475	   5.83368	  26.09161	       13C
  69.95580	   5.10560	  54.92183	       13C
  68.69475	   2.92140	  90.44475	       13C
  69.95580	   3.64948	 106.40430	       13C
  69.95580	   6.56172	 114.64154	       13C
  69.95580	   9.47400	  22.48785	       13C
  68.69475	   8.74592	 102.28574	       13C
  68.69475	  10.20208	 117.21563	       13C
  68.69475	  10.20208	 149.64960	       13C
  69.95580	  12.38628	 129.57143	       13C
  69.95580	  18.21080	  73.45553	       13C
  69.95580	  19.66692	  77.57415	       13C
  68.69475	  21.85112	  14.25067	       13C
  69.95580	  24.03532	  63.67387	       13C
  69.95580	  24.03532	  69.85177	       13C
  69.95580	  21.12308	  87.87060	       13C
  69.95580	  22.57920	  98.16712	       13C
  69.95580	  25.49148	  18.36923	       13C
  69.95580	  25.49148	  32.26951	       13C
  68.69475	  27.67568	  63.15900	       13C
  69.95580	  26.94760	  71.91105	       13C
  68.69475	  24.76340	  78.08895	       13C
  68.69475	  26.21952	 108.46364	       13C
  69.95580	  25.49148	 143.47170	       13C
  69.95580	  29.85988	  18.36923	       13C
  68.69475	  32.04408	  19.91371	       13C
  69.95580	  32.77212	  34.32885	       13C
  68.69475	  29.13180	  41.02155	       13C
  68.69475	  32.04408	  44.62530	       13C
  68.69475	  29.13180	  61.09973	       13C
  69.95580	  41.50892	  69.85177	       13C
  68.69475	  40.78088	  67.79243	       13C
  68.69475	  42.23700	   3.95415	       13C
  69.95580	  44.42120	  10.13205	       13C
  69.95580	  44.42120	  30.21023	       13C
  69.95580	  45.87732	  38.96227	       13C
  68.69475	  42.23700	  36.38813	       13C
  68.69475	  45.14928	  67.79243	       13C
  69.95580	  42.96508	  81.69270	       13C
  68.69475	  45.14928	  87.87060	       13C
  68.69475	  43.69312	 100.74127	       13C
  69.95580	  44.42120	 115.15635	       13C
  68.69475	  48.06152	   9.61725	       13C
  69.95580	  48.78960	  42.56603	       13C
  68.69475	  46.60540	  71.91105	       13C
  69.95580	  47.33348	  87.87060	       13C
  68.69475	  48.06152	 106.91917	       13C
  69.95580	  48.78960	 133.69005	       13C
  68.69475	  46.60540	 147.59032	       13C
  69.95580	  51.70188	  12.19133	       13C
  68.69475	  53.88608	  24.54713	       13C
  69.95580	  54.61412	  76.02967	       13C
  69.95580	  51.70188	 124.93800	       13C
  68.69475	  56.79832	   1.89487	       13C
  69.95580	  58.98252	  34.32885	       13C
  68.69475	  55.34220	  41.02155	       13C
  68.69475	  58.25448	 129.57143	       13C
  69.95580	  56.07028	 148.10513	       13C
  69.95580	  61.89480	  10.13205	       13C
  68.69475	  62.62288	  86.32613	       13C
  69.95580	  60.43868	  92.50403	       13C
  68.69475	  69.90352	   1.89487	       13C
  68.69475	  71.35968	  24.54713	       13C
  68.69475	  68.44740	  98.16712	       13C
  68.69475	  74.27192	  45.14017	       13C
  68.69475	  80.09648	  81.69270	       13C
  69.95580	  77.91228	  98.68193	       13C
  69.95580	  80.82452	 119.27497	       13C
  69.95580	  83.73680	   3.95415	       13C
  69.95580	  82.28068	  63.15900	       13C
  68.69475	  81.55260	 110.52292	       13C
  69.95580	  82.28068	 149.64960	       13C
  68.69475	  88.83328	  19.91371	       13C
  68.69475	  85.92100	  30.21023	       13C
  68.69475	  87.37712	  59.04045	       13C
  68.69475	  87.37712	  94.56337	       13C
  68.69475	  87.37712	 125.45287	       13C
  68.69475	  88.83328	 148.10513	       13C
  68.69475	  90.28940	  16.30995	       13C
  69.95580	  98.29812	  14.25067	       13C
  69.95580	  96.84200	  71.91105	       13C
  69.95580	 101.21040	   5.49863	       13C
  69.95580	  99.75428	  13.73581	       13C
  68.69475	  99.02620	  42.56603	       13C
  69.95580	  99.75428	 106.40430	       13C
  68.69475	 101.93848	 137.29380	       13C
  68.69475	 104.85072	   3.43935	       13C
  69.95580	 108.49108	  63.15900	       13C
  68.69475	 107.76300	  79.63342	       13C
  68.69475	 112.13140	  17.85443	       13C
  69.95580	 114.31560	  17.85443	       13C
  68.69475	 115.04368	  94.04850	       13C
  68.69475	 115.04368	 118.76010	       13C
  69.95580	 118.68400	   5.49863	       13C
  69.95580	 120.14012	  15.79515	       13C
  68.69475	 117.95592	  46.68465	       13C
  68.69475	 117.95592	  59.04045	       13C
  68.69475	 119.41208	 141.92723	       13C
  68.69475	 122.32432	  76.02967	       13C
  68.69475	 125.23660	  90.44475	       13C
  69.95580	 125.96468	 118.76010	       13C
  69.95580	 131.78920	  54.92183	       13C
  69.95580	 131.78920	  84.26685	       13C
  68.69475	 129.60500	 121.33425	       13C
  68.69475	 131.06112	 131.63077	       13C
  69.95580	 134.70148	  44.62530	       13C
  68.69475	 136.88568	 118.76010	       13C
  68.69475	 135.42952	 125.45287	       13C
  68.69475	 138.34180	   3.95415	       13C
  69.95580	 139.06988	  75.51480	       13C
  69.95580	 141.98212	 102.28574	       13C
  68.69475	 142.71020	 108.97845	       13C
  68.69475	 148.53472	  45.14017	       13C
  71.21685	   1.46528	 129.57143	       13C
  72.47790	   6.56172	   3.43935	       13C
  72.47790	   6.56172	  26.60647	       13C
  72.47790	   6.56172	  34.32885	       13C
  71.21685	   4.37752	  96.10785	       13C
  72.47790	   5.10560	 102.80055	       13C
  71.21685	   8.74592	   1.89487	       13C
  72.47790	   9.47400	  11.67653	       13C
  71.21685	   8.74592	  57.49597	       13C
  72.47790	   9.47400	  84.26685	       13C
  72.47790	  15.29852	  15.79515	       13C
  72.47790	  12.38628	 123.39353	       13C
  71.21685	  11.65820	 146.04585	       13C
  72.47790	  18.21080	  34.84365	       13C
  72.47790	  18.21080	  54.92183	       13C
  71.21685	  17.48272	  89.92995	       13C
  71.21685	  18.93888	 100.22640	       13C
  72.47790	  19.66692	 113.09707	       13C
  71.21685	  18.93888	 149.64960	       13C
  71.21685	  21.85112	  21.97305	       13C
  71.21685	  23.30728	  43.08083	       13C
  71.21685	  20.39500	  91.98922	       13C
  71.21685	  21.85112	 131.63077	       13C
  72.47790	  25.49148	 129.57143	       13C
  72.47790	  28.40372	 143.98657	       13C
  71.21685	  30.58792	  20.42857	       13C
  72.47790	  32.77212	  88.38547	       13C
  71.21685	  33.50020	  41.02155	       13C
  72.47790	  40.05280	  22.48785	       13C
  71.21685	  37.86860	  84.26685	       13C
  72.47790	  40.05280	 102.80055	       13C
  71.21685	  39.32472	 145.53104	       13C
  72.47790	  45.87732	   9.61725	       13C
  71.21685	  42.23700	  30.21023	       13C
  72.47790	  42.96508	 148.10513	       13C
  72.47790	  48.78960	  16.30995	       13C
  72.47790	  48.78960	  78.08895	       13C
  71.21685	  48.06152	  96.10785	       13C
  72.47790	  47.33348	 106.40430	       13C
  72.47790	  54.61412	  57.49597	       13C
  71.21685	  52.42992	 119.27497	       13C
  71.21685	  58.25448	  13.73581	       13C
  72.47790	  56.07028	  67.79243	       13C
  72.47790	  58.98252	  71.39625	       13C
  71.21685	  58.25448	  80.14823	       13C
  72.47790	  58.98252	 120.81944	       13C
  71.21685	  61.16672	   8.07277	       13C
  72.47790	  60.43868	   7.55791	       13C
  72.47790	  61.89480	  79.63342	       13C
  72.47790	  60.43868	 143.47170	       13C
  71.21685	  64.07900	  42.56603	       13C
  71.21685	  66.99128	  81.69270	       13C
  72.47790	  66.26320	  85.81132	       13C
  72.47790	  67.71932	 137.80867	       13C
  72.47790	  69.17548	  12.19133	       13C
  71.21685	  69.90352	  20.42857	       13C
  71.21685	  69.90352	  82.20757	       13C
  72.47790	  70.63160	  91.98922	       13C
  72.47790	  69.17548	 112.58220	       13C
  71.21685	  68.44740	 139.86795	       13C
  72.47790	  76.45612	   9.61725	       13C
  72.47790	  73.54388	  19.91371	       13C
  71.21685	  75.72808	  43.08083	       13C
  71.21685	  72.81580	  48.74393	       13C
  71.21685	  74.27192	  82.20757	       13C
  71.21685	  75.72808	 129.57143	       13C
  71.21685	  74.27192	 145.53104	       13C
  72.47790	  79.36840	   3.95415	       13C
  72.47790	  77.91228	  80.14823	       13C
  71.21685	  77.18420	  84.26685	       13C
  72.47790	  77.91228	 104.85983	       13C
  72.47790	  77.91228	 117.21563	       13C
  72.47790	  86.64908	  13.73581	       13C
  72.47790	  88.10520	  22.48785	       13C
  72.47790	  89.56132	  94.56337	       13C
  71.21685	  88.83328	 149.64960	       13C
  71.21685	  91.74552	  69.85177	       13C
  72.47790	  96.84200	   3.95415	       13C
  72.47790	  96.84200	  28.66575	       13C
  72.47790	  98.29812	  34.32885	       13C
  72.47790	  96.84200	  85.81132	       13C
  72.47790	  95.38588	  92.50403	       13C
  71.21685	  94.65780	 115.15635	       13C
  71.21685	  96.11392	 120.81944	       13C
  72.47790	  98.29812	 126.99734	       13C
  72.47790	  96.84200	 141.41242	       13C
  72.47790	 104.12268	  69.33690	       13C
  72.47790	 105.57880	  73.45553	       13C
  72.47790	 105.57880	  84.26685	       13C
  71.21685	 110.67528	  56.98110	       13C
  71.21685	 107.76300	 108.97845	       13C
  71.21685	 110.67528	 112.58220	       13C
  71.21685	 109.21912	 125.45287	       13C
  71.21685	 115.04368	  32.26951	       13C
  72.47790	 115.77172	 126.99734	       13C
  71.21685	 112.13140	 127.51215	       13C
  71.21685	 116.49980	   3.95415	       13C
  71.21685	 116.49980	  36.38813	       13C
  72.47790	 117.22788	  55.43663	       13C
  71.21685	 117.95592	 106.91917	       13C
  72.47790	 120.14012	 106.91917	       13C
  71.21685	 119.41208	 124.93800	       13C
  71.21685	 123.78048	  13.73581	       13C
  72.47790	 125.96468	  18.36923	       13C
  71.21685	 125.23660	 116.70082	       13C
  72.47790	 127.42080	 127.51215	       13C
  71.21685	 131.06112	  57.49597	       13C
  71.21685	 131.06112	  76.02967	       13C
  71.21685	 133.97340	  61.09973	       13C
  72.47790	 134.70148	  87.87060	       13C
  71.21685	 138.34180	  22.48785	       13C
  72.47790	 141.98212	  45.14017	       13C
  71.21685	 141.25408	  69.33690	       13C
  72.47790	 140.52600	 133.69005	       13C
  71.21685	 142.71020	   5.49863	       13C
  71.21685	 147.07860	 116.70082	       13C
  75.00000	   2.19332	  46.68465	       13C
  75.00000	   3.64948	  12.19133	       13C
  73.73895	   7.28980	  28.66575	       13C
  75.00000	   8.01788	  63.15900	       13C
  75.00000	   8.01788	 137.29380	       13C
  73.73895	  11.65820	  24.03233	       13C
  73.73895	  11.65820	  34.84365	       13C
  73.73895	  14.57048	 104.85983	       13C
  73.73895	  16.02660	 108.97845	       13C
  73.73895	  20.39500	  11.67653	       13C
  73.73895	  21.85112	  52.86255	       13C
  73.73895	  20.39500	  67.27763	       13C
  73.73895	  21.85112	 113.09707	       13C
  73.73895	  20.39500	 135.23452	       13C
  75.00000	  25.49148	  55.43663	       13C
  75.00000	  26.94760	  98.16712	       13C
  75.00000	  31.31600	  34.84365	       13C
  75.00000	  29.85988	  36.90293	       13C
  75.00000	  31.31600	  73.45553	       13C
  75.00000	  31.31600	  96.62265	       13C
  73.73895	  33.50020	  71.91105	       13C
  73.73895	  33.50020	 115.15635	       13C
  73.73895	  33.50020	 135.23452	       13C
  73.73895	  34.95632	 143.98657	       13C
  75.00000	  41.50892	 108.46364	       13C
  75.00000	  42.96508	  24.54713	       13C
  75.00000	  45.87732	  59.04045	       13C
  73.73895	  42.23700	  61.09973	       13C
  75.00000	  42.96508	 129.57143	       13C
  73.73895	  48.06152	  46.68465	       13C
  73.73895	  48.06152	  77.57415	       13C
  73.73895	  49.51768	 135.74933	       13C
  73.73895	  53.88608	  13.73581	       13C
  75.00000	  53.15800	  16.30995	       13C
  75.00000	  51.70188	  18.36923	       13C
  75.00000	  54.61412	  76.02967	       13C
  73.73895	  52.42992	 106.91917	       13C
  73.73895	  50.97380	 116.70082	       13C
  75.00000	  54.61412	 126.99734	       13C
  73.73895	  55.34220	  54.92183	       13C
  73.73895	  58.25448	  69.33690	       13C
  75.00000	  63.35092	  82.20757	       13C
  75.00000	  64.80708	   6.01343	       13C
  73.73895	  64.07900	  41.02155	       13C
  73.73895	  66.99128	  43.08083	       13C
  75.00000	  69.17548	  61.61453	       13C
  73.73895	  71.35968	 129.57143	       13C
  75.00000	  75.00000	   3.95415	       13C
  73.73895	  72.81580	  17.85443	       13C
  73.73895	  77.18420	   3.95415	       13C
  73.73895	  77.18420	  11.67653	       13C
  75.00000	  79.36840	 116.70082	       13C
  75.00000	  77.91228	 149.64960	       13C
  75.00000	  85.19292	   3.43935	       13C
  73.73895	  84.46488	  12.19133	       13C
  75.00000	  85.19292	  34.32885	       13C
  75.00000	  83.73680	 139.86795	       13C
  75.00000	  88.10520	  22.48785	       13C
  73.73895	  87.37712	 100.74127	       13C
  75.00000	  93.92972	  82.20757	       13C
  75.00000	  93.92972	 114.64154	       13C
  75.00000	  92.47360	 121.33425	       13C
  73.73895	  90.28940	 122.87872	       13C
  75.00000	  92.47360	 141.41242	       13C
  73.73895	  94.65780	 141.41242	       13C
  73.73895	 100.48232	  26.60647	       13C
  73.73895	 100.48232	 137.80867	       13C
  73.73895	 106.30688	  24.54713	       13C
  73.73895	 104.85072	  40.50675	       13C
  73.73895	 106.30688	 117.21563	       13C
  73.73895	 110.67528	  80.14823	       13C
  73.73895	 110.67528	  94.04850	       13C
  75.00000	 115.77172	 125.45287	       13C
  75.00000	 112.85948	 123.39353	       13C
  75.00000	 117.22788	  18.36923	       13C
  75.00000	 120.14012	  83.75205	       13C
  73.73895	 119.41208	  94.04850	       13C
  73.73895	 116.49980	 139.86795	       13C
  73.73895	 120.86820	  28.66575	       13C
  75.00000	 124.50852	  82.20757	       13C
  75.00000	 123.05240	 108.97845	       13C
  73.73895	 122.32432	 114.64154	       13C
  75.00000	 125.96468	   1.38001	       13C
  75.00000	 125.96468	   7.55791	       13C
  75.00000	 131.78920	  73.45553	       13C
  75.00000	 133.24532	 108.46364	       13C
  75.00000	 134.70148	  19.91371	       13C
  75.00000	 134.70148	 117.21563	       13C
  75.00000	 140.52600	 102.80055	       13C
  75.00000	 140.52600	 115.15635	       13C
  75.00000	 141.98212	 139.35314	       13C
  73.73895	 144.16632	  82.20757	       13C
  73.73895	 145.62248	 118.76010	       13C
  73.73895	 147.07860	 108.97845	       13C
  75.00000	 149.26280	 116.70082	       13C
  73.73895	 147.07860	 135.23452	       13C
  77.52210	   2.19332	 114.64154	       13C
  76.26105	   1.46528	 123.39353	       13C
  76.26105	   4.37752	  34.32885	       13C
  77.52210	   3.64948	  94.04850	       13C
  77.52210	   5.10560	 108.97845	       13C
  77.52210	   8.01788	  92.50403	       13C
  77.52210	   8.01788	 112.58220	       13C
  76.26105	   7.28980	 116.70082	       13C
  76.26105	  10.20208	 123.39353	       13C
  76.26105	  13.11432	  28.15095	       13C
  77.52210	  15.29852	 108.46364	       13C
  77.52210	  16.75468	  98.68193	       13C
  77.52210	  24.03532	   1.89487	       13C
  77.52210	  22.57920	  42.56603	       13C
  76.26105	  23.30728	  56.98110	       13C
  76.26105	  21.85112	 106.91917	       13C
  76.26105	  27.67568	  43.08083	       13C
  76.26105	  26.21952	  69.85177	       13C
  76.26105	  27.67568	  69.33690	       13C
  76.26105	  24.76340	  78.08895	       13C
  77.52210	  31.31600	  10.13205	       13C
  76.26105	  30.58792	  88.38547	       13C
  76.26105	  30.58792	 126.99734	       13C
  76.26105	  36.41248	  19.91371	       13C
  76.26105	  34.95632	 137.80867	       13C
  76.26105	  40.78088	   7.55791	       13C
  77.52210	  41.50892	  15.79515	       13C
  76.26105	  40.78088	  13.73581	       13C
  77.52210	  41.50892	  20.42857	       13C
  76.26105	  37.86860	 133.69005	       13C
  76.26105	  42.23700	 115.15635	       13C
  76.26105	  46.60540	  54.92183	       13C
  77.52210	  50.24572	 131.63077	       13C
  76.26105	  52.42992	 100.74127	       13C
  77.52210	  61.89480	  67.27763	       13C
  77.52210	  67.71932	  59.04045	       13C
  76.26105	  64.07900	 110.52292	       13C
  77.52210	  64.80708	 112.58220	       13C
  76.26105	  71.35968	   1.38001	       13C
  76.26105	  69.90352	 106.91917	       13C
  77.52210	  76.45612	 145.53104	       13C
  77.52210	  77.91228	  92.50403	       13C
  76.26105	  83.00872	 143.98657	       13C
  77.52210	  88.10520	   5.49863	       13C
  77.52210	  89.56132	  21.97305	       13C
  76.26105	  85.92100	  71.91105	       13C
  76.26105	  88.83328	  81.69270	       13C
  76.26105	  85.92100	 135.23452	       13C
  76.26105	  91.74552	   9.61725	       13C
  76.26105	  93.20168	  18.36923	       13C
  77.52210	  93.92972	  77.57415	       13C
  77.52210	  93.92972	 108.46364	       13C
  77.52210	  96.84200	  17.85443	       13C
  77.52210	  95.38588	  43.08083	       13C
  77.52210	  98.29812	  71.39625	       13C
  76.26105	  96.11392	 120.81944	       13C
  77.52210	  98.29812	 131.63077	       13C
  76.26105	 100.48232	   8.07277	       13C
  76.26105	 101.93848	  86.32613	       13C
  77.52210	 101.21040	  90.44475	       13C
  77.52210	  99.75428	  94.04850	       13C
  76.26105	 100.48232	 139.35314	       13C
  77.52210	 105.57880	  59.55525	       13C
  76.26105	 103.39460	  79.63342	       13C
  76.26105	 103.39460	  96.62265	       13C
  77.52210	 104.12268	 106.40430	       13C
  77.52210	 104.12268	 123.39353	       13C
  77.52210	 108.49108	  26.09161	       13C
  77.52210	 108.49108	  44.62530	       13C
  76.26105	 107.76300	 115.15635	       13C
  77.52210	 111.40332	 143.98657	       13C
  77.52210	 114.31560	   3.95415	       13C
  77.52210	 112.85948	  80.14823	       13C
  77.52210	 120.14012	  26.60647	       13C
  77.52210	 121.59628	   7.55791	       13C
  76.26105	 120.86820	 104.34502	       13C
  77.52210	 127.42080	   5.49863	       13C
  76.26105	 128.14888	  50.80320	       13C
  76.26105	 125.23660	 110.52292	       13C
  77.52210	 127.42080	 129.05662	       13C
  76.26105	 126.69272	 139.35314	       13C
  76.26105	 129.60500	  47.19945	       13C
  76.26105	 129.60500	  54.92183	       13C
  76.26105	 129.60500	 104.34502	       13C
  76.26105	 135.42952	  89.92995	       13C
  76.26105	 139.79792	  15.79515	       13C
  76.26105	 138.34180	  73.45553	       13C
  76.26105	 139.79792	  94.56337	       13C
  77.52210	 141.98212	  94.56337	       13C
  76.26105	 138.34180	 108.97845	       13C
  76.26105	 142.71020	  54.92183	       13C
  76.26105	 145.62248	  69.33690	       13C
  76.26105	 148.53472	   1.89487	       13C
  76.26105	 149.99088	   7.55791	       13C
  76.26105	 147.07860	 122.87872	       13C
  78.78315	   0.00912	  15.79515	       13C
  80.04420	   0.73720	  41.02155	       13C
  80.04420	   2.19332	  71.39625	       13C
  80.04420	   6.56172	  51.31807	       13C
  78.78315	   4.37752	  65.21835	       13C
  78.78315	   8.74592	  40.50675	       13C
  78.78315	   7.28980	  47.19945	       13C
  80.04420	   9.47400	  71.91105	       13C
  80.04420	   9.47400	  90.44475	       13C
  80.04420	  10.93012	 100.74127	       13C
  78.78315	   7.28980	 116.70082	       13C
  78.78315	  10.20208	 129.57143	       13C
  78.78315	  11.65820	  41.02155	       13C
  80.04420	  13.84240	  59.55525	       13C
  78.78315	  14.57048	 131.11590	       13C
  80.04420	  12.38628	 143.47170	       13C
  78.78315	  23.30728	 104.85983	       13C
  80.04420	  24.03532	 113.09707	       13C
  80.04420	  21.12308	 137.29380	       13C
  80.04420	  25.49148	  26.09161	       13C
  78.78315	  30.58792	  46.68465	       13C
  80.04420	  31.31600	  85.81132	       13C
  80.04420	  29.85988	 106.40430	       13C
  80.04420	  32.77212	 126.99734	       13C
  80.04420	  29.85988	 148.10513	       13C
  80.04420	  34.22828	   6.01343	       13C
  78.78315	  36.41248	  80.14823	       13C
  78.78315	  34.95632	 131.63077	       13C
  78.78315	  39.32472	  46.68465	       13C
  78.78315	  39.32472	 120.81944	       13C
  80.04420	  41.50892	 120.81944	       13C
  80.04420	  38.59668	 131.11590	       13C
  78.78315	  45.14928	  92.50403	       13C
  78.78315	  49.51768	  18.36923	       13C
  80.04420	  47.33348	  80.14823	       13C
  78.78315	  46.60540	  84.26685	       13C
  80.04420	  47.33348	  86.32613	       13C
  80.04420	  48.78960	 108.97845	       13C
  78.78315	  49.51768	 111.03773	       13C
  78.78315	  46.60540	 139.86795	       13C
  78.78315	  50.97380	  59.55525	       13C
  80.04420	  53.15800	 133.69005	       13C
  78.78315	  58.25448	  38.44741	       13C
  80.04420	  57.52640	  96.62265	       13C
  78.78315	  58.25448	  98.68193	       13C
  80.04420	  56.07028	 148.10513	       13C
  78.78315	  61.16672	   9.61725	       13C
  80.04420	  61.89480	  22.48785	       13C
  80.04420	  61.89480	  28.66575	       13C
  80.04420	  63.35092	  32.78437	       13C
  78.78315	  59.71060	  41.02155	       13C
  78.78315	  61.16672	  46.68465	       13C
  78.78315	  62.62288	 117.21563	       13C
  80.04420	  64.80708	  50.80320	       13C
  78.78315	  66.99128	  61.61453	       13C
  80.04420	  64.80708	 117.21563	       13C
  80.04420	  70.63160	  28.66575	       13C
  78.78315	  71.35968	  55.43663	       13C
  78.78315	  69.90352	  65.21835	       13C
  78.78315	  69.90352	  96.10785	       13C
  78.78315	  68.44740	 122.87872	       13C
  80.04420	  73.54388	  63.15900	       13C
  78.78315	  75.72808	  92.50403	       13C
  80.04420	  77.91228	  26.09161	       13C
  78.78315	  80.09648	 104.85983	       13C
  80.04420	  79.36840	 127.51215	       13C
  78.78315	  84.46488	  75.51480	       13C
  78.78315	  81.55260	  79.63342	       13C
  78.78315	  81.55260	 147.59032	       13C
  78.78315	  84.46488	 149.64960	       13C
  78.78315	  87.37712	  52.86255	       13C
  80.04420	  86.64908	  56.98110	       13C
  78.78315	  87.37712	  83.75205	       13C
  80.04420	  86.64908	 124.93800	       13C
  78.78315	  85.92100	 127.51215	       13C
  78.78315	  90.28940	  71.91105	       13C
  80.04420	  92.47360	  71.91105	       13C
  78.78315	  90.28940	 127.51215	       13C
  78.78315	  96.11392	  15.79515	       13C
  78.78315	  94.65780	  30.21023	       13C
  80.04420	  98.29812	  40.50675	       13C
  80.04420	 101.21040	  16.30995	       13C
  78.78315	  99.02620	  90.44475	       13C
  78.78315	 100.48232	 113.09707	       13C
  78.78315	 110.67528	  81.69270	       13C
  78.78315	 113.58752	  83.75205	       13C
  78.78315	 112.13140	 104.34502	       13C
  78.78315	 113.58752	 120.81944	       13C
  80.04420	 117.22788	   1.38001	       13C
  80.04420	 120.14012	  20.42857	       13C
  80.04420	 117.22788	  63.15900	       13C
  78.78315	 116.49980	  78.08895	       13C
  78.78315	 116.49980	  98.16712	       13C
  78.78315	 119.41208	 118.76010	       13C
  80.04420	 117.22788	 137.29380	       13C
  80.04420	 123.05240	  22.48785	       13C
  78.78315	 122.32432	  51.31807	       13C
  80.04420	 121.59628	  50.80320	       13C
  78.78315	 120.86820	  79.63342	       13C
  78.78315	 122.32432	  88.38547	       13C
  78.78315	 123.78048	  92.50403	       13C
  78.78315	 122.32432	  96.10785	       13C
  80.04420	 123.05240	 139.86795	       13C
  80.04420	 125.96468	  13.73581	       13C
  80.04420	 125.96468	  26.09161	       13C
  80.04420	 127.42080	  61.09973	       13C
  78.78315	 126.69272	  65.21835	       13C
  80.04420	 128.87692	 106.91917	       13C
  80.04420	 133.24532	  46.68465	       13C
  78.78315	 132.51728	 135.74933	       13C
  78.78315	 136.88568	   7.55791	       13C
  80.04420	 137.61372	  28.15095	       13C
  80.04420	 139.06988	  55.43663	       13C
  80.04420	 139.06988	  56.98110	       13C
  80.04420	 140.52600	 102.80055	       13C
  78.78315	 144.16632	   8.07277	       13C
  78.78315	 145.62248	  26.09161	       13C
  80.04420	 144.89440	  30.21023	       13C
  78.78315	 145.62248	  61.61453	       13C
  78.78315	 144.16632	  69.85177	       13C
  78.78315	 145.62248	 141.92723	       13C
  78.78315	 149.99088	  44.62530	       13C
  78.78315	 148.53472	  77.57415	       13C
  80.04420	 149.26280	 115.15635	       13C
  82.56630	   2.19332	  40.50675	       13C
  81.30525	   1.46528	  44.62530	       13C
  81.30525	   0.00912	  96.10785	       13C
  81.30525	   5.83368	  63.15900	       13C
  81.30525	   4.37752	  77.57415	       13C
  82.56630	   6.56172	 145.53104	       13C
  82.56630	   8.01788	  75.51480	       13C
  81.30525	   8.74592	 100.74127	       13C
  81.30525	  10.20208	 129.57143	       13C
  81.30525	  11.65820	  41.02155	       13C
  81.30525	  13.11432	  57.49597	       13C
  81.30525	  11.65820	  54.92183	       13C
  81.30525	  18.93888	  24.54713	       13C
  81.30525	  18.93888	  38.44741	       13C
  82.56630	  18.21080	  61.09973	       13C
  82.56630	  19.66692	  71.39625	       13C
  81.30525	  17.48272	  82.20757	       13C
  82.56630	  18.21080	 127.51215	       13C
  82.56630	  19.66692	 139.35314	       13C
  81.30525	  16.02660	 146.04585	       13C
  82.56630	  24.03532	  77.57415	       13C
  82.56630	  22.57920	 116.70082	       13C
  81.30525	  26.21952	   3.43935	       13C
  81.30525	  26.21952	  46.68465	       13C
  81.30525	  24.76340	  53.37735	       13C
  82.56630	  28.40372	 131.63077	       13C
  81.30525	  26.21952	 133.17524	       13C
  82.56630	  31.31600	  36.38813	       13C
  81.30525	  30.58792	  65.21835	       13C
  82.56630	  32.77212	 131.63077	       13C
  81.30525	  32.04408	 143.47170	       13C
  82.56630	  37.14052	  94.56337	       13C
  81.30525	  36.41248	 106.40430	       13C
  81.30525	  40.78088	  61.61453	       13C
  81.30525	  37.86860	 108.97845	       13C
  82.56630	  41.50892	 137.80867	       13C
  81.30525	  45.14928	  67.79243	       13C
  82.56630	  42.96508	  92.50403	       13C
  82.56630	  44.42120	  96.62265	       13C
  81.30525	  45.14928	  98.68193	       13C
  81.30525	  43.69312	 145.53104	       13C
  81.30525	  52.42992	  15.79515	       13C
  81.30525	  53.88608	  32.26951	       13C
  81.30525	  52.42992	  89.92995	       13C
  81.30525	  52.42992	 100.74127	       13C
  82.56630	  51.70188	 112.58220	       13C
  82.56630	  57.52640	   3.95415	       13C
  82.56630	  56.07028	 117.21563	       13C
  82.56630	  57.52640	 122.87872	       13C
  82.56630	  57.52640	 129.05662	       13C
  82.56630	  63.35092	  40.50675	       13C
  81.30525	  59.71060	  71.91105	       13C
  82.56630	  60.43868	 117.21563	       13C
  82.56630	  64.80708	 143.47170	       13C
  82.56630	  69.17548	  36.90293	       13C
  81.30525	  74.27192	   1.89487	       13C
  81.30525	  75.72808	  49.25873	       13C
  81.30525	  74.27192	  82.20757	       13C
  81.30525	  72.81580	 122.87872	       13C
  82.56630	  76.45612	 145.53104	       13C
  82.56630	  79.36840	  30.21023	       13C
  81.30525	  80.09648	  81.69270	       13C
  81.30525	  81.55260	  22.48785	       13C
  81.30525	  84.46488	  24.54713	       13C
  82.56630	  83.73680	  24.03233	       13C
  81.30525	  87.37712	  14.25067	       13C
  81.30525	  85.92100	  41.02155	       13C
  82.56630	  91.01748	  36.90293	       13C
  82.56630	  96.84200	  41.02155	       13C
  82.56630	  96.84200	  65.73315	       13C
  81.30525	  97.57008	  94.04850	       13C
  82.56630	  98.29812	 119.27497	       13C
  82.56630	  96.84200	 116.70082	       13C
  82.56630	  98.29812	 131.63077	       13C
  81.30525	  94.65780	 133.69005	       13C
  81.30525	 101.93848	  13.73581	       13C
  82.56630	  99.75428	  50.80320	       13C
  81.30525	 100.48232	 119.27497	       13C
  82.56630	 107.03492	  26.60647	       13C
  82.56630	 107.03492	  45.14017	       13C
  81.30525	 104.85072	  51.31807	       13C
  82.56630	 105.57880	  59.55525	       13C
  82.56630	 104.12268	  67.79243	       13C
  81.30525	 103.39460	 122.87872	       13C
  82.56630	 107.03492	 139.35314	       13C
  82.56630	 109.94720	   5.49863	       13C
  82.56630	 111.40332	   9.61725	       13C
  82.56630	 109.94720	 147.59032	       13C
  82.56630	 112.85948	   1.38001	       13C
  82.56630	 115.77172	  15.79515	       13C
  82.56630	 112.85948	 141.92723	       13C
  81.30525	 116.49980	  17.85443	       13C
  81.30525	 117.95592	  21.97305	       13C
  82.56630	 117.22788	  55.43663	       13C
  82.56630	 118.68400	  71.91105	       13C
  81.30525	 116.49980	 108.97845	       13C
  82.56630	 124.50852	 125.45287	       13C
  81.30525	 126.69272	  21.97305	       13C
  82.56630	 128.87692	  32.78437	       13C
  81.30525	 125.23660	  90.44475	       13C
  81.30525	 126.69272	 102.28574	       13C
  82.56630	 133.24532	  69.85177	       13C
  81.30525	 131.06112	 106.91917	       13C
  82.56630	 133.24532	 108.46364	       13C
  82.56630	 130.33308	 112.58220	       13C
  82.56630	 133.24532	 139.35314	       13C
  81.30525	 135.42952	  59.04045	       13C
  81.30525	 133.97340	  79.63342	       13C
  82.56630	 136.15760	 122.87872	       13C
  81.30525	 141.25408	  80.14823	       13C
  81.30525	 138.34180	  98.16712	       13C
  81.30525	 142.71020	  96.62265	       13C
  81.30525	 144.16632	 119.27497	       13C
  81.30525	 142.71020	 141.41242	       13C
  82.56630	 149.26280	  61.09973	       13C
  81.30525	 147.07860	  84.26685	       13C
  81.30525	 147.07860	 135.23452	       13C
  83.82735	   0.00912	  77.57415	       13C
  85.08840	   0.73720	 141.41242	       13C
  83.82735	   5.83368	  69.33690	       13C
  83.82735	   2.92140	 135.23452	       13C
  85.08840	   8.01788	  75.51480	       13C
  83.82735	   7.28980	  78.08895	       13C
  83.82735	  11.65820	 116.70082	       13C
  85.08840	  12.38628	 141.92723	       13C
  83.82735	  16.02660	  10.13205	       13C
  85.08840	  16.75468	  32.26951	       13C
  83.82735	  18.93888	  50.80320	       13C
  83.82735	  16.02660	  53.37735	       13C
  85.08840	  18.21080	 110.52292	       13C
  85.08840	  21.12308	  94.04850	       13C
  83.82735	  23.30728	  98.68193	       13C
  83.82735	  21.85112	 108.46364	       13C
  85.08840	  28.40372	  59.04045	       13C
  83.82735	  27.67568	 100.22640	       13C
  83.82735	  24.76340	 110.52292	       13C
  85.08840	  28.40372	 137.80867	       13C
  83.82735	  29.13180	  11.67653	       13C
  83.82735	  32.04408	 118.76010	       13C
  85.08840	  35.68440	  10.13205	       13C
  83.82735	  36.41248	  50.80320	       13C
  83.82735	  33.50020	 127.51215	       13C
  85.08840	  41.50892	 145.53104	       13C
  83.82735	  40.78088	 149.64960	       13C
  85.08840	  44.42120	  78.08895	       13C
  83.82735	  42.23700	 110.52292	       13C
  83.82735	  48.06152	 137.80867	       13C
  83.82735	  49.51768	 149.64960	       13C
  83.82735	  53.88608	  92.50403	       13C
  83.82735	  53.88608	 129.57143	       13C
  85.08840	  57.52640	  67.27763	       13C
  85.08840	  58.98252	 139.35314	       13C
  85.08840	  60.43868	  63.15900	       13C
  85.08840	  61.89480	 121.33425	       13C
  85.08840	  60.43868	 131.11590	       13C
  83.82735	  61.16672	 137.80867	       13C
  85.08840	  64.80708	  19.91371	       13C
  85.08840	  66.26320	  24.03233	       13C
  85.08840	  66.26320	  78.08895	       13C
  83.82735	  66.99128	 112.58220	       13C
  85.08840	  66.26320	 121.33425	       13C
  85.08840	  69.17548	   7.55791	       13C
  83.82735	  71.35968	  38.44741	       13C
  85.08840	  69.17548	 100.22640	       13C
  83.82735	  71.35968	 149.64960	       13C
  85.08840	  75.00000	  59.55525	       13C
  83.82735	  74.27192	  94.56337	       13C
  85.08840	  76.45612	 120.81944	       13C
  83.82735	  74.27192	 137.80867	       13C
  85.08840	  79.36840	  36.38813	       13C
  85.08840	  80.82452	 102.28574	       13C
  83.82735	  77.18420	 129.05662	       13C
  85.08840	  83.73680	 122.87872	       13C
  83.82735	  84.46488	 143.47170	       13C
  85.08840	  82.28068	 149.64960	       13C
  83.82735	  88.83328	  55.43663	       13C
  85.08840	  91.01748	  49.25873	       13C
  85.08840	  92.47360	  78.08895	       13C
  83.82735	  90.28940	 116.70082	       13C
  83.82735	  91.74552	 133.17524	       13C
  85.08840	  91.01748	 149.64960	       13C
  85.08840	  96.84200	  11.67653	       13C
  85.08840	  96.84200	  61.09973	       13C
  85.08840	  95.38588	 118.76010	       13C
  83.82735	  96.11392	 143.98657	       13C
  83.82735	  97.57008	 141.92723	       13C
  85.08840	 102.66652	  38.96227	       13C
  83.82735	 101.93848	  44.62530	       13C
  83.82735	 101.93848	  55.43663	       13C
  85.08840	 101.21040	  79.63342	       13C
  85.08840	 104.12268	 112.58220	       13C
  83.82735	 106.30688	 131.11590	       13C
  83.82735	 109.21912	  40.50675	       13C
  83.82735	 109.21912	  96.10785	       13C
  83.82735	 107.76300	  98.16712	       13C
  83.82735	 107.76300	 122.87872	       13C
  85.08840	 115.77172	  38.96227	       13C
  83.82735	 113.58752	  82.20757	       13C
  83.82735	 115.04368	  87.87060	       13C
  85.08840	 114.31560	  90.44475	       13C
  83.82735	 115.04368	 123.39353	       13C
  85.08840	 121.59628	  13.73581	       13C
  83.82735	 122.32432	  32.78437	       13C
  83.82735	 132.51728	  38.44741	       13C
  85.08840	 131.78920	  41.02155	       13C
  83.82735	 131.06112	  57.49597	       13C
  83.82735	 131.06112	  94.56337	       13C
  83.82735	 136.88568	  13.73581	       13C
  83.82735	 136.88568	 104.85983	       13C
  85.08840	 136.15760	 127.51215	       13C
  85.08840	 140.52600	  78.08895	       13C
  85.08840	 141.98212	 131.63077	       13C
  83.82735	 138.34180	 139.86795	       13C
  83.82735	 145.62248	  36.90293	       13C
  83.82735	 142.71020	 115.15635	       13C
  85.08840	 144.89440	 116.70082	       13C
  83.82735	 145.62248	 135.74933	       13C
  83.82735	 142.71020	 146.04585	       13C
  83.82735	 147.07860	  79.63342	       13C
  83.82735	 148.53472	 125.45287	       13C
  87.61050	   2.19332	   3.43935	       13C
  87.61050	   6.56172	   1.89487	       13C
  86.34945	   7.28980	  67.27763	       13C
  87.61050	   8.01788	 149.64960	       13C
  86.34945	  13.11432	  14.25067	       13C
  86.34945	  14.57048	  38.44741	       13C
  86.34945	  14.57048	  56.98110	       13C
  87.61050	  15.29852	  65.21835	       13C
  86.34945	  13.11432	  77.57415	       13C
  86.34945	  13.11432	  82.20757	       13C
  86.34945	  16.02660	  24.03233	       13C
  87.61050	  24.03532	  40.50675	       13C
  86.34945	  23.30728	  75.51480	       13C
  86.34945	  21.85112	 114.64154	       13C
  87.61050	  28.40372	  51.31807	       13C
  87.61050	  26.94760	  71.91105	       13C
  86.34945	  24.76340	  73.45553	       13C
  87.61050	  31.31600	  28.66575	       13C
  87.61050	  29.85988	  32.26951	       13C
  86.34945	  33.50020	  90.44475	       13C
  87.61050	  34.22828	  98.68193	       13C
  87.61050	  34.22828	 123.39353	       13C
  86.34945	  37.86860	  22.48785	       13C
  87.61050	  40.05280	  48.74393	       13C
  87.61050	  40.05280	  85.81132	       13C
  87.61050	  40.05280	 110.52292	       13C
  86.34945	  42.23700	  17.85443	       13C
  87.61050	  42.96508	  69.33690	       13C
  87.61050	  42.96508	  87.87060	       13C
  86.34945	  42.23700	 121.33425	       13C
  87.61050	  47.33348	   7.55791	       13C
  86.34945	  46.60540	  30.21023	       13C
  87.61050	  60.43868	  19.91371	       13C
  86.34945	  59.71060	  47.19945	       13C
  86.34945	  61.16672	  82.20757	       13C
  86.34945	  64.07900	  73.45553	       13C
  86.34945	  64.07900	  78.08895	       13C
  87.61050	  64.80708	 112.58220	       13C
  86.34945	  71.35968	  38.44741	       13C
  87.61050	  69.17548	  43.08083	       13C
  87.61050	  69.17548	  98.68193	       13C
  86.34945	  69.90352	 119.27497	       13C
  86.34945	  72.81580	  11.67653	       13C
  86.34945	  72.81580	  67.27763	       13C
  86.34945	  77.18420	  41.02155	       13C
  87.61050	  80.82452	  46.68465	       13C
  87.61050	  80.82452	  65.21835	       13C
  87.61050	  77.91228	  92.50403	       13C
  86.34945	  77.18420	 116.70082	       13C
  86.34945	  78.64032	 143.98657	       13C
  87.61050	  83.73680	  34.84365	       13C
  86.34945	  81.55260	  79.63342	       13C
  87.61050	  83.73680	  91.98922	       13C
  86.34945	  84.46488	 149.64960	       13C
  87.61050	  88.10520	  42.56603	       13C
  86.34945	  88.83328	  56.98110	       13C
  86.34945	  85.92100	  61.09973	       13C
  87.61050	  86.64908	 118.76010	       13C
  87.61050	  93.92972	  14.25067	       13C
  87.61050	  93.92972	  28.15095	       13C
  87.61050	  92.47360	  30.21023	       13C
  86.34945	  90.28940	 122.87872	       13C
  87.61050	  92.47360	 135.23452	       13C
  87.61050	  96.84200	  17.85443	       13C
  86.34945	  96.11392	  57.49597	       13C
  87.61050	  95.38588	 100.22640	       13C
  86.34945	 101.93848	  12.19133	       13C
  87.61050	 101.21040	  53.37735	       13C
  87.61050	 102.66652	  65.21835	       13C
  86.34945	 101.93848	  80.14823	       13C
  86.34945	 101.93848	 137.29380	       13C
  86.34945	 100.48232	 145.53104	       13C
  86.34945	 103.39460	   3.95415	       13C
  87.61050	 108.49108	  19.91371	       13C
  87.61050	 109.94720	  91.98922	       13C
  86.34945	 107.76300	  98.16712	       13C
  87.61050	 108.49108	 100.22640	       13C
  86.34945	 110.67528	 129.57143	       13C
  86.34945	 112.13140	  59.55525	       13C
  86.34945	 112.13140	  65.73315	       13C
  86.34945	 113.58752	 137.80867	       13C
  86.34945	 117.95592	 119.27497	       13C
  86.34945	 120.86820	  67.27763	       13C
  87.61050	 121.59628	 129.57143	       13C
  86.34945	 126.69272	   8.07277	       13C
  86.34945	 126.69272	  76.02967	       13C
  87.61050	 127.42080	  78.08895	       13C
  87.61050	 127.42080	  96.62265	       13C
  87.61050	 128.87692	 131.63077	       13C
  86.34945	 125.23660	 129.05662	       13C
  86.34945	 128.14888	 131.11590	       13C
  86.34945	 132.51728	  75.51480	       13C
  87.61050	 130.33308	 118.76010	       13C
  87.61050	 130.33308	 141.92723	       13C
  86.34945	 133.97340	  28.66575	       13C
  87.61050	 134.70148	  73.97033	       13C
  86.34945	 135.42952	 126.99734	       13C
  87.61050	 134.70148	 141.92723	       13C
  87.61050	 139.06988	   1.38001	       13C
  87.61050	 140.52600	  17.85443	       13C
  87.61050	 139.06988	  44.62530	       13C
  86.34945	 144.16632	  28.15095	       13C
  87.61050	 143.43828	  69.33690	       13C
  86.34945	 145.62248	  86.32613	       13C
  86.34945	 145.62248	  92.50403	       13C
  86.34945	 144.16632	 102.28574	       13C
  86.34945	 145.62248	 137.29380	       13C
  86.34945	 149.99088	  12.19133	       13C
  87.61050	 149.26280	  53.37735	       13C
  88.87155	   0.00912	  32.78437	       13C
  88.87155	   5.83368	  18.36923	       13C
  90.13260	   6.56172	  26.60647	       13C
  90.13260	   3.64948	 104.85983	       13C
  90.13260	   6.56172	 133.17524	       13C
  88.87155	   7.28980	  16.30995	       13C
  90.13260	   9.47400	  22.48785	       13C
  90.13260	  10.93012	  34.32885	       13C
  90.13260	   9.47400	  53.37735	       13C
  90.13260	   8.01788	 112.58220	       13C
  90.13260	  13.84240	   3.95415	       13C
  90.13260	  12.38628	  13.73581	       13C
  88.87155	  14.57048	  61.61453	       13C
  88.87155	  11.65820	 121.33425	       13C
  90.13260	  15.29852	 126.99734	       13C
  88.87155	  18.93888	  24.54713	       13C
  90.13260	  16.75468	  73.97033	       13C
  88.87155	  16.02660	 133.69005	       13C
  88.87155	  21.85112	  15.79515	       13C
  90.13260	  24.03532	  77.57415	       13C
  88.87155	  21.85112	 113.09707	       13C
  90.13260	  28.40372	  40.50675	       13C
  88.87155	  27.67568	 112.58220	       13C
  90.13260	  29.85988	   7.55791	       13C
  90.13260	  29.85988	  43.08083	       13C
  88.87155	  36.41248	   6.01343	       13C
  90.13260	  35.68440	  22.48785	       13C
  88.87155	  36.41248	  50.80320	       13C
  88.87155	  34.95632	  57.49597	       13C
  88.87155	  36.41248	  73.97033	       13C
  90.13260	  37.14052	 125.45287	       13C
  90.13260	  38.59668	   1.38001	       13C
  90.13260	  41.50892	  20.42857	       13C
  88.87155	  39.32472	 100.74127	       13C
  88.87155	  42.23700	  17.85443	       13C
  88.87155	  43.69312	  40.50675	       13C
  90.13260	  44.42120	 116.70082	       13C
  88.87155	  49.51768	  43.08083	       13C
  88.87155	  49.51768	  69.33690	       13C
  88.87155	  48.06152	 133.17524	       13C
  88.87155	  52.42992	   3.43935	       13C
  90.13260	  53.15800	   3.95415	       13C
  88.87155	  53.88608	  13.73581	       13C
  90.13260	  53.15800	  16.30995	       13C
  88.87155	  50.97380	  17.85443	       13C
  88.87155	  52.42992	  45.14017	       13C
  88.87155	  52.42992	  69.85177	       13C
  88.87155	  53.88608	 104.85983	       13C
  90.13260	  53.15800	 110.52292	       13C
  90.13260	  51.70188	 141.92723	       13C
  88.87155	  58.25448	  38.44741	       13C
  90.13260	  57.52640	  71.91105	       13C
  88.87155	  56.79832	 143.98657	       13C
  88.87155	  55.34220	 141.41242	       13C
  90.13260	  63.35092	   1.89487	       13C
  90.13260	  63.35092	  26.60647	       13C
  88.87155	  62.62288	  44.62530	       13C
  88.87155	  62.62288	 100.22640	       13C
  88.87155	  59.71060	 127.51215	       13C
  88.87155	  66.99128	  56.98110	       13C
  88.87155	  66.99128	 104.85983	       13C
  90.13260	  66.26320	 115.15635	       13C
  90.13260	  67.71932	 119.27497	       13C
  88.87155	  71.35968	  12.19133	       13C
  90.13260	  69.17548	  80.14823	       13C
  88.87155	  68.44740	 102.80055	       13C
  88.87155	  72.81580	 121.33425	       13C
  90.13260	  76.45612	 131.63077	       13C
  90.13260	  79.36840	  67.27763	       13C
  90.13260	  80.82452	  96.10785	       13C
  90.13260	  80.82452	 119.27497	       13C
  88.87155	  77.18420	 135.23452	       13C
  88.87155	  81.55260	  11.67653	       13C
  90.13260	  85.19292	  45.14017	       13C
  88.87155	  83.00872	  46.68465	       13C
  88.87155	  84.46488	  67.79243	       13C
  88.87155	  84.46488	 104.85983	       13C
  88.87155	  83.00872	 114.64154	       13C
  88.87155	  83.00872	 131.63077	       13C
  90.13260	  91.01748	  56.98110	       13C
  88.87155	  90.28940	  90.44475	       13C
  88.87155	  93.20168	 111.03773	       13C
  88.87155	  94.65780	  36.38813	       13C
  90.13260	  96.84200	 102.80055	       13C
  90.13260	  98.29812	 125.45287	       13C
  90.13260	  99.75428	 135.74933	       13C
  88.87155	 104.85072	   9.61725	       13C
  88.87155	 104.85072	  63.67387	       13C
  88.87155	 106.30688	  69.33690	       13C
  90.13260	 105.57880	  73.45553	       13C
  88.87155	 106.30688	  80.14823	       13C
  88.87155	 106.30688	  92.50403	       13C
  88.87155	 107.76300	  79.63342	       13C
  88.87155	 110.67528	 117.21563	       13C
  88.87155	 115.04368	   7.55791	       13C
  90.13260	 114.31560	  41.02155	       13C
  88.87155	 115.04368	  55.43663	       13C
  90.13260	 112.85948	 106.40430	       13C
  88.87155	 117.95592	  46.68465	       13C
  90.13260	 120.14012	 120.81944	       13C
  88.87155	 116.49980	 127.51215	       13C
  90.13260	 118.68400	 133.69005	       13C
  88.87155	 117.95592	 139.35314	       13C
  88.87155	 123.78048	  26.09161	       13C
  90.13260	 124.50852	  69.85177	       13C
  90.13260	 121.59628	  67.79243	       13C
  88.87155	 123.78048	  69.33690	       13C
  88.87155	 123.78048	  73.97033	       13C
  90.13260	 121.59628	  86.32613	       13C
  88.87155	 120.86820	 115.15635	       13C
  90.13260	 125.96468	  19.91371	       13C
  90.13260	 128.87692	  45.14017	       13C
  88.87155	 129.60500	 139.86795	       13C
  88.87155	 135.42952	   1.89487	       13C
  88.87155	 135.42952	  28.15095	       13C
  88.87155	 133.97340	  41.02155	       13C
  90.13260	 134.70148	  49.25873	       13C
  90.13260	 137.61372	  63.67387	       13C
  90.13260	 134.70148	  80.14823	       13C
  88.87155	 135.42952	  88.38547	       13C
  90.13260	 134.70148	 135.74933	       13C
  88.87155	 141.25408	  44.62530	       13C
  88.87155	 139.79792	  77.57415	       13C
  88.87155	 144.16632	  32.78437	       13C
  88.87155	 142.71020	  78.08895	       13C
  88.87155	 145.62248	  81.69270	       13C
  90.13260	 144.89440	 141.41242	       13C
  91.39365	   0.00912	 120.81944	       13C
  91.39365	   2.92140	  54.92183	       13C
  91.39365	   2.92140	  65.73315	       13C
  92.65470	   8.01788	  56.98110	       13C
  91.39365	  13.11432	   9.61725	       13C
  92.65470	  13.84240	  85.81132	       13C
  92.65470	  13.84240	  90.44475	       13C
  91.39365	  16.02660	  73.45553	       13C
  92.65470	  18.21080	  96.62265	       13C
  92.65470	  16.75468	 106.40430	       13C
  91.39365	  21.85112	  15.79515	       13C
  92.65470	  22.57920	 146.04585	       13C
  91.39365	  27.67568	  12.19133	       13C
  91.39365	  26.21952	 108.46364	       13C
  92.65470	  25.49148	 149.64960	       13C
  91.39365	  30.58792	  51.31807	       13C
  91.39365	  33.50020	  42.56603	       13C
  91.39365	  34.95632	  77.57415	       13C
  92.65470	  34.22828	 104.85983	       13C
  91.39365	  37.86860	  85.81132	       13C
  91.39365	  37.86860	  91.98922	       13C
  91.39365	  37.86860	 110.52292	       13C
  92.65470	  40.05280	 133.69005	       13C
  91.39365	  37.86860	 141.41242	       13C
  92.65470	  45.87732	  34.32885	       13C
  92.65470	  45.87732	  77.57415	       13C
  92.65470	  45.87732	  89.92995	       13C
  92.65470	  44.42120	  96.62265	       13C
  92.65470	  44.42120	 104.34502	       13C
  92.65470	  44.42120	 121.33425	       13C
  91.39365	  48.06152	 137.80867	       13C
  91.39365	  53.88608	  18.36923	       13C
  92.65470	  54.61412	  52.86255	       13C
  91.39365	  53.88608	  92.50403	       13C
  92.65470	  58.98252	  71.39625	       13C
  92.65470	  57.52640	  73.45553	       13C
  91.39365	  55.34220	 133.69005	       13C
  91.39365	  59.71060	  65.73315	       13C
  91.39365	  61.16672	 145.53104	       13C
  91.39365	  65.53512	  32.78437	       13C
  92.65470	  67.71932	  89.92995	       13C
  91.39365	  66.99128	 112.58220	       13C
  91.39365	  69.90352	  28.15095	       13C
  91.39365	  69.90352	 145.53104	       13C
  92.65470	  69.17548	 149.64960	       13C
  92.65470	  73.54388	   1.38001	       13C
  92.65470	  76.45612	  46.68465	       13C
  91.39365	  72.81580	  53.37735	       13C
  92.65470	  76.45612	  71.39625	       13C
  91.39365	  72.81580	 146.04585	       13C
  91.39365	  77.18420	  67.27763	       13C
  91.39365	  77.18420	  73.45553	       13C
  92.65470	  79.36840	 147.59032	       13C
  92.65470	  85.19292	  38.96227	       13C
  92.65470	  82.28068	  50.80320	       13C
  92.65470	  82.28068	  94.04850	       13C
  91.39365	  84.46488	 141.92723	       13C
  92.65470	  86.64908	  24.54713	       13C
  92.65470	  86.64908	  86.32613	       13C
  91.39365	  85.92100	  98.16712	       13C
  92.65470	  88.10520	 116.70082	       13C
  91.39365	  88.83328	 143.47170	       13C
  91.39365	  88.83328	 148.10513	       13C
  92.65470	  93.92972	 126.99734	       13C
  91.39365	  93.20168	 129.57143	       13C
  92.65470	  96.84200	  30.21023	       13C
  92.65470	  96.84200	  90.44475	       13C
  92.65470	  95.38588	 100.22640	       13C
  91.39365	  99.02620	  16.30995	       13C
  92.65470	 102.66652	  21.97305	       13C
  92.65470	 102.66652	  26.60647	       13C
  92.65470	  99.75428	  73.97033	       13C
  91.39365	 100.48232	  83.75205	       13C
  92.65470	 107.03492	 108.46364	       13C
  92.65470	 105.57880	 110.52292	       13C
  91.39365	 110.67528	  12.19133	       13C
  91.39365	 109.21912	  69.85177	       13C
  92.65470	 111.40332	  69.85177	       13C
  91.39365	 110.67528	  81.69270	       13C
  91.39365	 107.76300	  96.62265	       13C
  91.39365	 112.13140	  10.13205	       13C
  91.39365	 115.04368	  67.79243	       13C
  92.65470	 115.77172	  96.10785	       13C
  92.65470	 120.14012	 143.98657	       13C
  92.65470	 123.05240	  98.16712	       13C
  92.65470	 124.50852	 125.45287	       13C
  91.39365	 125.23660	  22.48785	       13C
  91.39365	 126.69272	  34.32885	       13C
  91.39365	 125.23660	  59.55525	       13C
  92.65470	 127.42080	  79.63342	       13C
  92.65470	 127.42080	 121.33425	       13C
  92.65470	 133.24532	  28.15095	       13C
  91.39365	 132.51728	 106.40430	       13C
  92.65470	 133.24532	 120.81944	       13C
  92.65470	 131.78920	 127.51215	       13C
  92.65470	 130.33308	 129.57143	       13C
  91.39365	 133.97340	  67.27763	       13C
  92.65470	 134.70148	 137.29380	       13C
  91.39365	 139.79792	   3.43935	       13C
  91.39365	 139.79792	 119.27497	       13C
  92.65470	 140.52600	 129.05662	       13C
  91.39365	 144.16632	   1.89487	       13C
  91.39365	 144.16632	  59.04045	       13C
  92.65470	 143.43828	  80.14823	       13C
  91.39365	 144.16632	 114.64154	       13C
  92.65470	 143.43828	 137.29380	       13C
  91.39365	 149.99088	  24.54713	       13C
  91.39365	 148.53472	  40.50675	       13C
  91.39365	 148.53472	  52.86255	       13C
  93.91575	   1.46528	 141.92723	       13C
  93.91575	   1.46528	 149.64960	       13C
  95.17680	   5.10560	  16.30995	       13C
  93.91575	   4.37752	  96.10785	       13C
  93.91575	  10.20208	  32.26951	       13C
  95.17680	   8.01788	  56.98110	       13C
  93.91575	   7.28980	 115.15635	       13C
  95.17680	  13.84240	  30.21023	       13C
  95.17680	  15.29852	 108.46364	       13C
  93.91575	  11.65820	 108.97845	       13C
  93.91575	  13.11432	 137.80867	       13C
  93.91575	  23.30728	 112.58220	       13C
  93.91575	  26.21952	  57.49597	       13C
  95.17680	  26.94760	  61.09973	       13C
  95.17680	  25.49148	  75.51480	       13C
  95.17680	  28.40372	  83.75205	       13C
  95.17680	  28.40372	  89.92995	       13C
  95.17680	  31.31600	  34.84365	       13C
  93.91575	  30.58792	  52.86255	       13C
  93.91575	  29.13180	  79.63342	       13C
  95.17680	  29.85988	 117.21563	       13C
  93.91575	  33.50020	  22.48785	       13C
  95.17680	  34.22828	  30.72503	       13C
  93.91575	  33.50020	  54.92183	       13C
  93.91575	  34.95632	 100.74127	       13C
  95.17680	  37.14052	 108.46364	       13C
  95.17680	  34.22828	 117.21563	       13C
  93.91575	  33.50020	 141.41242	       13C
  93.91575	  39.32472	  52.86255	       13C
  93.91575	  37.86860	  90.44475	       13C
  93.91575	  37.86860	 141.41242	       13C
  95.17680	  44.42120	  28.66575	       13C
  93.91575	  45.14928	  56.98110	       13C
  93.91575	  49.51768	   6.01343	       13C
  93.91575	  46.60540	  41.02155	       13C
  95.17680	  48.78960	  61.09973	       13C
  95.17680	  47.33348	  75.51480	       13C
  95.17680	  47.33348	  80.14823	       13C
  95.17680	  47.33348	  94.04850	       13C
  95.17680	  50.24572	 114.64154	       13C
  95.17680	  47.33348	 112.58220	       13C
  95.17680	  51.70188	  36.90293	       13C
  93.91575	  52.42992	 102.28574	       13C
  93.91575	  55.34220	 115.15635	       13C
  95.17680	  57.52640	 116.70082	       13C
  93.91575	  58.25448	 123.39353	       13C
  93.91575	  62.62288	  61.61453	       13C
  95.17680	  60.43868	 100.22640	       13C
  95.17680	  64.80708	  26.09161	       13C
  93.91575	  66.99128	  87.87060	       13C
  95.17680	  67.71932	 137.80867	       13C
  95.17680	  72.08772	   1.89487	       13C
  93.91575	  68.44740	  22.48785	       13C
  93.91575	  69.90352	  69.85177	       13C
  95.17680	  69.17548	 117.21563	       13C
  93.91575	  68.44740	 135.23452	       13C
  95.17680	  70.63160	 146.04585	       13C
  95.17680	  76.45612	  14.25067	       13C
  95.17680	  75.00000	  24.03233	       13C
  93.91575	  72.81580	  79.63342	       13C
  93.91575	  75.72808	 117.21563	       13C
  93.91575	  80.09648	   6.01343	       13C
  95.17680	  77.91228	  81.69270	       13C
  93.91575	  77.18420	 135.23452	       13C
  93.91575	  83.00872	  77.57415	       13C
  93.91575	  83.00872	  89.92995	       13C
  95.17680	  85.19292	 106.91917	       13C
  95.17680	  86.64908	 111.03773	       13C
  93.91575	  93.20168	  12.19133	       13C
  95.17680	  91.01748	  63.15900	       13C
  93.91575	  93.20168	 129.57143	       13C
  95.17680	  92.47360	 147.59032	       13C
  95.17680	  95.38588	  18.36923	       13C
  95.17680	 101.21040	   5.49863	       13C
  95.17680	 105.57880	  30.21023	       13C
  93.91575	 106.30688	  75.51480	       13C
  93.91575	 103.39460	 108.97845	       13C
  95.17680	 108.49108	  19.91371	       13C
  93.91575	 109.21912	  89.92995	       13C
  95.17680	 109.94720	  90.44475	       13C
  93.91575	 112.13140	  17.85443	       13C
  93.91575	 112.13140	 115.15635	       13C
  93.91575	 112.13140	 141.41242	       13C
  95.17680	 118.68400	  71.91105	       13C
  95.17680	 118.68400	 108.97845	       13C
  93.91575	 117.95592	 126.99734	       13C
  95.17680	 118.68400	 129.05662	       13C
  93.91575	 117.95592	 133.17524	       13C
  93.91575	 123.78048	  61.61453	       13C
  95.17680	 127.42080	  30.21023	       13C
  93.91575	 126.69272	  76.02967	       13C
  95.17680	 127.42080	  84.26685	       13C
  95.17680	 133.24532	  69.85177	       13C
  93.91575	 132.51728	  94.04850	       13C
  95.17680	 134.70148	  30.72503	       13C
  95.17680	 136.15760	  90.44475	       13C
  93.91575	 133.97340	 127.51215	       13C
  95.17680	 141.98212	  77.57415	       13C
  93.91575	 138.34180	 121.33425	       13C
  95.17680	 143.43828	  56.98110	       13C
  93.91575	 144.16632	  77.57415	       13C
  93.91575	 148.53472	  69.85177	       13C
  96.43785	   0.00912	  63.67387	       13C
  97.69890	   6.56172	  52.86255	       13C
  96.43785	   4.37752	  59.04045	       13C
  96.43785	   2.92140	 104.34502	       13C
  96.43785	   4.37752	 113.09707	       13C
  96.43785	   4.37752	 131.63077	       13C
  97.69890	   6.56172	 131.63077	       13C
  96.43785	   8.74592	   8.07277	       13C
  96.43785	   8.74592	  52.86255	       13C
  97.69890	   9.47400	  67.27763	       13C
  97.69890	  10.93012	 131.63077	       13C
  96.43785	  14.57048	  56.98110	       13C
  97.69890	  12.38628	  63.15900	       13C
  97.69890	  15.29852	 143.98657	       13C
  96.43785	  16.02660	  24.03233	       13C
  96.43785	  16.02660	 141.41242	       13C
  96.43785	  24.76340	  59.55525	       13C
  96.43785	  30.58792	 113.09707	       13C
  96.43785	  32.04408	 117.21563	       13C
  96.43785	  33.50020	  54.92183	       13C
  96.43785	  36.41248	  86.32613	       13C
  96.43785	  37.86860	  59.55525	       13C
  96.43785	  42.23700	 127.51215	       13C
  97.69890	  48.78960	  22.48785	       13C
  97.69890	  50.24572	  38.96227	       13C
  97.69890	  48.78960	  48.74393	       13C
  97.69890	  47.33348	  56.98110	       13C
  97.69890	  50.24572	  71.39625	       13C
  96.43785	  48.06152	  83.75205	       13C
  97.69890	  53.15800	 104.34502	       13C
  96.43785	  55.34220	  34.84365	       13C
  97.69890	  56.07028	  38.44741	       13C
  96.43785	  58.25448	  69.33690	       13C
  97.69890	  58.98252	 120.81944	       13C
  96.43785	  62.62288	  86.32613	       13C
  97.69890	  60.43868	 123.39353	       13C
  97.69890	  66.26320	  42.56603	       13C
  96.43785	  66.99128	  56.98110	       13C
  97.69890	  72.08772	 125.45287	       13C
  97.69890	  75.00000	 133.69005	       13C
  97.69890	  76.45612	 137.80867	       13C
  97.69890	  77.91228	  69.33690	       13C
  96.43785	  80.09648	  86.32613	       13C
  97.69890	  83.73680	  16.30995	       13C
  96.43785	  83.00872	 119.27497	       13C
  96.43785	  81.55260	 116.70082	       13C
  97.69890	  89.56132	   3.43935	       13C
  96.43785	  88.83328	  43.08083	       13C
  97.69890	  89.56132	  63.67387	       13C
  96.43785	  87.37712	  83.75205	       13C
  96.43785	  85.92100	  90.44475	       13C
  97.69890	  88.10520	 116.70082	       13C
  97.69890	  88.10520	 121.33425	       13C
  97.69890	  89.56132	 133.17524	       13C
  96.43785	  90.28940	  42.56603	       13C
  96.43785	  93.20168	 111.03773	       13C
  96.43785	  96.11392	  38.96227	       13C
  97.69890	  98.29812	  38.96227	       13C
  97.69890	 101.21040	  28.66575	       13C
  96.43785	 100.48232	 102.28574	       13C
  97.69890	  99.75428	 141.92723	       13C
  97.69890	 111.40332	  14.25067	       13C
  96.43785	 107.76300	  24.03233	       13C
  97.69890	 108.49108	  69.33690	       13C
  96.43785	 109.21912	  96.10785	       13C
  97.69890	 115.77172	  15.79515	       13C
  97.69890	 112.85948	  13.73581	       13C
  96.43785	 112.13140	  96.62265	       13C
  97.69890	 112.85948	 143.47170	       13C
  97.69890	 118.68400	  42.56603	       13C
  97.69890	 117.22788	 117.21563	       13C
  97.69890	 118.68400	 116.70082	       13C
  97.69890	 117.22788	 149.64960	       13C
  97.69890	 123.05240	  10.13205	       13C
  97.69890	 121.59628	  81.69270	       13C
  96.43785	 122.32432	 143.98657	       13C
  97.69890	 128.87692	  38.96227	       13C
  97.69890	 131.78920	   5.49863	       13C
  97.69890	 130.33308	 118.76010	       13C
  97.69890	 134.70148	  24.54713	       13C
  97.69890	 134.70148	  67.79243	       13C
  96.43785	 142.71020	  73.45553	       13C
  97.69890	 143.43828	  94.04850	       13C
  97.69890	 147.80668	   7.55791	       13C
  96.43785	 148.53472	  38.96227	       13C
  96.43785	 147.07860	  41.02155	       13C
  96.43785	 147.07860	  42.56603	       13C
  97.69890	 147.80668	  81.69270	       13C
  96.43785	 149.99088	 104.85983	       13C
  98.95995	   4.37752	  46.68465	       13C
 100.22100	   8.01788	   6.01343	       13C
 100.22100	   9.47400	  54.92183	       13C
 100.22100	  10.93012	 137.80867	       13C
  98.95995	  14.57048	  12.19133	       13C
  98.95995	  13.11432	  57.49597	       13C
 100.22100	  18.21080	  16.30995	       13C
  98.95995	  16.02660	 102.80055	       13C
 100.22100	  18.21080	 110.52292	       13C
  98.95995	  18.93888	 117.21563	       13C
 100.22100	  21.12308	  12.19133	       13C
 100.22100	  22.57920	  54.92183	       13C
  98.95995	  23.30728	  87.87060	       13C
  98.95995	  20.39500	 147.59032	       13C
  98.95995	  24.76340	  71.91105	       13C
 100.22100	  26.94760	  78.08895	       13C
  98.95995	  29.13180	  48.74393	       13C
 100.22100	  29.85988	  63.15900	       13C
 100.22100	  31.31600	  71.91105	       13C
  98.95995	  34.95632	  15.79515	       13C
  98.95995	  34.95632	  21.97305	       13C
 100.22100	  37.14052	  77.57415	       13C
  98.95995	  36.41248	  98.68193	       13C
 100.22100	  35.68440	 102.80055	       13C
  98.95995	  33.50020	 104.34502	       13C
 100.22100	  34.22828	 111.03773	       13C
 100.22100	  40.05280	  24.03233	       13C
 100.22100	  38.59668	  50.80320	       13C
  98.95995	  37.86860	  85.81132	       13C
 100.22100	  44.42120	   3.95415	       13C
 100.22100	  44.42120	  10.13205	       13C
  98.95995	  42.23700	  34.84365	       13C
 100.22100	  45.87732	  38.96227	       13C
  98.95995	  49.51768	  13.73581	       13C
 100.22100	  48.78960	 127.51215	       13C
  98.95995	  52.42992	  63.67387	       13C
 100.22100	  53.15800	  61.09973	       13C
  98.95995	  52.42992	  65.21835	       13C
 100.22100	  53.15800	 102.80055	       13C
  98.95995	  53.88608	 106.40430	       13C
 100.22100	  54.61412	 139.35314	       13C
 100.22100	  58.98252	   9.61725	       13C
  98.95995	  55.34220	  67.27763	       13C
  98.95995	  55.34220	 146.04585	       13C
 100.22100	  63.35092	  69.85177	       13C
  98.95995	  59.71060	 139.86795	       13C
 100.22100	  60.43868	 148.10513	       13C
  98.95995	  64.07900	  42.56603	       13C
  98.95995	  66.99128	 111.03773	       13C
  98.95995	  65.53512	 139.35314	       13C
 100.22100	  69.17548	  30.72503	       13C
  98.95995	  68.44740	  54.92183	       13C
  98.95995	  71.35968	 135.74933	       13C
  98.95995	  69.90352	 139.35314	       13C
 100.22100	  73.54388	  43.08083	       13C
  98.95995	  72.81580	 133.69005	       13C
 100.22100	  73.54388	 135.74933	       13C
  98.95995	  77.18420	  30.21023	       13C
 100.22100	  77.91228	  80.14823	       13C
 100.22100	  80.82452	 126.99734	       13C
  98.95995	  80.09648	 141.92723	       13C
 100.22100	  82.28068	 141.92723	       13C
 100.22100	  83.73680	 141.41242	       13C
  98.95995	  81.55260	 147.59032	       13C
 100.22100	  86.64908	   7.55791	       13C
 100.22100	  89.56132	  34.32885	       13C
 100.22100	  88.10520	  36.38813	       13C
 100.22100	  89.56132	 125.45287	       13C
 100.22100	  91.01748	  49.25873	       13C
  98.95995	  93.20168	  86.32613	       13C
  98.95995	  97.57008	  63.15900	       13C
 100.22100	  95.38588	 111.03773	       13C
  98.95995	 101.93848	  24.54713	       13C
  98.95995	  99.02620	  28.66575	       13C
 100.22100	 104.12268	  12.19133	       13C
  98.95995	 103.39460	  30.21023	       13C
  98.95995	 104.85072	  88.38547	       13C
 100.22100	 111.40332	  34.32885	       13C
 100.22100	 111.40332	  52.86255	       13C
 100.22100	 109.94720	  61.09973	       13C
  98.95995	 109.21912	  71.39625	       13C
 100.22100	 108.49108	 118.76010	       13C
  98.95995	 115.04368	   1.38001	       13C
 100.22100	 115.77172	   9.61725	       13C
  98.95995	 112.13140	  36.38813	       13C
 100.22100	 115.77172	  52.86255	       13C
 100.22100	 115.77172	 106.91917	       13C
 100.22100	 114.31560	 108.97845	       13C
  98.95995	 113.58752	 143.98657	       13C
  98.95995	 113.58752	 145.53104	       13C
 100.22100	 120.14012	  15.79515	       13C
 100.22100	 117.22788	  32.26951	       13C
  98.95995	 119.41208	  44.62530	       13C
  98.95995	 119.41208	  73.97033	       13C
 100.22100	 120.14012	 120.81944	       13C
  98.95995	 123.78048	  80.14823	       13C
 100.22100	 123.05240	 110.52292	       13C
  98.95995	 123.78048	 112.58220	       13C
 100.22100	 123.05240	 115.15635	       13C
  98.95995	 125.23660	  48.74393	       13C
 100.22100	 131.78920	  11.67653	       13C
 100.22100	 130.33308	 143.47170	       13C
  98.95995	 133.97340	  53.37735	       13C
  98.95995	 135.42952	  65.21835	       13C
  98.95995	 133.97340	 108.97845	       13C
  98.95995	 136.88568	 111.03773	       13C
  98.95995	 133.97340	 133.69005	       13C
 100.22100	 137.61372	 143.98657	       13C
 100.22100	 140.52600	  91.98922	       13C
 100.22100	 141.98212	 131.63077	       13C
  98.95995	 139.79792	 145.53104	       13C
  98.95995	 141.25408	 143.47170	       13C
 100.22100	 144.89440	  22.48785	       13C
 100.22100	 143.43828	  32.26951	       13C
 100.22100	 147.80668	   7.55791	       13C
  98.95995	 149.99088	  87.87060	       13C
  98.95995	 149.99088	 149.64960	       13C
 101.48205	   4.37752	  89.92995	       13C
 102.74310	   5.10560	 122.87872	       13C
 101.48205	   2.92140	 135.23452	       13C
 101.48205	  10.20208	  94.04850	       13C
 101.48205	  14.57048	  18.36923	       13C
 102.74310	  12.38628	  49.25873	       13C
 102.74310	  13.84240	 116.70082	       13C
 101.48205	  16.02660	  65.73315	       13C
 102.74310	  18.21080	  78.08895	       13C
 102.74310	  22.57920	  85.81132	       13C
 101.48205	  21.85112	 133.17524	       13C
 101.48205	  24.76340	  16.30995	       13C
 101.48205	  27.67568	  43.08083	       13C
 102.74310	  25.49148	 111.03773	       13C
 102.74310	  29.85988	 117.21563	       13C
 102.74310	  37.14052	  40.50675	       13C
 101.48205	  33.50020	  53.37735	       13C
 101.48205	  37.86860	  48.74393	       13C
 102.74310	  41.50892	  59.04045	       13C
 101.48205	  37.86860	  65.73315	       13C
 102.74310	  41.50892	 143.98657	       13C
 101.48205	  43.69312	  34.32885	       13C
 101.48205	  42.23700	  34.84365	       13C
 102.74310	  44.42120	  79.63342	       13C
 101.48205	  45.14928	  81.69270	       13C
 101.48205	  45.14928	 112.58220	       13C
 102.74310	  45.87732	 145.53104	       13C
 101.48205	  48.06152	  46.68465	       13C
 102.74310	  48.78960	  71.91105	       13C
 101.48205	  49.51768	  87.87060	       13C
 101.48205	  55.34220	  61.09973	       13C
 101.48205	  55.34220	  91.98922	       13C
 101.48205	  61.16672	   9.61725	       13C
 101.48205	  59.71060	  34.84365	       13C
 102.74310	  63.35092	  59.04045	       13C
 102.74310	  63.35092	  69.85177	       13C
 102.74310	  63.35092	 106.91917	       13C
 102.74310	  63.35092	 145.53104	       13C
 101.48205	  64.07900	  16.30995	       13C
 101.48205	  65.53512	 113.09707	       13C
 102.74310	  67.71932	 120.81944	       13C
 101.48205	  68.44740	  41.02155	       13C
 102.74310	  70.63160	  48.74393	       13C
 102.74310	  72.08772	 119.27497	       13C
 101.48205	  69.90352	 137.80867	       13C
 102.74310	  70.63160	 135.23452	       13C
 101.48205	  68.44740	 141.41242	       13C
 102.74310	  75.00000	  11.67653	       13C
 101.48205	  75.72808	  94.04850	       13C
 101.48205	  74.27192	 102.28574	       13C
 102.74310	  76.45612	 131.63077	       13C
 102.74310	  79.36840	  36.38813	       13C
 101.48205	  84.46488	  26.09161	       13C
 102.74310	  82.28068	  30.72503	       13C
 102.74310	  83.73680	  91.98922	       13C
 101.48205	  85.92100	  24.03233	       13C
 102.74310	  89.56132	  57.49597	       13C
 102.74310	  88.10520	  54.92183	       13C
 102.74310	  88.10520	  84.26685	       13C
 102.74310	  89.56132	 106.91917	       13C
 101.48205	  87.37712	 114.64154	       13C
 102.74310	  86.64908	 129.57143	       13C
 102.74310	  91.01748	   6.01343	       13C
 101.48205	  93.20168	  13.73581	       13C
 101.48205	  93.20168	  98.68193	       13C
 102.74310	  91.01748	 112.58220	       13C
 102.74310	  95.38588	  44.62530	       13C
 101.48205	 101.93848	 143.47170	       13C
 101.48205	 107.76300	  11.67653	       13C
 101.48205	 110.67528	  94.04850	       13C
 101.48205	 110.67528	 148.10513	       13C
 102.74310	 114.31560	   3.95415	       13C
 102.74310	 114.31560	  47.19945	       13C
 102.74310	 115.77172	  51.31807	       13C
 102.74310	 118.68400	  91.98922	       13C
 101.48205	 117.95592	 114.64154	       13C
 102.74310	 117.22788	 137.29380	       13C
 101.48205	 123.78048	  19.91371	       13C
 102.74310	 123.05240	  34.84365	       13C
 102.74310	 123.05240	  53.37735	       13C
 102.74310	 124.50852	  59.04045	       13C
 102.74310	 124.50852	 120.81944	       13C
 101.48205	 122.32432	 133.17524	       13C
 101.48205	 125.23660	  30.21023	       13C
 101.48205	 132.51728	   1.38001	       13C
 102.74310	 131.78920	  17.85443	       13C
 102.74310	 130.33308	  19.91371	       13C
 102.74310	 133.24532	  51.31807	       13C
 101.48205	 136.88568	   7.55791	       13C
 101.48205	 138.34180	   5.49863	       13C
 101.48205	 145.62248	  18.36923	       13C
 102.74310	 144.89440	  42.56603	       13C
 102.74310	 146.35052	  46.68465	       13C
 102.74310	 146.35052	  69.85177	       13C
 101.48205	 144.16632	 137.80867	       13C
 101.48205	 148.53472	   3.43935	       13C
 102.74310	 147.80668	  38.44741	       13C
 101.48205	 149.99088	  80.14823	       13C
 101.48205	 148.53472	  96.10785	       13C
 102.74310	 147.80668	 111.03773	       13C
 104.00415	   2.92140	  85.81132	       13C
 105.26520	   5.10560	 110.52292	       13C
 105.26520	   9.47400	  22.48785	       13C
 105.26520	  10.93012	  28.15095	       13C
 105.26520	   8.01788	  67.79243	       13C
 104.00415	  11.65820	  10.13205	       13C
 104.00415	  14.57048	  61.61453	       13C
 104.00415	  11.65820	  73.45553	       13C
 104.00415	  13.11432	  88.38547	       13C
 105.26520	  12.38628	 100.22640	       13C
 104.00415	  16.02660	  24.03233	       13C
 104.00415	  18.93888	  44.62530	       13C
 104.00415	  16.02660	  48.74393	       13C
 104.00415	  18.93888	  61.61453	       13C
 105.26520	  18.21080	  73.45553	       13C
 105.26520	  16.75468	 100.22640	       13C
 104.00415	  18.93888	 117.21563	       13C
 105.26520	  21.12308	   6.01343	       13C
 104.00415	  23.30728	  98.68193	       13C
 105.26520	  24.03532	 133.17524	       13C
 104.00415	  24.76340	  10.13205	       13C
 104.00415	  26.21952	  38.96227	       13C
 105.26520	  25.49148	  49.25873	       13C
 104.00415	  27.67568	 104.85983	       13C
 105.26520	  26.94760	 122.87872	       13C
 105.26520	  29.85988	  18.36923	       13C
 104.00415	  29.13180	  71.91105	       13C
 104.00415	  29.13180	  98.16712	       13C
 104.00415	  33.50020	  54.92183	       13C
 104.00415	  33.50020	  91.98922	       13C
 104.00415	  36.41248	 100.22640	       13C
 104.00415	  33.50020	 133.69005	       13C
 104.00415	  39.32472	   9.61725	       13C
 104.00415	  40.78088	  32.26951	       13C
 105.26520	  40.05280	  54.92183	       13C
 105.26520	  40.05280	  85.81132	       13C
 104.00415	  40.78088	 100.22640	       13C
 104.00415	  45.14928	 141.92723	       13C
 104.00415	  49.51768	  94.04850	       13C
 104.00415	  50.97380	  22.48785	       13C
 104.00415	  50.97380	  41.02155	       13C
 105.26520	  51.70188	  69.33690	       13C
 105.26520	  51.70188	  75.51480	       13C
 104.00415	  52.42992	  89.92995	       13C
 104.00415	  50.97380	  91.98922	       13C
 104.00415	  52.42992	  96.10785	       13C
 104.00415	  58.25448	  63.15900	       13C
 104.00415	  55.34220	  65.73315	       13C
 105.26520	  56.07028	  86.32613	       13C
 105.26520	  56.07028	 123.39353	       13C
 105.26520	  63.35092	  14.25067	       13C
 104.00415	  59.71060	  11.67653	       13C
 105.26520	  60.43868	  50.80320	       13C
 105.26520	  66.26320	  10.13205	       13C
 104.00415	  65.53512	  14.25067	       13C
 105.26520	  67.71932	  34.32885	       13C
 104.00415	  66.99128	  55.43663	       13C
 104.00415	  66.99128	  63.15900	       13C
 105.26520	  67.71932	 145.53104	       13C
 105.26520	  72.08772	 102.28574	       13C
 105.26520	  72.08772	 114.64154	       13C
 104.00415	  74.27192	  51.31807	       13C
 105.26520	  75.00000	  85.81132	       13C
 104.00415	  74.27192	 131.63077	       13C
 104.00415	  77.18420	  28.66575	       13C
 105.26520	  80.82452	  71.39625	       13C
 104.00415	  84.46488	  36.90293	       13C
 104.00415	  84.46488	  69.33690	       13C
 105.26520	  83.73680	 104.34502	       13C
 104.00415	  81.55260	 108.97845	       13C
 105.26520	  82.28068	 131.11590	       13C
 105.26520	  82.28068	 141.92723	       13C
 104.00415	  90.28940	  22.48785	       13C
 104.00415	  97.57008	  18.36923	       13C
 105.26520	  96.84200	  90.44475	       13C
 105.26520	  99.75428	  75.51480	       13C
 104.00415	 101.93848	 106.40430	       13C
 105.26520	 104.12268	   1.38001	       13C
 104.00415	 104.85072	  28.15095	       13C
 104.00415	 104.85072	  45.14017	       13C
 105.26520	 107.03492	  57.49597	       13C
 105.26520	 104.12268	  56.98110	       13C
 105.26520	 105.57880	  79.63342	       13C
 105.26520	 108.49108	   6.01343	       13C
 104.00415	 110.67528	  12.19133	       13C
 105.26520	 112.85948	  80.14823	       13C
 104.00415	 115.04368	  81.69270	       13C
 104.00415	 113.58752	  89.92995	       13C
 104.00415	 112.13140	  90.44475	       13C
 104.00415	 116.49980	  16.30995	       13C
 104.00415	 117.95592	 120.81944	       13C
 105.26520	 123.05240	 146.04585	       13C
 104.00415	 126.69272	  21.97305	       13C
 105.26520	 125.96468	  44.62530	       13C
 105.26520	 127.42080	  84.26685	       13C
 104.00415	 125.23660	  90.44475	       13C
 104.00415	 126.69272	 114.64154	       13C
 105.26520	 131.78920	  84.26685	       13C
 104.00415	 133.97340	  11.67653	       13C
 104.00415	 133.97340	  16.30995	       13C
 104.00415	 135.42952	  34.32885	       13C
 104.00415	 135.42952	  52.86255	       13C
 105.26520	 134.70148	  98.68193	       13C
 105.26520	 137.61372	 102.28574	       13C
 104.00415	 133.97340	 135.23452	       13C
 104.00415	 139.79792	 131.63077	       13C
 105.26520	 141.98212	 133.17524	       13C
 104.00415	 142.71020	  59.55525	       13C
 105.26520	 146.35052	  65.21835	       13C
 105.26520	 146.35052	  94.56337	       13C
 105.26520	 143.43828	  92.50403	       13C
 104.00415	 142.71020	 122.87872	       13C
 105.26520	 146.35052	 133.17524	       13C
 106.52625	   1.46528	  44.62530	       13C
 107.78730	   2.19332	  89.92995	       13C
 107.78730	   6.56172	  40.50675	       13C
 106.52625	   4.37752	  63.67387	       13C
 106.52625	   5.83368	  69.33690	       13C
 107.78730	   8.01788	  75.51480	       13C
 106.52625	   7.28980	 129.05662	       13C
 107.78730	  12.38628	  55.43663	       13C
 107.78730	  13.84240	  61.09973	       13C
 107.78730	  15.29852	 108.46364	       13C
 107.78730	  18.21080	  24.03233	       13C
 106.52625	  20.39500	  24.03233	       13C
 107.78730	  22.57920	 146.04585	       13C
 107.78730	  26.94760	   5.49863	       13C
 106.52625	  26.21952	  20.42857	       13C
 107.78730	  25.49148	  80.14823	       13C
 106.52625	  24.76340	 115.15635	       13C
 107.78730	  28.40372	 125.45287	       13C
 107.78730	  28.40372	 137.80867	       13C
 106.52625	  30.58792	  69.85177	       13C
 107.78730	  32.77212	  96.10785	       13C
 107.78730	  34.22828	 112.58220	       13C
 107.78730	  37.14052	 119.27497	       13C
 107.78730	  35.68440	 116.70082	       13C
 107.78730	  35.68440	 139.86795	       13C
 106.52625	  40.78088	   1.38001	       13C
 107.78730	  38.59668	  19.91371	       13C
 107.78730	  40.05280	  42.56603	       13C
 106.52625	  39.32472	  82.20757	       13C
 106.52625	  42.23700	  16.30995	       13C
 106.52625	  43.69312	  94.56337	       13C
 106.52625	  42.23700	 121.33425	       13C
 107.78730	  54.61412	   9.61725	       13C
 107.78730	  53.15800	  42.56603	       13C
 107.78730	  53.15800	 108.97845	       13C
 106.52625	  56.79832	   3.43935	       13C
 106.52625	  59.71060	   5.49863	       13C
 106.52625	  62.62288	  18.36923	       13C
 106.52625	  62.62288	  19.91371	       13C
 106.52625	  61.16672	  32.78437	       13C
 106.52625	  61.16672	  82.20757	       13C
 107.78730	  63.35092	  82.20757	       13C
 107.78730	  61.89480	  79.63342	       13C
 106.52625	  62.62288	 149.64960	       13C
 106.52625	  64.07900	  22.48785	       13C
 106.52625	  64.07900	  28.66575	       13C
 107.78730	  64.80708	  50.80320	       13C
 107.78730	  66.26320	  79.63342	       13C
 107.78730	  67.71932	 114.64154	       13C
 107.78730	  75.00000	  24.03233	       13C
 107.78730	  73.54388	  36.90293	       13C
 106.52625	  72.81580	  41.02155	       13C
 106.52625	  72.81580	  90.44475	       13C
 107.78730	  75.00000	  98.16712	       13C
 107.78730	  73.54388	 100.22640	       13C
 107.78730	  80.82452	  20.42857	       13C
 106.52625	  80.09648	  32.26951	       13C
 106.52625	  80.09648	  56.98110	       13C
 107.78730	  80.82452	  89.92995	       13C
 107.78730	  79.36840	  91.98922	       13C
 106.52625	  81.55260	   3.95415	       13C
 106.52625	  83.00872	  69.85177	       13C
 107.78730	  85.19292	 145.53104	       13C
 106.52625	  85.92100	 141.41242	       13C
 107.78730	  91.01748	   6.01343	       13C
 106.52625	  90.28940	  41.02155	       13C
 106.52625	  93.20168	  98.68193	       13C
 106.52625	  91.74552	 113.09707	       13C
 106.52625	  94.65780	 102.80055	       13C
 107.78730	  96.84200	 121.33425	       13C
 107.78730	  99.75428	  49.25873	       13C
 107.78730	 107.03492	   1.89487	       13C
 107.78730	 105.57880	  67.27763	       13C
 106.52625	 109.21912	   8.07277	       13C
 106.52625	 110.67528	 104.85983	       13C
 107.78730	 109.94720	 133.69005	       13C
 106.52625	 113.58752	  14.25067	       13C
 106.52625	 112.13140	  96.62265	       13C
 107.78730	 115.77172	 106.91917	       13C
 106.52625	 115.04368	 118.76010	       13C
 107.78730	 112.85948	 129.57143	       13C
 106.52625	 112.13140	 141.41242	       13C
 106.52625	 116.49980	  11.67653	       13C
 107.78730	 117.22788	  49.25873	       13C
 106.52625	 116.49980	  71.91105	       13C
 107.78730	 117.22788	 137.29380	       13C
 106.52625	 119.41208	 141.92723	       13C
 107.78730	 124.50852	   9.61725	       13C
 106.52625	 123.78048	  36.90293	       13C
 106.52625	 123.78048	  69.33690	       13C
 107.78730	 121.59628	  86.32613	       13C
 106.52625	 128.14888	  81.69270	       13C
 106.52625	 125.23660	 127.51215	       13C
 106.52625	 131.06112	  15.79515	       13C
 106.52625	 129.60500	  17.85443	       13C
 106.52625	 132.51728	  30.72503	       13C
 107.78730	 131.78920	  61.09973	       13C
 107.78730	 131.78920	 102.80055	       13C
 107.78730	 130.33308	 137.29380	       13C
 107.78730	 136.15760	  10.13205	       13C
 107.78730	 134.70148	  44.62530	       13C
 107.78730	 139.06988	  24.54713	       13C
 106.52625	 141.25408	  30.72503	       13C
 107.78730	 139.06988	 117.21563	       13C
 107.78730	 140.52600	 146.04585	       13C
 106.52625	 144.16632	   1.89487	       13C
 107.78730	 146.35052	  34.32885	       13C
 107.78730	 143.43828	  73.97033	       13C
 106.52625	 142.71020	  79.63342	       13C
 106.52625	 144.16632	 113.09707	       13C
 106.52625	 145.62248	 112.58220	       13C
 107.78730	 144.89440	 147.59032	       13C
 106.52625	 147.07860	  30.21023	       13C
 109.04835	   0.00912	 145.53104	       13C
 109.04835	   2.92140	  16.30995	       13C
 110.30940	   5.10560	  24.03233	       13C
 109.04835	   2.92140	  59.55525	       13C
 109.04835	   2.92140	  78.08895	       13C
 110.30940	   8.01788	  18.36923	       13C
 109.04835	  10.20208	  26.09161	       13C
 109.04835	   8.74592	 126.99734	       13C
 109.04835	  14.57048	  92.50403	       13C
 109.04835	  11.65820	 108.97845	       13C
 109.04835	  13.11432	 137.80867	       13C
 110.30940	  13.84240	 135.23452	       13C
 109.04835	  17.48272	  28.15095	       13C
 109.04835	  21.85112	  26.60647	       13C
 109.04835	  20.39500	  36.38813	       13C
 109.04835	  21.85112	  96.10785	       13C
 109.04835	  21.85112	 114.64154	       13C
 109.04835	  26.21952	  34.32885	       13C
 109.04835	  26.21952	  40.50675	       13C
 109.04835	  27.67568	 106.40430	       13C
 109.04835	  29.13180	  65.73315	       13C
 109.04835	  32.04408	  73.97033	       13C
 109.04835	  29.13180	  90.44475	       13C
 110.30940	  31.31600	 110.52292	       13C
 110.30940	  37.14052	   3.43935	       13C
 109.04835	  34.95632	 108.46364	       13C
 110.30940	  34.22828	 106.40430	       13C
 110.30940	  35.68440	 147.59032	       13C
 109.04835	  40.78088	  63.15900	       13C
 110.30940	  41.50892	  89.92995	       13C
 110.30940	  38.59668	 100.22640	       13C
 110.30940	  45.87732	   3.43935	       13C
 110.30940	  44.42120	   3.95415	       13C
 109.04835	  45.14928	 106.40430	       13C
 110.30940	  50.24572	  32.78437	       13C
 109.04835	  48.06152	  40.50675	       13C
 109.04835	  49.51768	  49.25873	       13C
 110.30940	  47.33348	 118.76010	       13C
 110.30940	  53.15800	  24.03233	       13C
 110.30940	  53.15800	  36.38813	       13C
 109.04835	  53.88608	 104.85983	       13C
 110.30940	  51.70188	 148.10513	       13C
 110.30940	  57.52640	  48.74393	       13C
 110.30940	  67.71932	  20.42857	       13C
 110.30940	  67.71932	  65.21835	       13C
 109.04835	  66.99128	  73.97033	       13C
 110.30940	  67.71932	 125.45287	       13C
 110.30940	  72.08772	  32.78437	       13C
 109.04835	  71.35968	  32.26951	       13C
 110.30940	  76.45612	  65.21835	       13C
 109.04835	  74.27192	  83.75205	       13C
 110.30940	  75.00000	 115.15635	       13C
 109.04835	  72.81580	 133.69005	       13C
 109.04835	  78.64032	  51.31807	       13C
 110.30940	  77.91228	  75.51480	       13C
 109.04835	  78.64032	  83.75205	       13C
 110.30940	  77.91228	  87.87060	       13C
 109.04835	  80.09648	 124.93800	       13C
 109.04835	  78.64032	 139.35314	       13C
 110.30940	  85.19292	  14.25067	       13C
 110.30940	  82.28068	  81.69270	       13C
 110.30940	  89.56132	  65.21835	       13C
 110.30940	  89.56132	  69.85177	       13C
 110.30940	  86.64908	  69.33690	       13C
 109.04835	  87.37712	  96.10785	       13C
 110.30940	  93.92972	   3.43935	       13C
 109.04835	  93.20168	  38.44741	       13C
 110.30940	  96.84200	  30.21023	       13C
 109.04835	  94.65780	  54.92183	       13C
 110.30940	  98.29812	  63.67387	       13C
 109.04835	 101.93848	  67.79243	       13C
 109.04835	  99.02620	 102.80055	       13C
 109.04835	  99.02620	 121.33425	       13C
 109.04835	 103.39460	   5.49863	       13C
 110.30940	 105.57880	  24.03233	       13C
 110.30940	 111.40332	 114.64154	       13C
 109.04835	 115.04368	 104.85983	       13C
 109.04835	 117.95592	  14.25067	       13C
 109.04835	 117.95592	  34.32885	       13C
 110.30940	 120.14012	  57.49597	       13C
 110.30940	 117.22788	  55.43663	       13C
 109.04835	 119.41208	  86.32613	       13C
 110.30940	 118.68400	 146.04585	       13C
 109.04835	 122.32432	  32.78437	       13C
 109.04835	 120.86820	  71.91105	       13C
 109.04835	 128.14888	  12.19133	       13C
 109.04835	 126.69272	  51.31807	       13C
 109.04835	 128.14888	  80.14823	       13C
 110.30940	 130.33308	  55.43663	       13C
 109.04835	 129.60500	 115.15635	       13C
 109.04835	 136.88568	  26.09161	       13C
 109.04835	 139.79792	  21.97305	       13C
 110.30940	 140.52600	  78.08895	       13C
 109.04835	 141.25408	  98.68193	       13C
 109.04835	 139.79792	 106.91917	       13C
 109.04835	 141.25408	 117.21563	       13C
 110.30940	 146.35052	  20.42857	       13C
 110.30940	 143.43828	  30.72503	       13C
 110.30940	 146.35052	 102.28574	       13C
 110.30940	 146.35052	 106.91917	       13C
 110.30940	 149.26280	  28.66575	       13C
 110.30940	 149.26280	  41.02155	       13C
 109.04835	 148.53472	  51.31807	       13C
 109.04835	 147.07860	  48.74393	       13C
 109.04835	 149.99088	  61.61453	       13C
 111.57045	   0.00912	  20.42857	       13C
 111.57045	   0.00912	  65.21835	       13C
 111.57045	   0.00912	 125.45287	       13C
 112.83150	   5.10560	  36.38813	       13C
 112.83150	   3.64948	  61.61453	       13C
 111.57045	   4.37752	 137.80867	       13C
 112.83150	   5.10560	 135.23452	       13C
 111.57045	   7.28980	  73.45553	       13C
 112.83150	   8.01788	 104.85983	       13C
 111.57045	  13.11432	  46.68465	       13C
 112.83150	  15.29852	  59.04045	       13C
 112.83150	  13.84240	  78.08895	       13C
 112.83150	  16.75468	  44.62530	       13C
 111.57045	  17.48272	  94.56337	       13C
 112.83150	  16.75468	 137.29380	       13C
 112.83150	  22.57920	  54.92183	       13C
 112.83150	  21.12308	 124.93800	       13C
 112.83150	  22.57920	 129.05662	       13C
 111.57045	  23.30728	 137.29380	       13C
 111.57045	  27.67568	  69.33690	       13C
 112.83150	  25.49148	  94.04850	       13C
 112.83150	  28.40372	 145.53104	       13C
 112.83150	  32.77212	  28.15095	       13C
 112.83150	  31.31600	  59.55525	       13C
 111.57045	  29.13180	  98.16712	       13C
 111.57045	  29.13180	 139.86795	       13C
 112.83150	  37.14052	   8.07277	       13C
 111.57045	  33.50020	 104.34502	       13C
 112.83150	  34.22828	 112.58220	       13C
 111.57045	  37.86860	  24.03233	       13C
 112.83150	  41.50892	  69.85177	       13C
 112.83150	  44.42120	  84.26685	       13C
 112.83150	  45.87732	 137.80867	       13C
 111.57045	  45.14928	 149.64960	       13C
 112.83150	  50.24572	  32.78437	       13C
 112.83150	  50.24572	  38.96227	       13C
 112.83150	  50.24572	  51.31807	       13C
 112.83150	  50.24572	  96.10785	       13C
 111.57045	  48.06152	 126.99734	       13C
 112.83150	  51.70188	  18.36923	       13C
 112.83150	  51.70188	  24.54713	       13C
 112.83150	  51.70188	  56.98110	       13C
 111.57045	  50.97380	  61.09973	       13C
 111.57045	  50.97380	 110.52292	       13C
 111.57045	  50.97380	 121.33425	       13C
 112.83150	  51.70188	 131.11590	       13C
 112.83150	  53.15800	 147.59032	       13C
 111.57045	  56.79832	   8.07277	       13C
 111.57045	  58.25448	  24.54713	       13C
 112.83150	  60.43868	   1.38001	       13C
 112.83150	  63.35092	  21.97305	       13C
 112.83150	  61.89480	  36.38813	       13C
 112.83150	  63.35092	  46.68465	       13C
 112.83150	  60.43868	 123.39353	       13C
 111.57045	  59.71060	 122.87872	       13C
 112.83150	  60.43868	 131.11590	       13C
 111.57045	  66.99128	  19.91371	       13C
 112.83150	  66.26320	  24.03233	       13C
 111.57045	  64.07900	 127.51215	       13C
 112.83150	  75.00000	  11.67653	       13C
 112.83150	  76.45612	  82.20757	       13C
 112.83150	  73.54388	  98.68193	       13C
 111.57045	  75.72808	 100.22640	       13C
 112.83150	  73.54388	 111.03773	       13C
 111.57045	  75.72808	 143.47170	       13C
 111.57045	  75.72808	 148.10513	       13C
 111.57045	  80.09648	   6.01343	       13C
 112.83150	  77.91228	  19.91371	       13C
 112.83150	  77.91228	  44.62530	       13C
 111.57045	  80.09648	 100.22640	       13C
 112.83150	  82.28068	   6.01343	       13C
 111.57045	  84.46488	  80.14823	       13C
 111.57045	  83.00872	 113.09707	       13C
 111.57045	  87.37712	   1.89487	       13C
 112.83150	  88.10520	  98.16712	       13C
 112.83150	  89.56132	 106.91917	       13C
 111.57045	  88.83328	 143.47170	       13C
 112.83150	  91.01748	  69.33690	       13C
 111.57045	  94.65780	  36.38813	       13C
 111.57045	  94.65780	  47.19945	       13C
 112.83150	  96.84200	  85.81132	       13C
 111.57045	  96.11392	  89.92995	       13C
 112.83150	  98.29812	 137.80867	       13C
 111.57045	 109.21912	  82.20757	       13C
 111.57045	 110.67528	 112.58220	       13C
 111.57045	 107.76300	 115.15635	       13C
 112.83150	 114.31560	  48.74393	       13C
 111.57045	 115.04368	  55.43663	       13C
 112.83150	 112.85948	  81.69270	       13C
 112.83150	 114.31560	  85.81132	       13C
 111.57045	 112.13140	 102.80055	       13C
 112.83150	 112.85948	 118.76010	       13C
 112.83150	 120.14012	  59.04045	       13C
 111.57045	 116.49980	  85.81132	       13C
 111.57045	 119.41208	 104.85983	       13C
 112.83150	 118.68400	 122.87872	       13C
 112.83150	 117.22788	 124.93800	       13C
 111.57045	 116.49980	 147.59032	       13C
 112.83150	 124.50852	   8.07277	       13C
 112.83150	 124.50852	  88.38547	       13C
 112.83150	 121.59628	 111.03773	       13C
 111.57045	 125.23660	  10.13205	       13C
 111.57045	 128.14888	  26.09161	       13C
 111.57045	 128.14888	  94.04850	       13C
 112.83150	 127.42080	 116.70082	       13C
 111.57045	 131.06112	   8.07277	       13C
 111.57045	 131.06112	  77.57415	       13C
 112.83150	 136.15760	 116.70082	       13C
 111.57045	 141.25408	  19.91371	       13C
 112.83150	 141.98212	  52.86255	       13C
 112.83150	 140.52600	  91.98922	       13C
 112.83150	 139.06988	 131.11590	       13C
 111.57045	 142.71020	  53.37735	       13C
 112.83150	 144.89440	  65.73315	       13C
 112.83150	 143.43828	  94.04850	       13C
 112.83150	 143.43828	  98.68193	       13C
 112.83150	 144.89440	 110.52292	       13C
 111.57045	 147.07860	  11.67653	       13C
 111.57045	 148.53472	  77.57415	       13C
 112.83150	 149.26280	 129.05662	       13C
 115.35360	   2.19332	  82.20757	       13C
 115.35360	   3.64948	  36.90293	       13C
 115.35360	   3.64948	  43.08083	       13C
 115.35360	   5.10560	  79.63342	       13C
 114.09255	   2.92140	  84.26685	       13C
 114.09255	   8.74592	  89.92995	       13C
 115.35360	  10.93012	  94.56337	       13C
 114.09255	   8.74592	 133.17524	       13C
 115.35360	  12.38628	  49.25873	       13C
 114.09255	  13.11432	  71.39625	       13C
 115.35360	  12.38628	 112.58220	       13C
 114.09255	  14.57048	 141.92723	       13C
 115.35360	  19.66692	  69.85177	       13C
 115.35360	  18.21080	  91.98922	       13C
 114.09255	  21.85112	  28.15095	       13C
 114.09255	  23.30728	  38.44741	       13C
 114.09255	  23.30728	  49.25873	       13C
 115.35360	  22.57920	  78.08895	       13C
 115.35360	  24.03532	  88.38547	       13C
 115.35360	  22.57920	  91.98922	       13C
 115.35360	  22.57920	 122.87872	       13C
 115.35360	  25.49148	   1.38001	       13C
 114.09255	  24.76340	  22.48785	       13C
 115.35360	  26.94760	  61.09973	       13C
 114.09255	  24.76340	 108.97845	       13C
 114.09255	  24.76340	 129.05662	       13C
 115.35360	  32.77212	   1.89487	       13C
 115.35360	  31.31600	  48.74393	       13C
 115.35360	  31.31600	  79.63342	       13C
 115.35360	  32.77212	  88.38547	       13C
 115.35360	  29.85988	  87.87060	       13C
 114.09255	  30.58792	 100.74127	       13C
 114.09255	  29.13180	  98.16712	       13C
 114.09255	  30.58792	 139.35314	       13C
 115.35360	  37.14052	  77.57415	       13C
 114.09255	  33.50020	 127.51215	       13C
 114.09255	  34.95632	 139.35314	       13C
 115.35360	  38.59668	  24.54713	       13C
 114.09255	  39.32472	 100.74127	       13C
 114.09255	  40.78088	 148.10513	       13C
 115.35360	  42.96508	   1.38001	       13C
 114.09255	  43.69312	  28.15095	       13C
 115.35360	  47.33348	  30.72503	       13C
 115.35360	  50.24572	  38.96227	       13C
 114.09255	  46.60540	  78.08895	       13C
 114.09255	  49.51768	 104.85983	       13C
 115.35360	  47.33348	 129.57143	       13C
 115.35360	  58.98252	  26.60647	       13C
 115.35360	  56.07028	  55.43663	       13C
 114.09255	  56.79832	  96.10785	       13C
 114.09255	  58.25448	 124.93800	       13C
 114.09255	  55.34220	 147.59032	       13C
 114.09255	  59.71060	   5.49863	       13C
 114.09255	  61.16672	  89.92995	       13C
 115.35360	  64.80708	  69.33690	       13C
 115.35360	  66.26320	 110.52292	       13C
 114.09255	  71.35968	   1.38001	       13C
 115.35360	  70.63160	  16.30995	       13C
 114.09255	  71.35968	  44.62530	       13C
 115.35360	  72.08772	 137.80867	       13C
 114.09255	  68.44740	 146.04585	       13C
 115.35360	  76.45612	  20.42857	       13C
 115.35360	  73.54388	  36.90293	       13C
 115.35360	  73.54388	  56.98110	       13C
 115.35360	  75.00000	  65.73315	       13C
 114.09255	  77.18420	  41.02155	       13C
 114.09255	  77.18420	  65.73315	       13C
 115.35360	  83.73680	  84.26685	       13C
 115.35360	  82.28068	  92.50403	       13C
 115.35360	  82.28068	  94.04850	       13C
 114.09255	  81.55260	 104.34502	       13C
 115.35360	  89.56132	  57.49597	       13C
 114.09255	  87.37712	  77.57415	       13C
 114.09255	  85.92100	 110.52292	       13C
 115.35360	  92.47360	  11.67653	       13C
 115.35360	  93.92972	  21.97305	       13C
 115.35360	  93.92972	  28.15095	       13C
 115.35360	  91.01748	  44.62530	       13C
 115.35360	  91.01748	  94.04850	       13C
 115.35360	  91.01748	 148.10513	       13C
 115.35360	  98.29812	   3.43935	       13C
 114.09255	  94.65780	  71.91105	       13C
 114.09255	  94.65780	  78.08895	       13C
 114.09255	  94.65780	 121.33425	       13C
 114.09255	  99.02620	  34.84365	       13C
 115.35360	 104.12268	  19.91371	       13C
 115.35360	 104.12268	  30.72503	       13C
 114.09255	 103.39460	  67.27763	       13C
 115.35360	 105.57880	  96.62265	       13C
 114.09255	 106.30688	 123.39353	       13C
 114.09255	 107.76300	   3.95415	       13C
 114.09255	 110.67528	   7.55791	       13C
 114.09255	 109.21912	  26.60647	       13C
 114.09255	 109.21912	  57.49597	       13C
 114.09255	 107.76300	  61.09973	       13C
 115.35360	 111.40332	  71.39625	       13C
 114.09255	 107.76300	 115.15635	       13C
 115.35360	 114.31560	 121.33425	       13C
 114.09255	 116.49980	  22.48785	       13C
 114.09255	 116.49980	  59.55525	       13C
 115.35360	 120.14012	  63.67387	       13C
 115.35360	 117.22788	 124.93800	       13C
 115.35360	 120.14012	 139.35314	       13C
 115.35360	 124.50852	  46.68465	       13C
 115.35360	 123.05240	 115.15635	       13C
 115.35360	 128.87692	  76.02967	       13C
 114.09255	 125.23660	 102.80055	       13C
 115.35360	 127.42080	 141.41242	       13C
 115.35360	 130.33308	  13.73581	       13C
 114.09255	 133.97340	  47.19945	       13C
 114.09255	 133.97340	  96.62265	       13C
 115.35360	 137.61372	 108.46364	       13C
 114.09255	 133.97340	 122.87872	       13C
 114.09255	 138.34180	 116.70082	       13C
 114.09255	 145.62248	  26.09161	       13C
 114.09255	 142.71020	  28.66575	       13C
 114.09255	 142.71020	  34.84365	       13C
 114.09255	 142.71020	  47.19945	       13C
 114.09255	 144.16632	  69.85177	       13C
 115.35360	 143.43828	 118.76010	       13C
 115.35360	 144.89440	 121.33425	       13C
 115.35360	 143.43828	 135.74933	       13C
 114.09255	 145.62248	 137.29380	       13C
 114.09255	 147.07860	  10.13205	       13C
 114.09255	 148.53472	  89.92995	       13C
 114.09255	 149.99088	 118.76010	       13C
 117.87570	   2.19332	  40.50675	       13C
 116.61465	   1.46528	  56.98110	       13C
 117.87570	   5.10560	  16.30995	       13C
 116.61465	   2.92140	  71.91105	       13C
 116.61465	   8.74592	   9.61725	       13C
 117.87570	   8.01788	  12.19133	       13C
 117.87570	  10.93012	  28.15095	       13C
 117.87570	   9.47400	  47.19945	       13C
 116.61465	   7.28980	  65.73315	       13C
 116.61465	   7.28980	  85.81132	       13C
 116.61465	   7.28980	 116.70082	       13C
 117.87570	   8.01788	 129.57143	       13C
 116.61465	  14.57048	  44.62530	       13C
 117.87570	  15.29852	  52.86255	       13C
 116.61465	  13.11432	 100.74127	       13C
 116.61465	  13.11432	 120.81944	       13C
 116.61465	  11.65820	 133.69005	       13C
 116.61465	  18.93888	  24.54713	       13C
 116.61465	  16.02660	  42.56603	       13C
 117.87570	  18.21080	  54.92183	       13C
 117.87570	  19.66692	  83.75205	       13C
 116.61465	  17.48272	 119.27497	       13C
 116.61465	  18.93888	 131.11590	       13C
 116.61465	  18.93888	 135.74933	       13C
 117.87570	  24.03532	 137.80867	       13C
 116.61465	  26.21952	   8.07277	       13C
 116.61465	  27.67568	 104.85983	       13C
 117.87570	  25.49148	 106.40430	       13C
 116.61465	  32.04408	  36.90293	       13C
 116.61465	  32.04408	  44.62530	       13C
 117.87570	  31.31600	  90.44475	       13C
 116.61465	  30.58792	 108.46364	       13C
 116.61465	  34.95632	   3.43935	       13C
 116.61465	  37.86860	  79.63342	       13C
 117.87570	  40.05280	 115.15635	       13C
 117.87570	  40.05280	 141.41242	       13C
 117.87570	  44.42120	   3.95415	       13C
 116.61465	  45.14928	  49.25873	       13C
 116.61465	  43.69312	  59.04045	       13C
 117.87570	  44.42120	  61.09973	       13C
 116.61465	  45.14928	 137.29380	       13C
 117.87570	  50.24572	 131.63077	       13C
 117.87570	  47.33348	 129.57143	       13C
 117.87570	  53.15800	 110.52292	       13C
 116.61465	  58.25448	  26.09161	       13C
 116.61465	  58.25448	  30.72503	       13C
 117.87570	  57.52640	  30.21023	       13C
 117.87570	  57.52640	  65.73315	       13C
 117.87570	  57.52640	 102.80055	       13C
 117.87570	  56.07028	 123.39353	       13C
 117.87570	  56.07028	 143.47170	       13C
 116.61465	  59.71060	  84.26685	       13C
 117.87570	  61.89480	 122.87872	       13C
 116.61465	  65.53512	 114.64154	       13C
 116.61465	  65.53512	 126.99734	       13C
 117.87570	  66.26320	 139.86795	       13C
 116.61465	  71.35968	  49.25873	       13C
 117.87570	  70.63160	  61.09973	       13C
 116.61465	  68.44740	  65.73315	       13C
 116.61465	  69.90352	 113.09707	       13C
 116.61465	  71.35968	 117.21563	       13C
 117.87570	  76.45612	 139.35314	       13C
 116.61465	  80.09648	  73.97033	       13C
 117.87570	  83.73680	 104.34502	       13C
 117.87570	  89.56132	  15.79515	       13C
 117.87570	  86.64908	  73.97033	       13C
 117.87570	  89.56132	  83.75205	       13C
 116.61465	  85.92100	 135.23452	       13C
 117.87570	  93.92972	  40.50675	       13C
 116.61465	  96.11392	   9.61725	       13C
 117.87570	  98.29812	  57.49597	       13C
 117.87570	  95.38588	  56.98110	       13C
 117.87570	  95.38588	  61.61453	       13C
 116.61465	  96.11392	  76.02967	       13C
 117.87570	 101.21040	  36.38813	       13C
 117.87570	 102.66652	  88.38547	       13C
 116.61465	 103.39460	  48.74393	       13C
 117.87570	 108.49108	   7.55791	       13C
 117.87570	 111.40332	  89.92995	       13C
 116.61465	 113.58752	   1.89487	       13C
 117.87570	 115.77172	  65.21835	       13C
 117.87570	 120.14012	   8.07277	       13C
 117.87570	 121.59628	  12.19133	       13C
 116.61465	 123.78048	 100.22640	       13C
 116.61465	 128.14888	  30.72503	       13C
 116.61465	 125.23660	 146.04585	       13C
 116.61465	 132.51728	  63.15900	       13C
 116.61465	 129.60500	  78.08895	       13C
 116.61465	 132.51728	  94.04850	       13C
 116.61465	 132.51728	 104.85983	       13C
 116.61465	 132.51728	 112.58220	       13C
 117.87570	 137.61372	  46.68465	       13C
 117.87570	 137.61372	  52.86255	       13C
 116.61465	 133.97340	  65.73315	       13C
 116.61465	 133.97340	  67.27763	       13C
 117.87570	 136.15760	  96.62265	       13C
 116.61465	 139.79792	  52.86255	       13C
 117.87570	 141.98212	  89.92995	       13C
 117.87570	 146.35052	  83.75205	       13C
 116.61465	 144.16632	 143.98657	       13C
 120.39780	   2.19332	  46.68465	       13C
 120.39780	   2.19332	 120.81944	       13C
 119.13675	   1.46528	 124.93800	       13C
 120.39780	   3.64948	  49.25873	       13C
 119.13675	   2.92140	  73.45553	       13C
 119.13675	   2.92140	 102.80055	       13C
 119.13675	   8.74592	  65.21835	       13C
 119.13675	   7.28980	  73.45553	       13C
 120.39780	   9.47400	  78.08895	       13C
 119.13675	   8.74592	  88.38547	       13C
 120.39780	  10.93012	 102.28574	       13C
 120.39780	   9.47400	 116.70082	       13C
 120.39780	  13.84240	  17.85443	       13C
 119.13675	  14.57048	  43.08083	       13C
 119.13675	  11.65820	  78.08895	       13C
 120.39780	  13.84240	 129.05662	       13C
 119.13675	  18.93888	  38.44741	       13C
 120.39780	  18.21080	  61.09973	       13C
 120.39780	  18.21080	 121.33425	       13C
 119.13675	  21.85112	  76.02967	       13C
 120.39780	  24.03532	 100.74127	       13C
 119.13675	  23.30728	 131.11590	       13C
 119.13675	  26.21952	  38.96227	       13C
 119.13675	  27.67568	 123.39353	       13C
 120.39780	  31.31600	  90.44475	       13C
 120.39780	  37.14052	  52.86255	       13C
 120.39780	  37.14052	 133.17524	       13C
 119.13675	  34.95632	 139.35314	       13C
 120.39780	  40.05280	   3.95415	       13C
 120.39780	  40.05280	  36.38813	       13C
 120.39780	  38.59668	  92.50403	       13C
 120.39780	  41.50892	 100.74127	       13C
 120.39780	  41.50892	 137.80867	       13C
 120.39780	  45.87732	   9.61725	       13C
 120.39780	  42.96508	  26.09161	       13C
 119.13675	  43.69312	 108.46364	       13C
 119.13675	  48.06152	  65.21835	       13C
 119.13675	  49.51768	  73.97033	       13C
 120.39780	  48.78960	  98.16712	       13C
 119.13675	  52.42992	  46.68465	       13C
 120.39780	  51.70188	  61.61453	       13C
 119.13675	  53.88608	  81.69270	       13C
 120.39780	  54.61412	 113.09707	       13C
 119.13675	  58.25448	  26.09161	       13C
 120.39780	  57.52640	  59.55525	       13C
 119.13675	  56.79832	  63.67387	       13C
 119.13675	  58.25448	  69.33690	       13C
 120.39780	  57.52640	  84.26685	       13C
 119.13675	  58.25448	  86.32613	       13C
 120.39780	  57.52640	  91.98922	       13C
 120.39780	  56.07028	 106.40430	       13C
 120.39780	  58.98252	 131.63077	       13C
 119.13675	  62.62288	  18.36923	       13C
 119.13675	  59.71060	  73.45553	       13C
 119.13675	  66.99128	  50.80320	       13C
 120.39780	  66.26320	 129.05662	       13C
 119.13675	  66.99128	 135.74933	       13C
 120.39780	  70.63160	  41.02155	       13C
 120.39780	  69.17548	  73.97033	       13C
 119.13675	  69.90352	 100.74127	       13C
 119.13675	  71.35968	 149.64960	       13C
 119.13675	  75.72808	  36.90293	       13C
 119.13675	  75.72808	 149.64960	       13C
 120.39780	  79.36840	  78.08895	       13C
 119.13675	  78.64032	 113.09707	       13C
 120.39780	  79.36840	 121.33425	       13C
 119.13675	  78.64032	 131.63077	       13C
 119.13675	  84.46488	   6.01343	       13C
 119.13675	  81.55260	  11.67653	       13C
 119.13675	  81.55260	  24.03233	       13C
 119.13675	  81.55260	  34.84365	       13C
 119.13675	  81.55260	  48.74393	       13C
 119.13675	  81.55260	  91.98922	       13C
 120.39780	  83.73680	  91.98922	       13C
 120.39780	  83.73680	 135.23452	       13C
 119.13675	  87.37712	  59.04045	       13C
 119.13675	  87.37712	  69.85177	       13C
 120.39780	  89.56132	 106.91917	       13C
 119.13675	  91.74552	  76.02967	       13C
 119.13675	  91.74552	 114.64154	       13C
 119.13675	 100.48232	  32.78437	       13C
 119.13675	  99.02620	  42.56603	       13C
 119.13675	 100.48232	 125.45287	       13C
 119.13675	 103.39460	  16.30995	       13C
 119.13675	 106.30688	  18.36923	       13C
 120.39780	 105.57880	  73.45553	       13C
 120.39780	 107.03492	  96.10785	       13C
 119.13675	 104.85072	 125.45287	       13C
 119.13675	 107.76300	  10.13205	       13C
 120.39780	 109.94720	  22.48785	       13C
 119.13675	 109.21912	  32.78437	       13C
 119.13675	 110.67528	  32.26951	       13C
 120.39780	 108.49108	  81.69270	       13C
 120.39780	 109.94720	 121.33425	       13C
 119.13675	 113.58752	  21.97305	       13C
 119.13675	 113.58752	 113.09707	       13C
 120.39780	 114.31560	 139.86795	       13C
 120.39780	 112.85948	 141.92723	       13C
 119.13675	 116.49980	  22.48785	       13C
 119.13675	 116.49980	  73.45553	       13C
 120.39780	 118.68400	 141.41242	       13C
 120.39780	 121.59628	  55.43663	       13C
 120.39780	 124.50852	 113.09707	       13C
 120.39780	 123.05240	 115.15635	       13C
 120.39780	 128.87692	  14.25067	       13C
 120.39780	 125.96468	  44.62530	       13C
 120.39780	 127.42080	  61.09973	       13C
 120.39780	 128.87692	  88.38547	       13C
 120.39780	 127.42080	 116.70082	       13C
 119.13675	 131.06112	  20.42857	       13C
 119.13675	 132.51728	  32.26951	       13C
 119.13675	 129.60500	  47.19945	       13C
 119.13675	 131.06112	  82.20757	       13C
 120.39780	 133.24532	  82.20757	       13C
 120.39780	 134.70148	   7.55791	       13C
 119.13675	 135.42952	  15.79515	       13C
 120.39780	 137.61372	  59.04045	       13C
 120.39780	 137.61372	 125.45287	       13C
 119.13675	 141.25408	  18.36923	       13C
 119.13675	 141.25408	  24.54713	       13C
 119.13675	 141.25408	 117.21563	       13C
 119.13675	 145.62248	  24.54713	       13C
 120.39780	 143.43828	  67.79243	       13C
 119.13675	 145.62248	  69.33690	       13C
 120.39780	 144.89440	 133.69005	       13C
 119.13675	 149.99088	 112.58220	       13C
 121.65885	   0.00912	 120.81944	       13C
 121.65885	   2.92140	  85.81132	       13C
 121.65885	   5.83368	 124.93800	       13C
 122.91990	  10.93012	  63.67387	       13C
 121.65885	  10.20208	 131.11590	       13C
 122.91990	  15.29852	  45.14017	       13C
 122.91990	  12.38628	  49.25873	       13C
 121.65885	  13.11432	  59.04045	       13C
 122.91990	  15.29852	  82.20757	       13C
 121.65885	  17.48272	  21.97305	       13C
 121.65885	  18.93888	  92.50403	       13C
 122.91990	  19.66692	 113.09707	       13C
 122.91990	  22.57920	  41.02155	       13C
 122.91990	  21.12308	 104.85983	       13C
 121.65885	  26.21952	  65.21835	       13C
 122.91990	  25.49148	  67.79243	       13C
 121.65885	  27.67568	  94.04850	       13C
 122.91990	  26.94760	 135.23452	       13C
 122.91990	  31.31600	  10.13205	       13C
 122.91990	  32.77212	  32.78437	       13C
 122.91990	  31.31600	  42.56603	       13C
 122.91990	  32.77212	  63.67387	       13C
 122.91990	  32.77212	 106.91917	       13C
 122.91990	  35.68440	  16.30995	       13C
 122.91990	  37.14052	  52.86255	       13C
 121.65885	  36.41248	  80.14823	       13C
 122.91990	  34.22828	 123.39353	       13C
 122.91990	  35.68440	 141.41242	       13C
 121.65885	  37.86860	  53.37735	       13C
 122.91990	  38.59668	  73.97033	       13C
 122.91990	  38.59668	 131.11590	       13C
 121.65885	  45.14928	  18.36923	       13C
 121.65885	  42.23700	  53.37735	       13C
 122.91990	  42.96508	 124.93800	       13C
 121.65885	  42.23700	 146.04585	       13C
 122.91990	  47.33348	   7.55791	       13C
 121.65885	  49.51768	  63.15900	       13C
 122.91990	  51.70188	  18.36923	       13C
 122.91990	  54.61412	 145.53104	       13C
 121.65885	  55.34220	  42.56603	       13C
 121.65885	  56.79832	 102.28574	       13C
 121.65885	  62.62288	   1.38001	       13C
 121.65885	  59.71060	  34.84365	       13C
 121.65885	  66.99128	  26.09161	       13C
 121.65885	  65.53512	  40.50675	       13C
 122.91990	  72.08772	   3.43935	       13C
 121.65885	  69.90352	  21.97305	       13C
 122.91990	  72.08772	  82.20757	       13C
 122.91990	  72.08772	 106.91917	       13C
 121.65885	  68.44740	 147.59032	       13C
 122.91990	  76.45612	  21.97305	       13C
 121.65885	  75.72808	  50.80320	       13C
 121.65885	  72.81580	  85.81132	       13C
 121.65885	  77.18420	  47.19945	       13C
 122.91990	  79.36840	  90.44475	       13C
 122.91990	  79.36840	  98.16712	       13C
 121.65885	  78.64032	 106.91917	       13C
 121.65885	  77.18420	 116.70082	       13C
 122.91990	  80.82452	 120.81944	       13C
 122.91990	  79.36840	 121.33425	       13C
 121.65885	  84.46488	   7.55791	       13C
 121.65885	  83.00872	  76.02967	       13C
 122.91990	  82.28068	 112.58220	       13C
 122.91990	  89.56132	 126.99734	       13C
 122.91990	  86.64908	 129.57143	       13C
 122.91990	  86.64908	 131.11590	       13C
 122.91990	  92.47360	  28.66575	       13C
 121.65885	  94.65780	  16.30995	       13C
 122.91990	  95.38588	  30.72503	       13C
 121.65885	  94.65780	 147.59032	       13C
 121.65885	 100.48232	  69.85177	       13C
 122.91990	 101.21040	  90.44475	       13C
 121.65885	 100.48232	 108.46364	       13C
 122.91990	 107.03492	  15.79515	       13C
 121.65885	 103.39460	  24.03233	       13C
 122.91990	 105.57880	  61.09973	       13C
 122.91990	 107.03492	  96.10785	       13C
 121.65885	 110.67528	  63.15900	       13C
 122.91990	 111.40332	  88.38547	       13C
 121.65885	 110.67528	 104.85983	       13C
 121.65885	 107.76300	 135.23452	       13C
 121.65885	 115.04368	  19.91371	       13C
 122.91990	 112.85948	  19.91371	       13C
 122.91990	 115.77172	  26.60647	       13C
 121.65885	 115.04368	  61.61453	       13C
 122.91990	 114.31560	  61.09973	       13C
 121.65885	 113.58752	  65.21835	       13C
 121.65885	 112.13140	  84.26685	       13C
 122.91990	 115.77172	 126.99734	       13C
 122.91990	 118.68400	  54.92183	       13C
 121.65885	 116.49980	  84.26685	       13C
 121.65885	 120.86820	  16.30995	       13C
 121.65885	 123.78048	  73.97033	       13C
 121.65885	 123.78048	 106.40430	       13C
 121.65885	 120.86820	 147.59032	       13C
 121.65885	 128.14888	  44.62530	       13C
 121.65885	 125.23660	  90.44475	       13C
 122.91990	 128.87692	 145.53104	       13C
 121.65885	 129.60500	  10.13205	       13C
 121.65885	 131.06112	 102.28574	       13C
 121.65885	 133.97340	 133.69005	       13C
 121.65885	 141.25408	  24.54713	       13C
 121.65885	 144.16632	  15.79515	       13C
 121.65885	 142.71020	  65.73315	       13C
 122.91990	 143.43828	  69.33690	       13C
 122.91990	 143.43828	  75.51480	       13C
 122.91990	 146.35052	 119.27497	       13C
 122.91990	 146.35052	 131.63077	       13C
 121.65885	 149.99088	  24.54713	       13C
 121.65885	 148.53472	  71.39625	       13C
 121.65885	 149.99088	 149.64960	       13C
 125.44200	   0.73720	  22.48785	       13C
 125.44200	   0.73720	 121.33425	       13C
 124.18095	   2.92140	  17.85443	       13C
 124.18095	   2.92140	  91.98922	       13C
 124.18095	   2.92140	 104.34502	       13C
 125.44200	   3.64948	 111.03773	       13C
 125.44200	   5.10560	 121.33425	       13C
 125.44200	   8.01788	  26.09161	       13C
 124.18095	   7.28980	  47.19945	       13C
 125.44200	  10.93012	  77.57415	       13C
 125.44200	  10.93012	 100.74127	       13C
 125.44200	   8.01788	 118.76010	       13C
 125.44200	  13.84240	  28.66575	       13C
 125.44200	  12.38628	  75.51480	       13C
 125.44200	  19.66692	  45.14017	       13C
 124.18095	  17.48272	  46.68465	       13C
 124.18095	  16.02660	  67.27763	       13C
 125.44200	  19.66692	  76.02967	       13C
 124.18095	  18.93888	 148.10513	       13C
 125.44200	  21.12308	  32.26951	       13C
 125.44200	  22.57920	  78.08895	       13C
 124.18095	  27.67568	  30.72503	       13C
 124.18095	  24.76340	  61.09973	       13C
 125.44200	  28.40372	 113.09707	       13C
 125.44200	  32.77212	  77.57415	       13C
 125.44200	  37.14052	   8.07277	       13C
 124.18095	  34.95632	   9.61725	       13C
 125.44200	  34.22828	  26.09161	       13C
 125.44200	  37.14052	  34.32885	       13C
 124.18095	  36.41248	  50.80320	       13C
 124.18095	  34.95632	  96.10785	       13C
 125.44200	  35.68440	 141.41242	       13C
 124.18095	  40.78088	  38.44741	       13C
 125.44200	  45.87732	  28.15095	       13C
 125.44200	  44.42120	  34.84365	       13C
 125.44200	  45.87732	  65.21835	       13C
 125.44200	  47.33348	  73.97033	       13C
 124.18095	  46.60540	  90.44475	       13C
 125.44200	  50.24572	 108.46364	       13C
 124.18095	  49.51768	 124.93800	       13C
 124.18095	  53.88608	 106.40430	       13C
 124.18095	  52.42992	 125.45287	       13C
 125.44200	  56.07028	 149.64960	       13C
 125.44200	  63.35092	  20.42857	       13C
 124.18095	  59.71060	  61.09973	       13C
 125.44200	  61.89480	 104.34502	       13C
 124.18095	  65.53512	  65.21835	       13C
 124.18095	  64.07900	  78.08895	       13C
 124.18095	  64.07900	  96.62265	       13C
 125.44200	  67.71932	 114.64154	       13C
 124.18095	  71.35968	  12.19133	       13C
 125.44200	  70.63160	  17.85443	       13C
 124.18095	  68.44740	  28.66575	       13C
 125.44200	  70.63160	  53.37735	       13C
 124.18095	  69.90352	  69.85177	       13C
 124.18095	  71.35968	  69.33690	       13C
 125.44200	  69.17548	  86.32613	       13C
 124.18095	  75.72808	  56.98110	       13C
 124.18095	  75.72808	  75.51480	       13C
 125.44200	  75.00000	 133.69005	       13C
 124.18095	  75.72808	 135.74933	       13C
 124.18095	  75.72808	 141.92723	       13C
 125.44200	  73.54388	 148.10513	       13C
 125.44200	  79.36840	  10.13205	       13C
 125.44200	  79.36840	  73.45553	       13C
 124.18095	  80.09648	 104.85983	       13C
 124.18095	  81.55260	  53.37735	       13C
 124.18095	  85.92100	  24.03233	       13C
 124.18095	  88.83328	  38.44741	       13C
 124.18095	  91.74552	  20.42857	       13C
 125.44200	  91.01748	  69.33690	       13C
 125.44200	  92.47360	  90.44475	       13C
 124.18095	  90.28940	  96.62265	       13C
 125.44200	  92.47360	 122.87872	       13C
 125.44200	  95.38588	  32.26951	       13C
 125.44200	  98.29812	  65.21835	       13C
 124.18095	  96.11392	  94.56337	       13C
 125.44200	  99.75428	   7.55791	       13C
 124.18095	 100.48232	  52.86255	       13C
 125.44200	 102.66652	  71.39625	       13C
 124.18095	  99.02620	  91.98922	       13C
 124.18095	 101.93848	 135.74933	       13C
 125.44200	 105.57880	  30.21023	       13C
 124.18095	 106.30688	  61.61453	       13C
 125.44200	 104.12268	  69.33690	       13C
 125.44200	 104.12268	  94.04850	       13C
 125.44200	 107.03492	 113.09707	       13C
 124.18095	 107.76300	   5.49863	       13C
 125.44200	 108.49108	  26.09161	       13C
 125.44200	 109.94720	  67.27763	       13C
 125.44200	 109.94720	 108.97845	       13C
 124.18095	 107.76300	 133.69005	       13C
 124.18095	 107.76300	 141.41242	       13C
 125.44200	 112.85948	  18.36923	       13C
 125.44200	 112.85948	  63.15900	       13C
 125.44200	 118.68400	 121.33425	       13C
 124.18095	 117.95592	 133.17524	       13C
 124.18095	 128.14888	  18.36923	       13C
 125.44200	 125.96468	  38.44741	       13C
 124.18095	 128.14888	  56.98110	       13C
 124.18095	 131.06112	  32.78437	       13C
 124.18095	 131.06112	  40.50675	       13C
 124.18095	 131.06112	  46.68465	       13C
 125.44200	 131.78920	  90.44475	       13C
 124.18095	 132.51728	  98.68193	       13C
 125.44200	 137.61372	  40.50675	       13C
 125.44200	 134.70148	  43.08083	       13C
 124.18095	 136.88568	  56.98110	       13C
 125.44200	 136.15760	  78.08895	       13C
 125.44200	 134.70148	  81.69270	       13C
 125.44200	 139.06988	  13.73581	       13C
 124.18095	 141.25408	  32.26951	       13C
 124.18095	 139.79792	  40.50675	       13C
 125.44200	 141.98212	  71.39625	       13C
 124.18095	 138.34180	 108.97845	       13C
 124.18095	 145.62248	  73.97033	       13C
 125.44200	 147.80668	 124.93800	       13C
 126.70305	   0.00912	   9.61725	       13C
 127.96410	   2.19332	  20.42857	       13C
 126.70305	   1.46528	  43.08083	       13C
 127.96410	   3.64948	  49.25873	       13C
 127.96410	   6.56172	  59.04045	       13C
 126.70305	   5.83368	  86.32613	       13C
 127.96410	   6.56172	 143.98657	       13C
 126.70305	   8.74592	   9.61725	       13C
 126.70305	  10.20208	 100.22640	       13C
 126.70305	   8.74592	 139.35314	       13C
 126.70305	  11.65820	 141.41242	       13C
 127.96410	  18.21080	  42.56603	       13C
 126.70305	  20.39500	  22.48785	       13C
 126.70305	  20.39500	  48.74393	       13C
 127.96410	  24.03532	  52.86255	       13C
 127.96410	  22.57920	  61.09973	       13C
 126.70305	  21.85112	  83.75205	       13C
 127.96410	  22.57920	  91.98922	       13C
 126.70305	  20.39500	  98.16712	       13C
 126.70305	  27.67568	  18.36923	       13C
 126.70305	  27.67568	  32.26951	       13C
 126.70305	  24.76340	  59.55525	       13C
 126.70305	  27.67568	 100.22640	       13C
 126.70305	  24.76340	 129.05662	       13C
 127.96410	  31.31600	  17.85443	       13C
 126.70305	  30.58792	  45.14017	       13C
 127.96410	  31.31600	 104.34502	       13C
 126.70305	  32.04408	 141.92723	       13C
 126.70305	  32.04408	 148.10513	       13C
 127.96410	  35.68440	  36.38813	       13C
 126.70305	  33.50020	  65.73315	       13C
 127.96410	  37.14052	  94.56337	       13C
 127.96410	  34.22828	 137.29380	       13C
 126.70305	  37.86860	  47.19945	       13C
 127.96410	  38.59668	 104.85983	       13C
 127.96410	  45.87732	   3.43935	       13C
 126.70305	  42.23700	  30.21023	       13C
 126.70305	  45.14928	 123.39353	       13C
 127.96410	  47.33348	  18.36923	       13C
 126.70305	  49.51768	  19.91371	       13C
 127.96410	  47.33348	  81.69270	       13C
 126.70305	  50.97380	  47.19945	       13C
 127.96410	  51.70188	  55.43663	       13C
 126.70305	  53.88608	 100.22640	       13C
 126.70305	  53.88608	 118.76010	       13C
 127.96410	  53.15800	 141.41242	       13C
 126.70305	  55.34220	  16.30995	       13C
 127.96410	  57.52640	  17.85443	       13C
 126.70305	  55.34220	  28.66575	       13C
 126.70305	  55.34220	  36.38813	       13C
 127.96410	  57.52640	  90.44475	       13C
 126.70305	  55.34220	 115.15635	       13C
 126.70305	  61.16672	   1.89487	       13C
 126.70305	  59.71060	  71.91105	       13C
 127.96410	  63.35092	 139.35314	       13C
 126.70305	  66.99128	  13.73581	       13C
 126.70305	  66.99128	  50.80320	       13C
 126.70305	  64.07900	  73.45553	       13C
 126.70305	  66.99128	 135.74933	       13C
 127.96410	  72.08772	  26.60647	       13C
 126.70305	  69.90352	 114.64154	       13C
 127.96410	  72.08772	 145.53104	       13C
 126.70305	  68.44740	 146.04585	       13C
 126.70305	  74.27192	  21.97305	       13C
 127.96410	  76.45612	  38.96227	       13C
 127.96410	  75.00000	 139.86795	       13C
 126.70305	  74.27192	 143.98657	       13C
 127.96410	  77.91228	  38.44741	       13C
 127.96410	  79.36840	  41.02155	       13C
 127.96410	  80.82452	  45.14017	       13C
 127.96410	  83.73680	  41.02155	       13C
 127.96410	  85.19292	  45.14017	       13C
 127.96410	  83.73680	  48.74393	       13C
 126.70305	  84.46488	  50.80320	       13C
 127.96410	  83.73680	  84.26685	       13C
 126.70305	  88.83328	  36.90293	       13C
 127.96410	  88.10520	  48.74393	       13C
 127.96410	  88.10520	  91.98922	       13C
 127.96410	  92.47360	   3.95415	       13C
 127.96410	  93.92972	  52.86255	       13C
 127.96410	  93.92972	  77.57415	       13C
 126.70305	  93.20168	  75.51480	       13C
 126.70305	  91.74552	 108.46364	       13C
 127.96410	  91.01748	 148.10513	       13C
 127.96410	  95.38588	  56.98110	       13C
 126.70305	  97.57008	  67.79243	       13C
 127.96410	  95.38588	  87.87060	       13C
 127.96410	  99.75428	  98.68193	       13C
 127.96410	 101.21040	 141.41242	       13C
 127.96410	 107.03492	  21.97305	       13C
 126.70305	 106.30688	  55.43663	       13C
 127.96410	 105.57880	  65.73315	       13C
 127.96410	 107.03492	 113.09707	       13C
 126.70305	 110.67528	   7.55791	       13C
 126.70305	 107.76300	  16.30995	       13C
 127.96410	 112.85948	  26.09161	       13C
 127.96410	 115.77172	  34.32885	       13C
 127.96410	 118.68400	  10.13205	       13C
 126.70305	 116.49980	 102.80055	       13C
 127.96410	 124.50852	  83.75205	       13C
 127.96410	 123.05240	 110.52292	       13C
 126.70305	 123.78048	 123.39353	       13C
 127.96410	 125.96468	  69.33690	       13C
 126.70305	 125.23660	 127.51215	       13C
 127.96410	 131.78920	  24.03233	       13C
 126.70305	 132.51728	  49.25873	       13C
 127.96410	 131.78920	  59.55525	       13C
 126.70305	 132.51728	  63.15900	       13C
 126.70305	 132.51728	  81.69270	       13C
 127.96410	 137.61372	   1.89487	       13C
 126.70305	 136.88568	  19.91371	       13C
 127.96410	 137.61372	  52.86255	       13C
 126.70305	 136.88568	 129.57143	       13C
 126.70305	 133.97340	 146.04585	       13C
 126.70305	 141.25408	  81.69270	       13C
 127.96410	 140.52600	  85.81132	       13C
 126.70305	 145.62248	   1.38001	       13C
 127.96410	 144.89440	  98.16712	       13C
 126.70305	 148.53472	  63.67387	       13C
 126.70305	 148.53472	  69.85177	       13C
 129.22515	   0.00912	 125.45287	       13C
 130.48620	   5.10560	  78.08895	       13C
 129.22515	   4.37752	  88.38547	       13C
 129.22515	   4.37752	 114.64154	       13C
 130.48620	   5.10560	 146.04585	       13C
 129.22515	   7.28980	   3.95415	       13C
 129.22515	  10.20208	  43.08083	       13C
 130.48620	  10.93012	  77.57415	       13C
 129.22515	  10.20208	 124.93800	       13C
 129.22515	  10.20208	 148.10513	       13C
 129.22515	  11.65820	   5.49863	       13C
 130.48620	  13.84240	  65.73315	       13C
 129.22515	  11.65820	  78.08895	       13C
 129.22515	  11.65820	 104.34502	       13C
 130.48620	  13.84240	 129.05662	       13C
 130.48620	  16.75468	   7.55791	       13C
 129.22515	  17.48272	  38.96227	       13C
 130.48620	  18.21080	  47.19945	       13C
 129.22515	  17.48272	  71.39625	       13C
 129.22515	  20.39500	  61.09973	       13C
 129.22515	  21.85112	  65.21835	       13C
 129.22515	  23.30728	  69.33690	       13C
 130.48620	  22.57920	  96.62265	       13C
 129.22515	  26.21952	  45.14017	       13C
 130.48620	  26.94760	  54.92183	       13C
 130.48620	  25.49148	  67.79243	       13C
 129.22515	  24.76340	 110.52292	       13C
 129.22515	  30.58792	   9.61725	       13C
 129.22515	  30.58792	 106.91917	       13C
 130.48620	  31.31600	 127.51215	       13C
 129.22515	  37.86860	  53.37735	       13C
 129.22515	  39.32472	  69.85177	       13C
 130.48620	  40.05280	  67.27763	       13C
 129.22515	  37.86860	 115.15635	       13C
 130.48620	  44.42120	  24.03233	       13C
 129.22515	  42.23700	  98.16712	       13C
 129.22515	  50.97380	  36.38813	       13C
 129.22515	  50.97380	  65.73315	       13C
 129.22515	  53.88608	 117.21563	       13C
 129.22515	  56.79832	  15.79515	       13C
 130.48620	  56.07028	  56.98110	       13C
 130.48620	  60.43868	  32.26951	       13C
 130.48620	  63.35092	 114.64154	       13C
 129.22515	  62.62288	 117.21563	       13C
 129.22515	  64.07900	   3.95415	       13C
 130.48620	  66.26320	  53.37735	       13C
 130.48620	  64.80708	  61.61453	       13C
 129.22515	  66.99128	 143.47170	       13C
 129.22515	  71.35968	  87.87060	       13C
 129.22515	  71.35968	 111.03773	       13C
 129.22515	  72.81580	  16.30995	       13C
 129.22515	  72.81580	  22.48785	       13C
 129.22515	  72.81580	 141.41242	       13C
 130.48620	  80.82452	  40.50675	       13C
 130.48620	  77.91228	  38.44741	       13C
 129.22515	  78.64032	  59.04045	       13C
 129.22515	  80.09648	  98.68193	       13C
 130.48620	  83.73680	  42.56603	       13C
 130.48620	  88.10520	  42.56603	       13C
 129.22515	  88.83328	  73.97033	       13C
 129.22515	  85.92100	 104.34502	       13C
 130.48620	  89.56132	 145.53104	       13C
 130.48620	  91.01748	  18.36923	       13C
 130.48620	  91.01748	  50.80320	       13C
 130.48620	  96.84200	  41.02155	       13C
 129.22515	  97.57008	  50.80320	       13C
 129.22515	  94.65780	 108.97845	       13C
 130.48620	  98.29812	 113.09707	       13C
 129.22515	  94.65780	 135.23452	       13C
 130.48620	 101.21040	  41.02155	       13C
 130.48620	 102.66652	  89.92995	       13C
 129.22515	 100.48232	 102.28574	       13C
 129.22515	  99.02620	 121.33425	       13C
 130.48620	 107.03492	  34.32885	       13C
 129.22515	 104.85072	  46.68465	       13C
 129.22515	 106.30688	 117.21563	       13C
 130.48620	 105.57880	 133.69005	       13C
 129.22515	 107.76300	  71.91105	       13C
 129.22515	 110.67528	  73.97033	       13C
 129.22515	 112.13140	  24.03233	       13C
 130.48620	 115.77172	  38.96227	       13C
 129.22515	 112.13140	  36.38813	       13C
 129.22515	 113.58752	  69.85177	       13C
 129.22515	 115.04368	 106.40430	       13C
 130.48620	 120.14012	  21.97305	       13C
 129.22515	 117.95592	  51.31807	       13C
 130.48620	 120.14012	 125.45287	       13C
 129.22515	 122.32432	  32.78437	       13C
 129.22515	 120.86820	  30.21023	       13C
 129.22515	 120.86820	  71.91105	       13C
 130.48620	 123.05240	  79.63342	       13C
 129.22515	 123.78048	  94.04850	       13C
 129.22515	 123.78048	 104.85983	       13C
 130.48620	 124.50852	 133.17524	       13C
 130.48620	 121.59628	 135.74933	       13C
 129.22515	 125.23660	   3.95415	       13C
 130.48620	 127.42080	  22.48785	       13C
 130.48620	 125.96468	  38.44741	       13C
 130.48620	 128.87692	  76.02967	       13C
 129.22515	 131.06112	   3.43935	       13C
 130.48620	 131.78920	  36.38813	       13C
 129.22515	 132.51728	  61.61453	       13C
 129.22515	 129.60500	  67.27763	       13C
 129.22515	 132.51728	  75.51480	       13C
 129.22515	 129.60500	  84.26685	       13C
 129.22515	 133.97340	  34.84365	       13C
 130.48620	 136.15760	  42.56603	       13C
 129.22515	 141.25408	  18.36923	       13C
 129.22515	 139.79792	 102.28574	       13C
 129.22515	 141.25408	 112.58220	       13C
 129.22515	 145.62248	   1.38001	       13C
 130.48620	 147.80668	  32.26951	       13C
 129.22515	 149.99088	  86.32613	       13C
 133.00830	   2.19332	  20.42857	       13C
 133.00830	  10.93012	   8.07277	       13C
 131.74725	  10.20208	  12.19133	       13C
 133.00830	   9.47400	  28.66575	       13C
 133.00830	  10.93012	  63.67387	       13C
 133.00830	  10.93012	  89.92995	       13C
 133.00830	  10.93012	  96.10785	       13C
 133.00830	   9.47400	  98.16712	       13C
 133.00830	   8.01788	 111.03773	       13C
 133.00830	  18.21080	   3.95415	       13C
 131.74725	  16.02660	  28.66575	       13C
 131.74725	  17.48272	  40.50675	       13C
 133.00830	  24.03532	   3.43935	       13C
 133.00830	  22.57920	  11.67653	       13C
 133.00830	  22.57920	  53.37735	       13C
 133.00830	  21.12308	  56.98110	       13C
 131.74725	  21.85112	  69.85177	       13C
 131.74725	  26.21952	  89.92995	       13C
 133.00830	  28.40372	  89.92995	       13C
 133.00830	  25.49148	 143.47170	       13C
 131.74725	  29.13180	  34.84365	       13C
 131.74725	  30.58792	  51.31807	       13C
 131.74725	  29.13180	  61.09973	       13C
 133.00830	  31.31600	  71.91105	       13C
 131.74725	  29.13180	  79.63342	       13C
 133.00830	  29.85988	  87.87060	       13C
 133.00830	  34.22828	   7.55791	       13C
 131.74725	  36.41248	  19.91371	       13C
 131.74725	  34.95632	  26.60647	       13C
 133.00830	  34.22828	  63.15900	       13C
 131.74725	  39.32472	  32.78437	       13C
 133.00830	  40.05280	  71.91105	       13C
 131.74725	  37.86860	 115.15635	       13C
 133.00830	  44.42120	  47.19945	       13C
 131.74725	  45.14928	  69.33690	       13C
 133.00830	  44.42120	 104.34502	       13C
 133.00830	  47.33348	  50.80320	       13C
 131.74725	  46.60540	  67.27763	       13C
 131.74725	  46.60540	  78.08895	       13C
 133.00830	  48.78960	 133.69005	       13C
 131.74725	  52.42992	   9.61725	       13C
 133.00830	  51.70188	  49.25873	       13C
 131.74725	  52.42992	  52.86255	       13C
 131.74725	  50.97380	  90.44475	       13C
 131.74725	  50.97380	 104.34502	       13C
 133.00830	  56.07028	  55.43663	       13C
 131.74725	  55.34220	  91.98922	       13C
 131.74725	  58.25448	  94.04850	       13C
 133.00830	  60.43868	  44.62530	       13C
 133.00830	  61.89480	  59.55525	       13C
 133.00830	  61.89480	 135.23452	       13C
 133.00830	  66.26320	  28.66575	       13C
 131.74725	  66.99128	  55.43663	       13C
 131.74725	  66.99128	 111.03773	       13C
 133.00830	  69.17548	  92.50403	       13C
 131.74725	  69.90352	 106.91917	       13C
 133.00830	  69.17548	 111.03773	       13C
 131.74725	  68.44740	 139.86795	       13C
 131.74725	  74.27192	   9.61725	       13C
 131.74725	  75.72808	  43.08083	       13C
 131.74725	  80.09648	   6.01343	       13C
 131.74725	  77.18420	  10.13205	       13C
 131.74725	  77.18420	  42.56603	       13C
 133.00830	  79.36840	  47.19945	       13C
 131.74725	  78.64032	  71.39625	       13C
 131.74725	  78.64032	 102.28574	       13C
 133.00830	  83.73680	  30.21023	       13C
 133.00830	  83.73680	  78.08895	       13C
 133.00830	  85.19292	 102.28574	       13C
 133.00830	  85.19292	 113.09707	       13C
 131.74725	  84.46488	 111.03773	       13C
 131.74725	  81.55260	 129.05662	       13C
 133.00830	  85.19292	 133.17524	       13C
 133.00830	  88.10520	  67.27763	       13C
 133.00830	  92.47360	  67.27763	       13C
 131.74725	  90.28940	 108.97845	       13C
 133.00830	  98.29812	  26.60647	       13C
 131.74725	  96.11392	  51.31807	       13C
 133.00830	  98.29812	  63.67387	       13C
 131.74725	  97.57008	  92.50403	       13C
 131.74725	 101.93848	  19.91371	       13C
 133.00830	  99.75428	 123.39353	       13C
 131.74725	 100.48232	 126.99734	       13C
 131.74725	 101.93848	 137.29380	       13C
 133.00830	 104.12268	 149.64960	       13C
 133.00830	 108.49108	  13.73581	       13C
 133.00830	 109.94720	  16.30995	       13C
 131.74725	 109.21912	  69.85177	       13C
 131.74725	 113.58752	   1.89487	       13C
 131.74725	 113.58752	  21.97305	       13C
 131.74725	 113.58752	  32.78437	       13C
 133.00830	 112.85948	  43.08083	       13C
 131.74725	 112.13140	  85.81132	       13C
 133.00830	 114.31560	 108.97845	       13C
 131.74725	 115.04368	 141.92723	       13C
 133.00830	 118.68400	  85.81132	       13C
 133.00830	 117.22788	  98.68193	       13C
 133.00830	 117.22788	 104.85983	       13C
 133.00830	 117.22788	 137.29380	       13C
 131.74725	 123.78048	  32.26951	       13C
 131.74725	 122.32432	  46.68465	       13C
 131.74725	 123.78048	  63.15900	       13C
 131.74725	 123.78048	  92.50403	       13C
 133.00830	 121.59628	  92.50403	       13C
 131.74725	 122.32432	 108.46364	       13C
 133.00830	 128.87692	  21.97305	       13C
 131.74725	 125.23660	  65.73315	       13C
 131.74725	 125.23660	  98.16712	       13C
 131.74725	 126.69272	 125.45287	       13C
 131.74725	 125.23660	 122.87872	       13C
 131.74725	 126.69272	 133.17524	       13C
 133.00830	 133.24532	   1.89487	       13C
 131.74725	 132.51728	   1.38001	       13C
 133.00830	 130.33308	  69.33690	       13C
 133.00830	 130.33308	  87.87060	       13C
 131.74725	 131.06112	  96.10785	       13C
 131.74725	 131.06112	 120.81944	       13C
 131.74725	 133.97340	  17.85443	       13C
 131.74725	 135.42952	  63.67387	       13C
 131.74725	 136.88568	  94.04850	       13C
 133.00830	 141.98212	   3.43935	       13C
 131.74725	 141.25408	  43.08083	       13C
 133.00830	 139.06988	  56.98110	       13C
 131.74725	 138.34180	  79.63342	       13C
 133.00830	 139.06988	 117.21563	       13C
 133.00830	 143.43828	  30.72503	       13C
 131.74725	 142.71020	  42.56603	       13C
 131.74725	 144.16632	  65.21835	       13C
 131.74725	 144.16632	 102.28574	       13C
 131.74725	 148.53472	   9.61725	       13C
 131.74725	 148.53472	  32.78437	       13C
 131.74725	 147.07860	  47.19945	       13C
 131.74725	 147.07860	  59.55525	       13C
 131.74725	 148.53472	 100.74127	       13C
 135.53040	   0.73720	  30.21023	       13C
 135.53040	   2.19332	  83.75205	       13C
 134.26935	   5.83368	 117.21563	       13C
 135.53040	   5.10560	 127.51215	       13C
 134.26935	   4.37752	 145.53104	       13C
 134.26935	  10.20208	  32.26951	       13C
 134.26935	   8.74592	  46.68465	       13C
 134.26935	   7.28980	  85.81132	       13C
 135.53040	  10.93012	 100.74127	       13C
 135.53040	  13.84240	  11.67653	       13C
 135.53040	  12.38628	  19.91371	       13C
 134.26935	  11.65820	 121.33425	       13C
 134.26935	  16.02660	  53.37735	       13C
 134.26935	  16.02660	 133.69005	       13C
 135.53040	  21.12308	  36.90293	       13C
 134.26935	  20.39500	  41.02155	       13C
 135.53040	  24.03532	  57.49597	       13C
 135.53040	  21.12308	 123.39353	       13C
 135.53040	  25.49148	   7.55791	       13C
 134.26935	  24.76340	  16.30995	       13C
 134.26935	  24.76340	  17.85443	       13C
 135.53040	  28.40372	  21.97305	       13C
 135.53040	  28.40372	  77.57415	       13C
 135.53040	  32.77212	  20.42857	       13C
 134.26935	  29.13180	  61.09973	       13C
 135.53040	  31.31600	  67.27763	       13C
 134.26935	  29.13180	  96.62265	       13C
 134.26935	  29.13180	 102.80055	       13C
 135.53040	  32.77212	 143.98657	       13C
 134.26935	  34.95632	  28.15095	       13C
 134.26935	  36.41248	  56.98110	       13C
 134.26935	  34.95632	  83.75205	       13C
 134.26935	  33.50020	  98.16712	       13C
 135.53040	  35.68440	 146.04585	       13C
 135.53040	  38.59668	  18.36923	       13C
 135.53040	  38.59668	  38.44741	       13C
 135.53040	  41.50892	 143.98657	       13C
 134.26935	  40.78088	 141.92723	       13C
 135.53040	  44.42120	  36.38813	       13C
 134.26935	  45.14928	  87.87060	       13C
 134.26935	  46.60540	   3.95415	       13C
 134.26935	  49.51768	  18.36923	       13C
 135.53040	  48.78960	  41.02155	       13C
 134.26935	  48.06152	  59.04045	       13C
 135.53040	  48.78960	  59.55525	       13C
 135.53040	  50.24572	  94.56337	       13C
 135.53040	  54.61412	  51.31807	       13C
 135.53040	  53.15800	 127.51215	       13C
 134.26935	  56.79832	  28.15095	       13C
 134.26935	  56.79832	  38.96227	       13C
 134.26935	  55.34220	  91.98922	       13C
 135.53040	  58.98252	 137.80867	       13C
 135.53040	  60.43868	  13.73581	       13C
 134.26935	  61.16672	  40.50675	       13C
 135.53040	  66.26320	  28.66575	       13C
 135.53040	  64.80708	  36.90293	       13C
 135.53040	  64.80708	 149.64960	       13C
 135.53040	  69.17548	  24.54713	       13C
 135.53040	  72.08772	  45.14017	       13C
 135.53040	  69.17548	  44.62530	       13C
 135.53040	  69.17548	  69.33690	       13C
 134.26935	  71.35968	  92.50403	       13C
 135.53040	  73.54388	   7.55791	       13C
 135.53040	  75.00000	  17.85443	       13C
 135.53040	  73.54388	  50.80320	       13C
 134.26935	  74.27192	  77.57415	       13C
 134.26935	  75.72808	 111.03773	       13C
 134.26935	  75.72808	 112.58220	       13C
 135.53040	  75.00000	 135.23452	       13C
 135.53040	  77.91228	   1.38001	       13C
 135.53040	  80.82452	  34.32885	       13C
 134.26935	  80.09648	  92.50403	       13C
 134.26935	  77.18420	 122.87872	       13C
 135.53040	  79.36840	 141.41242	       13C
 135.53040	  85.19292	  63.67387	       13C
 135.53040	  85.19292	 125.45287	       13C
 134.26935	  85.92100	 102.80055	       13C
 134.26935	  85.92100	 108.97845	       13C
 134.26935	  87.37712	 126.99734	       13C
 135.53040	  86.64908	 129.57143	       13C
 135.53040	  89.56132	 137.80867	       13C
 134.26935	  91.74552	  20.42857	       13C
 134.26935	  94.65780	  67.27763	       13C
 135.53040	  95.38588	  80.14823	       13C
 134.26935	  97.57008	 124.93800	       13C
 135.53040	 101.21040	  36.38813	       13C
 134.26935	 104.85072	  28.15095	       13C
 135.53040	 104.12268	  73.97033	       13C
 134.26935	 104.85072	 108.46364	       13C
 134.26935	 107.76300	   3.95415	       13C
 135.53040	 109.94720	  96.62265	       13C
 134.26935	 107.76300	 102.80055	       13C
 134.26935	 107.76300	 147.59032	       13C
 135.53040	 112.85948	  92.50403	       13C
 134.26935	 113.58752	 106.91917	       13C
 135.53040	 117.22788	  18.36923	       13C
 134.26935	 117.95592	 133.17524	       13C
 135.53040	 121.59628	  94.04850	       13C
 135.53040	 124.50852	 125.45287	       13C
 135.53040	 128.87692	  52.86255	       13C
 134.26935	 125.23660	 108.97845	       13C
 134.26935	 128.14888	 135.74933	       13C
 135.53040	 131.78920	  67.27763	       13C
 134.26935	 132.51728	  73.97033	       13C
 134.26935	 132.51728	 124.93800	       13C
 134.26935	 136.88568	   7.55791	       13C
 134.26935	 133.97340	  10.13205	       13C
 134.26935	 135.42952	  21.97305	       13C
 134.26935	 133.97340	  67.27763	       13C
 134.26935	 136.88568	 104.85983	       13C
 134.26935	 139.79792	  21.97305	       13C
 135.53040	 139.06988	  61.61453	       13C
 134.26935	 145.62248	  12.19133	       13C
 134.26935	 149.99088	  19.91371	       13C
 135.53040	 149.26280	  42.56603	       13C
 135.53040	 147.80668	  73.97033	       13C
 136.79145	   2.92140	  30.21023	       13C
 138.05250	   3.64948	  61.61453	       13C
 138.05250	   6.56172	 133.17524	       13C
 138.05250	   8.01788	  38.44741	       13C
 138.05250	   8.01788	 141.92723	       13C
 136.79145	  14.57048	  38.44741	       13C
 136.79145	  13.11432	  46.68465	       13C
 138.05250	  13.84240	  59.55525	       13C
 136.79145	  11.65820	  79.63342	       13C
 138.05250	  19.66692	  15.79515	       13C
 138.05250	  19.66692	 102.28574	       13C
 138.05250	  18.21080	 139.86795	       13C
 138.05250	  18.21080	 141.41242	       13C
 138.05250	  24.03532	  59.04045	       13C
 138.05250	  21.12308	  67.79243	       13C
 136.79145	  26.21952	  15.79515	       13C
 136.79145	  26.21952	  26.60647	       13C
 136.79145	  26.21952	  77.57415	       13C
 138.05250	  26.94760	  78.08895	       13C
 136.79145	  27.67568	 141.92723	       13C
 138.05250	  34.22828	  13.73581	       13C
 136.79145	  34.95632	  20.42857	       13C
 138.05250	  35.68440	  22.48785	       13C
 138.05250	  34.22828	  30.72503	       13C
 136.79145	  34.95632	  65.21835	       13C
 136.79145	  36.41248	 100.22640	       13C
 136.79145	  36.41248	 104.85983	       13C
 138.05250	  41.50892	   3.43935	       13C
 138.05250	  41.50892	  15.79515	       13C
 136.79145	  37.86860	  28.66575	       13C
 138.05250	  38.59668	  36.90293	       13C
 138.05250	  38.59668	 106.40430	       13C
 138.05250	  40.05280	 127.51215	       13C
 136.79145	  45.14928	  30.72503	       13C
 136.79145	  45.14928	  38.44741	       13C
 138.05250	  42.96508	 100.22640	       13C
 138.05250	  42.96508	 143.47170	       13C
 138.05250	  50.24572	  20.42857	       13C
 136.79145	  48.06152	  40.50675	       13C
 138.05250	  47.33348	  55.43663	       13C
 138.05250	  54.61412	   1.89487	       13C
 138.05250	  51.70188	  32.26951	       13C
 138.05250	  54.61412	  57.49597	       13C
 136.79145	  52.42992	  69.85177	       13C
 136.79145	  50.97380	 102.80055	       13C
 138.05250	  53.15800	 115.15635	       13C
 136.79145	  58.25448	   7.55791	       13C
 136.79145	  56.79832	  52.86255	       13C
 138.05250	  60.43868	   6.01343	       13C
 138.05250	  61.89480	  71.91105	       13C
 138.05250	  63.35092	 120.81944	       13C
 136.79145	  62.62288	 129.57143	       13C
 136.79145	  61.16672	 145.53104	       13C
 136.79145	  66.99128	  55.43663	       13C
 136.79145	  66.99128	 100.22640	       13C
 138.05250	  67.71932	 137.80867	       13C
 136.79145	  69.90352	  26.60647	       13C
 138.05250	  69.17548	  38.44741	       13C
 138.05250	  76.45612	  40.50675	       13C
 138.05250	  75.00000	 110.52292	       13C
 136.79145	  74.27192	 145.53104	       13C
 136.79145	  75.72808	 149.64960	       13C
 138.05250	  80.82452	   8.07277	       13C
 138.05250	  80.82452	  46.68465	       13C
 138.05250	  80.82452	  83.75205	       13C
 136.79145	  83.00872	  32.78437	       13C
 138.05250	  82.28068	  81.69270	       13C
 138.05250	  83.73680	 135.23452	       13C
 138.05250	  89.56132	  51.31807	       13C
 136.79145	  87.37712	 102.28574	       13C
 136.79145	  87.37712	 113.09707	       13C
 136.79145	  85.92100	 139.86795	       13C
 138.05250	  93.92972	   1.89487	       13C
 138.05250	  91.01748	  63.15900	       13C
 136.79145	  93.20168	  94.04850	       13C
 138.05250	  93.92972	 100.74127	       13C
 136.79145	  93.20168	 135.74933	       13C
 136.79145	  96.11392	  69.85177	       13C
 138.05250	 101.21040	   5.49863	       13C
 136.79145	  99.02620	  65.73315	       13C
 138.05250	 102.66652	 120.81944	       13C
 138.05250	 102.66652	 125.45287	       13C
 138.05250	 104.12268	  13.73581	       13C
 136.79145	 106.30688	  43.08083	       13C
 138.05250	 107.03492	  69.85177	       13C
 138.05250	 107.03492	  89.92995	       13C
 138.05250	 104.12268	  94.04850	       13C
 138.05250	 105.57880	  96.62265	       13C
 138.05250	 105.57880	 121.33425	       13C
 136.79145	 104.85072	 133.17524	       13C
 138.05250	 107.03492	 143.98657	       13C
 138.05250	 108.49108	  18.36923	       13C
 136.79145	 110.67528	  24.54713	       13C
 136.79145	 110.67528	  55.43663	       13C
 136.79145	 109.21912	  83.75205	       13C
 138.05250	 109.94720	 129.05662	       13C
 136.79145	 109.21912	 143.98657	       13C
 138.05250	 111.40332	 143.98657	       13C
 138.05250	 108.49108	 143.47170	       13C
 138.05250	 120.14012	   9.61725	       13C
 138.05250	 118.68400	  28.66575	       13C
 136.79145	 116.49980	  36.38813	       13C
 138.05250	 117.22788	  86.32613	       13C
 138.05250	 118.68400	 102.80055	       13C
 136.79145	 116.49980	 104.34502	       13C
 136.79145	 117.95592	 145.53104	       13C
 138.05250	 124.50852	  38.96227	       13C
 136.79145	 123.78048	 112.58220	       13C
 138.05250	 123.05240	 146.04585	       13C
 136.79145	 126.69272	  32.78437	       13C
 138.05250	 125.96468	  67.79243	       13C
 138.05250	 130.33308	  63.15900	       13C
 136.79145	 129.60500	 127.51215	       13C
 136.79145	 136.88568	 141.92723	       13C
 138.05250	 139.06988	  73.97033	       13C
 136.79145	 139.79792	 100.74127	       13C
 136.79145	 141.25408	 123.39353	       13C
 136.79145	 139.79792	 145.53104	       13C
 138.05250	 140.52600	 147.59032	       13C
 138.05250	 144.89440	   3.95415	       13C
 136.79145	 144.16632	   9.61725	       13C
 136.79145	 145.62248	  26.09161	       13C
 136.79145	 144.16632	 113.09707	       13C
 138.05250	 143.43828	 117.21563	       13C
 138.05250	 144.89440	 139.86795	       13C
 136.79145	 147.07860	  28.66575	       13C
 136.79145	 148.53472	  76.02967	       13C
 136.79145	 148.53472	 102.28574	       13C
 138.05250	 147.80668	 118.76010	       13C
 140.57460	   6.56172	  28.15095	       13C
 139.31355	   5.83368	  43.08083	       13C
 140.57460	   3.64948	  50.80320	       13C
 140.57460	   5.10560	 129.05662	       13C
 140.57460	   9.47400	  22.48785	       13C
 139.31355	   7.28980	  42.56603	       13C
 140.57460	   9.47400	  54.92183	       13C
 139.31355	   8.74592	 106.91917	       13C
 139.31355	  11.65820	   5.49863	       13C
 140.57460	  15.29852	  15.79515	       13C
 139.31355	  13.11432	  21.97305	       13C
 140.57460	  15.29852	  26.60647	       13C
 139.31355	  14.57048	  67.79243	       13C
 140.57460	  12.38628	 124.93800	       13C
 139.31355	  17.48272	  59.04045	       13C
 139.31355	  17.48272	 137.80867	       13C
 139.31355	  20.39500	  42.56603	       13C
 139.31355	  21.85112	  51.31807	       13C
 139.31355	  20.39500	  84.26685	       13C
 140.57460	  25.49148	  55.43663	       13C
 140.57460	  28.40372	  77.57415	       13C
 140.57460	  25.49148	 111.03773	       13C
 140.57460	  25.49148	 137.29380	       13C
 140.57460	  26.94760	 141.41242	       13C
 140.57460	  31.31600	  11.67653	       13C
 139.31355	  30.58792	  89.92995	       13C
 139.31355	  30.58792	 102.28574	       13C
 139.31355	  29.13180	 110.52292	       13C
 140.57460	  32.77212	 126.99734	       13C
 140.57460	  29.85988	 149.64960	       13C
 140.57460	  37.14052	  82.20757	       13C
 139.31355	  40.78088	  12.19133	       13C
 140.57460	  40.05280	  79.63342	       13C
 139.31355	  37.86860	 115.15635	       13C
 140.57460	  40.05280	 116.70082	       13C
 139.31355	  39.32472	 137.80867	       13C
 140.57460	  45.87732	  20.42857	       13C
 140.57460	  48.78960	  65.73315	       13C
 140.57460	  50.24572	 102.28574	       13C
 139.31355	  48.06152	 114.64154	       13C
 139.31355	  46.60540	 115.15635	       13C
 139.31355	  53.88608	  19.91371	       13C
 139.31355	  52.42992	  26.60647	       13C
 140.57460	  51.70188	  56.98110	       13C
 139.31355	  52.42992	 139.35314	       13C
 139.31355	  55.34220	 147.59032	       13C
 140.57460	  63.35092	  45.14017	       13C
 140.57460	  60.43868	  55.43663	       13C
 140.57460	  63.35092	  71.39625	       13C
 140.57460	  67.71932	  26.60647	       13C
 139.31355	  64.07900	  65.73315	       13C
 140.57460	  66.26320	  84.26685	       13C
 139.31355	  65.53512	 114.64154	       13C
 139.31355	  65.53512	 137.80867	       13C
 140.57460	  67.71932	 139.35314	       13C
 140.57460	  69.17548	  12.19133	       13C
 140.57460	  72.08772	  34.32885	       13C
 139.31355	  68.44740	  36.38813	       13C
 139.31355	  71.35968	 104.85983	       13C
 140.57460	  72.08772	 119.27497	       13C
 139.31355	  68.44740	 121.33425	       13C
 140.57460	  75.00000	 127.51215	       13C
 140.57460	  80.82452	  20.42857	       13C
 140.57460	  80.82452	  40.50675	       13C
 140.57460	  77.91228	  69.33690	       13C
 140.57460	  79.36840	 102.80055	       13C
 140.57460	  80.82452	 143.98657	       13C
 139.31355	  83.00872	   3.43935	       13C
 139.31355	  81.55260	  10.13205	       13C
 140.57460	  85.19292	 100.74127	       13C
 139.31355	  81.55260	  98.16712	       13C
 139.31355	  87.37712	  34.32885	       13C
 139.31355	  88.83328	  67.79243	       13C
 140.57460	  89.56132	  88.38547	       13C
 140.57460	  88.10520	 102.80055	       13C
 139.31355	  88.83328	 104.85983	       13C
 139.31355	  91.74552	   1.89487	       13C
 139.31355	  91.74552	  52.86255	       13C
 139.31355	  91.74552	  69.85177	       13C
 139.31355	  90.28940	 115.15635	       13C
 140.57460	 102.66652	  51.31807	       13C
 139.31355	 101.93848	 111.03773	       13C
 139.31355	  99.02620	 133.69005	       13C
 140.57460	 104.12268	  26.09161	       13C
 140.57460	 105.57880	  71.91105	       13C
 140.57460	 107.03492	  76.02967	       13C
 140.57460	 111.40332	 108.46364	       13C
 140.57460	 108.49108	 106.40430	       13C
 139.31355	 107.76300	 127.51215	       13C
 140.57460	 112.85948	  32.26951	       13C
 140.57460	 115.77172	  46.68465	       13C
 139.31355	 113.58752	  71.39625	       13C
 140.57460	 114.31560	 104.34502	       13C
 139.31355	 116.49980	  22.48785	       13C
 140.57460	 118.68400	  28.66575	       13C
 140.57460	 118.68400	  53.37735	       13C
 139.31355	 117.95592	  83.75205	       13C
 140.57460	 121.59628	  24.54713	       13C
 140.57460	 121.59628	  86.32613	       13C
 140.57460	 124.50852	 119.27497	       13C
 139.31355	 125.23660	  11.67653	       13C
 139.31355	 128.14888	  19.91371	       13C
 140.57460	 125.96468	  94.04850	       13C
 140.57460	 133.24532	   8.07277	       13C
 139.31355	 129.60500	  79.63342	       13C
 140.57460	 131.78920	  98.16712	       13C
 139.31355	 135.42952	  32.78437	       13C
 139.31355	 133.97340	  84.26685	       13C
 140.57460	 140.52600	   3.95415	       13C
 140.57460	 139.06988	  38.44741	       13C
 140.57460	 139.06988	  75.51480	       13C
 140.57460	 146.35052	  26.60647	       13C
 139.31355	 142.71020	  96.62265	       13C
 139.31355	 149.99088	  43.08083	       13C
 139.31355	 149.99088	  56.98110	       13C
 139.31355	 147.07860	  59.55525	       13C
 139.31355	 149.99088	  86.32613	       13C
 140.57460	 149.26280	 102.80055	       13C
 140.57460	 147.80668	 123.39353	       13C
 140.57460	 147.80668	 129.57143	       13C
 140.57460	 149.26280	 139.86795	       13C
 143.09670	   0.73720	 110.52292	       13C
 143.09670	   2.19332	 114.64154	       13C
 143.09670	   2.19332	 119.27497	       13C
 143.09670	   5.10560	  24.03233	       13C
 143.09670	   3.64948	 149.64960	       13C
 143.09670	   9.47400	  41.02155	       13C
 141.83565	   7.28980	  73.45553	       13C
 143.09670	  10.93012	 137.80867	       13C
 143.09670	  15.29852	  71.39625	       13C
 141.83565	  13.11432	  88.38547	       13C
 141.83565	  11.65820	  96.62265	       13C
 141.83565	  14.57048	 141.92723	       13C
 141.83565	  11.65820	 141.41242	       13C
 141.83565	  16.02660	  24.03233	       13C
 143.09670	  18.21080	  42.56603	       13C
 143.09670	  19.66692	  71.39625	       13C
 141.83565	  18.93888	  86.32613	       13C
 143.09670	  16.75468	  87.87060	       13C
 143.09670	  19.66692	 108.46364	       13C
 143.09670	  24.03532	  38.96227	       13C
 141.83565	  20.39500	  91.98922	       13C
 141.83565	  26.21952	  38.96227	       13C
 141.83565	  26.21952	  88.38547	       13C
 143.09670	  31.31600	  42.56603	       13C
 143.09670	  31.31600	  71.91105	       13C
 143.09670	  29.85988	  75.51480	       13C
 143.09670	  32.77212	  82.20757	       13C
 143.09670	  29.85988	  87.87060	       13C
 141.83565	  32.04408	 123.39353	       13C
 141.83565	  32.04408	 131.11590	       13C
 141.83565	  34.95632	   1.89487	       13C
 141.83565	  34.95632	  32.78437	       13C
 141.83565	  34.95632	 100.74127	       13C
 143.09670	  37.14052	 102.28574	       13C
 141.83565	  37.86860	  16.30995	       13C
 141.83565	  37.86860	  79.63342	       13C
 143.09670	  41.50892	 119.27497	       13C
 141.83565	  37.86860	 139.86795	       13C
 141.83565	  43.69312	   3.43935	       13C
 141.83565	  45.14928	  69.33690	       13C
 141.83565	  43.69312	 133.17524	       13C
 141.83565	  45.14928	 131.11590	       13C
 141.83565	  49.51768	  19.91371	       13C
 141.83565	  46.60540	  73.45553	       13C
 141.83565	  48.06152	  77.57415	       13C
 141.83565	  46.60540	 146.04585	       13C
 143.09670	  54.61412	  82.20757	       13C
 143.09670	  51.70188	  86.32613	       13C
 143.09670	  54.61412	 120.81944	       13C
 143.09670	  54.61412	 125.45287	       13C
 143.09670	  51.70188	 131.11590	       13C
 141.83565	  53.88608	 149.64960	       13C
 143.09670	  57.52640	   5.49863	       13C
 141.83565	  58.25448	 112.58220	       13C
 143.09670	  63.35092	  14.25067	       13C
 143.09670	  61.89480	  30.21023	       13C
 141.83565	  59.71060	 108.97845	       13C
 141.83565	  66.99128	   6.01343	       13C
 143.09670	  66.26320	  91.98922	       13C
 143.09670	  64.80708	 131.11590	       13C
 143.09670	  70.63160	  42.56603	       13C
 143.09670	  70.63160	  54.92183	       13C
 141.83565	  68.44740	  91.98922	       13C
 141.83565	  75.72808	  38.44741	       13C
 143.09670	  73.54388	  81.69270	       13C
 143.09670	  76.45612	 100.74127	       13C
 141.83565	  72.81580	 147.59032	       13C
 143.09670	  79.36840	  36.38813	       13C
 143.09670	  79.36840	  47.19945	       13C
 141.83565	  78.64032	  51.31807	       13C
 141.83565	  78.64032	  52.86255	       13C
 143.09670	  83.73680	  71.91105	       13C
 143.09670	  88.10520	   3.95415	       13C
 141.83565	  87.37712	  14.25067	       13C
 143.09670	  89.56132	  38.96227	       13C
 143.09670	  89.56132	  46.68465	       13C
 141.83565	  90.28940	  30.21023	       13C
 141.83565	  90.28940	  53.37735	       13C
 143.09670	  91.01748	 104.85983	       13C
 143.09670	  92.47360	 141.41242	       13C
 141.83565	  94.65780	  17.85443	       13C
 141.83565	  96.11392	  26.60647	       13C
 141.83565	  94.65780	  41.02155	       13C
 143.09670	  96.84200	 102.80055	       13C
 141.83565	 101.93848	  55.43663	       13C
 143.09670	  99.75428	  61.61453	       13C
 143.09670	 105.57880	  36.38813	       13C
 141.83565	 103.39460	 141.41242	       13C
 143.09670	 105.57880	 147.59032	       13C
 141.83565	 109.21912	  20.42857	       13C
 141.83565	 110.67528	  73.97033	       13C
 141.83565	 107.76300	 122.87872	       13C
 141.83565	 115.04368	  24.54713	       13C
 143.09670	 114.31560	  53.37735	       13C
 143.09670	 114.31560	  61.09973	       13C
 143.09670	 112.85948	 118.76010	       13C
 143.09670	 114.31560	 135.23452	       13C
 141.83565	 112.13140	 146.04585	       13C
 143.09670	 114.31560	 147.59032	       13C
 141.83565	 116.49980	  11.67653	       13C
 143.09670	 120.14012	  59.04045	       13C
 141.83565	 119.41208	 111.03773	       13C
 143.09670	 120.14012	 126.99734	       13C
 141.83565	 120.86820	  10.13205	       13C
 141.83565	 123.78048	  30.72503	       13C
 143.09670	 123.05240	  30.21023	       13C
 143.09670	 123.05240	  90.44475	       13C
 141.83565	 122.32432	 131.63077	       13C
 143.09670	 123.05240	 141.41242	       13C
 141.83565	 125.23660	  71.91105	       13C
 141.83565	 128.14888	  94.04850	       13C
 143.09670	 127.42080	 116.70082	       13C
 141.83565	 128.14888	 118.76010	       13C
 141.83565	 129.60500	  34.84365	       13C
 143.09670	 134.70148	  86.32613	       13C
 143.09670	 134.70148	  87.87060	       13C
 143.09670	 137.61372	  96.10785	       13C
 141.83565	 133.97340	 108.97845	       13C
 143.09670	 137.61372	 113.09707	       13C
 141.83565	 135.42952	 120.81944	       13C
 143.09670	 139.06988	  49.25873	       13C
 143.09670	 140.52600	  54.92183	       13C
 141.83565	 141.25408	  87.87060	       13C
 143.09670	 141.98212	 106.91917	       13C
 143.09670	 139.06988	 118.76010	       13C
 141.83565	 138.34180	 127.51215	       13C
 141.83565	 144.16632	 119.27497	       13C
 141.83565	 142.71020	 127.51215	       13C
 141.83565	 148.53472	  21.97305	       13C
 143.09670	 149.26280	  84.26685	       13C
 144.35775	   0.00912	  34.32885	       13C
 145.61880	   0.73720	 116.70082	       13C
 144.35775	   4.37752	   8.07277	       13C
 145.61880	   5.10560	  67.27763	       13C
 144.35775	  10.20208	  24.54713	       13C
 144.35775	  10.20208	  32.26951	       13C
 145.61880	   8.01788	  73.97033	       13C
 144.35775	  10.20208	  87.87060	       13C
 144.35775	   8.74592	 133.17524	       13C
 145.61880	   8.01788	 149.64960	       13C
 144.35775	  13.11432	  28.15095	       13C
 145.61880	  13.84240	  91.98922	       13C
 145.61880	  18.21080	   5.49863	       13C
 145.61880	  16.75468	  12.19133	       13C
 144.35775	  16.02660	  41.02155	       13C
 144.35775	  16.02660	  59.55525	       13C
 144.35775	  18.93888	 117.21563	       13C
 144.35775	  16.02660	 127.51215	       13C
 145.61880	  24.03532	  46.68465	       13C
 145.61880	  24.03532	  83.75205	       13C
 145.61880	  21.12308	  94.04850	       13C
 144.35775	  27.67568	  94.04850	       13C
 145.61880	  25.49148	 111.03773	       13C
 144.35775	  32.04408	  12.19133	       13C
 144.35775	  32.04408	  49.25873	       13C
 144.35775	  29.13180	 129.05662	       13C
 145.61880	  35.68440	  54.92183	       13C
 145.61880	  41.50892	  65.21835	       13C
 145.61880	  38.59668	 100.22640	       13C
 145.61880	  38.59668	 131.11590	       13C
 144.35775	  39.32472	 143.98657	       13C
 144.35775	  43.69312	  14.25067	       13C
 144.35775	  43.69312	 131.63077	       13C
 145.61880	  47.33348	  44.62530	       13C
 145.61880	  47.33348	  56.98110	       13C
 144.35775	  48.06152	  63.67387	       13C
 145.61880	  47.33348	  92.50403	       13C
 144.35775	  49.51768	 117.21563	       13C
 145.61880	  56.07028	  44.62530	       13C
 145.61880	  57.52640	  71.91105	       13C
 145.61880	  56.07028	 112.58220	       13C
 144.35775	  55.34220	 115.15635	       13C
 145.61880	  58.98252	 145.53104	       13C
 145.61880	  61.89480	  42.56603	       13C
 144.35775	  61.16672	 102.28574	       13C
 145.61880	  60.43868	 123.39353	       13C
 144.35775	  66.99128	  80.14823	       13C
 145.61880	  66.26320	  98.16712	       13C
 145.61880	  64.80708	 129.57143	       13C
 145.61880	  70.63160	  24.03233	       13C
 144.35775	  69.90352	  76.02967	       13C
 144.35775	  71.35968	  75.51480	       13C
 144.35775	  68.44740	 116.70082	       13C
 145.61880	  75.00000	  28.66575	       13C
 145.61880	  75.00000	  79.63342	       13C
 144.35775	  72.81580	  96.62265	       13C
 145.61880	  77.91228	  18.36923	       13C
 144.35775	  80.09648	 104.85983	       13C
 145.61880	  83.73680	 141.41242	       13C
 145.61880	  88.10520	  24.03233	       13C
 145.61880	  89.56132	  40.50675	       13C
 144.35775	  88.83328	  56.98110	       13C
 144.35775	  87.37712	 137.80867	       13C
 145.61880	  91.01748	  24.54713	       13C
 145.61880	  92.47360	  65.73315	       13C
 145.61880	  91.01748	 123.39353	       13C
 144.35775	  94.65780	  48.74393	       13C
 144.35775	  94.65780	  65.73315	       13C
 144.35775	  97.57008	  87.87060	       13C
 144.35775	 106.30688	  32.26951	       13C
 145.61880	 104.12268	  56.98110	       13C
 144.35775	 103.39460	  71.91105	       13C
 145.61880	 105.57880	  98.16712	       13C
 144.35775	 109.21912	  76.02967	       13C
 145.61880	 109.94720	  78.08895	       13C
 145.61880	 109.94720	  90.44475	       13C
 144.35775	 109.21912	 106.91917	       13C
 144.35775	 110.67528	 104.85983	       13C
 145.61880	 114.31560	  17.85443	       13C
 144.35775	 112.13140	 108.97845	       13C
 145.61880	 115.77172	 125.45287	       13C
 144.35775	 117.95592	  32.78437	       13C
 144.35775	 119.41208	  32.26951	       13C
 145.61880	 120.14012	  57.49597	       13C
 144.35775	 119.41208	  94.04850	       13C
 145.61880	 120.14012	 114.64154	       13C
 145.61880	 123.05240	  16.30995	       13C
 144.35775	 123.78048	  63.15900	       13C
 145.61880	 124.50852	 113.09707	       13C
 144.35775	 125.23660	  84.26685	       13C
 145.61880	 128.87692	 102.28574	       13C
 144.35775	 129.60500	  98.16712	       13C
 144.35775	 131.06112	 119.27497	       13C
 144.35775	 135.42952	  28.15095	       13C
 145.61880	 134.70148	  61.61453	       13C
 145.61880	 137.61372	  69.85177	       13C
 144.35775	 136.88568	 112.58220	       13C
 145.61880	 134.70148	 123.39353	       13C
 144.35775	 145.62248	  36.90293	       13C
 145.61880	 144.89440	  79.63342	       13C
 145.61880	 146.35052	 139.35314	       13C
 144.35775	 144.16632	 145.53104	       13C
 144.35775	 147.07860	 102.80055	       13C
 146.87985	   0.00912	  40.50675	       13C
 146.87985	   1.46528	  63.15900	       13C
 146.87985	   5.83368	  24.54713	       13C
 146.87985	   5.83368	  32.26951	       13C
 148.14090	   6.56172	  52.86255	       13C
 148.14090	   5.10560	  61.09973	       13C
 148.14090	   6.56172	  71.39625	       13C
 146.87985	   8.74592	  69.85177	       13C
 148.14090	  12.38628	  81.69270	       13C
 148.14090	  12.38628	 111.03773	       13C
 148.14090	  13.84240	 127.51215	       13C
 146.87985	  17.48272	  21.97305	       13C
 146.87985	  16.02660	 110.52292	       13C
 148.14090	  16.75468	 117.21563	       13C
 148.14090	  21.12308	  24.54713	       13C
 146.87985	  21.85112	  40.50675	       13C
 148.14090	  21.12308	  43.08083	       13C
 146.87985	  23.30728	  49.25873	       13C
 148.14090	  21.12308	  55.43663	       13C
 146.87985	  23.30728	  69.33690	       13C
 146.87985	  26.21952	  20.42857	       13C
 146.87985	  24.76340	 108.97845	       13C
 146.87985	  26.21952	 139.35314	       13C
 148.14090	  26.94760	 147.59032	       13C
 148.14090	  32.77212	  65.21835	       13C
 146.87985	  34.95632	  71.39625	       13C
 148.14090	  37.14052	 114.64154	       13C
 148.14090	  40.05280	  16.30995	       13C
 146.87985	  40.78088	  32.26951	       13C
 146.87985	  37.86860	  90.44475	       13C
 148.14090	  40.05280	 104.34502	       13C
 148.14090	  42.96508	  26.09161	       13C
 146.87985	  42.23700	  41.02155	       13C
 148.14090	  45.87732	  83.75205	       13C
 146.87985	  43.69312	 106.91917	       13C
 146.87985	  45.14928	 148.10513	       13C
 148.14090	  50.24572	   8.07277	       13C
 148.14090	  47.33348	   7.55791	       13C
 146.87985	  48.06152	  26.60647	       13C
 148.14090	  47.33348	  80.14823	       13C
 148.14090	  48.78960	  91.98922	       13C
 146.87985	  48.06152	 102.28574	       13C
 146.87985	  52.42992	   1.89487	       13C
 146.87985	  53.88608	  44.62530	       13C
 148.14090	  53.15800	  85.81132	       13C
 148.14090	  51.70188	 104.85983	       13C
 146.87985	  56.79832	   1.89487	       13C
 146.87985	  58.25448	  24.54713	       13C
 148.14090	  58.98252	  63.67387	       13C
 146.87985	  58.25448	 149.64960	       13C
 146.87985	  59.71060	  48.74393	       13C
 148.14090	  61.89480	  85.81132	       13C
 146.87985	  61.16672	 119.27497	       13C
 148.14090	  67.71932	  15.79515	       13C
 146.87985	  66.99128	  56.98110	       13C
 146.87985	  68.44740	  34.84365	       13C
 148.14090	  69.17548	  67.79243	       13C
 148.14090	  72.08772	  71.39625	       13C
 148.14090	  70.63160	 139.86795	       13C
 148.14090	  76.45612	  59.04045	       13C
 146.87985	  74.27192	 119.27497	       13C
 148.14090	  77.91228	  87.87060	       13C
 146.87985	  81.55260	 133.69005	       13C
 146.87985	  87.37712	  14.25067	       13C
 148.14090	  89.56132	  77.57415	       13C
 148.14090	  89.56132	 131.63077	       13C
 146.87985	  85.92100	 129.05662	       13C
 148.14090	  93.92972	 114.64154	       13C
 148.14090	  95.38588	  43.08083	       13C
 146.87985	  94.65780	 104.34502	       13C
 148.14090	  96.84200	 116.70082	       13C
 146.87985	  96.11392	 125.45287	       13C
 146.87985	 101.93848	 124.93800	       13C
 146.87985	  99.02620	 129.05662	       13C
 148.14090	  99.75428	 137.29380	       13C
 148.14090	 107.03492	  71.39625	       13C
 146.87985	 115.04368	   6.01343	       13C
 146.87985	 112.13140	 133.69005	       13C
 148.14090	 114.31560	 141.41242	       13C
 146.87985	 117.95592	  57.49597	       13C
 146.87985	 117.95592	 131.63077	       13C
 146.87985	 116.49980	 146.04585	       13C
 148.14090	 124.50852	 120.81944	       13C
 146.87985	 128.14888	  63.15900	       13C
 148.14090	 128.87692	 120.81944	       13C
 148.14090	 130.33308	  44.62530	       13C
 148.14090	 131.78920	  54.92183	       13C
 146.87985	 131.06112	  94.56337	       13C
 146.87985	 135.42952	  46.68465	       13C
 146.87985	 136.88568	  94.04850	       13C
 146.87985	 141.25408	  12.19133	       13C
 148.14090	 139.06988	  32.26951	       13C
 148.14090	 140.52600	  71.91105	       13C
 148.14090	 140.52600	 121.33425	       13C
 146.87985	 142.71020	   5.49863	       13C
 148.14090	 144.89440	  24.03233	       13C
 148.14090	 146.35052	  51.31807	       13C
 148.14090	 149.26280	  53.37735	       13C
 149.40195	   0.00912	  88.38547	       13C
 149.40195	  11.65820	  84.26685	       13C
 149.40195	  26.21952	  52.86255	       13C
 149.40195	  29.13180	  53.37735	       13C
 149.40195	  33.50020	 121.33425	       13C
 149.40195	  34.95632	 139.35314	       13C
 149.40195	  37.86860	  28.66575	       13C
 149.40195	  39.32472	  65.21835	       13C
 149.40195	  45.14928	  18.36923	       13C
 149.40195	  42.23700	 108.97845	       13C
 149.40195	  49.51768	   6.01343	       13C
 149.40195	  49.51768	 124.93800	       13C
 149.40195	  53.88608	  50.80320	       13C
 149.40195	  53.88608	 104.85983	       13C
 149.40195	  50.97380	 121.33425	       13C
 149.40195	  55.34220	  71.91105	       13C
 149.40195	  61.16672	  14.25067	       13C
 149.40195	  61.16672	 100.74127	       13C
 149.40195	  64.07900	 133.69005	       13C
 149.40195	  69.90352	  15.79515	       13C
 149.40195	  80.09648	 112.58220	       13C
 149.40195	  78.64032	 137.80867	       13C
 149.40195	  81.55260	  91.98922	       13C
 149.40195	  84.46488	 123.39353	       13C
 149.40195	  88.83328	  86.32613	       13C
 149.40195	  87.37712	 125.45287	       13C
 149.40195	  93.20168	  13.73581	       13C
 149.40195	  90.28940	 122.87872	       13C
 149.40195	  91.74552	 133.17524	       13C
 149.40195	 100.48232	   9.61725	       13C
 149.40195	  99.02620	 122.87872	       13C
 149.40195	 104.85072	  59.04045	       13C
 149.40195	 112.13140	  84.26685	       13C
 149.40195	 122.32432	  57.49597	       13C
 149.40195	 120.86820	 122.87872	       13C
 149.40195	 135.42952	 102.28574	       13C
 149.40195	 141.25408	   7.55791	       13C
 149.40195	 138.34180	  42.56603	       13C
 149.40195	 148.53472	  45.14017	       13C
 149.40195	 148.53472	  83.75205	       13C
 149.40195	 147.07860	 146.04585	       13C
