{
    ! Config - Method 
    "method"        : "CCE", 
    "quantity"      : "coherence",
    
    ! Config - File
    "qubitfile"     :  "/home/huijin/tutorial/Diamond_NV_P1Bath/bath/14N_10ppm/bath_DiaP1_10ppm_Defect",
    "gyrofile"      :  "/home/huijin/tutorial/Diamond_NV_P1Bath/bath/DiaP1_gyro",
    "bathfile"      : ["/home/huijin/tutorial/Diamond_NV_P1Bath/bath/14N_10ppm/bath_DiaP1_10ppm_"],
  !"avaaxfile"     :  "Random",
  !"statefile"     :  "Random",
  !"exstatefile"   :  "Random",

    ! Config - General
    "order"         : 2,
    "bfield"        : 500,
    "rbath"         : 370,
    "rdip"          : 330,
    "deltat"        : 0.0005,
    "nstep"         : 300,  

    ! Qubit 
    "alphams"     : -1,
    "betams"      : 0,

    ! Cluster
    "addsubclus"  : 0, ! true / false
    "nk"          : [0,0,0], ! default : [0] (all) or [0,0,30,40,50]

    ! Pulse
    "npulse"      : 1,

    ! Config - Spin tensor
    "hf_readmode"   : 0, 
!  "hf_tensorfile" : "0",
!  "hf_cutoff"     : 0
!  "qd_readmode"   : 0,

    ! Output
    "savemode"    : "normal"

,  "Defect"         : [
		{   
		    "dfname": "P1",
		    "naddspin" : 1,
		    "types" : ["14N"],
		    "spins" : [1],
		    "eqs"   : [2.044],
		    "gyros" : [1.9337792],
		    "navaax" : 4,
		    "hypf" : [ [1, "14N", [ 81.312000 ,     0.000000 ,    0.000000 ,    0.000000 ,    81.312000 ,    0.000000 ,   0.000000 ,    0.000000 ,    114.026400]],
		               [2, "14N", [103.121928 ,    12.591967 ,    8.903264 ,   12.591967 ,    88.581975 ,    5.140302 ,   8.903264 ,    5.140302 ,     84.946496]],
		               [3, "14N", [103.121923 ,   -12.591970 ,   -8.903263 ,  -12.591970 ,    88.581981 ,    5.140303 ,  -8.903263 ,    5.140303 ,     84.946496]],
		               [4, "14N", [ 81.312000 ,    -0.000001 ,    0.000000 ,   -0.000001 ,   110.391904 ,  -10.280603 ,   0.000000 ,  -10.280603 ,     84.946496]]],
		
		    "efg" :  [ [1, "14N", [  0.521910 ,     0.000000 ,    0.000000 ,    0.000000 ,     0.522771 ,   -0.000086 ,   0.000000 ,   -0.000086 ,     -1.044681]],
		               [2, "14N", [ -0.522214 ,    -0.603404 ,   -0.426335 ,   -0.603404 ,     0.174349 ,   -0.246178 ,  -0.426335 ,   -0.246178 ,      0.347865]],
		               [3, "14N", [ -0.522354 ,     0.603323 ,    0.426364 ,    0.603323 ,     0.174489 ,   -0.246128 ,   0.426364 ,   -0.246128 ,      0.347865]],
		               [4, "14N", [  0.522771 ,     0.000081 ,   -0.000029 ,    0.000081 ,    -0.870636 ,    0.492306 ,  -0.000029 ,    0.492306 ,      0.347865]]]
		}
                       ]
}
