2406.00000	   0.00000	   0.00000	   0.00000
   1.25704	   2.17825	   7.50000	       11B
   1.25704	   6.53276	   7.50000	       11B
   1.25704	  10.88727	   7.50000	       11B
   3.77111	   2.17825	   7.50000	       11B
   3.77111	   6.53276	   7.50000	       10B
   3.77111	  10.88727	   7.50000	       11B
   6.28519	   2.17825	   7.50000	       11B
   6.28519	   6.53276	   7.50000	       11B
   6.28519	  10.88727	   7.50000	       10B
   8.79927	   2.17825	   7.50000	       10B
   8.79927	   6.53276	   7.50000	       11B
   8.79927	  10.88727	   7.50000	       11B
  11.31334	   2.17825	   7.50000	       11B
  11.31334	   6.53276	   7.50000	       11B
  11.31334	  10.88727	   7.50000	       11B
  13.82742	   2.17825	   7.50000	       10B
  13.82742	   6.53276	   7.50000	       10B
  13.82742	  10.88727	   7.50000	       11B
  16.34150	   2.17825	   7.50000	       11B
  16.34150	   6.53276	   7.50000	       11B
  16.34150	  10.88727	   7.50000	       11B
  18.85557	   2.17825	   7.50000	       11B
  18.85557	   6.53276	   7.50000	       10B
  18.85557	  10.88727	   7.50000	       11B
  21.36965	   2.17825	   7.50000	       11B
  21.36965	   6.53276	   7.50000	       11B
  21.36965	  10.88727	   7.50000	       11B
   0.00000	   0.00098	   7.50000	       10B
   0.00000	   4.35549	   7.50000	       11B
   0.00000	   8.71000	   7.50000	       11B
   2.51408	   0.00098	   7.50000	       11B
   2.51408	   4.35549	   7.50000	       11B
   2.51408	   8.71000	   7.50000	       11B
   5.02815	   0.00098	   7.50000	       10B
   5.02815	   4.35549	   7.50000	       10B
   5.02815	   8.71000	   7.50000	       11B
   7.54223	   0.00098	   7.50000	       11B
   7.54223	   4.35549	   7.50000	       11B
   7.54223	   8.71000	   7.50000	       11B
  10.05631	   0.00098	   7.50000	       11B
  10.05631	   4.35549	   7.50000	       11B
  10.05631	   8.71000	   7.50000	       11B
  12.57038	   0.00098	   7.50000	       11B
  12.57038	   4.35549	   7.50000	       10B
  12.57038	   8.71000	   7.50000	       11B
  15.08446	   0.00098	   7.50000	       11B
  15.08446	   4.35549	   7.50000	       11B
  15.08446	   8.71000	   7.50000	       11B
  17.59854	   0.00098	   7.50000	       11B
  17.59854	   4.35549	   7.50000	       11B
  17.59854	   8.71000	   7.50000	       11B
  20.11261	   0.00098	   7.50000	       11B
  20.11261	   4.35549	   7.50000	       11B
  20.11261	   8.71000	   7.50000	       11B
   1.25704	   3.63024	   7.50000	       14N
   1.25704	   7.98475	   7.50000	       14N
   3.77111	   3.63024	   7.50000	       14N
   3.77111	   7.98475	   7.50000	       14N
   6.28519	   3.63024	   7.50000	       14N
   6.28519	   7.98475	   7.50000	       14N
   8.79927	   3.63024	   7.50000	       14N
   8.79927	   7.98475	   7.50000	       14N
  11.31334	   3.63024	   7.50000	       14N
  11.31334	   7.98475	   7.50000	       14N
  13.82742	   3.63024	   7.50000	       14N
  13.82742	   7.98475	   7.50000	       14N
  16.34150	   3.63024	   7.50000	       14N
  16.34150	   7.98475	   7.50000	       14N
  18.85557	   3.63024	   7.50000	       14N
  18.85557	   7.98475	   7.50000	       14N
  21.36965	   3.63024	   7.50000	       14N
  21.36965	   7.98475	   7.50000	       14N
   0.00000	   1.45298	   7.50000	       14N
   0.00000	   5.80749	   7.50000	       14N
   0.00000	  10.16200	   7.50000	       14N
   2.51408	   1.45298	   7.50000	       14N
   2.51408	   5.80749	   7.50000	       14N
   2.51408	  10.16200	   7.50000	       14N
   5.02815	   1.45298	   7.50000	       15N
   5.02815	   5.80749	   7.50000	       14N
   5.02815	  10.16200	   7.50000	       14N
   7.54223	   1.45298	   7.50000	       14N
   7.54223	   5.80749	   7.50000	       14N
   7.54223	  10.16200	   7.50000	       14N
  10.05631	   1.45298	   7.50000	       14N
  10.05631	   5.80749	   7.50000	       14N
  10.05631	  10.16200	   7.50000	       14N
  12.57038	   1.45298	   7.50000	       14N
  12.57038	   5.80749	   7.50000	       14N
  12.57038	  10.16200	   7.50000	       14N
  15.08446	   1.45298	   7.50000	       14N
  15.08446	   5.80749	   7.50000	       14N
  15.08446	  10.16200	   7.50000	       14N
  17.59854	   1.45298	   7.50000	       14N
  17.59854	   5.80749	   7.50000	       14N
  17.59854	  10.16200	   7.50000	       14N
  20.11261	   1.45298	   7.50000	       14N
  20.11261	   5.80749	   7.50000	       14N
  20.11261	  10.16200	   7.50000	       14N
   1.25704	  15.24177	   7.50000	       11B
   1.25704	  19.59628	   7.50000	       10B
   1.25704	  23.95079	   7.50000	       11B
   3.77111	  15.24177	   7.50000	       11B
   3.77111	  19.59628	   7.50000	       11B
   3.77111	  23.95079	   7.50000	       11B
   6.28519	  15.24177	   7.50000	       10B
   6.28519	  19.59628	   7.50000	       11B
   6.28519	  23.95079	   7.50000	       11B
   8.79927	  15.24177	   7.50000	       11B
   8.79927	  19.59628	   7.50000	       10B
   8.79927	  23.95079	   7.50000	       11B
  11.31334	  15.24177	   7.50000	       11B
  11.31334	  19.59628	   7.50000	       11B
  11.31334	  23.95079	   7.50000	       10B
  13.82742	  15.24177	   7.50000	       11B
  13.82742	  19.59628	   7.50000	       11B
  13.82742	  23.95079	   7.50000	       10B
  16.34150	  15.24177	   7.50000	       11B
  16.34150	  19.59628	   7.50000	       11B
  16.34150	  23.95079	   7.50000	       11B
  18.85557	  15.24177	   7.50000	       11B
  18.85557	  19.59628	   7.50000	       10B
  18.85557	  23.95079	   7.50000	       11B
  21.36965	  15.24177	   7.50000	       11B
  21.36965	  19.59628	   7.50000	       11B
  21.36965	  23.95079	   7.50000	       10B
   0.00000	  13.06450	   7.50000	       11B
   0.00000	  17.41901	   7.50000	       10B
   0.00000	  21.77352	   7.50000	       11B
   2.51408	  13.06450	   7.50000	       11B
   2.51408	  17.41901	   7.50000	       11B
   2.51408	  21.77352	   7.50000	       11B
   5.02815	  13.06450	   7.50000	       11B
   5.02815	  17.41901	   7.50000	       11B
   5.02815	  21.77352	   7.50000	       11B
   7.54223	  13.06450	   7.50000	       11B
   7.54223	  17.41901	   7.50000	       11B
   7.54223	  21.77352	   7.50000	       11B
  10.05631	  13.06450	   7.50000	       11B
  10.05631	  17.41901	   7.50000	       11B
  10.05631	  21.77352	   7.50000	       10B
  12.57038	  13.06450	   7.50000	       11B
  12.57038	  17.41901	   7.50000	       11B
  12.57038	  21.77352	   7.50000	       11B
  15.08446	  13.06450	   7.50000	       11B
  15.08446	  17.41901	   7.50000	       11B
  15.08446	  21.77352	   7.50000	       11B
  17.59854	  13.06450	   7.50000	       11B
  17.59854	  17.41901	   7.50000	       10B
  17.59854	  21.77352	   7.50000	       11B
  20.11261	  13.06450	   7.50000	       10B
  20.11261	  17.41901	   7.50000	       11B
  20.11261	  21.77352	   7.50000	       11B
   1.25704	  16.69376	   7.50000	       14N
   1.25704	  21.04827	   7.50000	       14N
   1.25704	  12.33926	   7.50000	       14N
   3.77111	  16.69376	   7.50000	       14N
   3.77111	  21.04827	   7.50000	       14N
   3.77111	  12.33926	   7.50000	       14N
   6.28519	  16.69376	   7.50000	       14N
   6.28519	  21.04827	   7.50000	       14N
   6.28519	  12.33926	   7.50000	       14N
   8.79927	  16.69376	   7.50000	       14N
   8.79927	  21.04827	   7.50000	       14N
   8.79927	  12.33926	   7.50000	       14N
  11.31334	  16.69376	   7.50000	       14N
  11.31334	  21.04827	   7.50000	       14N
  11.31334	  12.33926	   7.50000	       14N
  13.82742	  16.69376	   7.50000	       14N
  13.82742	  21.04827	   7.50000	       14N
  13.82742	  12.33926	   7.50000	       14N
  16.34150	  16.69376	   7.50000	       14N
  16.34150	  21.04827	   7.50000	       14N
  16.34150	  12.33926	   7.50000	       14N
  18.85557	  16.69376	   7.50000	       14N
  18.85557	  21.04827	   7.50000	       14N
  18.85557	  12.33926	   7.50000	       14N
  21.36965	  16.69376	   7.50000	       14N
  21.36965	  21.04827	   7.50000	       14N
  21.36965	  12.33926	   7.50000	       14N
   0.00000	  14.51651	   7.50000	       14N
   0.00000	  18.87102	   7.50000	       14N
   0.00000	  23.22552	   7.50000	       14N
   2.51408	  14.51651	   7.50000	       14N
   2.51408	  18.87102	   7.50000	       14N
   2.51408	  23.22552	   7.50000	       14N
   5.02815	  14.51651	   7.50000	       14N
   5.02815	  18.87102	   7.50000	       14N
   5.02815	  23.22552	   7.50000	       14N
   7.54223	  14.51651	   7.50000	       14N
   7.54223	  18.87102	   7.50000	       14N
   7.54223	  23.22552	   7.50000	       14N
  10.05631	  14.51651	   7.50000	       14N
  10.05631	  18.87102	   7.50000	       14N
  10.05631	  23.22552	   7.50000	       14N
  12.57038	  14.51651	   7.50000	       14N
  12.57038	  18.87102	   7.50000	       14N
  12.57038	  23.22552	   7.50000	       14N
  15.08446	  14.51651	   7.50000	       14N
  15.08446	  18.87102	   7.50000	       14N
  15.08446	  23.22552	   7.50000	       14N
  17.59854	  14.51651	   7.50000	       14N
  17.59854	  18.87102	   7.50000	       14N
  17.59854	  23.22552	   7.50000	       14N
  20.11261	  14.51651	   7.50000	       14N
  20.11261	  18.87102	   7.50000	       14N
  20.11261	  23.22552	   7.50000	       14N
   1.25704	  28.30530	   7.50000	       11B
   1.25704	  32.65981	   7.50000	       10B
   1.25704	  37.01432	   7.50000	       11B
   3.77111	  28.30530	   7.50000	       11B
   3.77111	  32.65981	   7.50000	       10B
   3.77111	  37.01432	   7.50000	       11B
   6.28519	  28.30530	   7.50000	       10B
   6.28519	  32.65981	   7.50000	       11B
   6.28519	  37.01432	   7.50000	       11B
   8.79927	  28.30530	   7.50000	       11B
   8.79927	  32.65981	   7.50000	       11B
   8.79927	  37.01432	   7.50000	       11B
  11.31334	  28.30530	   7.50000	       11B
  11.31334	  32.65981	   7.50000	       11B
  11.31334	  37.01432	   7.50000	       11B
  13.82742	  28.30530	   7.50000	       10B
  13.82742	  32.65981	   7.50000	       11B
  13.82742	  37.01432	   7.50000	       11B
  16.34150	  28.30530	   7.50000	       11B
  16.34150	  32.65981	   7.50000	       11B
  16.34150	  37.01432	   7.50000	       10B
  18.85557	  28.30530	   7.50000	       10B
  18.85557	  32.65981	   7.50000	       11B
  18.85557	  37.01432	   7.50000	       11B
  21.36965	  28.30530	   7.50000	       11B
  21.36965	  32.65981	   7.50000	       11B
  21.36965	  37.01432	   7.50000	       10B
   0.00000	  26.12803	   7.50000	       11B
   0.00000	  30.48254	   7.50000	       11B
   0.00000	  34.83705	   7.50000	       11B
   2.51408	  26.12803	   7.50000	       11B
   2.51408	  30.48254	   7.50000	       11B
   2.51408	  34.83705	   7.50000	       11B
   5.02815	  26.12803	   7.50000	       11B
   5.02815	  30.48254	   7.50000	       11B
   5.02815	  34.83705	   7.50000	       11B
   7.54223	  26.12803	   7.50000	       11B
   7.54223	  30.48254	   7.50000	       11B
   7.54223	  34.83705	   7.50000	       11B
  10.05631	  26.12803	   7.50000	       10B
  10.05631	  30.48254	   7.50000	       10B
  10.05631	  34.83705	   7.50000	       11B
  12.57038	  26.12803	   7.50000	       11B
  12.57038	  30.48254	   7.50000	       11B
  12.57038	  34.83705	   7.50000	       11B
  15.08446	  26.12803	   7.50000	       11B
  15.08446	  30.48254	   7.50000	       11B
  15.08446	  34.83705	   7.50000	       11B
  17.59854	  26.12803	   7.50000	       11B
  17.59854	  30.48254	   7.50000	       11B
  17.59854	  34.83705	   7.50000	       11B
  20.11261	  26.12803	   7.50000	       11B
  20.11261	  30.48254	   7.50000	       11B
  20.11261	  34.83705	   7.50000	       11B
   1.25704	  29.75729	   7.50000	       14N
   1.25704	  34.11180	   7.50000	       14N
   1.25704	  25.40278	   7.50000	       14N
   3.77111	  29.75729	   7.50000	       14N
   3.77111	  34.11180	   7.50000	       14N
   3.77111	  25.40278	   7.50000	       14N
   6.28519	  29.75729	   7.50000	       14N
   6.28519	  34.11180	   7.50000	       14N
   6.28519	  25.40278	   7.50000	       14N
   8.79927	  29.75729	   7.50000	       14N
   8.79927	  34.11180	   7.50000	       14N
   8.79927	  25.40278	   7.50000	       14N
  11.31334	  29.75729	   7.50000	       14N
  11.31334	  34.11180	   7.50000	       14N
  11.31334	  25.40278	   7.50000	       14N
  13.82742	  29.75729	   7.50000	       14N
  13.82742	  34.11180	   7.50000	       14N
  13.82742	  25.40278	   7.50000	       14N
  16.34150	  29.75729	   7.50000	       14N
  16.34150	  34.11180	   7.50000	       14N
  16.34150	  25.40278	   7.50000	       14N
  18.85557	  29.75729	   7.50000	       14N
  18.85557	  34.11180	   7.50000	       14N
  18.85557	  25.40278	   7.50000	       14N
  21.36965	  29.75729	   7.50000	       14N
  21.36965	  34.11180	   7.50000	       14N
  21.36965	  25.40278	   7.50000	       14N
   0.00000	  27.58003	   7.50000	       14N
   0.00000	  31.93454	   7.50000	       14N
   0.00000	  36.28905	   7.50000	       14N
   2.51408	  27.58003	   7.50000	       14N
   2.51408	  31.93454	   7.50000	       14N
   2.51408	  36.28905	   7.50000	       14N
   5.02815	  27.58003	   7.50000	       14N
   5.02815	  31.93454	   7.50000	       14N
   5.02815	  36.28905	   7.50000	       14N
   7.54223	  27.58003	   7.50000	       14N
   7.54223	  31.93454	   7.50000	       14N
   7.54223	  36.28905	   7.50000	       14N
  10.05631	  27.58003	   7.50000	       14N
  10.05631	  31.93454	   7.50000	       14N
  10.05631	  36.28905	   7.50000	       14N
  12.57038	  27.58003	   7.50000	       14N
  12.57038	  31.93454	   7.50000	       14N
  12.57038	  36.28905	   7.50000	       14N
  15.08446	  27.58003	   7.50000	       14N
  15.08446	  31.93454	   7.50000	       14N
  15.08446	  36.28905	   7.50000	       14N
  17.59854	  27.58003	   7.50000	       14N
  17.59854	  31.93454	   7.50000	       14N
  17.59854	  36.28905	   7.50000	       14N
  20.11261	  27.58003	   7.50000	       14N
  20.11261	  31.93454	   7.50000	       14N
  20.11261	  36.28905	   7.50000	       14N
   1.25704	  41.36882	   7.50000	       11B
   1.25704	  45.72333	   7.50000	       11B
   1.25704	  50.07784	   7.50000	       11B
   3.77111	  41.36882	   7.50000	       11B
   3.77111	  45.72333	   7.50000	       10B
   3.77111	  50.07784	   7.50000	       10B
   6.28519	  41.36882	   7.50000	       11B
   6.28519	  45.72333	   7.50000	       11B
   6.28519	  50.07784	   7.50000	       11B
   8.79927	  41.36882	   7.50000	       11B
   8.79927	  45.72333	   7.50000	       11B
   8.79927	  50.07784	   7.50000	       11B
  11.31334	  41.36882	   7.50000	       11B
  11.31334	  45.72333	   7.50000	       10B
  11.31334	  50.07784	   7.50000	       11B
  13.82742	  41.36882	   7.50000	       11B
  13.82742	  45.72333	   7.50000	       11B
  13.82742	  50.07784	   7.50000	       11B
  16.34150	  41.36882	   7.50000	       11B
  16.34150	  45.72333	   7.50000	       11B
  16.34150	  50.07784	   7.50000	       11B
  18.85557	  41.36882	   7.50000	       11B
  18.85557	  45.72333	   7.50000	       11B
  18.85557	  50.07784	   7.50000	       11B
  21.36965	  41.36882	   7.50000	       11B
  21.36965	  45.72333	   7.50000	       11B
  21.36965	  50.07784	   7.50000	       11B
   0.00000	  39.19155	   7.50000	       11B
   0.00000	  43.54606	   7.50000	       11B
   0.00000	  47.90057	   7.50000	       11B
   2.51408	  39.19155	   7.50000	       10B
   2.51408	  43.54606	   7.50000	       11B
   2.51408	  47.90057	   7.50000	       11B
   5.02815	  39.19155	   7.50000	       11B
   5.02815	  43.54606	   7.50000	       11B
   5.02815	  47.90057	   7.50000	       11B
   7.54223	  39.19155	   7.50000	       11B
   7.54223	  43.54606	   7.50000	       11B
   7.54223	  47.90057	   7.50000	       11B
  10.05631	  39.19155	   7.50000	       11B
  10.05631	  43.54606	   7.50000	       11B
  10.05631	  47.90057	   7.50000	       11B
  12.57038	  39.19155	   7.50000	       11B
  12.57038	  43.54606	   7.50000	       11B
  12.57038	  47.90057	   7.50000	       11B
  15.08446	  39.19155	   7.50000	       11B
  15.08446	  43.54606	   7.50000	       11B
  15.08446	  47.90057	   7.50000	       11B
  17.59854	  39.19155	   7.50000	       11B
  17.59854	  43.54606	   7.50000	       11B
  17.59854	  47.90057	   7.50000	       11B
  20.11261	  39.19155	   7.50000	       10B
  20.11261	  43.54606	   7.50000	       11B
  20.11261	  47.90057	   7.50000	       11B
   1.25704	  42.82082	   7.50000	       14N
   1.25704	  47.17532	   7.50000	       14N
   1.25704	  38.46631	   7.50000	       14N
   3.77111	  42.82082	   7.50000	       14N
   3.77111	  47.17532	   7.50000	       14N
   3.77111	  38.46631	   7.50000	       14N
   6.28519	  42.82082	   7.50000	       14N
   6.28519	  47.17532	   7.50000	       14N
   6.28519	  38.46631	   7.50000	       14N
   8.79927	  42.82082	   7.50000	       14N
   8.79927	  47.17532	   7.50000	       14N
   8.79927	  38.46631	   7.50000	       14N
  11.31334	  42.82082	   7.50000	       14N
  11.31334	  47.17532	   7.50000	       14N
  11.31334	  38.46631	   7.50000	       14N
  13.82742	  42.82082	   7.50000	       14N
  13.82742	  47.17532	   7.50000	       14N
  13.82742	  38.46631	   7.50000	       14N
  16.34150	  42.82082	   7.50000	       14N
  16.34150	  47.17532	   7.50000	       14N
  16.34150	  38.46631	   7.50000	       14N
  18.85557	  42.82082	   7.50000	       14N
  18.85557	  47.17532	   7.50000	       14N
  18.85557	  38.46631	   7.50000	       14N
  21.36965	  42.82082	   7.50000	       14N
  21.36965	  47.17532	   7.50000	       14N
  21.36965	  38.46631	   7.50000	       14N
   0.00000	  40.64356	   7.50000	       14N
   0.00000	  44.99807	   7.50000	       14N
   0.00000	  49.35257	   7.50000	       14N
   2.51408	  40.64356	   7.50000	       14N
   2.51408	  44.99807	   7.50000	       14N
   2.51408	  49.35257	   7.50000	       14N
   5.02815	  40.64356	   7.50000	       14N
   5.02815	  44.99807	   7.50000	       14N
   5.02815	  49.35257	   7.50000	       14N
   7.54223	  40.64356	   7.50000	       14N
   7.54223	  44.99807	   7.50000	       14N
   7.54223	  49.35257	   7.50000	       14N
  10.05631	  40.64356	   7.50000	       14N
  10.05631	  44.99807	   7.50000	       14N
  10.05631	  49.35257	   7.50000	       14N
  12.57038	  40.64356	   7.50000	       14N
  12.57038	  44.99807	   7.50000	       14N
  12.57038	  49.35257	   7.50000	       14N
  15.08446	  40.64356	   7.50000	       14N
  15.08446	  44.99807	   7.50000	       14N
  15.08446	  49.35257	   7.50000	       14N
  17.59854	  40.64356	   7.50000	       14N
  17.59854	  44.99807	   7.50000	       14N
  17.59854	  49.35257	   7.50000	       14N
  20.11261	  40.64356	   7.50000	       14N
  20.11261	  44.99807	   7.50000	       14N
  20.11261	  49.35257	   7.50000	       14N
   1.25704	  54.43235	   7.50000	       11B
   1.25704	  58.78686	   7.50000	       11B
   1.25704	  63.14137	   7.50000	       11B
   3.77111	  54.43235	   7.50000	       11B
   3.77111	  58.78686	   7.50000	       11B
   3.77111	  63.14137	   7.50000	       10B
   6.28519	  54.43235	   7.50000	       11B
   6.28519	  58.78686	   7.50000	       10B
   6.28519	  63.14137	   7.50000	       11B
   8.79927	  54.43235	   7.50000	       11B
   8.79927	  58.78686	   7.50000	       11B
   8.79927	  63.14137	   7.50000	       11B
  11.31334	  54.43235	   7.50000	       10B
  11.31334	  58.78686	   7.50000	       11B
  11.31334	  63.14137	   7.50000	       10B
  13.82742	  54.43235	   7.50000	       11B
  13.82742	  58.78686	   7.50000	       11B
  13.82742	  63.14137	   7.50000	       11B
  16.34150	  54.43235	   7.50000	       11B
  16.34150	  58.78686	   7.50000	       11B
  16.34150	  63.14137	   7.50000	       11B
  18.85557	  54.43235	   7.50000	       11B
  18.85557	  58.78686	   7.50000	       11B
  18.85557	  63.14137	   7.50000	       11B
  21.36965	  54.43235	   7.50000	       11B
  21.36965	  58.78686	   7.50000	       11B
  21.36965	  63.14137	   7.50000	       10B
   0.00000	  52.25508	   7.50000	       11B
   0.00000	  56.60959	   7.50000	       11B
   0.00000	  60.96410	   7.50000	       11B
   2.51408	  52.25508	   7.50000	       11B
   2.51408	  56.60959	   7.50000	       11B
   2.51408	  60.96410	   7.50000	       10B
   5.02815	  52.25508	   7.50000	       10B
   5.02815	  56.60959	   7.50000	       10B
   5.02815	  60.96410	   7.50000	       11B
   7.54223	  52.25508	   7.50000	       11B
   7.54223	  56.60959	   7.50000	       11B
   7.54223	  60.96410	   7.50000	       11B
  10.05631	  52.25508	   7.50000	       11B
  10.05631	  56.60959	   7.50000	       11B
  10.05631	  60.96410	   7.50000	       11B
  12.57038	  52.25508	   7.50000	       11B
  12.57038	  56.60959	   7.50000	       10B
  12.57038	  60.96410	   7.50000	       11B
  15.08446	  52.25508	   7.50000	       11B
  15.08446	  56.60959	   7.50000	       11B
  15.08446	  60.96410	   7.50000	       11B
  17.59854	  52.25508	   7.50000	       11B
  17.59854	  56.60959	   7.50000	       11B
  17.59854	  60.96410	   7.50000	       11B
  20.11261	  52.25508	   7.50000	       11B
  20.11261	  56.60959	   7.50000	       11B
  20.11261	  60.96410	   7.50000	       11B
   1.25704	  55.88434	   7.50000	       14N
   1.25704	  60.23885	   7.50000	       14N
   1.25704	  51.52983	   7.50000	       14N
   3.77111	  55.88434	   7.50000	       14N
   3.77111	  60.23885	   7.50000	       14N
   3.77111	  51.52983	   7.50000	       14N
   6.28519	  55.88434	   7.50000	       14N
   6.28519	  60.23885	   7.50000	       14N
   6.28519	  51.52983	   7.50000	       14N
   8.79927	  55.88434	   7.50000	       14N
   8.79927	  60.23885	   7.50000	       14N
   8.79927	  51.52983	   7.50000	       14N
  11.31334	  55.88434	   7.50000	       14N
  11.31334	  60.23885	   7.50000	       14N
  11.31334	  51.52983	   7.50000	       14N
  13.82742	  55.88434	   7.50000	       14N
  13.82742	  60.23885	   7.50000	       14N
  13.82742	  51.52983	   7.50000	       14N
  16.34150	  55.88434	   7.50000	       14N
  16.34150	  60.23885	   7.50000	       14N
  16.34150	  51.52983	   7.50000	       14N
  18.85557	  55.88434	   7.50000	       14N
  18.85557	  60.23885	   7.50000	       14N
  18.85557	  51.52983	   7.50000	       14N
  21.36965	  55.88434	   7.50000	       14N
  21.36965	  60.23885	   7.50000	       14N
  21.36965	  51.52983	   7.50000	       14N
   0.00000	  53.70708	   7.50000	       14N
   0.00000	  58.06159	   7.50000	       14N
   0.00000	  62.41610	   7.50000	       14N
   2.51408	  53.70708	   7.50000	       14N
   2.51408	  58.06159	   7.50000	       14N
   2.51408	  62.41610	   7.50000	       14N
   5.02815	  53.70708	   7.50000	       14N
   5.02815	  58.06159	   7.50000	       14N
   5.02815	  62.41610	   7.50000	       14N
   7.54223	  53.70708	   7.50000	       14N
   7.54223	  58.06159	   7.50000	       14N
   7.54223	  62.41610	   7.50000	       14N
  10.05631	  53.70708	   7.50000	       14N
  10.05631	  58.06159	   7.50000	       14N
  10.05631	  62.41610	   7.50000	       14N
  12.57038	  53.70708	   7.50000	       14N
  12.57038	  58.06159	   7.50000	       14N
  12.57038	  62.41610	   7.50000	       14N
  15.08446	  53.70708	   7.50000	       14N
  15.08446	  58.06159	   7.50000	       14N
  15.08446	  62.41610	   7.50000	       14N
  17.59854	  53.70708	   7.50000	       14N
  17.59854	  58.06159	   7.50000	       14N
  17.59854	  62.41610	   7.50000	       14N
  20.11261	  53.70708	   7.50000	       14N
  20.11261	  58.06159	   7.50000	       14N
  20.11261	  62.41610	   7.50000	       14N
   1.25704	  67.49587	   7.50000	       11B
   1.25704	  71.85038	   7.50000	       10B
   1.25704	  76.20489	   7.50000	       11B
   3.77111	  67.49587	   7.50000	       11B
   3.77111	  71.85038	   7.50000	       11B
   3.77111	  76.20489	   7.50000	       10B
   6.28519	  67.49587	   7.50000	       10B
   6.28519	  71.85038	   7.50000	       10B
   6.28519	  76.20489	   7.50000	       11B
   8.79927	  67.49587	   7.50000	       11B
   8.79927	  71.85038	   7.50000	       11B
   8.79927	  76.20489	   7.50000	       11B
  11.31334	  67.49587	   7.50000	       11B
  11.31334	  71.85038	   7.50000	       10B
  11.31334	  76.20489	   7.50000	       11B
  13.82742	  67.49587	   7.50000	       11B
  13.82742	  71.85038	   7.50000	       11B
  13.82742	  76.20489	   7.50000	       11B
  16.34150	  67.49587	   7.50000	       11B
  16.34150	  71.85038	   7.50000	       11B
  16.34150	  76.20489	   7.50000	       11B
  18.85557	  67.49587	   7.50000	       11B
  18.85557	  71.85038	   7.50000	       10B
  18.85557	  76.20489	   7.50000	       11B
  21.36965	  67.49587	   7.50000	       11B
  21.36965	  71.85038	   7.50000	       11B
  21.36965	  76.20489	   7.50000	       11B
   0.00000	  65.31860	   7.50000	       11B
   0.00000	  69.67311	   7.50000	       11B
   0.00000	  74.02762	   7.50000	       11B
   2.51408	  65.31860	   7.50000	       11B
   2.51408	  69.67311	   7.50000	       11B
   2.51408	  74.02762	   7.50000	       11B
   5.02815	  65.31860	   7.50000	       11B
   5.02815	  69.67311	   7.50000	       11B
   5.02815	  74.02762	   7.50000	       10B
   7.54223	  65.31860	   7.50000	       11B
   7.54223	  69.67311	   7.50000	       11B
   7.54223	  74.02762	   7.50000	       10B
  10.05631	  65.31860	   7.50000	       10B
  10.05631	  69.67311	   7.50000	       11B
  10.05631	  74.02762	   7.50000	       11B
  12.57038	  65.31860	   7.50000	       11B
  12.57038	  69.67311	   7.50000	       11B
  12.57038	  74.02762	   7.50000	       11B
  15.08446	  65.31860	   7.50000	       10B
  15.08446	  69.67311	   7.50000	       11B
  15.08446	  74.02762	   7.50000	       11B
  17.59854	  65.31860	   7.50000	       11B
  17.59854	  69.67311	   7.50000	       11B
  17.59854	  74.02762	   7.50000	       11B
  20.11261	  65.31860	   7.50000	       11B
  20.11261	  69.67311	   7.50000	       11B
  20.11261	  74.02762	   7.50000	       11B
   1.25704	  68.94787	   7.50000	       14N
   1.25704	  73.30237	   7.50000	       14N
   1.25704	  64.59336	   7.50000	       14N
   3.77111	  68.94787	   7.50000	       14N
   3.77111	  73.30237	   7.50000	       14N
   3.77111	  64.59336	   7.50000	       14N
   6.28519	  68.94787	   7.50000	       14N
   6.28519	  73.30237	   7.50000	       14N
   6.28519	  64.59336	   7.50000	       14N
   8.79927	  68.94787	   7.50000	       14N
   8.79927	  73.30237	   7.50000	       14N
   8.79927	  64.59336	   7.50000	       14N
  11.31334	  68.94787	   7.50000	       14N
  11.31334	  73.30237	   7.50000	       14N
  11.31334	  64.59336	   7.50000	       14N
  13.82742	  68.94787	   7.50000	       14N
  13.82742	  73.30237	   7.50000	       14N
  13.82742	  64.59336	   7.50000	       14N
  16.34150	  68.94787	   7.50000	       14N
  16.34150	  73.30237	   7.50000	       14N
  16.34150	  64.59336	   7.50000	       14N
  18.85557	  68.94787	   7.50000	       14N
  18.85557	  73.30237	   7.50000	       14N
  18.85557	  64.59336	   7.50000	       14N
  21.36965	  68.94787	   7.50000	       14N
  21.36965	  73.30237	   7.50000	       14N
  21.36965	  64.59336	   7.50000	       14N
   0.00000	  66.77061	   7.50000	       14N
   0.00000	  71.12512	   7.50000	       14N
   0.00000	  75.47963	   7.50000	       14N
   2.51408	  66.77061	   7.50000	       14N
   2.51408	  71.12512	   7.50000	       14N
   2.51408	  75.47963	   7.50000	       14N
   5.02815	  66.77061	   7.50000	       14N
   5.02815	  71.12512	   7.50000	       14N
   5.02815	  75.47963	   7.50000	       14N
   7.54223	  66.77061	   7.50000	       14N
   7.54223	  71.12512	   7.50000	       14N
   7.54223	  75.47963	   7.50000	       14N
  10.05631	  66.77061	   7.50000	       14N
  10.05631	  71.12512	   7.50000	       14N
  10.05631	  75.47963	   7.50000	       14N
  12.57038	  66.77061	   7.50000	       14N
  12.57038	  71.12512	   7.50000	       15N
  12.57038	  75.47963	   7.50000	       14N
  15.08446	  66.77061	   7.50000	       14N
  15.08446	  71.12512	   7.50000	       14N
  15.08446	  75.47963	   7.50000	       14N
  17.59854	  66.77061	   7.50000	       14N
  17.59854	  71.12512	   7.50000	       14N
  17.59854	  75.47963	   7.50000	       14N
  20.11261	  66.77061	   7.50000	       14N
  20.11261	  71.12512	   7.50000	       14N
  20.11261	  75.47963	   7.50000	       14N
   0.00000	  78.38213	   7.50000	       11B
   2.51408	  78.38213	   7.50000	       10B
   5.02815	  78.38213	   7.50000	       10B
   7.54223	  78.38213	   7.50000	       10B
  10.05631	  78.38213	   7.50000	       10B
  12.57038	  78.38213	   7.50000	       11B
  15.08446	  78.38213	   7.50000	       10B
  17.59854	  78.38213	   7.50000	       10B
  20.11261	  78.38213	   7.50000	       11B
   1.25704	  77.65688	   7.50000	       14N
   3.77111	  77.65688	   7.50000	       14N
   6.28519	  77.65688	   7.50000	       14N
   8.79927	  77.65688	   7.50000	       14N
  11.31334	  77.65688	   7.50000	       14N
  13.82742	  77.65688	   7.50000	       14N
  16.34150	  77.65688	   7.50000	       14N
  18.85557	  77.65688	   7.50000	       14N
  21.36965	  77.65688	   7.50000	       14N
   0.00000	  79.83413	   7.50000	       14N
   2.51408	  79.83413	   7.50000	       14N
   5.02815	  79.83413	   7.50000	       14N
   7.54223	  79.83413	   7.50000	       14N
  10.05631	  79.83413	   7.50000	       14N
  12.57038	  79.83413	   7.50000	       14N
  15.08446	  79.83413	   7.50000	       14N
  17.59854	  79.83413	   7.50000	       14N
  20.11261	  79.83413	   7.50000	       14N
  23.86887	   2.17881	   7.50000	       11B
  23.86887	   6.53332	   7.50000	       11B
  23.86887	  10.88783	   7.50000	       11B
  26.35283	   2.17871	   7.50003	       11B
  26.35283	   6.53322	   7.50003	       10B
  26.35283	  10.88773	   7.50003	       10B
  28.77733	   2.18251	   7.89652	       10B
  28.77733	   6.53702	   7.89652	       11B
  28.77733	  10.89153	   7.89652	       10B
  30.91895	   2.18033	   9.15274	       10B
  30.91895	   6.53484	   9.15274	       11B
  30.91895	  10.88935	   9.15274	       10B
  33.26123	   2.18295	   9.88033	       11B
  33.26123	   6.53746	   9.88033	       10B
  33.26123	  10.89197	   9.88033	       10B
  35.60352	   2.18033	   9.15274	       11B
  35.60352	   6.53484	   9.15274	       11B
  35.60352	  10.88935	   9.15274	       11B
  37.74513	   2.18251	   7.89652	       11B
  37.74513	   6.53702	   7.89652	       11B
  37.74513	  10.89153	   7.89652	       11B
  40.16964	   2.17871	   7.50003	       11B
  40.16964	   6.53322	   7.50003	       11B
  40.16964	  10.88773	   7.50003	       11B
  42.65359	   2.17881	   7.50000	       11B
  42.65359	   6.53332	   7.50000	       11B
  42.65359	  10.88783	   7.50000	       11B
  22.62669	   0.00135	   7.50000	       11B
  22.62669	   4.35586	   7.50000	       11B
  22.62669	   8.71037	   7.50000	       11B
  25.11072	   0.00160	   7.50000	       10B
  25.11072	   4.35611	   7.50000	       11B
  25.11072	   8.71062	   7.50000	       11B
  27.59643	   0.00268	   7.50100	       10B
  27.59643	   4.35719	   7.50100	       10B
  27.59643	   8.71170	   7.50100	       10B
  29.86563	   0.00240	   8.48238	       11B
  29.86563	   4.35691	   8.48238	       10B
  29.86563	   8.71142	   8.48238	       11B
  32.04195	   0.00469	   9.67603	       11B
  32.04195	   4.35920	   9.67603	       11B
  32.04195	   8.71371	   9.67603	       11B
  34.48051	   0.00469	   9.67603	       11B
  34.48051	   4.35920	   9.67603	       11B
  34.48051	   8.71371	   9.67603	       11B
  36.65683	   0.00240	   8.48238	       11B
  36.65683	   4.35691	   8.48238	       11B
  36.65683	   8.71142	   8.48238	       11B
  38.92604	   0.00268	   7.50100	       10B
  38.92604	   4.35719	   7.50100	       11B
  38.92604	   8.71170	   7.50100	       11B
  41.41174	   0.00160	   7.50000	       11B
  41.41174	   4.35611	   7.50000	       11B
  41.41174	   8.71062	   7.50000	       11B
  23.86879	   3.62699	   7.50000	       14N
  23.86879	   7.98150	   7.50000	       14N
  26.35263	   3.62762	   7.50003	       14N
  26.35263	   7.98213	   7.50003	       14N
  28.80661	   3.62911	   7.82298	       14N
  28.80661	   7.98362	   7.82298	       14N
  30.90258	   3.62928	   9.17248	       14N
  30.90258	   7.98379	   9.17248	       14N
  33.26123	   3.62954	   9.94981	       14N
  33.26123	   7.98405	   9.94981	       14N
  35.61988	   3.62928	   9.17248	       14N
  35.61988	   7.98379	   9.17248	       14N
  37.71586	   3.62911	   7.82298	       14N
  37.71586	   7.98362	   7.82298	       14N
  40.16983	   3.62762	   7.50003	       14N
  40.16983	   7.98213	   7.50003	       14N
  42.65367	   3.62699	   7.50000	       14N
  42.65367	   7.98150	   7.50000	       14N
  22.62669	   1.44975	   7.50000	       14N
  22.62669	   5.80425	   7.50000	       14N
  22.62669	  10.15876	   7.50000	       14N
  25.11098	   1.44988	   7.50000	       14N
  25.11098	   5.80439	   7.50000	       14N
  25.11098	  10.15890	   7.50000	       14N
  27.59683	   1.45066	   7.50100	       14N
  27.59683	   5.80517	   7.50100	       14N
  27.59683	  10.15968	   7.50100	       14N
  29.87239	   1.45185	   8.48253	       14N
  29.87239	   5.80636	   8.48253	       14N
  29.87239	  10.16087	   8.48253	       14N
  32.02257	   1.45210	   9.73202	       14N
  32.02257	   5.80660	   9.73202	       14N
  32.02257	  10.16111	   9.73202	       14N
  34.49989	   1.45210	   9.73202	       14N
  34.49989	   5.80660	   9.73202	       14N
  34.49989	  10.16111	   9.73202	       14N
  36.65007	   1.45185	   8.48253	       14N
  36.65007	   5.80636	   8.48253	       14N
  36.65007	  10.16087	   8.48253	       14N
  38.92563	   1.45066	   7.50100	       14N
  38.92563	   5.80517	   7.50100	       14N
  38.92563	  10.15968	   7.50100	       14N
  41.41148	   1.44988	   7.50000	       14N
  41.41148	   5.80439	   7.50000	       14N
  41.41148	  10.15890	   7.50000	       14N
  23.86887	  15.24234	   7.50000	       11B
  23.86887	  19.59684	   7.50000	       11B
  23.86887	  23.95135	   7.50000	       10B
  26.35283	  15.24223	   7.50003	       11B
  26.35283	  19.59674	   7.50003	       10B
  26.35283	  23.95125	   7.50003	       11B
  28.77733	  15.24604	   7.89652	       11B
  28.77733	  19.60055	   7.89652	       10B
  28.77733	  23.95505	   7.89652	       11B
  30.91895	  15.24385	   9.15274	       11B
  30.91895	  19.59836	   9.15274	       10B
  30.91895	  23.95287	   9.15274	       10B
  33.26123	  15.24647	   9.88033	       11B
  33.26123	  19.60098	   9.88033	       11B
  33.26123	  23.95549	   9.88033	       11B
  35.60352	  15.24385	   9.15274	       10B
  35.60352	  19.59836	   9.15274	       11B
  35.60352	  23.95287	   9.15274	       11B
  37.74513	  15.24604	   7.89652	       11B
  37.74513	  19.60055	   7.89652	       11B
  37.74513	  23.95505	   7.89652	       11B
  40.16964	  15.24223	   7.50003	       11B
  40.16964	  19.59674	   7.50003	       11B
  40.16964	  23.95125	   7.50003	       11B
  42.65359	  15.24234	   7.50000	       10B
  42.65359	  19.59684	   7.50000	       11B
  42.65359	  23.95135	   7.50000	       11B
  22.62669	  13.06487	   7.50000	       11B
  22.62669	  17.41938	   7.50000	       11B
  22.62669	  21.77389	   7.50000	       11B
  25.11072	  13.06513	   7.50000	       11B
  25.11072	  17.41964	   7.50000	       11B
  25.11072	  21.77414	   7.50000	       11B
  27.59643	  13.06621	   7.50100	       10B
  27.59643	  17.42071	   7.50100	       10B
  27.59643	  21.77522	   7.50100	       11B
  29.86563	  13.06592	   8.48238	       11B
  29.86563	  17.42043	   8.48238	       11B
  29.86563	  21.77494	   8.48238	       11B
  32.04195	  13.06821	   9.67603	       11B
  32.04195	  17.42272	   9.67603	       11B
  32.04195	  21.77723	   9.67603	       11B
  34.48051	  13.06821	   9.67603	       11B
  34.48051	  17.42272	   9.67603	       11B
  34.48051	  21.77723	   9.67603	       11B
  36.65683	  13.06592	   8.48238	       11B
  36.65683	  17.42043	   8.48238	       11B
  36.65683	  21.77494	   8.48238	       11B
  38.92604	  13.06621	   7.50100	       11B
  38.92604	  17.42071	   7.50100	       11B
  38.92604	  21.77522	   7.50100	       11B
  41.41174	  13.06513	   7.50000	       11B
  41.41174	  17.41964	   7.50000	       11B
  41.41174	  21.77414	   7.50000	       10B
  23.86879	  16.69052	   7.50000	       14N
  23.86879	  21.04503	   7.50000	       14N
  23.86879	  12.33601	   7.50000	       14N
  26.35263	  16.69114	   7.50003	       14N
  26.35263	  21.04565	   7.50003	       14N
  26.35263	  12.33663	   7.50003	       14N
  28.80661	  16.69264	   7.82298	       14N
  28.80661	  21.04715	   7.82298	       14N
  28.80661	  12.33813	   7.82298	       14N
  30.90258	  16.69281	   9.17248	       14N
  30.90258	  21.04732	   9.17248	       14N
  30.90258	  12.33830	   9.17248	       14N
  33.26123	  16.69307	   9.94981	       14N
  33.26123	  21.04758	   9.94981	       14N
  33.26123	  12.33856	   9.94981	       14N
  35.61988	  16.69281	   9.17248	       14N
  35.61988	  21.04732	   9.17248	       14N
  35.61988	  12.33830	   9.17248	       14N
  37.71586	  16.69264	   7.82298	       14N
  37.71586	  21.04715	   7.82298	       14N
  37.71586	  12.33813	   7.82298	       14N
  40.16983	  16.69114	   7.50003	       14N
  40.16983	  21.04565	   7.50003	       14N
  40.16983	  12.33663	   7.50003	       14N
  42.65367	  16.69052	   7.50000	       14N
  42.65367	  21.04503	   7.50000	       14N
  42.65367	  12.33601	   7.50000	       14N
  22.62669	  14.51327	   7.50000	       14N
  22.62669	  18.86778	   7.50000	       14N
  22.62669	  23.22229	   7.50000	       14N
  25.11098	  14.51341	   7.50000	       14N
  25.11098	  18.86792	   7.50000	       14N
  25.11098	  23.22243	   7.50000	       14N
  27.59683	  14.51419	   7.50100	       14N
  27.59683	  18.86869	   7.50100	       14N
  27.59683	  23.22320	   7.50100	       14N
  29.87239	  14.51538	   8.48253	       14N
  29.87239	  18.86988	   8.48253	       14N
  29.87239	  23.22439	   8.48253	       14N
  32.02257	  14.51562	   9.73202	       14N
  32.02257	  18.87013	   9.73202	       14N
  32.02257	  23.22464	   9.73202	       14N
  34.49989	  14.51562	   9.73202	       14N
  34.49989	  18.87013	   9.73202	       14N
  34.49989	  23.22464	   9.73202	       14N
  36.65007	  14.51538	   8.48253	       14N
  36.65007	  18.86988	   8.48253	       14N
  36.65007	  23.22439	   8.48253	       14N
  38.92563	  14.51419	   7.50100	       14N
  38.92563	  18.86869	   7.50100	       14N
  38.92563	  23.22320	   7.50100	       14N
  41.41148	  14.51341	   7.50000	       14N
  41.41148	  18.86792	   7.50000	       14N
  41.41148	  23.22243	   7.50000	       14N
  23.86887	  28.30586	   7.50000	       10B
  23.86887	  32.66037	   7.50000	       11B
  23.86887	  37.01488	   7.50000	       11B
  26.35283	  28.30576	   7.50003	       10B
  26.35283	  32.66027	   7.50003	       11B
  26.35283	  37.01478	   7.50003	       11B
  28.77733	  28.30956	   7.89652	       11B
  28.77733	  32.66407	   7.89652	       11B
  28.77733	  37.01858	   7.89652	       11B
  30.91895	  28.30738	   9.15274	       11B
  30.91895	  32.66189	   9.15274	       11B
  30.91895	  37.01640	   9.15274	       11B
  33.26123	  28.31000	   9.88033	       10B
  33.26123	  32.66451	   9.88033	       11B
  33.26123	  37.01902	   9.88033	       11B
  35.60352	  28.30738	   9.15274	       11B
  35.60352	  32.66189	   9.15274	       10B
  35.60352	  37.01640	   9.15274	       11B
  37.74513	  28.30956	   7.89652	       10B
  37.74513	  32.66407	   7.89652	       11B
  37.74513	  37.01858	   7.89652	       11B
  40.16964	  28.30576	   7.50003	       11B
  40.16964	  32.66027	   7.50003	       11B
  40.16964	  37.01478	   7.50003	       11B
  42.65359	  28.30586	   7.50000	       11B
  42.65359	  32.66037	   7.50000	       10B
  42.65359	  37.01488	   7.50000	       11B
  22.62669	  26.12840	   7.50000	       11B
  22.62669	  30.48291	   7.50000	       11B
  22.62669	  34.83742	   7.50000	       10B
  25.11072	  26.12865	   7.50000	       11B
  25.11072	  30.48316	   7.50000	       11B
  25.11072	  34.83767	   7.50000	       11B
  27.59643	  26.12973	   7.50100	       11B
  27.59643	  30.48424	   7.50100	       11B
  27.59643	  34.83875	   7.50100	       10B
  29.86563	  26.12945	   8.48238	       11B
  29.86563	  30.48396	   8.48238	       11B
  29.86563	  34.83847	   8.48238	       10B
  32.04195	  26.13174	   9.67603	       11B
  32.04195	  30.48625	   9.67603	       11B
  32.04195	  34.84076	   9.67603	       11B
  34.48051	  26.13174	   9.67603	       11B
  34.48051	  30.48625	   9.67603	       11B
  34.48051	  34.84076	   9.67603	       11B
  36.65683	  26.12945	   8.48238	       11B
  36.65683	  30.48396	   8.48238	       11B
  36.65683	  34.83847	   8.48238	       11B
  38.92604	  26.12973	   7.50100	       11B
  38.92604	  30.48424	   7.50100	       11B
  38.92604	  34.83875	   7.50100	       10B
  41.41174	  26.12865	   7.50000	       11B
  41.41174	  30.48316	   7.50000	       10B
  41.41174	  34.83767	   7.50000	       10B
  23.86879	  29.75404	   7.50000	       14N
  23.86879	  34.10855	   7.50000	       14N
  23.86879	  25.39953	   7.50000	       14N
  26.35263	  29.75467	   7.50003	       14N
  26.35263	  34.10918	   7.50003	       14N
  26.35263	  25.40016	   7.50003	       14N
  28.80661	  29.75616	   7.82298	       14N
  28.80661	  34.11067	   7.82298	       14N
  28.80661	  25.40166	   7.82298	       14N
  30.90258	  29.75633	   9.17248	       14N
  30.90258	  34.11084	   9.17248	       14N
  30.90258	  25.40183	   9.17248	       14N
  33.26123	  29.75659	   9.94981	       14N
  33.26123	  34.11110	   9.94981	       14N
  33.26123	  25.40208	   9.94981	       14N
  35.61988	  29.75633	   9.17248	       14N
  35.61988	  34.11084	   9.17248	       14N
  35.61988	  25.40183	   9.17248	       14N
  37.71586	  29.75616	   7.82298	       14N
  37.71586	  34.11067	   7.82298	       14N
  37.71586	  25.40166	   7.82298	       14N
  40.16983	  29.75467	   7.50003	       14N
  40.16983	  34.10918	   7.50003	       14N
  40.16983	  25.40016	   7.50003	       14N
  42.65367	  29.75404	   7.50000	       14N
  42.65367	  34.10855	   7.50000	       14N
  42.65367	  25.39953	   7.50000	       14N
  22.62669	  27.57680	   7.50000	       14N
  22.62669	  31.93130	   7.50000	       14N
  22.62669	  36.28581	   7.50000	       14N
  25.11098	  27.57693	   7.50000	       14N
  25.11098	  31.93144	   7.50000	       14N
  25.11098	  36.28595	   7.50000	       14N
  27.59683	  27.57771	   7.50100	       14N
  27.59683	  31.93222	   7.50100	       14N
  27.59683	  36.28673	   7.50100	       14N
  29.87239	  27.57890	   8.48253	       14N
  29.87239	  31.93341	   8.48253	       14N
  29.87239	  36.28792	   8.48253	       14N
  32.02257	  27.57915	   9.73202	       14N
  32.02257	  31.93365	   9.73202	       14N
  32.02257	  36.28816	   9.73202	       14N
  34.49989	  27.57915	   9.73202	       14N
  34.49989	  31.93365	   9.73202	       14N
  34.49989	  36.28816	   9.73202	       14N
  36.65007	  27.57890	   8.48253	       14N
  36.65007	  31.93341	   8.48253	       14N
  36.65007	  36.28792	   8.48253	       14N
  38.92563	  27.57771	   7.50100	       14N
  38.92563	  31.93222	   7.50100	       15N
  38.92563	  36.28673	   7.50100	       14N
  41.41148	  27.57693	   7.50000	       14N
  41.41148	  31.93144	   7.50000	       14N
  41.41148	  36.28595	   7.50000	       14N
  23.87180	  41.36563	   7.50000	       11B
  23.87393	  45.71910	   7.50000	       11B
  23.87251	  50.07267	   7.50000	       11B
  26.36119	  41.36756	   7.50003	       10B
  26.36964	  45.71970	   7.50003	       10B
  26.36378	  50.07314	   7.50003	       10B
  28.79223	  41.37542	   7.88855	       11B
  28.82032	  45.72465	   7.86848	       11B
  28.79566	  50.07924	   7.89280	       11B
  30.93143	  41.37887	   9.15173	       11B
  31.01779	  45.72447	   9.09991	       11B
  30.93441	  50.08321	   9.15321	       11B
  33.26123	  41.37665	   9.91954	       11B
  33.26123	  50.09318	   9.90969	       11B
  35.59103	  41.37887	   9.15173	       11B
  35.50468	  45.72447	   9.09991	       11B
  35.58805	  50.08321	   9.15321	       10B
  37.73023	  41.37542	   7.88855	       11B
  37.70214	  45.72465	   7.86848	       11B
  37.72680	  50.07924	   7.89280	       10B
  40.16127	  41.36756	   7.50003	       10B
  40.15282	  45.71970	   7.50003	       11B
  40.15869	  50.07314	   7.50003	       11B
  42.65066	  41.36563	   7.50000	       11B
  42.64853	  45.71910	   7.50000	       11B
  42.64995	  50.07267	   7.50000	       11B
  22.62669	  39.18631	   7.50000	       11B
  22.62669	  43.54235	   7.50000	       11B
  22.62669	  47.89532	   7.50000	       11B
  25.11660	  39.18714	   7.50000	       11B
  25.11910	  43.54391	   7.50000	       11B
  25.12188	  47.89534	   7.50000	       11B
  27.60621	  39.19096	   7.50100	       11B
  27.61367	  43.54699	   7.50100	       10B
  27.61954	  47.89679	   7.50100	       11B
  29.87848	  39.19680	   8.47666	       11B
  29.90921	  43.55340	   8.44581	       11B
  29.92086	  47.89820	   8.44549	       11B
  32.04319	  39.20311	   9.68918	       11B
  32.06440	  43.56405	   9.71142	       10B
  32.07072	  47.89885	   9.72125	       11B
  34.47927	  39.20311	   9.68918	       11B
  34.45806	  43.56405	   9.71142	       11B
  34.45175	  47.89885	   9.72125	       11B
  36.64398	  39.19680	   8.47665	       11B
  36.61326	  43.55340	   8.44581	       10B
  36.60160	  47.89820	   8.44549	       11B
  38.91625	  39.19096	   7.50100	       11B
  38.90879	  43.54699	   7.50100	       11B
  38.90293	  47.89679	   7.50100	       11B
  41.40586	  39.18714	   7.50000	       11B
  41.40337	  43.54391	   7.50000	       11B
  41.40059	  47.89534	   7.50000	       11B
  23.87119	  42.81474	   7.50000	       14N
  23.87244	  47.16831	   7.50000	       14N
  23.87038	  38.45834	   7.50000	       14N
  26.35969	  42.81689	   7.50003	       14N
  26.36450	  47.16980	   7.50003	       14N
  26.35718	  38.45997	   7.50003	       14N
  28.82129	  42.81938	   7.80637	       14N
  28.83366	  47.17554	   7.79824	       14N
  28.81388	  38.46488	   7.81773	       14N
  30.92067	  42.81756	   9.15318	       14N
  30.96934	  47.18164	   9.10662	       14N
  30.90804	  38.47133	   9.16969	       14N
  33.26123	  42.79964	  10.01748	       14N
  33.26123	  38.47721	   9.97140	       14N
  35.60180	  42.81756	   9.15318	       14N
  35.55312	  47.18164	   9.10662	       14N
  35.61443	  38.47133	   9.16969	       14N
  37.70118	  42.81938	   7.80637	       14N
  37.68880	  47.17554	   7.79824	       14N
  37.70858	  38.46488	   7.81773	       14N
  40.16277	  42.81689	   7.50003	       14N
  40.15796	  47.16980	   7.50003	       14N
  40.16529	  38.45997	   7.50003	       14N
  42.65127	  42.81474	   7.50000	       14N
  42.65003	  47.16831	   7.50000	       14N
  42.65208	  38.45834	   7.50000	       14N
  22.62669	  40.63625	   7.50000	       14N
  22.62669	  44.99159	   7.50000	       14N
  22.62669	  49.34483	   7.50000	       14N
  25.11390	  40.63695	   7.50000	       14N
  25.11804	  44.99276	   7.50000	       14N
  25.11585	  49.34517	   7.50000	       14N
  27.60176	  40.63952	   7.50100	       14N
  27.61248	  44.99539	   7.50100	       14N
  27.60634	  49.34787	   7.50100	       14N
  29.88269	  40.64399	   8.47181	       14N
  29.93053	  44.99952	   8.40832	       14N
  29.89387	  49.35359	   8.46400	       14N
  32.01867	  40.64279	   9.75147	       14N
  32.01901	  49.37122	   9.76177	       14N
  34.50379	  40.64279	   9.75147	       14N
  34.50346	  49.37122	   9.76177	       14N
  36.63978	  40.64399	   8.47181	       14N
  36.59194	  44.99952	   8.40832	       14N
  36.62859	  49.35359	   8.46400	       14N
  38.92070	  40.63952	   7.50100	       14N
  38.90998	  44.99539	   7.50100	       14N
  38.91612	  49.34787	   7.50100	       14N
  41.40856	  40.63695	   7.50000	       14N
  41.40442	  44.99276	   7.50000	       14N
  41.40661	  49.34517	   7.50000	       14N
  34.52630	  44.96041	   9.74065	       14N
  31.99617	  44.96041	   9.74065	       14N
  33.26123	  47.29875	  10.18910	       14N
  23.86887	  54.43291	   7.50000	       11B
  23.86887	  58.78742	   7.50000	       11B
  23.86887	  63.14193	   7.50000	       11B
  26.35283	  54.43281	   7.50003	       11B
  26.35283	  58.78732	   7.50003	       11B
  26.35283	  63.14183	   7.50003	       11B
  28.77733	  54.43661	   7.89652	       11B
  28.77733	  58.79112	   7.89652	       11B
  28.77733	  63.14563	   7.89652	       11B
  30.91895	  54.43443	   9.15274	       11B
  30.91895	  58.78894	   9.15274	       11B
  30.91895	  63.14345	   9.15274	       11B
  33.26123	  54.43705	   9.88033	       11B
  33.26123	  58.79156	   9.88033	       11B
  33.26123	  63.14607	   9.88033	       10B
  35.60352	  54.43443	   9.15274	       11B
  35.60352	  58.78894	   9.15274	       11B
  35.60352	  63.14345	   9.15274	       11B
  37.74513	  54.43661	   7.89652	       11B
  37.74513	  58.79112	   7.89652	       11B
  37.74513	  63.14563	   7.89652	       11B
  40.16964	  54.43281	   7.50003	       11B
  40.16964	  58.78732	   7.50003	       11B
  40.16964	  63.14183	   7.50003	       11B
  42.65359	  54.43291	   7.50000	       11B
  42.65359	  58.78742	   7.50000	       10B
  42.65359	  63.14193	   7.50000	       11B
  22.62669	  52.25545	   7.50000	       11B
  22.62669	  56.60996	   7.50000	       11B
  22.62669	  60.96447	   7.50000	       10B
  25.11072	  52.25570	   7.50000	       11B
  25.11072	  56.61021	   7.50000	       11B
  25.11072	  60.96472	   7.50000	       11B
  27.59643	  52.25678	   7.50100	       11B
  27.59643	  56.61129	   7.50100	       11B
  27.59643	  60.96580	   7.50100	       11B
  29.86563	  52.25650	   8.48238	       11B
  29.86563	  56.61101	   8.48238	       10B
  29.86563	  60.96552	   8.48238	       11B
  32.04195	  52.25879	   9.67603	       11B
  32.04195	  56.61330	   9.67603	       11B
  32.04195	  60.96781	   9.67603	       11B
  34.48051	  52.25879	   9.67603	       11B
  34.48051	  56.61330	   9.67603	       11B
  34.48051	  60.96781	   9.67603	       11B
  36.65683	  52.25650	   8.48238	       10B
  36.65683	  56.61101	   8.48238	       11B
  36.65683	  60.96552	   8.48238	       10B
  38.92604	  52.25678	   7.50100	       11B
  38.92604	  56.61129	   7.50100	       11B
  38.92604	  60.96580	   7.50100	       11B
  41.41174	  52.25570	   7.50000	       11B
  41.41174	  56.61021	   7.50000	       10B
  41.41174	  60.96472	   7.50000	       11B
  23.86879	  55.88109	   7.50000	       14N
  23.86879	  60.23560	   7.50000	       14N
  23.86879	  51.52659	   7.50000	       14N
  26.35263	  55.88172	   7.50003	       14N
  26.35263	  60.23623	   7.50003	       14N
  26.35263	  51.52721	   7.50003	       14N
  28.80661	  55.88321	   7.82298	       14N
  28.80661	  60.23772	   7.82298	       14N
  28.80661	  51.52871	   7.82298	       14N
  30.90258	  55.88338	   9.17248	       14N
  30.90258	  60.23789	   9.17248	       14N
  30.90258	  51.52888	   9.17248	       14N
  33.26123	  55.88364	   9.94981	       14N
  33.26123	  60.23815	   9.94981	       14N
  33.26123	  51.52913	   9.94981	       14N
  35.61988	  55.88338	   9.17248	       14N
  35.61988	  60.23789	   9.17248	       14N
  35.61988	  51.52888	   9.17248	       14N
  37.71586	  55.88321	   7.82298	       14N
  37.71586	  60.23772	   7.82298	       14N
  37.71586	  51.52871	   7.82298	       14N
  40.16983	  55.88172	   7.50003	       14N
  40.16983	  60.23623	   7.50003	       14N
  40.16983	  51.52721	   7.50003	       14N
  42.65367	  55.88109	   7.50000	       14N
  42.65367	  60.23560	   7.50000	       14N
  42.65367	  51.52659	   7.50000	       14N
  22.62669	  53.70385	   7.50000	       14N
  22.62669	  58.05835	   7.50000	       14N
  22.62669	  62.41286	   7.50000	       14N
  25.11098	  53.70398	   7.50000	       14N
  25.11098	  58.05849	   7.50000	       14N
  25.11098	  62.41300	   7.50000	       14N
  27.59683	  53.70476	   7.50100	       14N
  27.59683	  58.05927	   7.50100	       14N
  27.59683	  62.41378	   7.50100	       14N
  29.87239	  53.70595	   8.48253	       14N
  29.87239	  58.06046	   8.48253	       14N
  29.87239	  62.41497	   8.48253	       14N
  32.02257	  53.70620	   9.73202	       15N
  32.02257	  58.06070	   9.73202	       14N
  32.02257	  62.41521	   9.73202	       14N
  34.49989	  53.70620	   9.73202	       14N
  34.49989	  58.06070	   9.73202	       14N
  34.49989	  62.41521	   9.73202	       14N
  36.65007	  53.70595	   8.48253	       14N
  36.65007	  58.06046	   8.48253	       14N
  36.65007	  62.41497	   8.48253	       14N
  38.92563	  53.70476	   7.50100	       14N
  38.92563	  58.05927	   7.50100	       14N
  38.92563	  62.41378	   7.50100	       14N
  41.41148	  53.70398	   7.50000	       14N
  41.41148	  58.05849	   7.50000	       14N
  41.41148	  62.41300	   7.50000	       14N
  23.86887	  67.49644	   7.50000	       11B
  23.86887	  71.85095	   7.50000	       11B
  23.86887	  76.20545	   7.50000	       10B
  26.35283	  67.49633	   7.50003	       11B
  26.35283	  71.85084	   7.50003	       11B
  26.35283	  76.20535	   7.50003	       11B
  28.77733	  67.50014	   7.89652	       11B
  28.77733	  71.85465	   7.89652	       11B
  28.77733	  76.20916	   7.89652	       11B
  30.91895	  67.49795	   9.15274	       11B
  30.91895	  71.85246	   9.15274	       11B
  30.91895	  76.20697	   9.15274	       10B
  33.26123	  67.50057	   9.88033	       11B
  33.26123	  71.85508	   9.88033	       11B
  33.26123	  76.20959	   9.88033	       11B
  35.60352	  67.49795	   9.15274	       11B
  35.60352	  71.85246	   9.15274	       11B
  35.60352	  76.20697	   9.15274	       11B
  37.74513	  67.50014	   7.89652	       11B
  37.74513	  71.85465	   7.89652	       11B
  37.74513	  76.20916	   7.89652	       11B
  40.16964	  67.49633	   7.50003	       11B
  40.16964	  71.85084	   7.50003	       10B
  40.16964	  76.20535	   7.50003	       11B
  42.65359	  67.49644	   7.50000	       10B
  42.65359	  71.85095	   7.50000	       11B
  42.65359	  76.20545	   7.50000	       11B
  22.62669	  65.31898	   7.50000	       11B
  22.62669	  69.67348	   7.50000	       11B
  22.62669	  74.02799	   7.50000	       11B
  25.11072	  65.31923	   7.50000	       11B
  25.11072	  69.67374	   7.50000	       11B
  25.11072	  74.02824	   7.50000	       10B
  27.59643	  65.32031	   7.50100	       11B
  27.59643	  69.67481	   7.50100	       11B
  27.59643	  74.02932	   7.50100	       11B
  29.86563	  65.32003	   8.48238	       10B
  29.86563	  69.67453	   8.48238	       11B
  29.86563	  74.02904	   8.48238	       11B
  32.04195	  65.32232	   9.67603	       11B
  32.04195	  69.67682	   9.67603	       11B
  32.04195	  74.03133	   9.67603	       11B
  34.48051	  65.32232	   9.67603	       11B
  34.48051	  69.67682	   9.67603	       10B
  34.48051	  74.03133	   9.67603	       11B
  36.65683	  65.32003	   8.48238	       11B
  36.65683	  69.67453	   8.48238	       10B
  36.65683	  74.02904	   8.48238	       11B
  38.92604	  65.32031	   7.50100	       11B
  38.92604	  69.67481	   7.50100	       11B
  38.92604	  74.02932	   7.50100	       11B
  41.41174	  65.31923	   7.50000	       11B
  41.41174	  69.67374	   7.50000	       11B
  41.41174	  74.02824	   7.50000	       11B
  23.86879	  68.94462	   7.50000	       14N
  23.86879	  73.29913	   7.50000	       14N
  23.86879	  64.59011	   7.50000	       14N
  26.35263	  68.94524	   7.50003	       14N
  26.35263	  73.29975	   7.50003	       14N
  26.35263	  64.59074	   7.50003	       14N
  28.80661	  68.94674	   7.82298	       14N
  28.80661	  73.30125	   7.82298	       14N
  28.80661	  64.59223	   7.82298	       14N
  30.90258	  68.94691	   9.17248	       14N
  30.90258	  73.30142	   9.17248	       14N
  30.90258	  64.59240	   9.17248	       14N
  33.26123	  68.94717	   9.94981	       14N
  33.26123	  73.30168	   9.94981	       14N
  33.26123	  64.59266	   9.94981	       14N
  35.61988	  68.94691	   9.17248	       14N
  35.61988	  73.30142	   9.17248	       14N
  35.61988	  64.59240	   9.17248	       14N
  37.71586	  68.94674	   7.82298	       14N
  37.71586	  73.30125	   7.82298	       14N
  37.71586	  64.59223	   7.82298	       14N
  40.16983	  68.94524	   7.50003	       14N
  40.16983	  73.29975	   7.50003	       14N
  40.16983	  64.59074	   7.50003	       14N
  42.65367	  68.94462	   7.50000	       14N
  42.65367	  73.29913	   7.50000	       14N
  42.65367	  64.59011	   7.50000	       14N
  22.62669	  66.76737	   7.50000	       14N
  22.62669	  71.12188	   7.50000	       14N
  22.62669	  75.47639	   7.50000	       14N
  25.11098	  66.76751	   7.50000	       14N
  25.11098	  71.12202	   7.50000	       14N
  25.11098	  75.47653	   7.50000	       14N
  27.59683	  66.76829	   7.50100	       14N
  27.59683	  71.12279	   7.50100	       14N
  27.59683	  75.47730	   7.50100	       14N
  29.87239	  66.76948	   8.48253	       14N
  29.87239	  71.12398	   8.48253	       14N
  29.87239	  75.47849	   8.48253	       14N
  32.02257	  66.76972	   9.73202	       14N
  32.02257	  71.12423	   9.73202	       14N
  32.02257	  75.47874	   9.73202	       14N
  34.49989	  66.76972	   9.73202	       14N
  34.49989	  71.12423	   9.73202	       14N
  34.49989	  75.47874	   9.73202	       14N
  36.65007	  66.76948	   8.48253	       14N
  36.65007	  71.12398	   8.48253	       14N
  36.65007	  75.47849	   8.48253	       14N
  38.92563	  66.76829	   7.50100	       14N
  38.92563	  71.12279	   7.50100	       14N
  38.92563	  75.47730	   7.50100	       14N
  41.41148	  66.76751	   7.50000	       14N
  41.41148	  71.12202	   7.50000	       14N
  41.41148	  75.47653	   7.50000	       14N
  22.62669	  78.38250	   7.50000	       10B
  25.11072	  78.38275	   7.50000	       11B
  27.59643	  78.38383	   7.50100	       11B
  29.86563	  78.38355	   8.48238	       11B
  32.04195	  78.38584	   9.67603	       11B
  34.48051	  78.38584	   9.67603	       11B
  36.65683	  78.38355	   8.48238	       11B
  38.92604	  78.38383	   7.50100	       10B
  41.41174	  78.38275	   7.50000	       11B
  23.86879	  77.65364	   7.50000	       14N
  26.35263	  77.65426	   7.50003	       14N
  28.80661	  77.65576	   7.82298	       14N
  30.90258	  77.65593	   9.17248	       14N
  33.26123	  77.65619	   9.94981	       14N
  35.61988	  77.65593	   9.17248	       14N
  37.71586	  77.65576	   7.82298	       14N
  40.16983	  77.65426	   7.50003	       14N
  42.65367	  77.65364	   7.50000	       14N
  22.62669	  79.83090	   7.50000	       15N
  25.11098	  79.83104	   7.50000	       14N
  27.59683	  79.83181	   7.50100	       14N
  29.87239	  79.83300	   8.48253	       14N
  32.02257	  79.83325	   9.73202	       14N
  34.49989	  79.83325	   9.73202	       14N
  36.65007	  79.83300	   8.48253	       14N
  38.92563	  79.83181	   7.50100	       14N
  41.41148	  79.83104	   7.50000	       14N
  45.15281	   2.17825	   7.50000	       10B
  45.15281	   6.53276	   7.50000	       11B
  45.15281	  10.88727	   7.50000	       11B
  47.66689	   2.17825	   7.50000	       11B
  47.66689	   6.53276	   7.50000	       11B
  47.66689	  10.88727	   7.50000	       11B
  50.18097	   2.17825	   7.50000	       11B
  50.18097	   6.53276	   7.50000	       11B
  50.18097	  10.88727	   7.50000	       11B
  52.69504	   2.17825	   7.50000	       11B
  52.69504	   6.53276	   7.50000	       11B
  52.69504	  10.88727	   7.50000	       10B
  55.20912	   2.17825	   7.50000	       10B
  55.20912	   6.53276	   7.50000	       11B
  55.20912	  10.88727	   7.50000	       11B
  57.72320	   2.17825	   7.50000	       11B
  57.72320	   6.53276	   7.50000	       11B
  57.72320	  10.88727	   7.50000	       11B
  60.23727	   2.17825	   7.50000	       11B
  60.23727	   6.53276	   7.50000	       11B
  60.23727	  10.88727	   7.50000	       11B
  62.75135	   2.17825	   7.50000	       10B
  62.75135	   6.53276	   7.50000	       11B
  62.75135	  10.88727	   7.50000	       11B
  65.26542	   2.17825	   7.50000	       11B
  65.26542	   6.53276	   7.50000	       11B
  65.26542	  10.88727	   7.50000	       11B
  43.89577	   0.00098	   7.50000	       11B
  43.89577	   4.35549	   7.50000	       11B
  43.89577	   8.71000	   7.50000	       11B
  46.40985	   0.00098	   7.50000	       11B
  46.40985	   4.35549	   7.50000	       11B
  46.40985	   8.71000	   7.50000	       11B
  48.92393	   0.00098	   7.50000	       11B
  48.92393	   4.35549	   7.50000	       11B
  48.92393	   8.71000	   7.50000	       11B
  51.43800	   0.00098	   7.50000	       11B
  51.43800	   4.35549	   7.50000	       11B
  51.43800	   8.71000	   7.50000	       11B
  53.95208	   0.00098	   7.50000	       11B
  53.95208	   4.35549	   7.50000	       11B
  53.95208	   8.71000	   7.50000	       10B
  56.46616	   0.00098	   7.50000	       11B
  56.46616	   4.35549	   7.50000	       11B
  56.46616	   8.71000	   7.50000	       10B
  58.98023	   0.00098	   7.50000	       11B
  58.98023	   4.35549	   7.50000	       11B
  58.98023	   8.71000	   7.50000	       11B
  61.49431	   0.00098	   7.50000	       11B
  61.49431	   4.35549	   7.50000	       11B
  61.49431	   8.71000	   7.50000	       10B
  64.00839	   0.00098	   7.50000	       11B
  64.00839	   4.35549	   7.50000	       11B
  64.00839	   8.71000	   7.50000	       10B
  45.15281	   3.63024	   7.50000	       14N
  45.15281	   7.98475	   7.50000	       14N
  47.66689	   3.63024	   7.50000	       14N
  47.66689	   7.98475	   7.50000	       14N
  50.18097	   3.63024	   7.50000	       14N
  50.18097	   7.98475	   7.50000	       14N
  52.69504	   3.63024	   7.50000	       14N
  52.69504	   7.98475	   7.50000	       14N
  55.20912	   3.63024	   7.50000	       14N
  55.20912	   7.98475	   7.50000	       14N
  57.72320	   3.63024	   7.50000	       14N
  57.72320	   7.98475	   7.50000	       14N
  60.23727	   3.63024	   7.50000	       14N
  60.23727	   7.98475	   7.50000	       14N
  62.75135	   3.63024	   7.50000	       14N
  62.75135	   7.98475	   7.50000	       14N
  65.26542	   3.63024	   7.50000	       14N
  65.26542	   7.98475	   7.50000	       14N
  43.89577	   1.45298	   7.50000	       14N
  43.89577	   5.80749	   7.50000	       14N
  43.89577	  10.16200	   7.50000	       14N
  46.40985	   1.45298	   7.50000	       14N
  46.40985	   5.80749	   7.50000	       14N
  46.40985	  10.16200	   7.50000	       14N
  48.92393	   1.45298	   7.50000	       14N
  48.92393	   5.80749	   7.50000	       14N
  48.92393	  10.16200	   7.50000	       14N
  51.43800	   1.45298	   7.50000	       14N
  51.43800	   5.80749	   7.50000	       14N
  51.43800	  10.16200	   7.50000	       14N
  53.95208	   1.45298	   7.50000	       14N
  53.95208	   5.80749	   7.50000	       14N
  53.95208	  10.16200	   7.50000	       14N
  56.46616	   1.45298	   7.50000	       14N
  56.46616	   5.80749	   7.50000	       14N
  56.46616	  10.16200	   7.50000	       14N
  58.98023	   1.45298	   7.50000	       14N
  58.98023	   5.80749	   7.50000	       14N
  58.98023	  10.16200	   7.50000	       14N
  61.49431	   1.45298	   7.50000	       14N
  61.49431	   5.80749	   7.50000	       14N
  61.49431	  10.16200	   7.50000	       14N
  64.00839	   1.45298	   7.50000	       14N
  64.00839	   5.80749	   7.50000	       14N
  64.00839	  10.16200	   7.50000	       14N
  45.15281	  15.24177	   7.50000	       11B
  45.15281	  19.59628	   7.50000	       11B
  45.15281	  23.95079	   7.50000	       11B
  47.66689	  15.24177	   7.50000	       11B
  47.66689	  19.59628	   7.50000	       11B
  47.66689	  23.95079	   7.50000	       10B
  50.18097	  15.24177	   7.50000	       11B
  50.18097	  19.59628	   7.50000	       11B
  50.18097	  23.95079	   7.50000	       11B
  52.69504	  15.24177	   7.50000	       11B
  52.69504	  19.59628	   7.50000	       11B
  52.69504	  23.95079	   7.50000	       11B
  55.20912	  15.24177	   7.50000	       11B
  55.20912	  19.59628	   7.50000	       11B
  55.20912	  23.95079	   7.50000	       11B
  57.72320	  15.24177	   7.50000	       11B
  57.72320	  19.59628	   7.50000	       11B
  57.72320	  23.95079	   7.50000	       11B
  60.23727	  15.24177	   7.50000	       11B
  60.23727	  19.59628	   7.50000	       11B
  60.23727	  23.95079	   7.50000	       11B
  62.75135	  15.24177	   7.50000	       11B
  62.75135	  19.59628	   7.50000	       11B
  62.75135	  23.95079	   7.50000	       11B
  65.26542	  15.24177	   7.50000	       11B
  65.26542	  19.59628	   7.50000	       11B
  65.26542	  23.95079	   7.50000	       10B
  43.89577	  13.06450	   7.50000	       11B
  43.89577	  17.41901	   7.50000	       11B
  43.89577	  21.77352	   7.50000	       11B
  46.40985	  13.06450	   7.50000	       11B
  46.40985	  17.41901	   7.50000	       11B
  46.40985	  21.77352	   7.50000	       11B
  48.92393	  13.06450	   7.50000	       11B
  48.92393	  17.41901	   7.50000	       11B
  48.92393	  21.77352	   7.50000	       11B
  51.43800	  13.06450	   7.50000	       11B
  51.43800	  17.41901	   7.50000	       11B
  51.43800	  21.77352	   7.50000	       11B
  53.95208	  13.06450	   7.50000	       10B
  53.95208	  17.41901	   7.50000	       11B
  53.95208	  21.77352	   7.50000	       11B
  56.46616	  13.06450	   7.50000	       11B
  56.46616	  17.41901	   7.50000	       10B
  56.46616	  21.77352	   7.50000	       11B
  58.98023	  13.06450	   7.50000	       11B
  58.98023	  17.41901	   7.50000	       11B
  58.98023	  21.77352	   7.50000	       10B
  61.49431	  13.06450	   7.50000	       11B
  61.49431	  17.41901	   7.50000	       11B
  61.49431	  21.77352	   7.50000	       11B
  64.00839	  13.06450	   7.50000	       10B
  64.00839	  17.41901	   7.50000	       11B
  64.00839	  21.77352	   7.50000	       11B
  45.15281	  16.69376	   7.50000	       14N
  45.15281	  21.04827	   7.50000	       14N
  45.15281	  12.33926	   7.50000	       14N
  47.66689	  16.69376	   7.50000	       14N
  47.66689	  21.04827	   7.50000	       14N
  47.66689	  12.33926	   7.50000	       14N
  50.18097	  16.69376	   7.50000	       14N
  50.18097	  21.04827	   7.50000	       14N
  50.18097	  12.33926	   7.50000	       14N
  52.69504	  16.69376	   7.50000	       14N
  52.69504	  21.04827	   7.50000	       14N
  52.69504	  12.33926	   7.50000	       14N
  55.20912	  16.69376	   7.50000	       14N
  55.20912	  21.04827	   7.50000	       14N
  55.20912	  12.33926	   7.50000	       14N
  57.72320	  16.69376	   7.50000	       14N
  57.72320	  21.04827	   7.50000	       14N
  57.72320	  12.33926	   7.50000	       14N
  60.23727	  16.69376	   7.50000	       14N
  60.23727	  21.04827	   7.50000	       14N
  60.23727	  12.33926	   7.50000	       14N
  62.75135	  16.69376	   7.50000	       14N
  62.75135	  21.04827	   7.50000	       14N
  62.75135	  12.33926	   7.50000	       14N
  65.26542	  16.69376	   7.50000	       14N
  65.26542	  21.04827	   7.50000	       14N
  65.26542	  12.33926	   7.50000	       14N
  43.89577	  14.51651	   7.50000	       14N
  43.89577	  18.87102	   7.50000	       14N
  43.89577	  23.22552	   7.50000	       14N
  46.40985	  14.51651	   7.50000	       14N
  46.40985	  18.87102	   7.50000	       14N
  46.40985	  23.22552	   7.50000	       14N
  48.92393	  14.51651	   7.50000	       14N
  48.92393	  18.87102	   7.50000	       14N
  48.92393	  23.22552	   7.50000	       14N
  51.43800	  14.51651	   7.50000	       14N
  51.43800	  18.87102	   7.50000	       14N
  51.43800	  23.22552	   7.50000	       14N
  53.95208	  14.51651	   7.50000	       14N
  53.95208	  18.87102	   7.50000	       14N
  53.95208	  23.22552	   7.50000	       14N
  56.46616	  14.51651	   7.50000	       14N
  56.46616	  18.87102	   7.50000	       14N
  56.46616	  23.22552	   7.50000	       14N
  58.98023	  14.51651	   7.50000	       14N
  58.98023	  18.87102	   7.50000	       14N
  58.98023	  23.22552	   7.50000	       14N
  61.49431	  14.51651	   7.50000	       14N
  61.49431	  18.87102	   7.50000	       14N
  61.49431	  23.22552	   7.50000	       14N
  64.00839	  14.51651	   7.50000	       14N
  64.00839	  18.87102	   7.50000	       14N
  64.00839	  23.22552	   7.50000	       14N
  45.15281	  28.30530	   7.50000	       11B
  45.15281	  32.65981	   7.50000	       11B
  45.15281	  37.01432	   7.50000	       11B
  47.66689	  28.30530	   7.50000	       11B
  47.66689	  32.65981	   7.50000	       11B
  47.66689	  37.01432	   7.50000	       11B
  50.18097	  28.30530	   7.50000	       11B
  50.18097	  32.65981	   7.50000	       11B
  50.18097	  37.01432	   7.50000	       11B
  52.69504	  28.30530	   7.50000	       10B
  52.69504	  32.65981	   7.50000	       11B
  52.69504	  37.01432	   7.50000	       11B
  55.20912	  28.30530	   7.50000	       11B
  55.20912	  32.65981	   7.50000	       11B
  55.20912	  37.01432	   7.50000	       10B
  57.72320	  28.30530	   7.50000	       11B
  57.72320	  32.65981	   7.50000	       11B
  57.72320	  37.01432	   7.50000	       11B
  60.23727	  28.30530	   7.50000	       11B
  60.23727	  32.65981	   7.50000	       11B
  60.23727	  37.01432	   7.50000	       11B
  62.75135	  28.30530	   7.50000	       10B
  62.75135	  32.65981	   7.50000	       11B
  62.75135	  37.01432	   7.50000	       11B
  65.26542	  28.30530	   7.50000	       11B
  65.26542	  32.65981	   7.50000	       10B
  65.26542	  37.01432	   7.50000	       11B
  43.89577	  26.12803	   7.50000	       10B
  43.89577	  30.48254	   7.50000	       11B
  43.89577	  34.83705	   7.50000	       10B
  46.40985	  26.12803	   7.50000	       11B
  46.40985	  30.48254	   7.50000	       10B
  46.40985	  34.83705	   7.50000	       11B
  48.92393	  26.12803	   7.50000	       11B
  48.92393	  30.48254	   7.50000	       10B
  48.92393	  34.83705	   7.50000	       11B
  51.43800	  26.12803	   7.50000	       11B
  51.43800	  30.48254	   7.50000	       11B
  51.43800	  34.83705	   7.50000	       10B
  53.95208	  26.12803	   7.50000	       11B
  53.95208	  30.48254	   7.50000	       11B
  53.95208	  34.83705	   7.50000	       11B
  56.46616	  26.12803	   7.50000	       11B
  56.46616	  30.48254	   7.50000	       11B
  56.46616	  34.83705	   7.50000	       11B
  58.98023	  26.12803	   7.50000	       10B
  58.98023	  30.48254	   7.50000	       11B
  58.98023	  34.83705	   7.50000	       11B
  61.49431	  26.12803	   7.50000	       11B
  61.49431	  30.48254	   7.50000	       11B
  61.49431	  34.83705	   7.50000	       11B
  64.00839	  26.12803	   7.50000	       10B
  64.00839	  30.48254	   7.50000	       11B
  64.00839	  34.83705	   7.50000	       10B
  45.15281	  29.75729	   7.50000	       14N
  45.15281	  34.11180	   7.50000	       14N
  45.15281	  25.40278	   7.50000	       14N
  47.66689	  29.75729	   7.50000	       14N
  47.66689	  34.11180	   7.50000	       14N
  47.66689	  25.40278	   7.50000	       14N
  50.18097	  29.75729	   7.50000	       14N
  50.18097	  34.11180	   7.50000	       14N
  50.18097	  25.40278	   7.50000	       14N
  52.69504	  29.75729	   7.50000	       14N
  52.69504	  34.11180	   7.50000	       14N
  52.69504	  25.40278	   7.50000	       14N
  55.20912	  29.75729	   7.50000	       14N
  55.20912	  34.11180	   7.50000	       14N
  55.20912	  25.40278	   7.50000	       14N
  57.72320	  29.75729	   7.50000	       14N
  57.72320	  34.11180	   7.50000	       14N
  57.72320	  25.40278	   7.50000	       14N
  60.23727	  29.75729	   7.50000	       14N
  60.23727	  34.11180	   7.50000	       14N
  60.23727	  25.40278	   7.50000	       14N
  62.75135	  29.75729	   7.50000	       14N
  62.75135	  34.11180	   7.50000	       14N
  62.75135	  25.40278	   7.50000	       14N
  65.26542	  29.75729	   7.50000	       14N
  65.26542	  34.11180	   7.50000	       14N
  65.26542	  25.40278	   7.50000	       14N
  43.89577	  27.58003	   7.50000	       14N
  43.89577	  31.93454	   7.50000	       14N
  43.89577	  36.28905	   7.50000	       14N
  46.40985	  27.58003	   7.50000	       14N
  46.40985	  31.93454	   7.50000	       14N
  46.40985	  36.28905	   7.50000	       14N
  48.92393	  27.58003	   7.50000	       14N
  48.92393	  31.93454	   7.50000	       14N
  48.92393	  36.28905	   7.50000	       14N
  51.43800	  27.58003	   7.50000	       14N
  51.43800	  31.93454	   7.50000	       14N
  51.43800	  36.28905	   7.50000	       14N
  53.95208	  27.58003	   7.50000	       14N
  53.95208	  31.93454	   7.50000	       14N
  53.95208	  36.28905	   7.50000	       14N
  56.46616	  27.58003	   7.50000	       14N
  56.46616	  31.93454	   7.50000	       14N
  56.46616	  36.28905	   7.50000	       14N
  58.98023	  27.58003	   7.50000	       14N
  58.98023	  31.93454	   7.50000	       14N
  58.98023	  36.28905	   7.50000	       14N
  61.49431	  27.58003	   7.50000	       14N
  61.49431	  31.93454	   7.50000	       14N
  61.49431	  36.28905	   7.50000	       14N
  64.00839	  27.58003	   7.50000	       14N
  64.00839	  31.93454	   7.50000	       14N
  64.00839	  36.28905	   7.50000	       14N
  45.15281	  41.36882	   7.50000	       11B
  45.15281	  45.72333	   7.50000	       11B
  45.15281	  50.07784	   7.50000	       10B
  47.66689	  41.36882	   7.50000	       11B
  47.66689	  45.72333	   7.50000	       10B
  47.66689	  50.07784	   7.50000	       11B
  50.18097	  41.36882	   7.50000	       11B
  50.18097	  45.72333	   7.50000	       11B
  50.18097	  50.07784	   7.50000	       11B
  52.69504	  41.36882	   7.50000	       10B
  52.69504	  45.72333	   7.50000	       11B
  52.69504	  50.07784	   7.50000	       11B
  55.20912	  41.36882	   7.50000	       11B
  55.20912	  45.72333	   7.50000	       10B
  55.20912	  50.07784	   7.50000	       11B
  57.72320	  41.36882	   7.50000	       11B
  57.72320	  45.72333	   7.50000	       11B
  57.72320	  50.07784	   7.50000	       11B
  60.23727	  41.36882	   7.50000	       11B
  60.23727	  45.72333	   7.50000	       11B
  60.23727	  50.07784	   7.50000	       10B
  62.75135	  41.36882	   7.50000	       11B
  62.75135	  45.72333	   7.50000	       11B
  62.75135	  50.07784	   7.50000	       11B
  65.26542	  41.36882	   7.50000	       11B
  65.26542	  45.72333	   7.50000	       11B
  65.26542	  50.07784	   7.50000	       11B
  43.89577	  39.19155	   7.50000	       11B
  43.89577	  43.54606	   7.50000	       10B
  43.89577	  47.90057	   7.50000	       10B
  46.40985	  39.19155	   7.50000	       11B
  46.40985	  43.54606	   7.50000	       10B
  46.40985	  47.90057	   7.50000	       10B
  48.92393	  39.19155	   7.50000	       11B
  48.92393	  43.54606	   7.50000	       11B
  48.92393	  47.90057	   7.50000	       11B
  51.43800	  39.19155	   7.50000	       11B
  51.43800	  43.54606	   7.50000	       11B
  51.43800	  47.90057	   7.50000	       11B
  53.95208	  39.19155	   7.50000	       11B
  53.95208	  43.54606	   7.50000	       11B
  53.95208	  47.90057	   7.50000	       11B
  56.46616	  39.19155	   7.50000	       11B
  56.46616	  43.54606	   7.50000	       10B
  56.46616	  47.90057	   7.50000	       11B
  58.98023	  39.19155	   7.50000	       11B
  58.98023	  43.54606	   7.50000	       11B
  58.98023	  47.90057	   7.50000	       11B
  61.49431	  39.19155	   7.50000	       11B
  61.49431	  43.54606	   7.50000	       11B
  61.49431	  47.90057	   7.50000	       11B
  64.00839	  39.19155	   7.50000	       11B
  64.00839	  43.54606	   7.50000	       11B
  64.00839	  47.90057	   7.50000	       11B
  45.15281	  42.82082	   7.50000	       14N
  45.15281	  47.17532	   7.50000	       14N
  45.15281	  38.46631	   7.50000	       14N
  47.66689	  42.82082	   7.50000	       14N
  47.66689	  47.17532	   7.50000	       14N
  47.66689	  38.46631	   7.50000	       14N
  50.18097	  42.82082	   7.50000	       14N
  50.18097	  47.17532	   7.50000	       14N
  50.18097	  38.46631	   7.50000	       14N
  52.69504	  42.82082	   7.50000	       14N
  52.69504	  47.17532	   7.50000	       14N
  52.69504	  38.46631	   7.50000	       14N
  55.20912	  42.82082	   7.50000	       14N
  55.20912	  47.17532	   7.50000	       14N
  55.20912	  38.46631	   7.50000	       14N
  57.72320	  42.82082	   7.50000	       14N
  57.72320	  47.17532	   7.50000	       14N
  57.72320	  38.46631	   7.50000	       14N
  60.23727	  42.82082	   7.50000	       14N
  60.23727	  47.17532	   7.50000	       14N
  60.23727	  38.46631	   7.50000	       14N
  62.75135	  42.82082	   7.50000	       14N
  62.75135	  47.17532	   7.50000	       14N
  62.75135	  38.46631	   7.50000	       14N
  65.26542	  42.82082	   7.50000	       14N
  65.26542	  47.17532	   7.50000	       14N
  65.26542	  38.46631	   7.50000	       14N
  43.89577	  40.64356	   7.50000	       14N
  43.89577	  44.99807	   7.50000	       14N
  43.89577	  49.35257	   7.50000	       14N
  46.40985	  40.64356	   7.50000	       14N
  46.40985	  44.99807	   7.50000	       14N
  46.40985	  49.35257	   7.50000	       14N
  48.92393	  40.64356	   7.50000	       14N
  48.92393	  44.99807	   7.50000	       14N
  48.92393	  49.35257	   7.50000	       14N
  51.43800	  40.64356	   7.50000	       14N
  51.43800	  44.99807	   7.50000	       14N
  51.43800	  49.35257	   7.50000	       14N
  53.95208	  40.64356	   7.50000	       14N
  53.95208	  44.99807	   7.50000	       14N
  53.95208	  49.35257	   7.50000	       14N
  56.46616	  40.64356	   7.50000	       14N
  56.46616	  44.99807	   7.50000	       14N
  56.46616	  49.35257	   7.50000	       14N
  58.98023	  40.64356	   7.50000	       14N
  58.98023	  44.99807	   7.50000	       14N
  58.98023	  49.35257	   7.50000	       14N
  61.49431	  40.64356	   7.50000	       14N
  61.49431	  44.99807	   7.50000	       14N
  61.49431	  49.35257	   7.50000	       14N
  64.00839	  40.64356	   7.50000	       14N
  64.00839	  44.99807	   7.50000	       14N
  64.00839	  49.35257	   7.50000	       14N
  45.15281	  54.43235	   7.50000	       10B
  45.15281	  58.78686	   7.50000	       11B
  45.15281	  63.14137	   7.50000	       11B
  47.66689	  54.43235	   7.50000	       11B
  47.66689	  58.78686	   7.50000	       11B
  47.66689	  63.14137	   7.50000	       11B
  50.18097	  54.43235	   7.50000	       11B
  50.18097	  58.78686	   7.50000	       11B
  50.18097	  63.14137	   7.50000	       11B
  52.69504	  54.43235	   7.50000	       11B
  52.69504	  58.78686	   7.50000	       10B
  52.69504	  63.14137	   7.50000	       11B
  55.20912	  54.43235	   7.50000	       11B
  55.20912	  58.78686	   7.50000	       11B
  55.20912	  63.14137	   7.50000	       11B
  57.72320	  54.43235	   7.50000	       11B
  57.72320	  58.78686	   7.50000	       10B
  57.72320	  63.14137	   7.50000	       11B
  60.23727	  54.43235	   7.50000	       11B
  60.23727	  58.78686	   7.50000	       10B
  60.23727	  63.14137	   7.50000	       11B
  62.75135	  54.43235	   7.50000	       11B
  62.75135	  58.78686	   7.50000	       10B
  62.75135	  63.14137	   7.50000	       11B
  65.26542	  54.43235	   7.50000	       11B
  65.26542	  58.78686	   7.50000	       11B
  65.26542	  63.14137	   7.50000	       11B
  43.89577	  52.25508	   7.50000	       11B
  43.89577	  56.60959	   7.50000	       10B
  43.89577	  60.96410	   7.50000	       11B
  46.40985	  52.25508	   7.50000	       11B
  46.40985	  56.60959	   7.50000	       11B
  46.40985	  60.96410	   7.50000	       11B
  48.92393	  52.25508	   7.50000	       11B
  48.92393	  56.60959	   7.50000	       11B
  48.92393	  60.96410	   7.50000	       11B
  51.43800	  52.25508	   7.50000	       11B
  51.43800	  56.60959	   7.50000	       10B
  51.43800	  60.96410	   7.50000	       11B
  53.95208	  52.25508	   7.50000	       11B
  53.95208	  56.60959	   7.50000	       10B
  53.95208	  60.96410	   7.50000	       11B
  56.46616	  52.25508	   7.50000	       10B
  56.46616	  56.60959	   7.50000	       11B
  56.46616	  60.96410	   7.50000	       11B
  58.98023	  52.25508	   7.50000	       11B
  58.98023	  56.60959	   7.50000	       11B
  58.98023	  60.96410	   7.50000	       10B
  61.49431	  52.25508	   7.50000	       11B
  61.49431	  56.60959	   7.50000	       11B
  61.49431	  60.96410	   7.50000	       11B
  64.00839	  52.25508	   7.50000	       11B
  64.00839	  56.60959	   7.50000	       10B
  64.00839	  60.96410	   7.50000	       11B
  45.15281	  55.88434	   7.50000	       14N
  45.15281	  60.23885	   7.50000	       14N
  45.15281	  51.52983	   7.50000	       14N
  47.66689	  55.88434	   7.50000	       14N
  47.66689	  60.23885	   7.50000	       15N
  47.66689	  51.52983	   7.50000	       14N
  50.18097	  55.88434	   7.50000	       14N
  50.18097	  60.23885	   7.50000	       14N
  50.18097	  51.52983	   7.50000	       14N
  52.69504	  55.88434	   7.50000	       14N
  52.69504	  60.23885	   7.50000	       14N
  52.69504	  51.52983	   7.50000	       14N
  55.20912	  55.88434	   7.50000	       14N
  55.20912	  60.23885	   7.50000	       14N
  55.20912	  51.52983	   7.50000	       14N
  57.72320	  55.88434	   7.50000	       14N
  57.72320	  60.23885	   7.50000	       14N
  57.72320	  51.52983	   7.50000	       14N
  60.23727	  55.88434	   7.50000	       14N
  60.23727	  60.23885	   7.50000	       14N
  60.23727	  51.52983	   7.50000	       14N
  62.75135	  55.88434	   7.50000	       14N
  62.75135	  60.23885	   7.50000	       14N
  62.75135	  51.52983	   7.50000	       14N
  65.26542	  55.88434	   7.50000	       14N
  65.26542	  60.23885	   7.50000	       14N
  65.26542	  51.52983	   7.50000	       14N
  43.89577	  53.70708	   7.50000	       14N
  43.89577	  58.06159	   7.50000	       14N
  43.89577	  62.41610	   7.50000	       14N
  46.40985	  53.70708	   7.50000	       14N
  46.40985	  58.06159	   7.50000	       14N
  46.40985	  62.41610	   7.50000	       14N
  48.92393	  53.70708	   7.50000	       14N
  48.92393	  58.06159	   7.50000	       14N
  48.92393	  62.41610	   7.50000	       14N
  51.43800	  53.70708	   7.50000	       14N
  51.43800	  58.06159	   7.50000	       14N
  51.43800	  62.41610	   7.50000	       14N
  53.95208	  53.70708	   7.50000	       14N
  53.95208	  58.06159	   7.50000	       14N
  53.95208	  62.41610	   7.50000	       14N
  56.46616	  53.70708	   7.50000	       14N
  56.46616	  58.06159	   7.50000	       14N
  56.46616	  62.41610	   7.50000	       14N
  58.98023	  53.70708	   7.50000	       14N
  58.98023	  58.06159	   7.50000	       14N
  58.98023	  62.41610	   7.50000	       14N
  61.49431	  53.70708	   7.50000	       14N
  61.49431	  58.06159	   7.50000	       14N
  61.49431	  62.41610	   7.50000	       14N
  64.00839	  53.70708	   7.50000	       14N
  64.00839	  58.06159	   7.50000	       14N
  64.00839	  62.41610	   7.50000	       14N
  45.15281	  67.49587	   7.50000	       11B
  45.15281	  71.85038	   7.50000	       11B
  45.15281	  76.20489	   7.50000	       11B
  47.66689	  67.49587	   7.50000	       11B
  47.66689	  71.85038	   7.50000	       11B
  47.66689	  76.20489	   7.50000	       11B
  50.18097	  67.49587	   7.50000	       11B
  50.18097	  71.85038	   7.50000	       11B
  50.18097	  76.20489	   7.50000	       11B
  52.69504	  67.49587	   7.50000	       11B
  52.69504	  71.85038	   7.50000	       11B
  52.69504	  76.20489	   7.50000	       11B
  55.20912	  67.49587	   7.50000	       11B
  55.20912	  71.85038	   7.50000	       11B
  55.20912	  76.20489	   7.50000	       11B
  57.72320	  67.49587	   7.50000	       10B
  57.72320	  71.85038	   7.50000	       11B
  57.72320	  76.20489	   7.50000	       10B
  60.23727	  67.49587	   7.50000	       10B
  60.23727	  71.85038	   7.50000	       11B
  60.23727	  76.20489	   7.50000	       11B
  62.75135	  67.49587	   7.50000	       10B
  62.75135	  71.85038	   7.50000	       11B
  62.75135	  76.20489	   7.50000	       10B
  65.26542	  67.49587	   7.50000	       11B
  65.26542	  71.85038	   7.50000	       11B
  65.26542	  76.20489	   7.50000	       11B
  43.89577	  65.31860	   7.50000	       11B
  43.89577	  69.67311	   7.50000	       11B
  43.89577	  74.02762	   7.50000	       11B
  46.40985	  65.31860	   7.50000	       11B
  46.40985	  69.67311	   7.50000	       11B
  46.40985	  74.02762	   7.50000	       11B
  48.92393	  65.31860	   7.50000	       11B
  48.92393	  69.67311	   7.50000	       11B
  48.92393	  74.02762	   7.50000	       11B
  51.43800	  65.31860	   7.50000	       11B
  51.43800	  69.67311	   7.50000	       11B
  51.43800	  74.02762	   7.50000	       10B
  53.95208	  65.31860	   7.50000	       11B
  53.95208	  69.67311	   7.50000	       11B
  53.95208	  74.02762	   7.50000	       11B
  56.46616	  65.31860	   7.50000	       10B
  56.46616	  69.67311	   7.50000	       10B
  56.46616	  74.02762	   7.50000	       11B
  58.98023	  65.31860	   7.50000	       10B
  58.98023	  69.67311	   7.50000	       11B
  58.98023	  74.02762	   7.50000	       10B
  61.49431	  65.31860	   7.50000	       10B
  61.49431	  69.67311	   7.50000	       11B
  61.49431	  74.02762	   7.50000	       11B
  64.00839	  65.31860	   7.50000	       11B
  64.00839	  69.67311	   7.50000	       11B
  64.00839	  74.02762	   7.50000	       11B
  45.15281	  68.94787	   7.50000	       14N
  45.15281	  73.30237	   7.50000	       14N
  45.15281	  64.59336	   7.50000	       14N
  47.66689	  68.94787	   7.50000	       14N
  47.66689	  73.30237	   7.50000	       14N
  47.66689	  64.59336	   7.50000	       14N
  50.18097	  68.94787	   7.50000	       14N
  50.18097	  73.30237	   7.50000	       14N
  50.18097	  64.59336	   7.50000	       14N
  52.69504	  68.94787	   7.50000	       14N
  52.69504	  73.30237	   7.50000	       14N
  52.69504	  64.59336	   7.50000	       14N
  55.20912	  68.94787	   7.50000	       14N
  55.20912	  73.30237	   7.50000	       14N
  55.20912	  64.59336	   7.50000	       14N
  57.72320	  68.94787	   7.50000	       14N
  57.72320	  73.30237	   7.50000	       14N
  57.72320	  64.59336	   7.50000	       14N
  60.23727	  68.94787	   7.50000	       14N
  60.23727	  73.30237	   7.50000	       14N
  60.23727	  64.59336	   7.50000	       14N
  62.75135	  68.94787	   7.50000	       14N
  62.75135	  73.30237	   7.50000	       14N
  62.75135	  64.59336	   7.50000	       14N
  65.26542	  68.94787	   7.50000	       14N
  65.26542	  73.30237	   7.50000	       14N
  65.26542	  64.59336	   7.50000	       14N
  43.89577	  66.77061	   7.50000	       14N
  43.89577	  71.12512	   7.50000	       14N
  43.89577	  75.47963	   7.50000	       14N
  46.40985	  66.77061	   7.50000	       14N
  46.40985	  71.12512	   7.50000	       14N
  46.40985	  75.47963	   7.50000	       14N
  48.92393	  66.77061	   7.50000	       14N
  48.92393	  71.12512	   7.50000	       14N
  48.92393	  75.47963	   7.50000	       14N
  51.43800	  66.77061	   7.50000	       14N
  51.43800	  71.12512	   7.50000	       14N
  51.43800	  75.47963	   7.50000	       14N
  53.95208	  66.77061	   7.50000	       14N
  53.95208	  71.12512	   7.50000	       14N
  53.95208	  75.47963	   7.50000	       14N
  56.46616	  66.77061	   7.50000	       14N
  56.46616	  71.12512	   7.50000	       14N
  56.46616	  75.47963	   7.50000	       14N
  58.98023	  66.77061	   7.50000	       14N
  58.98023	  71.12512	   7.50000	       14N
  58.98023	  75.47963	   7.50000	       14N
  61.49431	  66.77061	   7.50000	       14N
  61.49431	  71.12512	   7.50000	       14N
  61.49431	  75.47963	   7.50000	       14N
  64.00839	  66.77061	   7.50000	       14N
  64.00839	  71.12512	   7.50000	       14N
  64.00839	  75.47963	   7.50000	       14N
  43.89577	  78.38213	   7.50000	       11B
  46.40985	  78.38213	   7.50000	       11B
  48.92393	  78.38213	   7.50000	       10B
  51.43800	  78.38213	   7.50000	       11B
  53.95208	  78.38213	   7.50000	       11B
  56.46616	  78.38213	   7.50000	       11B
  58.98023	  78.38213	   7.50000	       11B
  61.49431	  78.38213	   7.50000	       10B
  64.00839	  78.38213	   7.50000	       11B
  45.15281	  77.65688	   7.50000	       14N
  47.66689	  77.65688	   7.50000	       14N
  50.18097	  77.65688	   7.50000	       14N
  52.69504	  77.65688	   7.50000	       14N
  55.20912	  77.65688	   7.50000	       14N
  57.72320	  77.65688	   7.50000	       14N
  60.23727	  77.65688	   7.50000	       14N
  62.75135	  77.65688	   7.50000	       14N
  65.26542	  77.65688	   7.50000	       14N
  43.89577	  79.83413	   7.50000	       14N
  46.40985	  79.83413	   7.50000	       14N
  48.92393	  79.83413	   7.50000	       14N
  51.43800	  79.83413	   7.50000	       14N
  53.95208	  79.83413	   7.50000	       14N
  56.46616	  79.83413	   7.50000	       14N
  58.98023	  79.83413	   7.50000	       14N
  61.49431	  79.83413	   7.50000	       14N
  64.00839	  79.83413	   7.50000	       14N
  67.77950	   2.17825	   7.50000	       11B
  67.77950	   6.53276	   7.50000	       11B
  67.77950	  10.88727	   7.50000	       11B
  70.29358	   2.17825	   7.50000	       11B
  70.29358	   6.53276	   7.50000	       11B
  70.29358	  10.88727	   7.50000	       11B
  72.80765	   2.17825	   7.50000	       11B
  72.80765	   6.53276	   7.50000	       11B
  72.80765	  10.88727	   7.50000	       11B
  75.32173	   2.17825	   7.50000	       11B
  75.32173	   6.53276	   7.50000	       11B
  75.32173	  10.88727	   7.50000	       11B
  77.83581	   2.17825	   7.50000	       11B
  77.83581	   6.53276	   7.50000	       11B
  77.83581	  10.88727	   7.50000	       11B
  66.52246	   0.00098	   7.50000	       11B
  66.52246	   4.35549	   7.50000	       11B
  66.52246	   8.71000	   7.50000	       11B
  69.03654	   0.00098	   7.50000	       11B
  69.03654	   4.35549	   7.50000	       11B
  69.03654	   8.71000	   7.50000	       11B
  71.55062	   0.00098	   7.50000	       11B
  71.55062	   4.35549	   7.50000	       11B
  71.55062	   8.71000	   7.50000	       11B
  74.06469	   0.00098	   7.50000	       11B
  74.06469	   4.35549	   7.50000	       11B
  74.06469	   8.71000	   7.50000	       11B
  76.57877	   0.00098	   7.50000	       11B
  76.57877	   4.35549	   7.50000	       11B
  76.57877	   8.71000	   7.50000	       11B
  79.09285	   0.00098	   7.50000	       11B
  79.09285	   4.35549	   7.50000	       11B
  79.09285	   8.71000	   7.50000	       11B
  67.77950	   3.63024	   7.50000	       14N
  67.77950	   7.98475	   7.50000	       14N
  70.29358	   3.63024	   7.50000	       14N
  70.29358	   7.98475	   7.50000	       14N
  72.80765	   3.63024	   7.50000	       14N
  72.80765	   7.98475	   7.50000	       14N
  75.32173	   3.63024	   7.50000	       14N
  75.32173	   7.98475	   7.50000	       14N
  77.83581	   3.63024	   7.50000	       14N
  77.83581	   7.98475	   7.50000	       14N
  66.52246	   1.45298	   7.50000	       14N
  66.52246	   5.80749	   7.50000	       14N
  66.52246	  10.16200	   7.50000	       14N
  69.03654	   1.45298	   7.50000	       14N
  69.03654	   5.80749	   7.50000	       14N
  69.03654	  10.16200	   7.50000	       14N
  71.55062	   1.45298	   7.50000	       14N
  71.55062	   5.80749	   7.50000	       14N
  71.55062	  10.16200	   7.50000	       14N
  74.06469	   1.45298	   7.50000	       14N
  74.06469	   5.80749	   7.50000	       14N
  74.06469	  10.16200	   7.50000	       14N
  76.57877	   1.45298	   7.50000	       14N
  76.57877	   5.80749	   7.50000	       14N
  76.57877	  10.16200	   7.50000	       14N
  79.09285	   1.45298	   7.50000	       14N
  79.09285	   5.80749	   7.50000	       14N
  79.09285	  10.16200	   7.50000	       14N
  67.77950	  15.24177	   7.50000	       11B
  67.77950	  19.59628	   7.50000	       11B
  67.77950	  23.95079	   7.50000	       11B
  70.29358	  15.24177	   7.50000	       11B
  70.29358	  19.59628	   7.50000	       11B
  70.29358	  23.95079	   7.50000	       11B
  72.80765	  15.24177	   7.50000	       11B
  72.80765	  19.59628	   7.50000	       10B
  72.80765	  23.95079	   7.50000	       11B
  75.32173	  15.24177	   7.50000	       11B
  75.32173	  19.59628	   7.50000	       11B
  75.32173	  23.95079	   7.50000	       11B
  77.83581	  15.24177	   7.50000	       11B
  77.83581	  19.59628	   7.50000	       11B
  77.83581	  23.95079	   7.50000	       11B
  66.52246	  13.06450	   7.50000	       11B
  66.52246	  17.41901	   7.50000	       10B
  66.52246	  21.77352	   7.50000	       11B
  69.03654	  13.06450	   7.50000	       11B
  69.03654	  17.41901	   7.50000	       11B
  69.03654	  21.77352	   7.50000	       11B
  71.55062	  13.06450	   7.50000	       11B
  71.55062	  17.41901	   7.50000	       11B
  71.55062	  21.77352	   7.50000	       11B
  74.06469	  13.06450	   7.50000	       11B
  74.06469	  17.41901	   7.50000	       11B
  74.06469	  21.77352	   7.50000	       11B
  76.57877	  13.06450	   7.50000	       11B
  76.57877	  17.41901	   7.50000	       10B
  76.57877	  21.77352	   7.50000	       11B
  79.09285	  13.06450	   7.50000	       11B
  79.09285	  17.41901	   7.50000	       10B
  79.09285	  21.77352	   7.50000	       11B
  67.77950	  16.69376	   7.50000	       14N
  67.77950	  21.04827	   7.50000	       14N
  67.77950	  12.33926	   7.50000	       14N
  70.29358	  16.69376	   7.50000	       14N
  70.29358	  21.04827	   7.50000	       14N
  70.29358	  12.33926	   7.50000	       14N
  72.80765	  16.69376	   7.50000	       14N
  72.80765	  21.04827	   7.50000	       14N
  72.80765	  12.33926	   7.50000	       14N
  75.32173	  16.69376	   7.50000	       14N
  75.32173	  21.04827	   7.50000	       14N
  75.32173	  12.33926	   7.50000	       14N
  77.83581	  16.69376	   7.50000	       14N
  77.83581	  21.04827	   7.50000	       14N
  77.83581	  12.33926	   7.50000	       14N
  66.52246	  14.51651	   7.50000	       14N
  66.52246	  18.87102	   7.50000	       14N
  66.52246	  23.22552	   7.50000	       14N
  69.03654	  14.51651	   7.50000	       14N
  69.03654	  18.87102	   7.50000	       14N
  69.03654	  23.22552	   7.50000	       14N
  71.55062	  14.51651	   7.50000	       14N
  71.55062	  18.87102	   7.50000	       14N
  71.55062	  23.22552	   7.50000	       14N
  74.06469	  14.51651	   7.50000	       14N
  74.06469	  18.87102	   7.50000	       14N
  74.06469	  23.22552	   7.50000	       14N
  76.57877	  14.51651	   7.50000	       14N
  76.57877	  18.87102	   7.50000	       14N
  76.57877	  23.22552	   7.50000	       14N
  79.09285	  14.51651	   7.50000	       14N
  79.09285	  18.87102	   7.50000	       14N
  79.09285	  23.22552	   7.50000	       14N
  67.77950	  28.30530	   7.50000	       10B
  67.77950	  32.65981	   7.50000	       11B
  67.77950	  37.01432	   7.50000	       11B
  70.29358	  28.30530	   7.50000	       10B
  70.29358	  32.65981	   7.50000	       11B
  70.29358	  37.01432	   7.50000	       11B
  72.80765	  28.30530	   7.50000	       11B
  72.80765	  32.65981	   7.50000	       11B
  72.80765	  37.01432	   7.50000	       11B
  75.32173	  28.30530	   7.50000	       10B
  75.32173	  32.65981	   7.50000	       10B
  75.32173	  37.01432	   7.50000	       10B
  77.83581	  28.30530	   7.50000	       11B
  77.83581	  32.65981	   7.50000	       11B
  77.83581	  37.01432	   7.50000	       11B
  66.52246	  26.12803	   7.50000	       11B
  66.52246	  30.48254	   7.50000	       10B
  66.52246	  34.83705	   7.50000	       11B
  69.03654	  26.12803	   7.50000	       11B
  69.03654	  30.48254	   7.50000	       11B
  69.03654	  34.83705	   7.50000	       10B
  71.55062	  26.12803	   7.50000	       11B
  71.55062	  30.48254	   7.50000	       11B
  71.55062	  34.83705	   7.50000	       10B
  74.06469	  26.12803	   7.50000	       11B
  74.06469	  30.48254	   7.50000	       11B
  74.06469	  34.83705	   7.50000	       11B
  76.57877	  26.12803	   7.50000	       11B
  76.57877	  30.48254	   7.50000	       11B
  76.57877	  34.83705	   7.50000	       11B
  79.09285	  26.12803	   7.50000	       11B
  79.09285	  30.48254	   7.50000	       10B
  79.09285	  34.83705	   7.50000	       10B
  67.77950	  29.75729	   7.50000	       14N
  67.77950	  34.11180	   7.50000	       14N
  67.77950	  25.40278	   7.50000	       14N
  70.29358	  29.75729	   7.50000	       14N
  70.29358	  34.11180	   7.50000	       14N
  70.29358	  25.40278	   7.50000	       14N
  72.80765	  29.75729	   7.50000	       14N
  72.80765	  34.11180	   7.50000	       14N
  72.80765	  25.40278	   7.50000	       14N
  75.32173	  29.75729	   7.50000	       14N
  75.32173	  34.11180	   7.50000	       14N
  75.32173	  25.40278	   7.50000	       14N
  77.83581	  29.75729	   7.50000	       14N
  77.83581	  34.11180	   7.50000	       14N
  77.83581	  25.40278	   7.50000	       14N
  66.52246	  27.58003	   7.50000	       14N
  66.52246	  31.93454	   7.50000	       14N
  66.52246	  36.28905	   7.50000	       14N
  69.03654	  27.58003	   7.50000	       14N
  69.03654	  31.93454	   7.50000	       14N
  69.03654	  36.28905	   7.50000	       14N
  71.55062	  27.58003	   7.50000	       14N
  71.55062	  31.93454	   7.50000	       14N
  71.55062	  36.28905	   7.50000	       14N
  74.06469	  27.58003	   7.50000	       14N
  74.06469	  31.93454	   7.50000	       14N
  74.06469	  36.28905	   7.50000	       14N
  76.57877	  27.58003	   7.50000	       14N
  76.57877	  31.93454	   7.50000	       14N
  76.57877	  36.28905	   7.50000	       14N
  79.09285	  27.58003	   7.50000	       14N
  79.09285	  31.93454	   7.50000	       14N
  79.09285	  36.28905	   7.50000	       14N
  67.77950	  41.36882	   7.50000	       10B
  67.77950	  45.72333	   7.50000	       11B
  67.77950	  50.07784	   7.50000	       11B
  70.29358	  41.36882	   7.50000	       11B
  70.29358	  45.72333	   7.50000	       11B
  70.29358	  50.07784	   7.50000	       11B
  72.80765	  41.36882	   7.50000	       10B
  72.80765	  45.72333	   7.50000	       11B
  72.80765	  50.07784	   7.50000	       11B
  75.32173	  41.36882	   7.50000	       10B
  75.32173	  45.72333	   7.50000	       11B
  75.32173	  50.07784	   7.50000	       10B
  77.83581	  41.36882	   7.50000	       11B
  77.83581	  45.72333	   7.50000	       11B
  77.83581	  50.07784	   7.50000	       11B
  66.52246	  39.19155	   7.50000	       11B
  66.52246	  43.54606	   7.50000	       11B
  66.52246	  47.90057	   7.50000	       11B
  69.03654	  39.19155	   7.50000	       11B
  69.03654	  43.54606	   7.50000	       11B
  69.03654	  47.90057	   7.50000	       11B
  71.55062	  39.19155	   7.50000	       11B
  71.55062	  43.54606	   7.50000	       11B
  71.55062	  47.90057	   7.50000	       11B
  74.06469	  39.19155	   7.50000	       11B
  74.06469	  43.54606	   7.50000	       11B
  74.06469	  47.90057	   7.50000	       10B
  76.57877	  39.19155	   7.50000	       11B
  76.57877	  43.54606	   7.50000	       11B
  76.57877	  47.90057	   7.50000	       11B
  79.09285	  39.19155	   7.50000	       11B
  79.09285	  43.54606	   7.50000	       11B
  79.09285	  47.90057	   7.50000	       11B
  67.77950	  42.82082	   7.50000	       14N
  67.77950	  47.17532	   7.50000	       14N
  67.77950	  38.46631	   7.50000	       14N
  70.29358	  42.82082	   7.50000	       14N
  70.29358	  47.17532	   7.50000	       14N
  70.29358	  38.46631	   7.50000	       14N
  72.80765	  42.82082	   7.50000	       14N
  72.80765	  47.17532	   7.50000	       14N
  72.80765	  38.46631	   7.50000	       14N
  75.32173	  42.82082	   7.50000	       14N
  75.32173	  47.17532	   7.50000	       14N
  75.32173	  38.46631	   7.50000	       14N
  77.83581	  42.82082	   7.50000	       14N
  77.83581	  47.17532	   7.50000	       14N
  77.83581	  38.46631	   7.50000	       14N
  66.52246	  40.64356	   7.50000	       14N
  66.52246	  44.99807	   7.50000	       14N
  66.52246	  49.35257	   7.50000	       14N
  69.03654	  40.64356	   7.50000	       14N
  69.03654	  44.99807	   7.50000	       14N
  69.03654	  49.35257	   7.50000	       14N
  71.55062	  40.64356	   7.50000	       14N
  71.55062	  44.99807	   7.50000	       14N
  71.55062	  49.35257	   7.50000	       14N
  74.06469	  40.64356	   7.50000	       14N
  74.06469	  44.99807	   7.50000	       14N
  74.06469	  49.35257	   7.50000	       14N
  76.57877	  40.64356	   7.50000	       14N
  76.57877	  44.99807	   7.50000	       14N
  76.57877	  49.35257	   7.50000	       14N
  79.09285	  40.64356	   7.50000	       14N
  79.09285	  44.99807	   7.50000	       14N
  79.09285	  49.35257	   7.50000	       14N
  67.77950	  54.43235	   7.50000	       11B
  67.77950	  58.78686	   7.50000	       11B
  67.77950	  63.14137	   7.50000	       10B
  70.29358	  54.43235	   7.50000	       11B
  70.29358	  58.78686	   7.50000	       10B
  70.29358	  63.14137	   7.50000	       10B
  72.80765	  54.43235	   7.50000	       11B
  72.80765	  58.78686	   7.50000	       11B
  72.80765	  63.14137	   7.50000	       11B
  75.32173	  54.43235	   7.50000	       10B
  75.32173	  58.78686	   7.50000	       11B
  75.32173	  63.14137	   7.50000	       11B
  77.83581	  54.43235	   7.50000	       11B
  77.83581	  58.78686	   7.50000	       10B
  77.83581	  63.14137	   7.50000	       11B
  66.52246	  52.25508	   7.50000	       11B
  66.52246	  56.60959	   7.50000	       11B
  66.52246	  60.96410	   7.50000	       11B
  69.03654	  52.25508	   7.50000	       11B
  69.03654	  56.60959	   7.50000	       10B
  69.03654	  60.96410	   7.50000	       11B
  71.55062	  52.25508	   7.50000	       11B
  71.55062	  56.60959	   7.50000	       11B
  71.55062	  60.96410	   7.50000	       10B
  74.06469	  52.25508	   7.50000	       11B
  74.06469	  56.60959	   7.50000	       11B
  74.06469	  60.96410	   7.50000	       11B
  76.57877	  52.25508	   7.50000	       11B
  76.57877	  56.60959	   7.50000	       10B
  76.57877	  60.96410	   7.50000	       10B
  79.09285	  52.25508	   7.50000	       11B
  79.09285	  56.60959	   7.50000	       11B
  79.09285	  60.96410	   7.50000	       11B
  67.77950	  55.88434	   7.50000	       14N
  67.77950	  60.23885	   7.50000	       14N
  67.77950	  51.52983	   7.50000	       14N
  70.29358	  55.88434	   7.50000	       14N
  70.29358	  60.23885	   7.50000	       14N
  70.29358	  51.52983	   7.50000	       14N
  72.80765	  55.88434	   7.50000	       14N
  72.80765	  60.23885	   7.50000	       14N
  72.80765	  51.52983	   7.50000	       14N
  75.32173	  55.88434	   7.50000	       14N
  75.32173	  60.23885	   7.50000	       14N
  75.32173	  51.52983	   7.50000	       14N
  77.83581	  55.88434	   7.50000	       14N
  77.83581	  60.23885	   7.50000	       14N
  77.83581	  51.52983	   7.50000	       14N
  66.52246	  53.70708	   7.50000	       14N
  66.52246	  58.06159	   7.50000	       14N
  66.52246	  62.41610	   7.50000	       14N
  69.03654	  53.70708	   7.50000	       14N
  69.03654	  58.06159	   7.50000	       14N
  69.03654	  62.41610	   7.50000	       14N
  71.55062	  53.70708	   7.50000	       14N
  71.55062	  58.06159	   7.50000	       14N
  71.55062	  62.41610	   7.50000	       14N
  74.06469	  53.70708	   7.50000	       14N
  74.06469	  58.06159	   7.50000	       14N
  74.06469	  62.41610	   7.50000	       14N
  76.57877	  53.70708	   7.50000	       14N
  76.57877	  58.06159	   7.50000	       14N
  76.57877	  62.41610	   7.50000	       14N
  79.09285	  53.70708	   7.50000	       14N
  79.09285	  58.06159	   7.50000	       14N
  79.09285	  62.41610	   7.50000	       14N
  67.77950	  67.49587	   7.50000	       11B
  67.77950	  71.85038	   7.50000	       11B
  67.77950	  76.20489	   7.50000	       11B
  70.29358	  67.49587	   7.50000	       11B
  70.29358	  71.85038	   7.50000	       11B
  70.29358	  76.20489	   7.50000	       10B
  72.80765	  67.49587	   7.50000	       10B
  72.80765	  71.85038	   7.50000	       11B
  72.80765	  76.20489	   7.50000	       10B
  75.32173	  67.49587	   7.50000	       10B
  75.32173	  71.85038	   7.50000	       11B
  75.32173	  76.20489	   7.50000	       11B
  77.83581	  67.49587	   7.50000	       11B
  77.83581	  71.85038	   7.50000	       11B
  77.83581	  76.20489	   7.50000	       11B
  66.52246	  65.31860	   7.50000	       11B
  66.52246	  69.67311	   7.50000	       11B
  66.52246	  74.02762	   7.50000	       11B
  69.03654	  65.31860	   7.50000	       11B
  69.03654	  69.67311	   7.50000	       11B
  69.03654	  74.02762	   7.50000	       10B
  71.55062	  65.31860	   7.50000	       11B
  71.55062	  69.67311	   7.50000	       10B
  71.55062	  74.02762	   7.50000	       11B
  74.06469	  65.31860	   7.50000	       11B
  74.06469	  69.67311	   7.50000	       11B
  74.06469	  74.02762	   7.50000	       11B
  76.57877	  65.31860	   7.50000	       10B
  76.57877	  69.67311	   7.50000	       10B
  76.57877	  74.02762	   7.50000	       11B
  79.09285	  65.31860	   7.50000	       11B
  79.09285	  69.67311	   7.50000	       11B
  79.09285	  74.02762	   7.50000	       10B
  67.77950	  68.94787	   7.50000	       14N
  67.77950	  73.30237	   7.50000	       14N
  67.77950	  64.59336	   7.50000	       14N
  70.29358	  68.94787	   7.50000	       14N
  70.29358	  73.30237	   7.50000	       14N
  70.29358	  64.59336	   7.50000	       14N
  72.80765	  68.94787	   7.50000	       14N
  72.80765	  73.30237	   7.50000	       14N
  72.80765	  64.59336	   7.50000	       14N
  75.32173	  68.94787	   7.50000	       14N
  75.32173	  73.30237	   7.50000	       14N
  75.32173	  64.59336	   7.50000	       14N
  77.83581	  68.94787	   7.50000	       14N
  77.83581	  73.30237	   7.50000	       14N
  77.83581	  64.59336	   7.50000	       14N
  66.52246	  66.77061	   7.50000	       14N
  66.52246	  71.12512	   7.50000	       14N
  66.52246	  75.47963	   7.50000	       14N
  69.03654	  66.77061	   7.50000	       14N
  69.03654	  71.12512	   7.50000	       14N
  69.03654	  75.47963	   7.50000	       14N
  71.55062	  66.77061	   7.50000	       14N
  71.55062	  71.12512	   7.50000	       14N
  71.55062	  75.47963	   7.50000	       14N
  74.06469	  66.77061	   7.50000	       14N
  74.06469	  71.12512	   7.50000	       14N
  74.06469	  75.47963	   7.50000	       14N
  76.57877	  66.77061	   7.50000	       14N
  76.57877	  71.12512	   7.50000	       14N
  76.57877	  75.47963	   7.50000	       14N
  79.09285	  66.77061	   7.50000	       14N
  79.09285	  71.12512	   7.50000	       14N
  79.09285	  75.47963	   7.50000	       14N
  66.52246	  78.38213	   7.50000	       11B
  69.03654	  78.38213	   7.50000	       11B
  71.55062	  78.38213	   7.50000	       11B
  74.06469	  78.38213	   7.50000	       11B
  76.57877	  78.38213	   7.50000	       10B
  79.09285	  78.38213	   7.50000	       10B
  67.77950	  77.65688	   7.50000	       14N
  70.29358	  77.65688	   7.50000	       14N
  72.80765	  77.65688	   7.50000	       14N
  75.32173	  77.65688	   7.50000	       14N
  77.83581	  77.65688	   7.50000	       14N
  66.52246	  79.83413	   7.50000	       14N
  69.03654	  79.83413	   7.50000	       14N
  71.55062	  79.83413	   7.50000	       14N
  74.06469	  79.83413	   7.50000	       14N
  76.57877	  79.83413	   7.50000	       14N
  79.09285	  79.83413	   7.50000	       14N
