2442.00000	   0.00000	   0.00000	   0.00000
   1.25704	   2.17825	   7.50000	       11B
   1.25704	   6.53276	   7.50000	       11B
   1.25704	  10.88727	   7.50000	       10B
   3.77111	   2.17825	   7.50000	       11B
   3.77111	   6.53276	   7.50000	       11B
   3.77111	  10.88727	   7.50000	       11B
   6.28519	   2.17825	   7.50000	       11B
   6.28519	   6.53276	   7.50000	       11B
   6.28519	  10.88727	   7.50000	       11B
   8.79927	   2.17825	   7.50000	       11B
   8.79927	   6.53276	   7.50000	       10B
   8.79927	  10.88727	   7.50000	       11B
  11.31334	   2.17825	   7.50000	       10B
  11.31334	   6.53276	   7.50000	       10B
  11.31334	  10.88727	   7.50000	       11B
  13.82742	   2.17825	   7.50000	       11B
  13.82742	   6.53276	   7.50000	       10B
  13.82742	  10.88727	   7.50000	       10B
  16.34150	   2.17825	   7.50000	       11B
  16.34150	   6.53276	   7.50000	       10B
  16.34150	  10.88727	   7.50000	       11B
  18.85557	   2.17825	   7.50000	       11B
  18.85557	   6.53276	   7.50000	       11B
  18.85557	  10.88727	   7.50000	       11B
  21.36965	   2.17825	   7.50000	       11B
  21.36965	   6.53276	   7.50000	       11B
  21.36965	  10.88727	   7.50000	       11B
   0.00000	   0.00098	   7.50000	       11B
   0.00000	   4.35549	   7.50000	       11B
   0.00000	   8.71000	   7.50000	       11B
   2.51408	   0.00098	   7.50000	       11B
   2.51408	   4.35549	   7.50000	       10B
   2.51408	   8.71000	   7.50000	       11B
   5.02815	   0.00098	   7.50000	       10B
   5.02815	   4.35549	   7.50000	       11B
   5.02815	   8.71000	   7.50000	       11B
   7.54223	   0.00098	   7.50000	       11B
   7.54223	   4.35549	   7.50000	       11B
   7.54223	   8.71000	   7.50000	       11B
  10.05631	   0.00098	   7.50000	       11B
  10.05631	   4.35549	   7.50000	       11B
  10.05631	   8.71000	   7.50000	       11B
  12.57038	   0.00098	   7.50000	       11B
  12.57038	   4.35549	   7.50000	       11B
  12.57038	   8.71000	   7.50000	       11B
  15.08446	   0.00098	   7.50000	       11B
  15.08446	   4.35549	   7.50000	       11B
  15.08446	   8.71000	   7.50000	       11B
  17.59854	   0.00098	   7.50000	       10B
  17.59854	   4.35549	   7.50000	       11B
  17.59854	   8.71000	   7.50000	       11B
  20.11261	   0.00098	   7.50000	       11B
  20.11261	   4.35549	   7.50000	       11B
  20.11261	   8.71000	   7.50000	       11B
   1.25704	   3.63024	   7.50000	       14N
   1.25704	   7.98475	   7.50000	       14N
   3.77111	   3.63024	   7.50000	       14N
   3.77111	   7.98475	   7.50000	       14N
   6.28519	   3.63024	   7.50000	       14N
   6.28519	   7.98475	   7.50000	       14N
   8.79927	   3.63024	   7.50000	       14N
   8.79927	   7.98475	   7.50000	       14N
  11.31334	   3.63024	   7.50000	       14N
  11.31334	   7.98475	   7.50000	       14N
  13.82742	   3.63024	   7.50000	       14N
  13.82742	   7.98475	   7.50000	       14N
  16.34150	   3.63024	   7.50000	       14N
  16.34150	   7.98475	   7.50000	       14N
  18.85557	   3.63024	   7.50000	       14N
  18.85557	   7.98475	   7.50000	       14N
  21.36965	   3.63024	   7.50000	       14N
  21.36965	   7.98475	   7.50000	       14N
   0.00000	   1.45298	   7.50000	       14N
   0.00000	   5.80749	   7.50000	       14N
   0.00000	  10.16200	   7.50000	       14N
   2.51408	   1.45298	   7.50000	       14N
   2.51408	   5.80749	   7.50000	       14N
   2.51408	  10.16200	   7.50000	       14N
   5.02815	   1.45298	   7.50000	       14N
   5.02815	   5.80749	   7.50000	       14N
   5.02815	  10.16200	   7.50000	       14N
   7.54223	   1.45298	   7.50000	       14N
   7.54223	   5.80749	   7.50000	       14N
   7.54223	  10.16200	   7.50000	       14N
  10.05631	   1.45298	   7.50000	       14N
  10.05631	   5.80749	   7.50000	       14N
  10.05631	  10.16200	   7.50000	       14N
  12.57038	   1.45298	   7.50000	       14N
  12.57038	   5.80749	   7.50000	       14N
  12.57038	  10.16200	   7.50000	       14N
  15.08446	   1.45298	   7.50000	       14N
  15.08446	   5.80749	   7.50000	       14N
  15.08446	  10.16200	   7.50000	       14N
  17.59854	   1.45298	   7.50000	       14N
  17.59854	   5.80749	   7.50000	       14N
  17.59854	  10.16200	   7.50000	       14N
  20.11261	   1.45298	   7.50000	       14N
  20.11261	   5.80749	   7.50000	       14N
  20.11261	  10.16200	   7.50000	       14N
   1.25704	  15.24177	   7.50000	       11B
   1.25704	  19.59628	   7.50000	       10B
   1.25704	  23.95079	   7.50000	       11B
   3.77111	  15.24177	   7.50000	       11B
   3.77111	  19.59628	   7.50000	       11B
   3.77111	  23.95079	   7.50000	       11B
   6.28519	  15.24177	   7.50000	       11B
   6.28519	  19.59628	   7.50000	       11B
   6.28519	  23.95079	   7.50000	       11B
   8.79927	  15.24177	   7.50000	       10B
   8.79927	  19.59628	   7.50000	       11B
   8.79927	  23.95079	   7.50000	       11B
  11.31334	  15.24177	   7.50000	       11B
  11.31334	  19.59628	   7.50000	       11B
  11.31334	  23.95079	   7.50000	       10B
  13.82742	  15.24177	   7.50000	       11B
  13.82742	  19.59628	   7.50000	       11B
  13.82742	  23.95079	   7.50000	       11B
  16.34150	  15.24177	   7.50000	       11B
  16.34150	  19.59628	   7.50000	       11B
  16.34150	  23.95079	   7.50000	       11B
  18.85557	  15.24177	   7.50000	       11B
  18.85557	  19.59628	   7.50000	       11B
  18.85557	  23.95079	   7.50000	       11B
  21.36965	  15.24177	   7.50000	       11B
  21.36965	  19.59628	   7.50000	       11B
  21.36965	  23.95079	   7.50000	       11B
   0.00000	  13.06450	   7.50000	       10B
   0.00000	  17.41901	   7.50000	       11B
   0.00000	  21.77352	   7.50000	       11B
   2.51408	  13.06450	   7.50000	       10B
   2.51408	  17.41901	   7.50000	       11B
   2.51408	  21.77352	   7.50000	       11B
   5.02815	  13.06450	   7.50000	       11B
   5.02815	  17.41901	   7.50000	       10B
   5.02815	  21.77352	   7.50000	       11B
   7.54223	  13.06450	   7.50000	       11B
   7.54223	  17.41901	   7.50000	       11B
   7.54223	  21.77352	   7.50000	       11B
  10.05631	  13.06450	   7.50000	       11B
  10.05631	  17.41901	   7.50000	       10B
  10.05631	  21.77352	   7.50000	       10B
  12.57038	  13.06450	   7.50000	       11B
  12.57038	  17.41901	   7.50000	       11B
  12.57038	  21.77352	   7.50000	       11B
  15.08446	  13.06450	   7.50000	       11B
  15.08446	  17.41901	   7.50000	       11B
  15.08446	  21.77352	   7.50000	       11B
  17.59854	  13.06450	   7.50000	       11B
  17.59854	  17.41901	   7.50000	       11B
  17.59854	  21.77352	   7.50000	       11B
  20.11261	  13.06450	   7.50000	       11B
  20.11261	  17.41901	   7.50000	       11B
  20.11261	  21.77352	   7.50000	       11B
   1.25704	  16.69376	   7.50000	       14N
   1.25704	  21.04827	   7.50000	       14N
   1.25704	  12.33926	   7.50000	       14N
   3.77111	  16.69376	   7.50000	       14N
   3.77111	  21.04827	   7.50000	       14N
   3.77111	  12.33926	   7.50000	       14N
   6.28519	  16.69376	   7.50000	       14N
   6.28519	  21.04827	   7.50000	       14N
   6.28519	  12.33926	   7.50000	       14N
   8.79927	  16.69376	   7.50000	       14N
   8.79927	  21.04827	   7.50000	       14N
   8.79927	  12.33926	   7.50000	       14N
  11.31334	  16.69376	   7.50000	       14N
  11.31334	  21.04827	   7.50000	       14N
  11.31334	  12.33926	   7.50000	       14N
  13.82742	  16.69376	   7.50000	       14N
  13.82742	  21.04827	   7.50000	       14N
  13.82742	  12.33926	   7.50000	       14N
  16.34150	  16.69376	   7.50000	       14N
  16.34150	  21.04827	   7.50000	       14N
  16.34150	  12.33926	   7.50000	       14N
  18.85557	  16.69376	   7.50000	       14N
  18.85557	  21.04827	   7.50000	       14N
  18.85557	  12.33926	   7.50000	       14N
  21.36965	  16.69376	   7.50000	       14N
  21.36965	  21.04827	   7.50000	       14N
  21.36965	  12.33926	   7.50000	       14N
   0.00000	  14.51651	   7.50000	       14N
   0.00000	  18.87102	   7.50000	       14N
   0.00000	  23.22552	   7.50000	       14N
   2.51408	  14.51651	   7.50000	       14N
   2.51408	  18.87102	   7.50000	       14N
   2.51408	  23.22552	   7.50000	       14N
   5.02815	  14.51651	   7.50000	       14N
   5.02815	  18.87102	   7.50000	       14N
   5.02815	  23.22552	   7.50000	       14N
   7.54223	  14.51651	   7.50000	       14N
   7.54223	  18.87102	   7.50000	       14N
   7.54223	  23.22552	   7.50000	       14N
  10.05631	  14.51651	   7.50000	       14N
  10.05631	  18.87102	   7.50000	       14N
  10.05631	  23.22552	   7.50000	       14N
  12.57038	  14.51651	   7.50000	       14N
  12.57038	  18.87102	   7.50000	       14N
  12.57038	  23.22552	   7.50000	       14N
  15.08446	  14.51651	   7.50000	       14N
  15.08446	  18.87102	   7.50000	       14N
  15.08446	  23.22552	   7.50000	       14N
  17.59854	  14.51651	   7.50000	       14N
  17.59854	  18.87102	   7.50000	       14N
  17.59854	  23.22552	   7.50000	       14N
  20.11261	  14.51651	   7.50000	       14N
  20.11261	  18.87102	   7.50000	       14N
  20.11261	  23.22552	   7.50000	       14N
   1.25704	  28.30530	   7.50000	       10B
   1.25704	  32.65981	   7.50000	       11B
   1.25704	  37.01432	   7.50000	       11B
   3.77111	  28.30530	   7.50000	       11B
   3.77111	  32.65981	   7.50000	       11B
   3.77111	  37.01432	   7.50000	       11B
   6.28519	  28.30530	   7.50000	       11B
   6.28519	  32.65981	   7.50000	       10B
   6.28519	  37.01432	   7.50000	       10B
   8.79927	  28.30530	   7.50000	       11B
   8.79927	  32.65981	   7.50000	       11B
   8.79927	  37.01432	   7.50000	       11B
  11.31334	  28.30530	   7.50000	       11B
  11.31334	  32.65981	   7.50000	       11B
  11.31334	  37.01432	   7.50000	       10B
  13.82742	  28.30530	   7.50000	       11B
  13.82742	  32.65981	   7.50000	       11B
  13.82742	  37.01432	   7.50000	       11B
  16.34150	  28.30530	   7.50000	       11B
  16.34150	  32.65981	   7.50000	       11B
  16.34150	  37.01432	   7.50000	       11B
  18.85557	  28.30530	   7.50000	       11B
  18.85557	  32.65981	   7.50000	       11B
  18.85557	  37.01432	   7.50000	       11B
  21.36965	  28.30530	   7.50000	       10B
  21.36965	  32.65981	   7.50000	       11B
  21.36965	  37.01432	   7.50000	       11B
   0.00000	  26.12803	   7.50000	       10B
   0.00000	  30.48254	   7.50000	       11B
   0.00000	  34.83705	   7.50000	       11B
   2.51408	  26.12803	   7.50000	       10B
   2.51408	  30.48254	   7.50000	       11B
   2.51408	  34.83705	   7.50000	       10B
   5.02815	  26.12803	   7.50000	       11B
   5.02815	  30.48254	   7.50000	       11B
   5.02815	  34.83705	   7.50000	       10B
   7.54223	  26.12803	   7.50000	       11B
   7.54223	  30.48254	   7.50000	       11B
   7.54223	  34.83705	   7.50000	       11B
  10.05631	  26.12803	   7.50000	       11B
  10.05631	  30.48254	   7.50000	       11B
  10.05631	  34.83705	   7.50000	       11B
  12.57038	  26.12803	   7.50000	       10B
  12.57038	  30.48254	   7.50000	       11B
  12.57038	  34.83705	   7.50000	       10B
  15.08446	  26.12803	   7.50000	       11B
  15.08446	  30.48254	   7.50000	       10B
  15.08446	  34.83705	   7.50000	       11B
  17.59854	  26.12803	   7.50000	       11B
  17.59854	  30.48254	   7.50000	       10B
  17.59854	  34.83705	   7.50000	       11B
  20.11261	  26.12803	   7.50000	       10B
  20.11261	  30.48254	   7.50000	       11B
  20.11261	  34.83705	   7.50000	       11B
   1.25704	  29.75729	   7.50000	       14N
   1.25704	  34.11180	   7.50000	       14N
   1.25704	  25.40278	   7.50000	       14N
   3.77111	  29.75729	   7.50000	       14N
   3.77111	  34.11180	   7.50000	       14N
   3.77111	  25.40278	   7.50000	       14N
   6.28519	  29.75729	   7.50000	       14N
   6.28519	  34.11180	   7.50000	       14N
   6.28519	  25.40278	   7.50000	       15N
   8.79927	  29.75729	   7.50000	       14N
   8.79927	  34.11180	   7.50000	       14N
   8.79927	  25.40278	   7.50000	       14N
  11.31334	  29.75729	   7.50000	       14N
  11.31334	  34.11180	   7.50000	       14N
  11.31334	  25.40278	   7.50000	       14N
  13.82742	  29.75729	   7.50000	       14N
  13.82742	  34.11180	   7.50000	       14N
  13.82742	  25.40278	   7.50000	       14N
  16.34150	  29.75729	   7.50000	       14N
  16.34150	  34.11180	   7.50000	       14N
  16.34150	  25.40278	   7.50000	       14N
  18.85557	  29.75729	   7.50000	       14N
  18.85557	  34.11180	   7.50000	       14N
  18.85557	  25.40278	   7.50000	       14N
  21.36965	  29.75729	   7.50000	       14N
  21.36965	  34.11180	   7.50000	       14N
  21.36965	  25.40278	   7.50000	       14N
   0.00000	  27.58003	   7.50000	       14N
   0.00000	  31.93454	   7.50000	       14N
   0.00000	  36.28905	   7.50000	       14N
   2.51408	  27.58003	   7.50000	       14N
   2.51408	  31.93454	   7.50000	       14N
   2.51408	  36.28905	   7.50000	       14N
   5.02815	  27.58003	   7.50000	       14N
   5.02815	  31.93454	   7.50000	       14N
   5.02815	  36.28905	   7.50000	       14N
   7.54223	  27.58003	   7.50000	       14N
   7.54223	  31.93454	   7.50000	       14N
   7.54223	  36.28905	   7.50000	       14N
  10.05631	  27.58003	   7.50000	       14N
  10.05631	  31.93454	   7.50000	       14N
  10.05631	  36.28905	   7.50000	       14N
  12.57038	  27.58003	   7.50000	       14N
  12.57038	  31.93454	   7.50000	       14N
  12.57038	  36.28905	   7.50000	       14N
  15.08446	  27.58003	   7.50000	       14N
  15.08446	  31.93454	   7.50000	       14N
  15.08446	  36.28905	   7.50000	       14N
  17.59854	  27.58003	   7.50000	       14N
  17.59854	  31.93454	   7.50000	       14N
  17.59854	  36.28905	   7.50000	       14N
  20.11261	  27.58003	   7.50000	       14N
  20.11261	  31.93454	   7.50000	       14N
  20.11261	  36.28905	   7.50000	       14N
   1.25704	  41.36882	   7.50000	       11B
   1.25704	  45.72333	   7.50000	       10B
   1.25704	  50.07784	   7.50000	       11B
   3.77111	  41.36882	   7.50000	       10B
   3.77111	  45.72333	   7.50000	       11B
   3.77111	  50.07784	   7.50000	       11B
   6.28519	  41.36882	   7.50000	       11B
   6.28519	  45.72333	   7.50000	       10B
   6.28519	  50.07784	   7.50000	       11B
   8.79927	  41.36882	   7.50000	       10B
   8.79927	  45.72333	   7.50000	       10B
   8.79927	  50.07784	   7.50000	       11B
  11.31334	  41.36882	   7.50000	       11B
  11.31334	  45.72333	   7.50000	       11B
  11.31334	  50.07784	   7.50000	       11B
  13.82742	  41.36882	   7.50000	       11B
  13.82742	  45.72333	   7.50000	       11B
  13.82742	  50.07784	   7.50000	       11B
  16.34150	  41.36882	   7.50000	       11B
  16.34150	  45.72333	   7.50000	       11B
  16.34150	  50.07784	   7.50000	       11B
  18.85557	  41.36882	   7.50000	       10B
  18.85557	  45.72333	   7.50000	       11B
  18.85557	  50.07784	   7.50000	       11B
  21.36965	  41.36882	   7.50000	       11B
  21.36965	  45.72333	   7.50000	       11B
  21.36965	  50.07784	   7.50000	       11B
   0.00000	  39.19155	   7.50000	       10B
   0.00000	  43.54606	   7.50000	       11B
   0.00000	  47.90057	   7.50000	       11B
   2.51408	  39.19155	   7.50000	       11B
   2.51408	  43.54606	   7.50000	       10B
   2.51408	  47.90057	   7.50000	       10B
   5.02815	  39.19155	   7.50000	       11B
   5.02815	  43.54606	   7.50000	       11B
   5.02815	  47.90057	   7.50000	       11B
   7.54223	  39.19155	   7.50000	       11B
   7.54223	  43.54606	   7.50000	       11B
   7.54223	  47.90057	   7.50000	       11B
  10.05631	  39.19155	   7.50000	       11B
  10.05631	  43.54606	   7.50000	       11B
  10.05631	  47.90057	   7.50000	       11B
  12.57038	  39.19155	   7.50000	       11B
  12.57038	  43.54606	   7.50000	       10B
  12.57038	  47.90057	   7.50000	       11B
  15.08446	  39.19155	   7.50000	       10B
  15.08446	  43.54606	   7.50000	       11B
  15.08446	  47.90057	   7.50000	       11B
  17.59854	  39.19155	   7.50000	       10B
  17.59854	  43.54606	   7.50000	       11B
  17.59854	  47.90057	   7.50000	       11B
  20.11261	  39.19155	   7.50000	       11B
  20.11261	  43.54606	   7.50000	       11B
  20.11261	  47.90057	   7.50000	       11B
   1.25704	  42.82082	   7.50000	       14N
   1.25704	  47.17532	   7.50000	       14N
   1.25704	  38.46631	   7.50000	       14N
   3.77111	  42.82082	   7.50000	       14N
   3.77111	  47.17532	   7.50000	       14N
   3.77111	  38.46631	   7.50000	       14N
   6.28519	  42.82082	   7.50000	       14N
   6.28519	  47.17532	   7.50000	       14N
   6.28519	  38.46631	   7.50000	       14N
   8.79927	  42.82082	   7.50000	       14N
   8.79927	  47.17532	   7.50000	       14N
   8.79927	  38.46631	   7.50000	       14N
  11.31334	  42.82082	   7.50000	       14N
  11.31334	  47.17532	   7.50000	       14N
  11.31334	  38.46631	   7.50000	       14N
  13.82742	  42.82082	   7.50000	       14N
  13.82742	  47.17532	   7.50000	       14N
  13.82742	  38.46631	   7.50000	       14N
  16.34150	  42.82082	   7.50000	       14N
  16.34150	  47.17532	   7.50000	       14N
  16.34150	  38.46631	   7.50000	       14N
  18.85557	  42.82082	   7.50000	       14N
  18.85557	  47.17532	   7.50000	       14N
  18.85557	  38.46631	   7.50000	       14N
  21.36965	  42.82082	   7.50000	       14N
  21.36965	  47.17532	   7.50000	       14N
  21.36965	  38.46631	   7.50000	       14N
   0.00000	  40.64356	   7.50000	       14N
   0.00000	  44.99807	   7.50000	       14N
   0.00000	  49.35257	   7.50000	       14N
   2.51408	  40.64356	   7.50000	       14N
   2.51408	  44.99807	   7.50000	       14N
   2.51408	  49.35257	   7.50000	       14N
   5.02815	  40.64356	   7.50000	       14N
   5.02815	  44.99807	   7.50000	       14N
   5.02815	  49.35257	   7.50000	       14N
   7.54223	  40.64356	   7.50000	       14N
   7.54223	  44.99807	   7.50000	       14N
   7.54223	  49.35257	   7.50000	       14N
  10.05631	  40.64356	   7.50000	       14N
  10.05631	  44.99807	   7.50000	       14N
  10.05631	  49.35257	   7.50000	       14N
  12.57038	  40.64356	   7.50000	       14N
  12.57038	  44.99807	   7.50000	       14N
  12.57038	  49.35257	   7.50000	       14N
  15.08446	  40.64356	   7.50000	       14N
  15.08446	  44.99807	   7.50000	       14N
  15.08446	  49.35257	   7.50000	       14N
  17.59854	  40.64356	   7.50000	       14N
  17.59854	  44.99807	   7.50000	       14N
  17.59854	  49.35257	   7.50000	       14N
  20.11261	  40.64356	   7.50000	       14N
  20.11261	  44.99807	   7.50000	       14N
  20.11261	  49.35257	   7.50000	       14N
   1.25704	  54.43235	   7.50000	       11B
   1.25704	  58.78686	   7.50000	       11B
   1.25704	  63.14137	   7.50000	       11B
   3.77111	  54.43235	   7.50000	       11B
   3.77111	  58.78686	   7.50000	       11B
   3.77111	  63.14137	   7.50000	       10B
   6.28519	  54.43235	   7.50000	       11B
   6.28519	  58.78686	   7.50000	       11B
   6.28519	  63.14137	   7.50000	       11B
   8.79927	  54.43235	   7.50000	       11B
   8.79927	  58.78686	   7.50000	       11B
   8.79927	  63.14137	   7.50000	       11B
  11.31334	  54.43235	   7.50000	       11B
  11.31334	  58.78686	   7.50000	       10B
  11.31334	  63.14137	   7.50000	       11B
  13.82742	  54.43235	   7.50000	       11B
  13.82742	  58.78686	   7.50000	       11B
  13.82742	  63.14137	   7.50000	       11B
  16.34150	  54.43235	   7.50000	       10B
  16.34150	  58.78686	   7.50000	       10B
  16.34150	  63.14137	   7.50000	       10B
  18.85557	  54.43235	   7.50000	       10B
  18.85557	  58.78686	   7.50000	       11B
  18.85557	  63.14137	   7.50000	       11B
  21.36965	  54.43235	   7.50000	       11B
  21.36965	  58.78686	   7.50000	       11B
  21.36965	  63.14137	   7.50000	       11B
   0.00000	  52.25508	   7.50000	       11B
   0.00000	  56.60959	   7.50000	       11B
   0.00000	  60.96410	   7.50000	       11B
   2.51408	  52.25508	   7.50000	       10B
   2.51408	  56.60959	   7.50000	       11B
   2.51408	  60.96410	   7.50000	       10B
   5.02815	  52.25508	   7.50000	       10B
   5.02815	  56.60959	   7.50000	       11B
   5.02815	  60.96410	   7.50000	       10B
   7.54223	  52.25508	   7.50000	       11B
   7.54223	  56.60959	   7.50000	       11B
   7.54223	  60.96410	   7.50000	       11B
  10.05631	  52.25508	   7.50000	       11B
  10.05631	  56.60959	   7.50000	       11B
  10.05631	  60.96410	   7.50000	       11B
  12.57038	  52.25508	   7.50000	       10B
  12.57038	  56.60959	   7.50000	       11B
  12.57038	  60.96410	   7.50000	       10B
  15.08446	  52.25508	   7.50000	       11B
  15.08446	  56.60959	   7.50000	       11B
  15.08446	  60.96410	   7.50000	       11B
  17.59854	  52.25508	   7.50000	       11B
  17.59854	  56.60959	   7.50000	       11B
  17.59854	  60.96410	   7.50000	       11B
  20.11261	  52.25508	   7.50000	       11B
  20.11261	  56.60959	   7.50000	       11B
  20.11261	  60.96410	   7.50000	       11B
   1.25704	  55.88434	   7.50000	       14N
   1.25704	  60.23885	   7.50000	       14N
   1.25704	  51.52983	   7.50000	       14N
   3.77111	  55.88434	   7.50000	       14N
   3.77111	  60.23885	   7.50000	       14N
   3.77111	  51.52983	   7.50000	       14N
   6.28519	  55.88434	   7.50000	       14N
   6.28519	  60.23885	   7.50000	       14N
   6.28519	  51.52983	   7.50000	       14N
   8.79927	  55.88434	   7.50000	       14N
   8.79927	  60.23885	   7.50000	       14N
   8.79927	  51.52983	   7.50000	       14N
  11.31334	  55.88434	   7.50000	       14N
  11.31334	  60.23885	   7.50000	       14N
  11.31334	  51.52983	   7.50000	       14N
  13.82742	  55.88434	   7.50000	       14N
  13.82742	  60.23885	   7.50000	       14N
  13.82742	  51.52983	   7.50000	       14N
  16.34150	  55.88434	   7.50000	       14N
  16.34150	  60.23885	   7.50000	       14N
  16.34150	  51.52983	   7.50000	       14N
  18.85557	  55.88434	   7.50000	       14N
  18.85557	  60.23885	   7.50000	       14N
  18.85557	  51.52983	   7.50000	       14N
  21.36965	  55.88434	   7.50000	       14N
  21.36965	  60.23885	   7.50000	       14N
  21.36965	  51.52983	   7.50000	       14N
   0.00000	  53.70708	   7.50000	       14N
   0.00000	  58.06159	   7.50000	       14N
   0.00000	  62.41610	   7.50000	       14N
   2.51408	  53.70708	   7.50000	       14N
   2.51408	  58.06159	   7.50000	       14N
   2.51408	  62.41610	   7.50000	       14N
   5.02815	  53.70708	   7.50000	       14N
   5.02815	  58.06159	   7.50000	       14N
   5.02815	  62.41610	   7.50000	       14N
   7.54223	  53.70708	   7.50000	       14N
   7.54223	  58.06159	   7.50000	       14N
   7.54223	  62.41610	   7.50000	       14N
  10.05631	  53.70708	   7.50000	       14N
  10.05631	  58.06159	   7.50000	       14N
  10.05631	  62.41610	   7.50000	       14N
  12.57038	  53.70708	   7.50000	       14N
  12.57038	  58.06159	   7.50000	       14N
  12.57038	  62.41610	   7.50000	       14N
  15.08446	  53.70708	   7.50000	       14N
  15.08446	  58.06159	   7.50000	       14N
  15.08446	  62.41610	   7.50000	       14N
  17.59854	  53.70708	   7.50000	       14N
  17.59854	  58.06159	   7.50000	       14N
  17.59854	  62.41610	   7.50000	       14N
  20.11261	  53.70708	   7.50000	       14N
  20.11261	  58.06159	   7.50000	       14N
  20.11261	  62.41610	   7.50000	       14N
   1.25704	  67.49587	   7.50000	       10B
   1.25704	  71.85038	   7.50000	       10B
   1.25704	  76.20489	   7.50000	       11B
   3.77111	  67.49587	   7.50000	       11B
   3.77111	  71.85038	   7.50000	       11B
   3.77111	  76.20489	   7.50000	       10B
   6.28519	  67.49587	   7.50000	       11B
   6.28519	  71.85038	   7.50000	       11B
   6.28519	  76.20489	   7.50000	       10B
   8.79927	  67.49587	   7.50000	       11B
   8.79927	  71.85038	   7.50000	       11B
   8.79927	  76.20489	   7.50000	       11B
  11.31334	  67.49587	   7.50000	       11B
  11.31334	  71.85038	   7.50000	       11B
  11.31334	  76.20489	   7.50000	       11B
  13.82742	  67.49587	   7.50000	       11B
  13.82742	  71.85038	   7.50000	       10B
  13.82742	  76.20489	   7.50000	       11B
  16.34150	  67.49587	   7.50000	       11B
  16.34150	  71.85038	   7.50000	       11B
  16.34150	  76.20489	   7.50000	       11B
  18.85557	  67.49587	   7.50000	       11B
  18.85557	  71.85038	   7.50000	       10B
  18.85557	  76.20489	   7.50000	       10B
  21.36965	  67.49587	   7.50000	       11B
  21.36965	  71.85038	   7.50000	       10B
  21.36965	  76.20489	   7.50000	       11B
   0.00000	  65.31860	   7.50000	       11B
   0.00000	  69.67311	   7.50000	       11B
   0.00000	  74.02762	   7.50000	       11B
   2.51408	  65.31860	   7.50000	       11B
   2.51408	  69.67311	   7.50000	       11B
   2.51408	  74.02762	   7.50000	       11B
   5.02815	  65.31860	   7.50000	       11B
   5.02815	  69.67311	   7.50000	       11B
   5.02815	  74.02762	   7.50000	       11B
   7.54223	  65.31860	   7.50000	       11B
   7.54223	  69.67311	   7.50000	       10B
   7.54223	  74.02762	   7.50000	       11B
  10.05631	  65.31860	   7.50000	       11B
  10.05631	  69.67311	   7.50000	       11B
  10.05631	  74.02762	   7.50000	       10B
  12.57038	  65.31860	   7.50000	       11B
  12.57038	  69.67311	   7.50000	       11B
  12.57038	  74.02762	   7.50000	       11B
  15.08446	  65.31860	   7.50000	       11B
  15.08446	  69.67311	   7.50000	       11B
  15.08446	  74.02762	   7.50000	       10B
  17.59854	  65.31860	   7.50000	       11B
  17.59854	  69.67311	   7.50000	       11B
  17.59854	  74.02762	   7.50000	       11B
  20.11261	  65.31860	   7.50000	       10B
  20.11261	  69.67311	   7.50000	       11B
  20.11261	  74.02762	   7.50000	       10B
   1.25704	  68.94787	   7.50000	       14N
   1.25704	  73.30237	   7.50000	       14N
   1.25704	  64.59336	   7.50000	       14N
   3.77111	  68.94787	   7.50000	       14N
   3.77111	  73.30237	   7.50000	       14N
   3.77111	  64.59336	   7.50000	       14N
   6.28519	  68.94787	   7.50000	       14N
   6.28519	  73.30237	   7.50000	       14N
   6.28519	  64.59336	   7.50000	       14N
   8.79927	  68.94787	   7.50000	       14N
   8.79927	  73.30237	   7.50000	       14N
   8.79927	  64.59336	   7.50000	       14N
  11.31334	  68.94787	   7.50000	       14N
  11.31334	  73.30237	   7.50000	       14N
  11.31334	  64.59336	   7.50000	       14N
  13.82742	  68.94787	   7.50000	       14N
  13.82742	  73.30237	   7.50000	       14N
  13.82742	  64.59336	   7.50000	       14N
  16.34150	  68.94787	   7.50000	       14N
  16.34150	  73.30237	   7.50000	       14N
  16.34150	  64.59336	   7.50000	       14N
  18.85557	  68.94787	   7.50000	       14N
  18.85557	  73.30237	   7.50000	       14N
  18.85557	  64.59336	   7.50000	       14N
  21.36965	  68.94787	   7.50000	       14N
  21.36965	  73.30237	   7.50000	       14N
  21.36965	  64.59336	   7.50000	       14N
   0.00000	  66.77061	   7.50000	       14N
   0.00000	  71.12512	   7.50000	       14N
   0.00000	  75.47963	   7.50000	       14N
   2.51408	  66.77061	   7.50000	       14N
   2.51408	  71.12512	   7.50000	       14N
   2.51408	  75.47963	   7.50000	       14N
   5.02815	  66.77061	   7.50000	       14N
   5.02815	  71.12512	   7.50000	       14N
   5.02815	  75.47963	   7.50000	       14N
   7.54223	  66.77061	   7.50000	       14N
   7.54223	  71.12512	   7.50000	       14N
   7.54223	  75.47963	   7.50000	       14N
  10.05631	  66.77061	   7.50000	       14N
  10.05631	  71.12512	   7.50000	       14N
  10.05631	  75.47963	   7.50000	       14N
  12.57038	  66.77061	   7.50000	       15N
  12.57038	  71.12512	   7.50000	       14N
  12.57038	  75.47963	   7.50000	       14N
  15.08446	  66.77061	   7.50000	       14N
  15.08446	  71.12512	   7.50000	       14N
  15.08446	  75.47963	   7.50000	       14N
  17.59854	  66.77061	   7.50000	       14N
  17.59854	  71.12512	   7.50000	       14N
  17.59854	  75.47963	   7.50000	       14N
  20.11261	  66.77061	   7.50000	       14N
  20.11261	  71.12512	   7.50000	       14N
  20.11261	  75.47963	   7.50000	       14N
   0.00000	  78.38213	   7.50000	       11B
   2.51408	  78.38213	   7.50000	       11B
   5.02815	  78.38213	   7.50000	       11B
   7.54223	  78.38213	   7.50000	       10B
  10.05631	  78.38213	   7.50000	       11B
  12.57038	  78.38213	   7.50000	       11B
  15.08446	  78.38213	   7.50000	       11B
  17.59854	  78.38213	   7.50000	       11B
  20.11261	  78.38213	   7.50000	       10B
   1.25704	  77.65688	   7.50000	       14N
   3.77111	  77.65688	   7.50000	       14N
   6.28519	  77.65688	   7.50000	       14N
   8.79927	  77.65688	   7.50000	       14N
  11.31334	  77.65688	   7.50000	       14N
  13.82742	  77.65688	   7.50000	       14N
  16.34150	  77.65688	   7.50000	       14N
  18.85557	  77.65688	   7.50000	       14N
  21.36965	  77.65688	   7.50000	       14N
   0.00000	  79.83413	   7.50000	       14N
   2.51408	  79.83413	   7.50000	       14N
   5.02815	  79.83413	   7.50000	       14N
   7.54223	  79.83413	   7.50000	       14N
  10.05631	  79.83413	   7.50000	       14N
  12.57038	  79.83413	   7.50000	       14N
  15.08446	  79.83413	   7.50000	       14N
  17.59854	  79.83413	   7.50000	       14N
  20.11261	  79.83413	   7.50000	       14N
  23.86835	   2.17957	   7.50000	       11B
  23.86835	   6.53407	   7.50000	       10B
  23.86835	  10.88858	   7.50000	       11B
  26.35264	   2.17861	   7.50003	       10B
  26.35264	   6.53312	   7.50003	       10B
  26.35264	  10.88762	   7.50003	       11B
  28.74159	   2.18323	   8.00163	       11B
  28.74159	   6.53774	   8.00163	       11B
  28.74159	  10.89225	   8.00163	       11B
  30.67068	   2.17929	   9.56495	       10B
  30.67068	   6.53380	   9.56495	       11B
  30.67068	  10.88831	   9.56495	       11B
  32.92183	   2.18325	  10.48496	       10B
  32.92183	   6.53776	  10.48496	       11B
  32.92183	  10.89227	  10.48496	       11B
  35.17299	   2.17929	   9.56495	       10B
  35.17299	   6.53380	   9.56495	       11B
  35.17299	  10.88831	   9.56495	       11B
  37.10207	   2.18323	   8.00163	       11B
  37.10207	   6.53774	   8.00163	       11B
  37.10207	  10.89225	   8.00163	       11B
  39.49102	   2.17861	   7.50003	       11B
  39.49102	   6.53312	   7.50003	       10B
  39.49102	  10.88762	   7.50003	       11B
  41.97531	   2.17957	   7.50000	       11B
  41.97531	   6.53407	   7.50000	       11B
  41.97531	  10.88858	   7.50000	       11B
  22.62669	   0.00184	   7.50000	       11B
  22.62669	   4.35635	   7.50000	       11B
  22.62669	   8.71086	   7.50000	       11B
  25.11090	   0.00209	   7.50000	       11B
  25.11090	   4.35659	   7.50000	       11B
  25.11090	   8.71110	   7.50000	       11B
  27.59784	   0.00263	   7.50100	       11B
  27.59784	   4.35714	   7.50100	       11B
  27.59784	   8.71165	   7.50100	       11B
  29.73433	   0.00133	   8.73197	       10B
  29.73433	   4.35583	   8.73197	       11B
  29.73433	   8.71034	   8.73197	       11B
  31.71765	   0.00450	  10.22396	       11B
  31.71765	   4.35901	  10.22396	       10B
  31.71765	   8.71351	  10.22396	       11B
  34.12602	   0.00450	  10.22396	       11B
  34.12602	   4.35901	  10.22396	       11B
  34.12602	   8.71351	  10.22396	       11B
  36.10933	   0.00133	   8.73197	       11B
  36.10933	   4.35583	   8.73197	       11B
  36.10933	   8.71034	   8.73197	       11B
  38.24582	   0.00263	   7.50100	       11B
  38.24582	   4.35714	   7.50100	       11B
  38.24582	   8.71165	   7.50100	       11B
  40.73276	   0.00209	   7.50000	       11B
  40.73276	   4.35659	   7.50000	       11B
  40.73276	   8.71110	   7.50000	       11B
  23.86869	   3.62756	   7.50000	       14N
  23.86869	   7.98207	   7.50000	       14N
  26.35244	   3.62797	   7.50003	       14N
  26.35244	   7.98248	   7.50003	       14N
  28.78724	   3.62916	   7.91399	       14N
  28.78724	   7.98367	   7.91399	       14N
  30.64508	   3.62891	   9.58511	       14N
  30.64508	   7.98342	   9.58511	       14N
  32.92183	   3.62887	  10.57591	       14N
  32.92183	   7.98338	  10.57591	       14N
  35.19858	   3.62891	   9.58511	       14N
  35.19858	   7.98342	   9.58511	       14N
  37.05642	   3.62916	   7.91399	       14N
  37.05642	   7.98367	   7.91399	       14N
  39.49122	   3.62797	   7.50003	       14N
  39.49122	   7.98248	   7.50003	       14N
  41.97497	   3.62756	   7.50000	       14N
  41.97497	   7.98207	   7.50000	       14N
  22.62669	   1.45028	   7.50000	       14N
  22.62669	   5.80479	   7.50000	       14N
  22.62669	  10.15930	   7.50000	       14N
  25.11082	   1.45037	   7.50000	       14N
  25.11082	   5.80488	   7.50000	       14N
  25.11082	  10.15939	   7.50000	       14N
  27.59868	   1.45066	   7.50100	       14N
  27.59868	   5.80517	   7.50100	       14N
  27.59868	  10.15968	   7.50100	       14N
  29.74578	   1.45157	   8.73331	       14N
  29.74578	   5.80608	   8.73331	       14N
  29.74578	  10.16059	   8.73331	       14N
  31.68494	   1.45145	  10.29480	       14N
  31.68494	   5.80596	  10.29480	       14N
  31.68494	  10.16046	  10.29480	       14N
  34.15872	   1.45145	  10.29480	       14N
  34.15872	   5.80596	  10.29480	       14N
  34.15872	  10.16046	  10.29480	       14N
  36.09789	   1.45157	   8.73331	       14N
  36.09789	   5.80608	   8.73331	       14N
  36.09789	  10.16059	   8.73331	       14N
  38.24498	   1.45066	   7.50100	       14N
  38.24498	   5.80517	   7.50100	       14N
  38.24498	  10.15968	   7.50100	       14N
  40.73284	   1.45037	   7.50000	       14N
  40.73284	   5.80488	   7.50000	       14N
  40.73284	  10.15939	   7.50000	       14N
  23.86835	  15.24309	   7.50000	       11B
  23.86835	  19.59760	   7.50000	       10B
  23.86835	  23.95211	   7.50000	       11B
  26.35264	  15.24213	   7.50003	       11B
  26.35264	  19.59664	   7.50003	       11B
  26.35264	  23.95115	   7.50003	       11B
  28.74159	  15.24675	   8.00163	       11B
  28.74159	  19.60126	   8.00163	       11B
  28.74159	  23.95577	   8.00163	       11B
  30.67068	  15.24282	   9.56495	       11B
  30.67068	  19.59733	   9.56495	       11B
  30.67068	  23.95184	   9.56495	       11B
  32.92183	  15.24678	  10.48496	       11B
  32.92183	  19.60129	  10.48496	       11B
  32.92183	  23.95579	  10.48496	       11B
  35.17299	  15.24282	   9.56495	       11B
  35.17299	  19.59733	   9.56495	       11B
  35.17299	  23.95184	   9.56495	       11B
  37.10207	  15.24675	   8.00163	       11B
  37.10207	  19.60126	   8.00163	       11B
  37.10207	  23.95577	   8.00163	       11B
  39.49102	  15.24213	   7.50003	       11B
  39.49102	  19.59664	   7.50003	       10B
  39.49102	  23.95115	   7.50003	       11B
  41.97531	  15.24309	   7.50000	       11B
  41.97531	  19.59760	   7.50000	       11B
  41.97531	  23.95211	   7.50000	       11B
  22.62669	  13.06537	   7.50000	       11B
  22.62669	  17.41987	   7.50000	       11B
  22.62669	  21.77438	   7.50000	       11B
  25.11090	  13.06561	   7.50000	       10B
  25.11090	  17.42012	   7.50000	       11B
  25.11090	  21.77463	   7.50000	       11B
  27.59784	  13.06616	   7.50100	       11B
  27.59784	  17.42067	   7.50100	       11B
  27.59784	  21.77518	   7.50100	       11B
  29.73433	  13.06485	   8.73197	       10B
  29.73433	  17.41936	   8.73197	       11B
  29.73433	  21.77387	   8.73197	       11B
  31.71765	  13.06802	  10.22396	       11B
  31.71765	  17.42253	  10.22396	       11B
  31.71765	  21.77704	  10.22396	       11B
  34.12602	  13.06802	  10.22396	       11B
  34.12602	  17.42253	  10.22396	       10B
  34.12602	  21.77704	  10.22396	       11B
  36.10933	  13.06485	   8.73197	       10B
  36.10933	  17.41936	   8.73197	       11B
  36.10933	  21.77387	   8.73197	       10B
  38.24582	  13.06616	   7.50100	       11B
  38.24582	  17.42067	   7.50100	       11B
  38.24582	  21.77518	   7.50100	       11B
  40.73276	  13.06561	   7.50000	       11B
  40.73276	  17.42012	   7.50000	       10B
  40.73276	  21.77463	   7.50000	       11B
  23.86869	  16.69109	   7.50000	       14N
  23.86869	  21.04560	   7.50000	       14N
  23.86869	  12.33658	   7.50000	       14N
  26.35244	  16.69150	   7.50003	       14N
  26.35244	  21.04601	   7.50003	       14N
  26.35244	  12.33699	   7.50003	       14N
  28.78724	  16.69269	   7.91399	       14N
  28.78724	  21.04720	   7.91399	       14N
  28.78724	  12.33818	   7.91399	       14N
  30.64508	  16.69244	   9.58511	       14N
  30.64508	  21.04694	   9.58511	       14N
  30.64508	  12.33793	   9.58511	       14N
  32.92183	  16.69239	  10.57591	       14N
  32.92183	  21.04690	  10.57591	       14N
  32.92183	  12.33788	  10.57591	       14N
  35.19858	  16.69244	   9.58511	       14N
  35.19858	  21.04694	   9.58511	       14N
  35.19858	  12.33793	   9.58511	       14N
  37.05642	  16.69269	   7.91399	       14N
  37.05642	  21.04720	   7.91399	       14N
  37.05642	  12.33818	   7.91399	       14N
  39.49122	  16.69150	   7.50003	       14N
  39.49122	  21.04601	   7.50003	       14N
  39.49122	  12.33699	   7.50003	       14N
  41.97497	  16.69109	   7.50000	       14N
  41.97497	  21.04560	   7.50000	       14N
  41.97497	  12.33658	   7.50000	       14N
  22.62669	  14.51380	   7.50000	       14N
  22.62669	  18.86831	   7.50000	       14N
  22.62669	  23.22282	   7.50000	       14N
  25.11082	  14.51389	   7.50000	       14N
  25.11082	  18.86840	   7.50000	       14N
  25.11082	  23.22291	   7.50000	       14N
  27.59868	  14.51419	   7.50100	       14N
  27.59868	  18.86870	   7.50100	       14N
  27.59868	  23.22320	   7.50100	       14N
  29.74578	  14.51510	   8.73331	       14N
  29.74578	  18.86961	   8.73331	       14N
  29.74578	  23.22412	   8.73331	       14N
  31.68494	  14.51497	  10.29480	       14N
  31.68494	  18.86948	  10.29480	       14N
  31.68494	  23.22399	  10.29480	       14N
  34.15872	  14.51497	  10.29480	       14N
  34.15872	  18.86948	  10.29480	       14N
  34.15872	  23.22399	  10.29480	       14N
  36.09789	  14.51510	   8.73331	       14N
  36.09789	  18.86961	   8.73331	       14N
  36.09789	  23.22412	   8.73331	       14N
  38.24498	  14.51419	   7.50100	       14N
  38.24498	  18.86870	   7.50100	       14N
  38.24498	  23.22320	   7.50100	       14N
  40.73284	  14.51389	   7.50000	       14N
  40.73284	  18.86840	   7.50000	       14N
  40.73284	  23.22291	   7.50000	       14N
  23.86835	  28.30662	   7.50000	       11B
  23.86835	  32.66113	   7.50000	       11B
  23.86835	  37.01563	   7.50000	       10B
  26.35264	  28.30566	   7.50003	       11B
  26.35264	  32.66017	   7.50003	       11B
  26.35264	  37.01467	   7.50003	       11B
  28.74159	  28.31028	   8.00163	       11B
  28.74159	  32.66479	   8.00163	       11B
  28.74159	  37.01930	   8.00163	       11B
  30.67068	  28.30634	   9.56495	       11B
  30.67068	  32.66085	   9.56495	       11B
  30.67068	  37.01536	   9.56495	       11B
  32.92183	  28.31030	  10.48496	       11B
  32.92183	  32.66481	  10.48496	       11B
  32.92183	  37.01932	  10.48496	       11B
  35.17299	  28.30634	   9.56495	       11B
  35.17299	  32.66085	   9.56495	       11B
  35.17299	  37.01536	   9.56495	       11B
  37.10207	  28.31028	   8.00163	       11B
  37.10207	  32.66479	   8.00163	       11B
  37.10207	  37.01930	   8.00163	       11B
  39.49102	  28.30566	   7.50003	       11B
  39.49102	  32.66017	   7.50003	       11B
  39.49102	  37.01467	   7.50003	       11B
  41.97531	  28.30662	   7.50000	       11B
  41.97531	  32.66113	   7.50000	       11B
  41.97531	  37.01563	   7.50000	       11B
  22.62669	  26.12889	   7.50000	       10B
  22.62669	  30.48340	   7.50000	       11B
  22.62669	  34.83791	   7.50000	       10B
  25.11090	  26.12914	   7.50000	       11B
  25.11090	  30.48364	   7.50000	       11B
  25.11090	  34.83815	   7.50000	       10B
  27.59784	  26.12968	   7.50100	       11B
  27.59784	  30.48419	   7.50100	       10B
  27.59784	  34.83870	   7.50100	       11B
  29.73433	  26.12838	   8.73197	       11B
  29.73433	  30.48288	   8.73197	       11B
  29.73433	  34.83739	   8.73197	       11B
  31.71765	  26.13155	  10.22396	       11B
  31.71765	  30.48606	  10.22396	       11B
  31.71765	  34.84057	  10.22396	       11B
  34.12602	  26.13155	  10.22396	       11B
  34.12602	  30.48606	  10.22396	       10B
  34.12602	  34.84057	  10.22396	       11B
  36.10933	  26.12838	   8.73197	       10B
  36.10933	  30.48288	   8.73197	       11B
  36.10933	  34.83739	   8.73197	       11B
  38.24582	  26.12968	   7.50100	       10B
  38.24582	  30.48419	   7.50100	       11B
  38.24582	  34.83870	   7.50100	       11B
  40.73276	  26.12914	   7.50000	       11B
  40.73276	  30.48364	   7.50000	       11B
  40.73276	  34.83815	   7.50000	       11B
  23.86869	  29.75462	   7.50000	       14N
  23.86869	  34.10912	   7.50000	       14N
  23.86869	  25.40011	   7.50000	       14N
  26.35244	  29.75502	   7.50003	       14N
  26.35244	  34.10953	   7.50003	       14N
  26.35244	  25.40051	   7.50003	       14N
  28.78724	  29.75621	   7.91399	       14N
  28.78724	  34.11072	   7.91399	       14N
  28.78724	  25.40170	   7.91399	       14N
  30.64508	  29.75596	   9.58511	       14N
  30.64508	  34.11047	   9.58511	       14N
  30.64508	  25.40145	   9.58511	       14N
  32.92183	  29.75592	  10.57591	       14N
  32.92183	  34.11043	  10.57591	       14N
  32.92183	  25.40141	  10.57591	       14N
  35.19858	  29.75596	   9.58511	       14N
  35.19858	  34.11047	   9.58511	       14N
  35.19858	  25.40145	   9.58511	       14N
  37.05642	  29.75621	   7.91399	       14N
  37.05642	  34.11072	   7.91399	       14N
  37.05642	  25.40170	   7.91399	       14N
  39.49122	  29.75502	   7.50003	       14N
  39.49122	  34.10953	   7.50003	       14N
  39.49122	  25.40051	   7.50003	       14N
  41.97497	  29.75462	   7.50000	       14N
  41.97497	  34.10912	   7.50000	       14N
  41.97497	  25.40011	   7.50000	       14N
  22.62669	  27.57733	   7.50000	       14N
  22.62669	  31.93184	   7.50000	       14N
  22.62669	  36.28635	   7.50000	       14N
  25.11082	  27.57742	   7.50000	       14N
  25.11082	  31.93193	   7.50000	       14N
  25.11082	  36.28644	   7.50000	       14N
  27.59868	  27.57771	   7.50100	       14N
  27.59868	  31.93222	   7.50100	       14N
  27.59868	  36.28673	   7.50100	       14N
  29.74578	  27.57863	   8.73331	       14N
  29.74578	  31.93313	   8.73331	       14N
  29.74578	  36.28764	   8.73331	       14N
  31.68494	  27.57850	  10.29480	       14N
  31.68494	  31.93301	  10.29480	       14N
  31.68494	  36.28752	  10.29480	       14N
  34.15872	  27.57850	  10.29480	       14N
  34.15872	  31.93301	  10.29480	       14N
  34.15872	  36.28752	  10.29480	       14N
  36.09789	  27.57863	   8.73331	       14N
  36.09789	  31.93313	   8.73331	       14N
  36.09789	  36.28764	   8.73331	       14N
  38.24498	  27.57771	   7.50100	       14N
  38.24498	  31.93222	   7.50100	       14N
  38.24498	  36.28673	   7.50100	       14N
  40.73284	  27.57742	   7.50000	       14N
  40.73284	  31.93193	   7.50000	       14N
  40.73284	  36.28644	   7.50000	       14N
  23.87037	  41.36704	   7.50000	       11B
  23.87397	  45.72014	   7.50000	       11B
  23.87156	  50.07301	   7.50000	       10B
  26.35823	  41.36800	   7.50003	       10B
  26.36984	  45.71892	   7.50003	       11B
  26.36112	  50.07283	   7.50003	       11B
  28.75282	  41.37502	   7.99128	       11B
  28.79070	  45.72484	   7.96230	       11B
  28.75649	  50.08034	   7.99495	       11B
  30.68620	  41.37617	   9.54825	       11B
  30.79986	  45.72006	   9.48025	       11B
  30.68747	  50.08250	   9.55179	       11B
  32.92183	  41.37845	  10.50698	       11B
  32.92183	  50.09624	  10.49695	       11B
  35.15746	  41.37617	   9.54825	       11B
  35.04381	  45.72006	   9.48025	       10B
  35.15619	  50.08250	   9.55179	       10B
  37.09084	  41.37502	   7.99128	       10B
  37.05296	  45.72484	   7.96230	       11B
  37.08717	  50.08034	   7.99495	       11B
  39.48543	  41.36800	   7.50003	       11B
  39.47382	  45.71892	   7.50003	       11B
  39.48254	  50.07283	   7.50003	       11B
  41.97329	  41.36704	   7.50000	       11B
  41.96969	  45.72014	   7.50000	       11B
  41.97211	  50.07301	   7.50000	       11B
  22.62669	  39.18729	   7.50000	       10B
  22.62669	  43.54470	   7.50000	       11B
  22.62669	  47.89540	   7.50000	       11B
  25.11451	  39.18849	   7.50000	       11B
  25.11767	  43.54428	   7.50000	       11B
  25.12092	  47.89551	   7.50000	       11B
  27.60383	  39.19115	   7.50100	       11B
  27.61283	  43.54645	   7.50100	       11B
  27.61826	  47.89696	   7.50100	       10B
  29.74563	  39.19511	   8.72031	       11B
  29.78878	  43.55070	   8.67939	       11B
  29.80287	  47.89727	   8.67782	       11B
  31.71875	  39.20328	  10.22189	       10B
  31.74268	  43.56333	  10.23194	       11B
  31.75705	  47.90241	  10.23578	       11B
  34.12492	  39.20328	  10.22189	       11B
  34.10099	  43.56333	  10.23194	       11B
  34.08661	  47.90241	  10.23578	       11B
  36.09803	  39.19511	   8.72031	       11B
  36.05488	  43.55070	   8.67939	       10B
  36.04079	  47.89727	   8.67782	       11B
  38.23983	  39.19115	   7.50100	       11B
  38.23083	  43.54645	   7.50100	       11B
  38.22541	  47.89696	   7.50100	       11B
  40.72915	  39.18849	   7.50000	       10B
  40.72599	  43.54428	   7.50000	       11B
  40.72275	  47.89551	   7.50000	       11B
  23.87013	  42.81600	   7.50000	       14N
  23.87219	  47.16888	   7.50000	       14N
  23.86944	  38.45887	   7.50000	       14N
  26.35751	  42.81739	   7.50003	       14N
  26.36318	  47.16970	   7.50003	       14N
  26.35412	  38.46017	   7.50003	       14N
  28.80033	  42.81730	   7.89090	       14N
  28.81579	  47.17614	   7.88057	       14N
  28.79077	  38.46474	   7.90574	       14N
  30.67225	  42.81548	   9.54332	       14N
  30.74811	  47.17947	   9.48261	       14N
  30.65050	  38.47079	   9.57231	       14N
  32.92183	  42.79890	  10.62025	       14N
  32.92183	  38.47804	  10.58284	       14N
  35.17141	  42.81548	   9.54332	       14N
  35.09555	  47.17947	   9.48261	       14N
  35.19316	  38.47079	   9.57231	       14N
  37.04334	  42.81730	   7.89090	       14N
  37.02788	  47.17614	   7.88057	       14N
  37.05289	  38.46474	   7.90574	       14N
  39.48615	  42.81739	   7.50003	       14N
  39.48048	  47.16970	   7.50003	       14N
  39.48955	  38.46017	   7.50003	       14N
  41.97353	  42.81600	   7.50000	       14N
  41.97147	  47.16888	   7.50000	       14N
  41.97422	  38.45887	   7.50000	       14N
  22.62669	  40.63701	   7.50000	       14N
  22.62669	  44.99337	   7.50000	       14N
  22.62669	  49.34498	   7.50000	       14N
  25.11194	  40.63804	   7.50000	       14N
  25.11773	  44.99330	   7.50000	       14N
  25.11440	  49.34519	   7.50000	       14N
  27.59920	  40.63898	   7.50100	       14N
  27.61333	  44.99481	   7.50100	       15N
  27.60490	  49.34780	   7.50100	       14N
  29.75483	  40.64220	   8.71537	       14N
  29.82741	  44.99785	   8.63264	       14N
  29.77103	  49.35326	   8.70430	       14N
  31.68160	  40.64237	  10.29649	       14N
  31.68097	  49.37256	  10.30489	       14N
  34.16206	  40.64237	  10.29648	       14N
  34.16270	  49.37256	  10.30488	       14N
  36.08883	  40.64220	   8.71537	       14N
  36.01625	  44.99785	   8.63264	       14N
  36.07263	  49.35326	   8.70430	       14N
  38.24446	  40.63898	   7.50100	       14N
  38.23033	  44.99481	   7.50100	       14N
  38.23876	  49.34780	   7.50100	       14N
  40.73172	  40.63804	   7.50000	       14N
  40.72594	  44.99330	   7.50000	       14N
  40.72926	  49.34519	   7.50000	       14N
  34.17573	  44.95842	  10.26853	       14N
  31.66793	  44.95842	  10.26853	       14N
  32.92183	  47.31392	  10.79397	       14N
  23.86835	  54.43367	   7.50000	       10B
  23.86835	  58.78818	   7.50000	       10B
  23.86835	  63.14268	   7.50000	       11B
  26.35264	  54.43271	   7.50003	       11B
  26.35264	  58.78722	   7.50003	       11B
  26.35264	  63.14173	   7.50003	       11B
  28.74159	  54.43733	   8.00163	       11B
  28.74159	  58.79184	   8.00163	       10B
  28.74159	  63.14635	   8.00163	       10B
  30.67068	  54.43339	   9.56495	       11B
  30.67068	  58.78790	   9.56495	       10B
  30.67068	  63.14241	   9.56495	       11B
  32.92183	  54.43735	  10.48496	       10B
  32.92183	  58.79186	  10.48496	       11B
  32.92183	  63.14637	  10.48496	       11B
  35.17299	  54.43339	   9.56495	       11B
  35.17299	  58.78790	   9.56495	       11B
  35.17299	  63.14241	   9.56495	       11B
  37.10207	  54.43733	   8.00163	       11B
  37.10207	  58.79184	   8.00163	       11B
  37.10207	  63.14635	   8.00163	       10B
  39.49102	  54.43271	   7.50003	       11B
  39.49102	  58.78722	   7.50003	       11B
  39.49102	  63.14173	   7.50003	       11B
  41.97531	  54.43367	   7.50000	       11B
  41.97531	  58.78818	   7.50000	       11B
  41.97531	  63.14268	   7.50000	       11B
  22.62669	  52.25594	   7.50000	       11B
  22.62669	  56.61045	   7.50000	       11B
  22.62669	  60.96496	   7.50000	       10B
  25.11090	  52.25619	   7.50000	       10B
  25.11090	  56.61070	   7.50000	       11B
  25.11090	  60.96520	   7.50000	       11B
  27.59784	  52.25673	   7.50100	       11B
  27.59784	  56.61124	   7.50100	       11B
  27.59784	  60.96575	   7.50100	       11B
  29.73433	  52.25543	   8.73197	       11B
  29.73433	  56.60993	   8.73197	       11B
  29.73433	  60.96444	   8.73197	       11B
  31.71765	  52.25860	  10.22396	       11B
  31.71765	  56.61311	  10.22396	       11B
  31.71765	  60.96762	  10.22396	       11B
  34.12602	  52.25860	  10.22396	       11B
  34.12602	  56.61311	  10.22396	       10B
  34.12602	  60.96762	  10.22396	       11B
  36.10933	  52.25543	   8.73197	       11B
  36.10933	  56.60993	   8.73197	       11B
  36.10933	  60.96444	   8.73197	       11B
  38.24582	  52.25673	   7.50100	       11B
  38.24582	  56.61124	   7.50100	       10B
  38.24582	  60.96575	   7.50100	       11B
  40.73276	  52.25619	   7.50000	       11B
  40.73276	  56.61070	   7.50000	       11B
  40.73276	  60.96520	   7.50000	       11B
  23.86869	  55.88167	   7.50000	       14N
  23.86869	  60.23617	   7.50000	       14N
  23.86869	  51.52716	   7.50000	       14N
  26.35244	  55.88207	   7.50003	       14N
  26.35244	  60.23658	   7.50003	       14N
  26.35244	  51.52757	   7.50003	       14N
  28.78724	  55.88326	   7.91399	       14N
  28.78724	  60.23777	   7.91399	       14N
  28.78724	  51.52875	   7.91399	       14N
  30.64508	  55.88301	   9.58511	       14N
  30.64508	  60.23752	   9.58511	       14N
  30.64508	  51.52850	   9.58511	       14N
  32.92183	  55.88297	  10.57591	       14N
  32.92183	  60.23748	  10.57591	       14N
  32.92183	  51.52846	  10.57591	       14N
  35.19858	  55.88301	   9.58511	       14N
  35.19858	  60.23752	   9.58511	       14N
  35.19858	  51.52850	   9.58511	       14N
  37.05642	  55.88326	   7.91399	       14N
  37.05642	  60.23777	   7.91399	       14N
  37.05642	  51.52875	   7.91399	       14N
  39.49122	  55.88207	   7.50003	       14N
  39.49122	  60.23658	   7.50003	       14N
  39.49122	  51.52757	   7.50003	       14N
  41.97497	  55.88167	   7.50000	       14N
  41.97497	  60.23617	   7.50000	       14N
  41.97497	  51.52716	   7.50000	       14N
  22.62669	  53.70438	   7.50000	       14N
  22.62669	  58.05889	   7.50000	       14N
  22.62669	  62.41340	   7.50000	       14N
  25.11082	  53.70447	   7.50000	       14N
  25.11082	  58.05898	   7.50000	       14N
  25.11082	  62.41349	   7.50000	       14N
  27.59868	  53.70476	   7.50100	       14N
  27.59868	  58.05927	   7.50100	       14N
  27.59868	  62.41378	   7.50100	       14N
  29.74578	  53.70568	   8.73331	       14N
  29.74578	  58.06018	   8.73331	       14N
  29.74578	  62.41469	   8.73331	       14N
  31.68494	  53.70555	  10.29480	       14N
  31.68494	  58.06006	  10.29480	       14N
  31.68494	  62.41457	  10.29480	       14N
  34.15872	  53.70555	  10.29480	       14N
  34.15872	  58.06006	  10.29480	       14N
  34.15872	  62.41457	  10.29480	       14N
  36.09789	  53.70568	   8.73331	       14N
  36.09789	  58.06018	   8.73331	       14N
  36.09789	  62.41469	   8.73331	       14N
  38.24498	  53.70476	   7.50100	       14N
  38.24498	  58.05927	   7.50100	       14N
  38.24498	  62.41378	   7.50100	       14N
  40.73284	  53.70447	   7.50000	       14N
  40.73284	  58.05898	   7.50000	       14N
  40.73284	  62.41349	   7.50000	       14N
  23.86835	  67.49719	   7.50000	       11B
  23.86835	  71.85170	   7.50000	       11B
  23.86835	  76.20621	   7.50000	       11B
  26.35264	  67.49623	   7.50003	       11B
  26.35264	  71.85074	   7.50003	       11B
  26.35264	  76.20525	   7.50003	       11B
  28.74159	  67.50085	   8.00163	       11B
  28.74159	  71.85536	   8.00163	       11B
  28.74159	  76.20987	   8.00163	       10B
  30.67068	  67.49692	   9.56495	       11B
  30.67068	  71.85143	   9.56495	       10B
  30.67068	  76.20594	   9.56495	       11B
  32.92183	  67.50088	  10.48496	       11B
  32.92183	  71.85539	  10.48496	       11B
  32.92183	  76.20990	  10.48496	       11B
  35.17299	  67.49692	   9.56495	       11B
  35.17299	  71.85143	   9.56495	       11B
  35.17299	  76.20594	   9.56495	       11B
  37.10207	  67.50085	   8.00163	       10B
  37.10207	  71.85536	   8.00163	       11B
  37.10207	  76.20987	   8.00163	       11B
  39.49102	  67.49623	   7.50003	       11B
  39.49102	  71.85074	   7.50003	       10B
  39.49102	  76.20525	   7.50003	       11B
  41.97531	  67.49719	   7.50000	       10B
  41.97531	  71.85170	   7.50000	       11B
  41.97531	  76.20621	   7.50000	       11B
  22.62669	  65.31947	   7.50000	       11B
  22.62669	  69.67398	   7.50000	       11B
  22.62669	  74.02848	   7.50000	       11B
  25.11090	  65.31971	   7.50000	       11B
  25.11090	  69.67422	   7.50000	       11B
  25.11090	  74.02873	   7.50000	       11B
  27.59784	  65.32026	   7.50100	       11B
  27.59784	  69.67477	   7.50100	       11B
  27.59784	  74.02928	   7.50100	       11B
  29.73433	  65.31895	   8.73197	       10B
  29.73433	  69.67346	   8.73197	       10B
  29.73433	  74.02797	   8.73197	       11B
  31.71765	  65.32212	  10.22396	       10B
  31.71765	  69.67663	  10.22396	       11B
  31.71765	  74.03114	  10.22396	       11B
  34.12602	  65.32212	  10.22396	       10B
  34.12602	  69.67663	  10.22396	       11B
  34.12602	  74.03114	  10.22396	       11B
  36.10933	  65.31895	   8.73197	       11B
  36.10933	  69.67346	   8.73197	       11B
  36.10933	  74.02797	   8.73197	       10B
  38.24582	  65.32026	   7.50100	       11B
  38.24582	  69.67477	   7.50100	       11B
  38.24582	  74.02928	   7.50100	       11B
  40.73276	  65.31971	   7.50000	       10B
  40.73276	  69.67422	   7.50000	       11B
  40.73276	  74.02873	   7.50000	       11B
  23.86869	  68.94519	   7.50000	       14N
  23.86869	  73.29970	   7.50000	       14N
  23.86869	  64.59068	   7.50000	       14N
  26.35244	  68.94560	   7.50003	       14N
  26.35244	  73.30011	   7.50003	       14N
  26.35244	  64.59109	   7.50003	       14N
  28.78724	  68.94679	   7.91399	       14N
  28.78724	  73.30130	   7.91399	       14N
  28.78724	  64.59228	   7.91399	       14N
  30.64508	  68.94654	   9.58511	       14N
  30.64508	  73.30104	   9.58511	       14N
  30.64508	  64.59203	   9.58511	       14N
  32.92183	  68.94649	  10.57591	       14N
  32.92183	  73.30100	  10.57591	       14N
  32.92183	  64.59199	  10.57591	       14N
  35.19858	  68.94654	   9.58511	       14N
  35.19858	  73.30104	   9.58511	       14N
  35.19858	  64.59203	   9.58511	       14N
  37.05642	  68.94679	   7.91399	       14N
  37.05642	  73.30130	   7.91399	       14N
  37.05642	  64.59228	   7.91399	       14N
  39.49122	  68.94560	   7.50003	       14N
  39.49122	  73.30011	   7.50003	       14N
  39.49122	  64.59109	   7.50003	       14N
  41.97497	  68.94519	   7.50000	       14N
  41.97497	  73.29970	   7.50000	       14N
  41.97497	  64.59068	   7.50000	       14N
  22.62669	  66.76790	   7.50000	       14N
  22.62669	  71.12241	   7.50000	       14N
  22.62669	  75.47692	   7.50000	       14N
  25.11082	  66.76799	   7.50000	       14N
  25.11082	  71.12250	   7.50000	       14N
  25.11082	  75.47701	   7.50000	       14N
  27.59868	  66.76829	   7.50100	       14N
  27.59868	  71.12280	   7.50100	       14N
  27.59868	  75.47731	   7.50100	       14N
  29.74578	  66.76920	   8.73331	       14N
  29.74578	  71.12371	   8.73331	       14N
  29.74578	  75.47822	   8.73331	       14N
  31.68494	  66.76907	  10.29480	       14N
  31.68494	  71.12358	  10.29480	       14N
  31.68494	  75.47809	  10.29480	       14N
  34.15872	  66.76907	  10.29480	       14N
  34.15872	  71.12358	  10.29480	       14N
  34.15872	  75.47809	  10.29480	       14N
  36.09789	  66.76920	   8.73331	       14N
  36.09789	  71.12371	   8.73331	       14N
  36.09789	  75.47822	   8.73331	       14N
  38.24498	  66.76829	   7.50100	       14N
  38.24498	  71.12280	   7.50100	       14N
  38.24498	  75.47731	   7.50100	       14N
  40.73284	  66.76799	   7.50000	       14N
  40.73284	  71.12250	   7.50000	       14N
  40.73284	  75.47701	   7.50000	       14N
  22.62669	  78.38299	   7.50000	       11B
  25.11090	  78.38324	   7.50000	       11B
  27.59784	  78.38378	   7.50100	       11B
  29.73433	  78.38248	   8.73197	       11B
  31.71765	  78.38565	  10.22396	       11B
  34.12602	  78.38565	  10.22396	       11B
  36.10933	  78.38248	   8.73197	       11B
  38.24582	  78.38378	   7.50100	       11B
  40.73276	  78.38324	   7.50000	       10B
  23.86869	  77.65421	   7.50000	       14N
  26.35244	  77.65462	   7.50003	       14N
  28.78724	  77.65581	   7.91399	       14N
  30.64508	  77.65555	   9.58511	       14N
  32.92183	  77.65551	  10.57591	       14N
  35.19858	  77.65555	   9.58511	       14N
  37.05642	  77.65581	   7.91399	       14N
  39.49122	  77.65462	   7.50003	       14N
  41.97497	  77.65421	   7.50000	       14N
  22.62669	  79.83143	   7.50000	       14N
  25.11082	  79.83152	   7.50000	       14N
  27.59868	  79.83181	   7.50100	       14N
  29.74578	  79.83273	   8.73331	       14N
  31.68494	  79.83260	  10.29480	       14N
  34.15872	  79.83260	  10.29480	       14N
  36.09789	  79.83273	   8.73331	       14N
  38.24498	  79.83181	   7.50100	       14N
  40.73284	  79.83152	   7.50000	       14N
  44.47401	   2.17825	   7.50000	       11B
  44.47401	   6.53276	   7.50000	       11B
  44.47401	  10.88727	   7.50000	       11B
  46.98809	   2.17825	   7.50000	       10B
  46.98809	   6.53276	   7.50000	       10B
  46.98809	  10.88727	   7.50000	       10B
  49.50217	   2.17825	   7.50000	       10B
  49.50217	   6.53276	   7.50000	       11B
  49.50217	  10.88727	   7.50000	       10B
  52.01624	   2.17825	   7.50000	       11B
  52.01624	   6.53276	   7.50000	       10B
  52.01624	  10.88727	   7.50000	       11B
  54.53032	   2.17825	   7.50000	       11B
  54.53032	   6.53276	   7.50000	       11B
  54.53032	  10.88727	   7.50000	       11B
  57.04439	   2.17825	   7.50000	       11B
  57.04439	   6.53276	   7.50000	       11B
  57.04439	  10.88727	   7.50000	       11B
  59.55847	   2.17825	   7.50000	       11B
  59.55847	   6.53276	   7.50000	       11B
  59.55847	  10.88727	   7.50000	       11B
  62.07255	   2.17825	   7.50000	       11B
  62.07255	   6.53276	   7.50000	       10B
  62.07255	  10.88727	   7.50000	       11B
  64.58662	   2.17825	   7.50000	       10B
  64.58662	   6.53276	   7.50000	       11B
  64.58662	  10.88727	   7.50000	       11B
  43.21697	   0.00098	   7.50000	       11B
  43.21697	   4.35549	   7.50000	       11B
  43.21697	   8.71000	   7.50000	       11B
  45.73105	   0.00098	   7.50000	       11B
  45.73105	   4.35549	   7.50000	       11B
  45.73105	   8.71000	   7.50000	       11B
  48.24513	   0.00098	   7.50000	       11B
  48.24513	   4.35549	   7.50000	       11B
  48.24513	   8.71000	   7.50000	       11B
  50.75920	   0.00098	   7.50000	       11B
  50.75920	   4.35549	   7.50000	       11B
  50.75920	   8.71000	   7.50000	       11B
  53.27328	   0.00098	   7.50000	       11B
  53.27328	   4.35549	   7.50000	       11B
  53.27328	   8.71000	   7.50000	       10B
  55.78736	   0.00098	   7.50000	       11B
  55.78736	   4.35549	   7.50000	       11B
  55.78736	   8.71000	   7.50000	       11B
  58.30143	   0.00098	   7.50000	       11B
  58.30143	   4.35549	   7.50000	       10B
  58.30143	   8.71000	   7.50000	       10B
  60.81551	   0.00098	   7.50000	       11B
  60.81551	   4.35549	   7.50000	       11B
  60.81551	   8.71000	   7.50000	       11B
  63.32959	   0.00098	   7.50000	       11B
  63.32959	   4.35549	   7.50000	       11B
  63.32959	   8.71000	   7.50000	       11B
  44.47401	   3.63024	   7.50000	       14N
  44.47401	   7.98475	   7.50000	       14N
  46.98809	   3.63024	   7.50000	       14N
  46.98809	   7.98475	   7.50000	       14N
  49.50217	   3.63024	   7.50000	       14N
  49.50217	   7.98475	   7.50000	       14N
  52.01624	   3.63024	   7.50000	       14N
  52.01624	   7.98475	   7.50000	       14N
  54.53032	   3.63024	   7.50000	       14N
  54.53032	   7.98475	   7.50000	       14N
  57.04439	   3.63024	   7.50000	       14N
  57.04439	   7.98475	   7.50000	       14N
  59.55847	   3.63024	   7.50000	       14N
  59.55847	   7.98475	   7.50000	       14N
  62.07255	   3.63024	   7.50000	       14N
  62.07255	   7.98475	   7.50000	       14N
  64.58662	   3.63024	   7.50000	       14N
  64.58662	   7.98475	   7.50000	       14N
  43.21697	   1.45298	   7.50000	       14N
  43.21697	   5.80749	   7.50000	       14N
  43.21697	  10.16200	   7.50000	       14N
  45.73105	   1.45298	   7.50000	       14N
  45.73105	   5.80749	   7.50000	       14N
  45.73105	  10.16200	   7.50000	       14N
  48.24513	   1.45298	   7.50000	       14N
  48.24513	   5.80749	   7.50000	       14N
  48.24513	  10.16200	   7.50000	       14N
  50.75920	   1.45298	   7.50000	       14N
  50.75920	   5.80749	   7.50000	       14N
  50.75920	  10.16200	   7.50000	       14N
  53.27328	   1.45298	   7.50000	       14N
  53.27328	   5.80749	   7.50000	       14N
  53.27328	  10.16200	   7.50000	       14N
  55.78736	   1.45298	   7.50000	       14N
  55.78736	   5.80749	   7.50000	       14N
  55.78736	  10.16200	   7.50000	       14N
  58.30143	   1.45298	   7.50000	       14N
  58.30143	   5.80749	   7.50000	       14N
  58.30143	  10.16200	   7.50000	       14N
  60.81551	   1.45298	   7.50000	       14N
  60.81551	   5.80749	   7.50000	       14N
  60.81551	  10.16200	   7.50000	       14N
  63.32959	   1.45298	   7.50000	       14N
  63.32959	   5.80749	   7.50000	       14N
  63.32959	  10.16200	   7.50000	       14N
  44.47401	  15.24177	   7.50000	       11B
  44.47401	  19.59628	   7.50000	       11B
  44.47401	  23.95079	   7.50000	       10B
  46.98809	  15.24177	   7.50000	       11B
  46.98809	  19.59628	   7.50000	       11B
  46.98809	  23.95079	   7.50000	       11B
  49.50217	  15.24177	   7.50000	       11B
  49.50217	  19.59628	   7.50000	       11B
  49.50217	  23.95079	   7.50000	       11B
  52.01624	  15.24177	   7.50000	       11B
  52.01624	  19.59628	   7.50000	       11B
  52.01624	  23.95079	   7.50000	       10B
  54.53032	  15.24177	   7.50000	       10B
  54.53032	  19.59628	   7.50000	       10B
  54.53032	  23.95079	   7.50000	       11B
  57.04439	  15.24177	   7.50000	       11B
  57.04439	  19.59628	   7.50000	       11B
  57.04439	  23.95079	   7.50000	       11B
  59.55847	  15.24177	   7.50000	       11B
  59.55847	  19.59628	   7.50000	       10B
  59.55847	  23.95079	   7.50000	       11B
  62.07255	  15.24177	   7.50000	       11B
  62.07255	  19.59628	   7.50000	       10B
  62.07255	  23.95079	   7.50000	       10B
  64.58662	  15.24177	   7.50000	       10B
  64.58662	  19.59628	   7.50000	       11B
  64.58662	  23.95079	   7.50000	       10B
  43.21697	  13.06450	   7.50000	       11B
  43.21697	  17.41901	   7.50000	       11B
  43.21697	  21.77352	   7.50000	       11B
  45.73105	  13.06450	   7.50000	       11B
  45.73105	  17.41901	   7.50000	       10B
  45.73105	  21.77352	   7.50000	       11B
  48.24513	  13.06450	   7.50000	       11B
  48.24513	  17.41901	   7.50000	       10B
  48.24513	  21.77352	   7.50000	       10B
  50.75920	  13.06450	   7.50000	       11B
  50.75920	  17.41901	   7.50000	       11B
  50.75920	  21.77352	   7.50000	       11B
  53.27328	  13.06450	   7.50000	       11B
  53.27328	  17.41901	   7.50000	       11B
  53.27328	  21.77352	   7.50000	       11B
  55.78736	  13.06450	   7.50000	       11B
  55.78736	  17.41901	   7.50000	       10B
  55.78736	  21.77352	   7.50000	       10B
  58.30143	  13.06450	   7.50000	       11B
  58.30143	  17.41901	   7.50000	       11B
  58.30143	  21.77352	   7.50000	       11B
  60.81551	  13.06450	   7.50000	       11B
  60.81551	  17.41901	   7.50000	       10B
  60.81551	  21.77352	   7.50000	       11B
  63.32959	  13.06450	   7.50000	       11B
  63.32959	  17.41901	   7.50000	       11B
  63.32959	  21.77352	   7.50000	       11B
  44.47401	  16.69376	   7.50000	       14N
  44.47401	  21.04827	   7.50000	       14N
  44.47401	  12.33926	   7.50000	       14N
  46.98809	  16.69376	   7.50000	       14N
  46.98809	  21.04827	   7.50000	       14N
  46.98809	  12.33926	   7.50000	       14N
  49.50217	  16.69376	   7.50000	       14N
  49.50217	  21.04827	   7.50000	       14N
  49.50217	  12.33926	   7.50000	       14N
  52.01624	  16.69376	   7.50000	       14N
  52.01624	  21.04827	   7.50000	       14N
  52.01624	  12.33926	   7.50000	       14N
  54.53032	  16.69376	   7.50000	       14N
  54.53032	  21.04827	   7.50000	       14N
  54.53032	  12.33926	   7.50000	       14N
  57.04439	  16.69376	   7.50000	       14N
  57.04439	  21.04827	   7.50000	       14N
  57.04439	  12.33926	   7.50000	       14N
  59.55847	  16.69376	   7.50000	       14N
  59.55847	  21.04827	   7.50000	       14N
  59.55847	  12.33926	   7.50000	       14N
  62.07255	  16.69376	   7.50000	       14N
  62.07255	  21.04827	   7.50000	       14N
  62.07255	  12.33926	   7.50000	       14N
  64.58662	  16.69376	   7.50000	       14N
  64.58662	  21.04827	   7.50000	       14N
  64.58662	  12.33926	   7.50000	       14N
  43.21697	  14.51651	   7.50000	       14N
  43.21697	  18.87102	   7.50000	       14N
  43.21697	  23.22552	   7.50000	       14N
  45.73105	  14.51651	   7.50000	       14N
  45.73105	  18.87102	   7.50000	       14N
  45.73105	  23.22552	   7.50000	       14N
  48.24513	  14.51651	   7.50000	       14N
  48.24513	  18.87102	   7.50000	       14N
  48.24513	  23.22552	   7.50000	       14N
  50.75920	  14.51651	   7.50000	       14N
  50.75920	  18.87102	   7.50000	       14N
  50.75920	  23.22552	   7.50000	       14N
  53.27328	  14.51651	   7.50000	       14N
  53.27328	  18.87102	   7.50000	       14N
  53.27328	  23.22552	   7.50000	       14N
  55.78736	  14.51651	   7.50000	       14N
  55.78736	  18.87102	   7.50000	       14N
  55.78736	  23.22552	   7.50000	       14N
  58.30143	  14.51651	   7.50000	       14N
  58.30143	  18.87102	   7.50000	       14N
  58.30143	  23.22552	   7.50000	       14N
  60.81551	  14.51651	   7.50000	       14N
  60.81551	  18.87102	   7.50000	       14N
  60.81551	  23.22552	   7.50000	       14N
  63.32959	  14.51651	   7.50000	       14N
  63.32959	  18.87102	   7.50000	       14N
  63.32959	  23.22552	   7.50000	       14N
  44.47401	  28.30530	   7.50000	       11B
  44.47401	  32.65981	   7.50000	       10B
  44.47401	  37.01432	   7.50000	       11B
  46.98809	  28.30530	   7.50000	       11B
  46.98809	  32.65981	   7.50000	       11B
  46.98809	  37.01432	   7.50000	       10B
  49.50217	  28.30530	   7.50000	       10B
  49.50217	  32.65981	   7.50000	       11B
  49.50217	  37.01432	   7.50000	       11B
  52.01624	  28.30530	   7.50000	       11B
  52.01624	  32.65981	   7.50000	       11B
  52.01624	  37.01432	   7.50000	       11B
  54.53032	  28.30530	   7.50000	       11B
  54.53032	  32.65981	   7.50000	       11B
  54.53032	  37.01432	   7.50000	       10B
  57.04439	  28.30530	   7.50000	       11B
  57.04439	  32.65981	   7.50000	       11B
  57.04439	  37.01432	   7.50000	       11B
  59.55847	  28.30530	   7.50000	       11B
  59.55847	  32.65981	   7.50000	       10B
  59.55847	  37.01432	   7.50000	       11B
  62.07255	  28.30530	   7.50000	       10B
  62.07255	  32.65981	   7.50000	       11B
  62.07255	  37.01432	   7.50000	       11B
  64.58662	  28.30530	   7.50000	       11B
  64.58662	  32.65981	   7.50000	       11B
  64.58662	  37.01432	   7.50000	       11B
  43.21697	  26.12803	   7.50000	       10B
  43.21697	  30.48254	   7.50000	       10B
  43.21697	  34.83705	   7.50000	       11B
  45.73105	  26.12803	   7.50000	       11B
  45.73105	  30.48254	   7.50000	       10B
  45.73105	  34.83705	   7.50000	       11B
  48.24513	  26.12803	   7.50000	       11B
  48.24513	  30.48254	   7.50000	       11B
  48.24513	  34.83705	   7.50000	       11B
  50.75920	  26.12803	   7.50000	       11B
  50.75920	  30.48254	   7.50000	       11B
  50.75920	  34.83705	   7.50000	       11B
  53.27328	  26.12803	   7.50000	       11B
  53.27328	  30.48254	   7.50000	       11B
  53.27328	  34.83705	   7.50000	       10B
  55.78736	  26.12803	   7.50000	       10B
  55.78736	  30.48254	   7.50000	       11B
  55.78736	  34.83705	   7.50000	       11B
  58.30143	  26.12803	   7.50000	       10B
  58.30143	  30.48254	   7.50000	       11B
  58.30143	  34.83705	   7.50000	       11B
  60.81551	  26.12803	   7.50000	       11B
  60.81551	  30.48254	   7.50000	       11B
  60.81551	  34.83705	   7.50000	       11B
  63.32959	  26.12803	   7.50000	       11B
  63.32959	  30.48254	   7.50000	       11B
  63.32959	  34.83705	   7.50000	       11B
  44.47401	  29.75729	   7.50000	       14N
  44.47401	  34.11180	   7.50000	       14N
  44.47401	  25.40278	   7.50000	       14N
  46.98809	  29.75729	   7.50000	       14N
  46.98809	  34.11180	   7.50000	       14N
  46.98809	  25.40278	   7.50000	       14N
  49.50217	  29.75729	   7.50000	       14N
  49.50217	  34.11180	   7.50000	       14N
  49.50217	  25.40278	   7.50000	       14N
  52.01624	  29.75729	   7.50000	       14N
  52.01624	  34.11180	   7.50000	       14N
  52.01624	  25.40278	   7.50000	       14N
  54.53032	  29.75729	   7.50000	       14N
  54.53032	  34.11180	   7.50000	       14N
  54.53032	  25.40278	   7.50000	       14N
  57.04439	  29.75729	   7.50000	       14N
  57.04439	  34.11180	   7.50000	       14N
  57.04439	  25.40278	   7.50000	       14N
  59.55847	  29.75729	   7.50000	       14N
  59.55847	  34.11180	   7.50000	       14N
  59.55847	  25.40278	   7.50000	       14N
  62.07255	  29.75729	   7.50000	       14N
  62.07255	  34.11180	   7.50000	       14N
  62.07255	  25.40278	   7.50000	       14N
  64.58662	  29.75729	   7.50000	       14N
  64.58662	  34.11180	   7.50000	       14N
  64.58662	  25.40278	   7.50000	       14N
  43.21697	  27.58003	   7.50000	       14N
  43.21697	  31.93454	   7.50000	       14N
  43.21697	  36.28905	   7.50000	       14N
  45.73105	  27.58003	   7.50000	       14N
  45.73105	  31.93454	   7.50000	       14N
  45.73105	  36.28905	   7.50000	       14N
  48.24513	  27.58003	   7.50000	       14N
  48.24513	  31.93454	   7.50000	       14N
  48.24513	  36.28905	   7.50000	       14N
  50.75920	  27.58003	   7.50000	       14N
  50.75920	  31.93454	   7.50000	       14N
  50.75920	  36.28905	   7.50000	       14N
  53.27328	  27.58003	   7.50000	       14N
  53.27328	  31.93454	   7.50000	       14N
  53.27328	  36.28905	   7.50000	       14N
  55.78736	  27.58003	   7.50000	       14N
  55.78736	  31.93454	   7.50000	       14N
  55.78736	  36.28905	   7.50000	       14N
  58.30143	  27.58003	   7.50000	       14N
  58.30143	  31.93454	   7.50000	       14N
  58.30143	  36.28905	   7.50000	       14N
  60.81551	  27.58003	   7.50000	       14N
  60.81551	  31.93454	   7.50000	       14N
  60.81551	  36.28905	   7.50000	       14N
  63.32959	  27.58003	   7.50000	       14N
  63.32959	  31.93454	   7.50000	       14N
  63.32959	  36.28905	   7.50000	       14N
  44.47401	  41.36882	   7.50000	       11B
  44.47401	  45.72333	   7.50000	       10B
  44.47401	  50.07784	   7.50000	       11B
  46.98809	  41.36882	   7.50000	       10B
  46.98809	  45.72333	   7.50000	       11B
  46.98809	  50.07784	   7.50000	       11B
  49.50217	  41.36882	   7.50000	       11B
  49.50217	  45.72333	   7.50000	       11B
  49.50217	  50.07784	   7.50000	       10B
  52.01624	  41.36882	   7.50000	       11B
  52.01624	  45.72333	   7.50000	       11B
  52.01624	  50.07784	   7.50000	       11B
  54.53032	  41.36882	   7.50000	       11B
  54.53032	  45.72333	   7.50000	       11B
  54.53032	  50.07784	   7.50000	       11B
  57.04439	  41.36882	   7.50000	       10B
  57.04439	  45.72333	   7.50000	       10B
  57.04439	  50.07784	   7.50000	       11B
  59.55847	  41.36882	   7.50000	       11B
  59.55847	  45.72333	   7.50000	       10B
  59.55847	  50.07784	   7.50000	       10B
  62.07255	  41.36882	   7.50000	       10B
  62.07255	  45.72333	   7.50000	       11B
  62.07255	  50.07784	   7.50000	       11B
  64.58662	  41.36882	   7.50000	       11B
  64.58662	  45.72333	   7.50000	       10B
  64.58662	  50.07784	   7.50000	       11B
  43.21697	  39.19155	   7.50000	       11B
  43.21697	  43.54606	   7.50000	       11B
  43.21697	  47.90057	   7.50000	       11B
  45.73105	  39.19155	   7.50000	       10B
  45.73105	  43.54606	   7.50000	       10B
  45.73105	  47.90057	   7.50000	       11B
  48.24513	  39.19155	   7.50000	       11B
  48.24513	  43.54606	   7.50000	       11B
  48.24513	  47.90057	   7.50000	       11B
  50.75920	  39.19155	   7.50000	       11B
  50.75920	  43.54606	   7.50000	       11B
  50.75920	  47.90057	   7.50000	       11B
  53.27328	  39.19155	   7.50000	       11B
  53.27328	  43.54606	   7.50000	       11B
  53.27328	  47.90057	   7.50000	       10B
  55.78736	  39.19155	   7.50000	       11B
  55.78736	  43.54606	   7.50000	       10B
  55.78736	  47.90057	   7.50000	       11B
  58.30143	  39.19155	   7.50000	       11B
  58.30143	  43.54606	   7.50000	       11B
  58.30143	  47.90057	   7.50000	       11B
  60.81551	  39.19155	   7.50000	       11B
  60.81551	  43.54606	   7.50000	       11B
  60.81551	  47.90057	   7.50000	       11B
  63.32959	  39.19155	   7.50000	       11B
  63.32959	  43.54606	   7.50000	       10B
  63.32959	  47.90057	   7.50000	       11B
  44.47401	  42.82082	   7.50000	       14N
  44.47401	  47.17532	   7.50000	       14N
  44.47401	  38.46631	   7.50000	       14N
  46.98809	  42.82082	   7.50000	       14N
  46.98809	  47.17532	   7.50000	       14N
  46.98809	  38.46631	   7.50000	       14N
  49.50217	  42.82082	   7.50000	       14N
  49.50217	  47.17532	   7.50000	       14N
  49.50217	  38.46631	   7.50000	       14N
  52.01624	  42.82082	   7.50000	       14N
  52.01624	  47.17532	   7.50000	       14N
  52.01624	  38.46631	   7.50000	       14N
  54.53032	  42.82082	   7.50000	       14N
  54.53032	  47.17532	   7.50000	       14N
  54.53032	  38.46631	   7.50000	       14N
  57.04439	  42.82082	   7.50000	       14N
  57.04439	  47.17532	   7.50000	       14N
  57.04439	  38.46631	   7.50000	       14N
  59.55847	  42.82082	   7.50000	       14N
  59.55847	  47.17532	   7.50000	       14N
  59.55847	  38.46631	   7.50000	       14N
  62.07255	  42.82082	   7.50000	       14N
  62.07255	  47.17532	   7.50000	       14N
  62.07255	  38.46631	   7.50000	       14N
  64.58662	  42.82082	   7.50000	       14N
  64.58662	  47.17532	   7.50000	       14N
  64.58662	  38.46631	   7.50000	       14N
  43.21697	  40.64356	   7.50000	       14N
  43.21697	  44.99807	   7.50000	       14N
  43.21697	  49.35257	   7.50000	       14N
  45.73105	  40.64356	   7.50000	       14N
  45.73105	  44.99807	   7.50000	       14N
  45.73105	  49.35257	   7.50000	       14N
  48.24513	  40.64356	   7.50000	       14N
  48.24513	  44.99807	   7.50000	       14N
  48.24513	  49.35257	   7.50000	       14N
  50.75920	  40.64356	   7.50000	       14N
  50.75920	  44.99807	   7.50000	       14N
  50.75920	  49.35257	   7.50000	       14N
  53.27328	  40.64356	   7.50000	       14N
  53.27328	  44.99807	   7.50000	       14N
  53.27328	  49.35257	   7.50000	       14N
  55.78736	  40.64356	   7.50000	       14N
  55.78736	  44.99807	   7.50000	       14N
  55.78736	  49.35257	   7.50000	       14N
  58.30143	  40.64356	   7.50000	       14N
  58.30143	  44.99807	   7.50000	       14N
  58.30143	  49.35257	   7.50000	       14N
  60.81551	  40.64356	   7.50000	       14N
  60.81551	  44.99807	   7.50000	       14N
  60.81551	  49.35257	   7.50000	       14N
  63.32959	  40.64356	   7.50000	       14N
  63.32959	  44.99807	   7.50000	       14N
  63.32959	  49.35257	   7.50000	       14N
  44.47401	  54.43235	   7.50000	       10B
  44.47401	  58.78686	   7.50000	       11B
  44.47401	  63.14137	   7.50000	       11B
  46.98809	  54.43235	   7.50000	       11B
  46.98809	  58.78686	   7.50000	       11B
  46.98809	  63.14137	   7.50000	       11B
  49.50217	  54.43235	   7.50000	       10B
  49.50217	  58.78686	   7.50000	       11B
  49.50217	  63.14137	   7.50000	       11B
  52.01624	  54.43235	   7.50000	       11B
  52.01624	  58.78686	   7.50000	       10B
  52.01624	  63.14137	   7.50000	       11B
  54.53032	  54.43235	   7.50000	       11B
  54.53032	  58.78686	   7.50000	       11B
  54.53032	  63.14137	   7.50000	       10B
  57.04439	  54.43235	   7.50000	       10B
  57.04439	  58.78686	   7.50000	       11B
  57.04439	  63.14137	   7.50000	       11B
  59.55847	  54.43235	   7.50000	       11B
  59.55847	  58.78686	   7.50000	       11B
  59.55847	  63.14137	   7.50000	       10B
  62.07255	  54.43235	   7.50000	       11B
  62.07255	  58.78686	   7.50000	       11B
  62.07255	  63.14137	   7.50000	       11B
  64.58662	  54.43235	   7.50000	       11B
  64.58662	  58.78686	   7.50000	       11B
  64.58662	  63.14137	   7.50000	       11B
  43.21697	  52.25508	   7.50000	       11B
  43.21697	  56.60959	   7.50000	       11B
  43.21697	  60.96410	   7.50000	       10B
  45.73105	  52.25508	   7.50000	       10B
  45.73105	  56.60959	   7.50000	       11B
  45.73105	  60.96410	   7.50000	       11B
  48.24513	  52.25508	   7.50000	       11B
  48.24513	  56.60959	   7.50000	       10B
  48.24513	  60.96410	   7.50000	       11B
  50.75920	  52.25508	   7.50000	       11B
  50.75920	  56.60959	   7.50000	       11B
  50.75920	  60.96410	   7.50000	       11B
  53.27328	  52.25508	   7.50000	       10B
  53.27328	  56.60959	   7.50000	       11B
  53.27328	  60.96410	   7.50000	       10B
  55.78736	  52.25508	   7.50000	       11B
  55.78736	  56.60959	   7.50000	       11B
  55.78736	  60.96410	   7.50000	       11B
  58.30143	  52.25508	   7.50000	       11B
  58.30143	  56.60959	   7.50000	       11B
  58.30143	  60.96410	   7.50000	       11B
  60.81551	  52.25508	   7.50000	       11B
  60.81551	  56.60959	   7.50000	       11B
  60.81551	  60.96410	   7.50000	       11B
  63.32959	  52.25508	   7.50000	       10B
  63.32959	  56.60959	   7.50000	       11B
  63.32959	  60.96410	   7.50000	       11B
  44.47401	  55.88434	   7.50000	       14N
  44.47401	  60.23885	   7.50000	       14N
  44.47401	  51.52983	   7.50000	       14N
  46.98809	  55.88434	   7.50000	       14N
  46.98809	  60.23885	   7.50000	       14N
  46.98809	  51.52983	   7.50000	       14N
  49.50217	  55.88434	   7.50000	       14N
  49.50217	  60.23885	   7.50000	       14N
  49.50217	  51.52983	   7.50000	       14N
  52.01624	  55.88434	   7.50000	       14N
  52.01624	  60.23885	   7.50000	       14N
  52.01624	  51.52983	   7.50000	       14N
  54.53032	  55.88434	   7.50000	       14N
  54.53032	  60.23885	   7.50000	       14N
  54.53032	  51.52983	   7.50000	       14N
  57.04439	  55.88434	   7.50000	       14N
  57.04439	  60.23885	   7.50000	       14N
  57.04439	  51.52983	   7.50000	       14N
  59.55847	  55.88434	   7.50000	       14N
  59.55847	  60.23885	   7.50000	       14N
  59.55847	  51.52983	   7.50000	       14N
  62.07255	  55.88434	   7.50000	       14N
  62.07255	  60.23885	   7.50000	       14N
  62.07255	  51.52983	   7.50000	       14N
  64.58662	  55.88434	   7.50000	       14N
  64.58662	  60.23885	   7.50000	       14N
  64.58662	  51.52983	   7.50000	       14N
  43.21697	  53.70708	   7.50000	       14N
  43.21697	  58.06159	   7.50000	       14N
  43.21697	  62.41610	   7.50000	       14N
  45.73105	  53.70708	   7.50000	       14N
  45.73105	  58.06159	   7.50000	       14N
  45.73105	  62.41610	   7.50000	       14N
  48.24513	  53.70708	   7.50000	       14N
  48.24513	  58.06159	   7.50000	       14N
  48.24513	  62.41610	   7.50000	       14N
  50.75920	  53.70708	   7.50000	       14N
  50.75920	  58.06159	   7.50000	       14N
  50.75920	  62.41610	   7.50000	       14N
  53.27328	  53.70708	   7.50000	       14N
  53.27328	  58.06159	   7.50000	       14N
  53.27328	  62.41610	   7.50000	       14N
  55.78736	  53.70708	   7.50000	       14N
  55.78736	  58.06159	   7.50000	       14N
  55.78736	  62.41610	   7.50000	       14N
  58.30143	  53.70708	   7.50000	       14N
  58.30143	  58.06159	   7.50000	       14N
  58.30143	  62.41610	   7.50000	       14N
  60.81551	  53.70708	   7.50000	       14N
  60.81551	  58.06159	   7.50000	       14N
  60.81551	  62.41610	   7.50000	       14N
  63.32959	  53.70708	   7.50000	       14N
  63.32959	  58.06159	   7.50000	       14N
  63.32959	  62.41610	   7.50000	       14N
  44.47401	  67.49587	   7.50000	       11B
  44.47401	  71.85038	   7.50000	       11B
  44.47401	  76.20489	   7.50000	       11B
  46.98809	  67.49587	   7.50000	       10B
  46.98809	  71.85038	   7.50000	       11B
  46.98809	  76.20489	   7.50000	       11B
  49.50217	  67.49587	   7.50000	       11B
  49.50217	  71.85038	   7.50000	       11B
  49.50217	  76.20489	   7.50000	       10B
  52.01624	  67.49587	   7.50000	       10B
  52.01624	  71.85038	   7.50000	       11B
  52.01624	  76.20489	   7.50000	       11B
  54.53032	  67.49587	   7.50000	       11B
  54.53032	  71.85038	   7.50000	       11B
  54.53032	  76.20489	   7.50000	       11B
  57.04439	  67.49587	   7.50000	       11B
  57.04439	  71.85038	   7.50000	       11B
  57.04439	  76.20489	   7.50000	       11B
  59.55847	  67.49587	   7.50000	       11B
  59.55847	  71.85038	   7.50000	       10B
  59.55847	  76.20489	   7.50000	       11B
  62.07255	  67.49587	   7.50000	       11B
  62.07255	  71.85038	   7.50000	       11B
  62.07255	  76.20489	   7.50000	       11B
  64.58662	  67.49587	   7.50000	       11B
  64.58662	  71.85038	   7.50000	       11B
  64.58662	  76.20489	   7.50000	       10B
  43.21697	  65.31860	   7.50000	       11B
  43.21697	  69.67311	   7.50000	       11B
  43.21697	  74.02762	   7.50000	       11B
  45.73105	  65.31860	   7.50000	       11B
  45.73105	  69.67311	   7.50000	       11B
  45.73105	  74.02762	   7.50000	       10B
  48.24513	  65.31860	   7.50000	       11B
  48.24513	  69.67311	   7.50000	       11B
  48.24513	  74.02762	   7.50000	       11B
  50.75920	  65.31860	   7.50000	       10B
  50.75920	  69.67311	   7.50000	       11B
  50.75920	  74.02762	   7.50000	       10B
  53.27328	  65.31860	   7.50000	       11B
  53.27328	  69.67311	   7.50000	       11B
  53.27328	  74.02762	   7.50000	       11B
  55.78736	  65.31860	   7.50000	       11B
  55.78736	  69.67311	   7.50000	       11B
  55.78736	  74.02762	   7.50000	       11B
  58.30143	  65.31860	   7.50000	       11B
  58.30143	  69.67311	   7.50000	       11B
  58.30143	  74.02762	   7.50000	       11B
  60.81551	  65.31860	   7.50000	       10B
  60.81551	  69.67311	   7.50000	       11B
  60.81551	  74.02762	   7.50000	       11B
  63.32959	  65.31860	   7.50000	       11B
  63.32959	  69.67311	   7.50000	       11B
  63.32959	  74.02762	   7.50000	       11B
  44.47401	  68.94787	   7.50000	       14N
  44.47401	  73.30237	   7.50000	       14N
  44.47401	  64.59336	   7.50000	       14N
  46.98809	  68.94787	   7.50000	       14N
  46.98809	  73.30237	   7.50000	       14N
  46.98809	  64.59336	   7.50000	       14N
  49.50217	  68.94787	   7.50000	       14N
  49.50217	  73.30237	   7.50000	       14N
  49.50217	  64.59336	   7.50000	       14N
  52.01624	  68.94787	   7.50000	       14N
  52.01624	  73.30237	   7.50000	       14N
  52.01624	  64.59336	   7.50000	       14N
  54.53032	  68.94787	   7.50000	       14N
  54.53032	  73.30237	   7.50000	       14N
  54.53032	  64.59336	   7.50000	       14N
  57.04439	  68.94787	   7.50000	       14N
  57.04439	  73.30237	   7.50000	       14N
  57.04439	  64.59336	   7.50000	       14N
  59.55847	  68.94787	   7.50000	       14N
  59.55847	  73.30237	   7.50000	       14N
  59.55847	  64.59336	   7.50000	       14N
  62.07255	  68.94787	   7.50000	       14N
  62.07255	  73.30237	   7.50000	       14N
  62.07255	  64.59336	   7.50000	       14N
  64.58662	  68.94787	   7.50000	       14N
  64.58662	  73.30237	   7.50000	       14N
  64.58662	  64.59336	   7.50000	       14N
  43.21697	  66.77061	   7.50000	       14N
  43.21697	  71.12512	   7.50000	       14N
  43.21697	  75.47963	   7.50000	       14N
  45.73105	  66.77061	   7.50000	       14N
  45.73105	  71.12512	   7.50000	       14N
  45.73105	  75.47963	   7.50000	       14N
  48.24513	  66.77061	   7.50000	       14N
  48.24513	  71.12512	   7.50000	       14N
  48.24513	  75.47963	   7.50000	       14N
  50.75920	  66.77061	   7.50000	       14N
  50.75920	  71.12512	   7.50000	       14N
  50.75920	  75.47963	   7.50000	       14N
  53.27328	  66.77061	   7.50000	       14N
  53.27328	  71.12512	   7.50000	       14N
  53.27328	  75.47963	   7.50000	       14N
  55.78736	  66.77061	   7.50000	       14N
  55.78736	  71.12512	   7.50000	       14N
  55.78736	  75.47963	   7.50000	       14N
  58.30143	  66.77061	   7.50000	       14N
  58.30143	  71.12512	   7.50000	       14N
  58.30143	  75.47963	   7.50000	       14N
  60.81551	  66.77061	   7.50000	       14N
  60.81551	  71.12512	   7.50000	       14N
  60.81551	  75.47963	   7.50000	       14N
  63.32959	  66.77061	   7.50000	       14N
  63.32959	  71.12512	   7.50000	       14N
  63.32959	  75.47963	   7.50000	       14N
  43.21697	  78.38213	   7.50000	       11B
  45.73105	  78.38213	   7.50000	       11B
  48.24513	  78.38213	   7.50000	       10B
  50.75920	  78.38213	   7.50000	       11B
  53.27328	  78.38213	   7.50000	       11B
  55.78736	  78.38213	   7.50000	       11B
  58.30143	  78.38213	   7.50000	       11B
  60.81551	  78.38213	   7.50000	       10B
  63.32959	  78.38213	   7.50000	       10B
  44.47401	  77.65688	   7.50000	       14N
  46.98809	  77.65688	   7.50000	       14N
  49.50217	  77.65688	   7.50000	       14N
  52.01624	  77.65688	   7.50000	       14N
  54.53032	  77.65688	   7.50000	       14N
  57.04439	  77.65688	   7.50000	       14N
  59.55847	  77.65688	   7.50000	       14N
  62.07255	  77.65688	   7.50000	       14N
  64.58662	  77.65688	   7.50000	       14N
  43.21697	  79.83413	   7.50000	       14N
  45.73105	  79.83413	   7.50000	       14N
  48.24513	  79.83413	   7.50000	       14N
  50.75920	  79.83413	   7.50000	       14N
  53.27328	  79.83413	   7.50000	       14N
  55.78736	  79.83413	   7.50000	       14N
  58.30143	  79.83413	   7.50000	       14N
  60.81551	  79.83413	   7.50000	       14N
  63.32959	  79.83413	   7.50000	       14N
  67.10070	   2.17825	   7.50000	       10B
  67.10070	   6.53276	   7.50000	       11B
  67.10070	  10.88727	   7.50000	       11B
  69.61478	   2.17825	   7.50000	       11B
  69.61478	   6.53276	   7.50000	       11B
  69.61478	  10.88727	   7.50000	       11B
  72.12885	   2.17825	   7.50000	       11B
  72.12885	   6.53276	   7.50000	       11B
  72.12885	  10.88727	   7.50000	       11B
  74.64293	   2.17825	   7.50000	       11B
  74.64293	   6.53276	   7.50000	       10B
  74.64293	  10.88727	   7.50000	       11B
  77.15701	   2.17825	   7.50000	       10B
  77.15701	   6.53276	   7.50000	       11B
  77.15701	  10.88727	   7.50000	       11B
  79.67108	   2.17825	   7.50000	       11B
  79.67108	   6.53276	   7.50000	       11B
  79.67108	  10.88727	   7.50000	       11B
  65.84366	   0.00098	   7.50000	       10B
  65.84366	   4.35549	   7.50000	       10B
  65.84366	   8.71000	   7.50000	       10B
  68.35774	   0.00098	   7.50000	       10B
  68.35774	   4.35549	   7.50000	       11B
  68.35774	   8.71000	   7.50000	       10B
  70.87182	   0.00098	   7.50000	       11B
  70.87182	   4.35549	   7.50000	       11B
  70.87182	   8.71000	   7.50000	       11B
  73.38589	   0.00098	   7.50000	       11B
  73.38589	   4.35549	   7.50000	       11B
  73.38589	   8.71000	   7.50000	       11B
  75.89997	   0.00098	   7.50000	       11B
  75.89997	   4.35549	   7.50000	       11B
  75.89997	   8.71000	   7.50000	       10B
  78.41404	   0.00098	   7.50000	       11B
  78.41404	   4.35549	   7.50000	       10B
  78.41404	   8.71000	   7.50000	       11B
  67.10070	   3.63024	   7.50000	       14N
  67.10070	   7.98475	   7.50000	       14N
  69.61478	   3.63024	   7.50000	       14N
  69.61478	   7.98475	   7.50000	       14N
  72.12885	   3.63024	   7.50000	       14N
  72.12885	   7.98475	   7.50000	       14N
  74.64293	   3.63024	   7.50000	       14N
  74.64293	   7.98475	   7.50000	       14N
  77.15701	   3.63024	   7.50000	       14N
  77.15701	   7.98475	   7.50000	       14N
  79.67108	   3.63024	   7.50000	       14N
  79.67108	   7.98475	   7.50000	       14N
  65.84366	   1.45298	   7.50000	       14N
  65.84366	   5.80749	   7.50000	       14N
  65.84366	  10.16200	   7.50000	       14N
  68.35774	   1.45298	   7.50000	       14N
  68.35774	   5.80749	   7.50000	       14N
  68.35774	  10.16200	   7.50000	       14N
  70.87182	   1.45298	   7.50000	       14N
  70.87182	   5.80749	   7.50000	       14N
  70.87182	  10.16200	   7.50000	       14N
  73.38589	   1.45298	   7.50000	       14N
  73.38589	   5.80749	   7.50000	       14N
  73.38589	  10.16200	   7.50000	       14N
  75.89997	   1.45298	   7.50000	       14N
  75.89997	   5.80749	   7.50000	       14N
  75.89997	  10.16200	   7.50000	       14N
  78.41404	   1.45298	   7.50000	       14N
  78.41404	   5.80749	   7.50000	       14N
  78.41404	  10.16200	   7.50000	       14N
  67.10070	  15.24177	   7.50000	       10B
  67.10070	  19.59628	   7.50000	       11B
  67.10070	  23.95079	   7.50000	       11B
  69.61478	  15.24177	   7.50000	       11B
  69.61478	  19.59628	   7.50000	       11B
  69.61478	  23.95079	   7.50000	       11B
  72.12885	  15.24177	   7.50000	       11B
  72.12885	  19.59628	   7.50000	       11B
  72.12885	  23.95079	   7.50000	       10B
  74.64293	  15.24177	   7.50000	       10B
  74.64293	  19.59628	   7.50000	       11B
  74.64293	  23.95079	   7.50000	       11B
  77.15701	  15.24177	   7.50000	       11B
  77.15701	  19.59628	   7.50000	       11B
  77.15701	  23.95079	   7.50000	       11B
  79.67108	  15.24177	   7.50000	       11B
  79.67108	  19.59628	   7.50000	       11B
  79.67108	  23.95079	   7.50000	       11B
  65.84366	  13.06450	   7.50000	       11B
  65.84366	  17.41901	   7.50000	       11B
  65.84366	  21.77352	   7.50000	       11B
  68.35774	  13.06450	   7.50000	       10B
  68.35774	  17.41901	   7.50000	       11B
  68.35774	  21.77352	   7.50000	       11B
  70.87182	  13.06450	   7.50000	       11B
  70.87182	  17.41901	   7.50000	       11B
  70.87182	  21.77352	   7.50000	       11B
  73.38589	  13.06450	   7.50000	       11B
  73.38589	  17.41901	   7.50000	       11B
  73.38589	  21.77352	   7.50000	       11B
  75.89997	  13.06450	   7.50000	       11B
  75.89997	  17.41901	   7.50000	       11B
  75.89997	  21.77352	   7.50000	       11B
  78.41404	  13.06450	   7.50000	       11B
  78.41404	  17.41901	   7.50000	       11B
  78.41404	  21.77352	   7.50000	       11B
  67.10070	  16.69376	   7.50000	       14N
  67.10070	  21.04827	   7.50000	       14N
  67.10070	  12.33926	   7.50000	       15N
  69.61478	  16.69376	   7.50000	       14N
  69.61478	  21.04827	   7.50000	       14N
  69.61478	  12.33926	   7.50000	       14N
  72.12885	  16.69376	   7.50000	       14N
  72.12885	  21.04827	   7.50000	       14N
  72.12885	  12.33926	   7.50000	       14N
  74.64293	  16.69376	   7.50000	       14N
  74.64293	  21.04827	   7.50000	       14N
  74.64293	  12.33926	   7.50000	       14N
  77.15701	  16.69376	   7.50000	       14N
  77.15701	  21.04827	   7.50000	       14N
  77.15701	  12.33926	   7.50000	       14N
  79.67108	  16.69376	   7.50000	       14N
  79.67108	  21.04827	   7.50000	       14N
  79.67108	  12.33926	   7.50000	       14N
  65.84366	  14.51651	   7.50000	       14N
  65.84366	  18.87102	   7.50000	       14N
  65.84366	  23.22552	   7.50000	       14N
  68.35774	  14.51651	   7.50000	       14N
  68.35774	  18.87102	   7.50000	       14N
  68.35774	  23.22552	   7.50000	       14N
  70.87182	  14.51651	   7.50000	       14N
  70.87182	  18.87102	   7.50000	       14N
  70.87182	  23.22552	   7.50000	       14N
  73.38589	  14.51651	   7.50000	       14N
  73.38589	  18.87102	   7.50000	       14N
  73.38589	  23.22552	   7.50000	       14N
  75.89997	  14.51651	   7.50000	       14N
  75.89997	  18.87102	   7.50000	       14N
  75.89997	  23.22552	   7.50000	       14N
  78.41404	  14.51651	   7.50000	       14N
  78.41404	  18.87102	   7.50000	       14N
  78.41404	  23.22552	   7.50000	       14N
  67.10070	  28.30530	   7.50000	       11B
  67.10070	  32.65981	   7.50000	       11B
  67.10070	  37.01432	   7.50000	       11B
  69.61478	  28.30530	   7.50000	       11B
  69.61478	  32.65981	   7.50000	       10B
  69.61478	  37.01432	   7.50000	       11B
  72.12885	  28.30530	   7.50000	       11B
  72.12885	  32.65981	   7.50000	       11B
  72.12885	  37.01432	   7.50000	       11B
  74.64293	  28.30530	   7.50000	       11B
  74.64293	  32.65981	   7.50000	       11B
  74.64293	  37.01432	   7.50000	       10B
  77.15701	  28.30530	   7.50000	       11B
  77.15701	  32.65981	   7.50000	       11B
  77.15701	  37.01432	   7.50000	       11B
  79.67108	  28.30530	   7.50000	       10B
  79.67108	  32.65981	   7.50000	       10B
  79.67108	  37.01432	   7.50000	       11B
  65.84366	  26.12803	   7.50000	       11B
  65.84366	  30.48254	   7.50000	       11B
  65.84366	  34.83705	   7.50000	       10B
  68.35774	  26.12803	   7.50000	       10B
  68.35774	  30.48254	   7.50000	       11B
  68.35774	  34.83705	   7.50000	       10B
  70.87182	  26.12803	   7.50000	       10B
  70.87182	  30.48254	   7.50000	       11B
  70.87182	  34.83705	   7.50000	       10B
  73.38589	  26.12803	   7.50000	       10B
  73.38589	  30.48254	   7.50000	       11B
  73.38589	  34.83705	   7.50000	       11B
  75.89997	  26.12803	   7.50000	       11B
  75.89997	  30.48254	   7.50000	       11B
  75.89997	  34.83705	   7.50000	       11B
  78.41404	  26.12803	   7.50000	       11B
  78.41404	  30.48254	   7.50000	       11B
  78.41404	  34.83705	   7.50000	       11B
  67.10070	  29.75729	   7.50000	       14N
  67.10070	  34.11180	   7.50000	       14N
  67.10070	  25.40278	   7.50000	       14N
  69.61478	  29.75729	   7.50000	       14N
  69.61478	  34.11180	   7.50000	       14N
  69.61478	  25.40278	   7.50000	       14N
  72.12885	  29.75729	   7.50000	       14N
  72.12885	  34.11180	   7.50000	       14N
  72.12885	  25.40278	   7.50000	       14N
  74.64293	  29.75729	   7.50000	       14N
  74.64293	  34.11180	   7.50000	       14N
  74.64293	  25.40278	   7.50000	       14N
  77.15701	  29.75729	   7.50000	       14N
  77.15701	  34.11180	   7.50000	       14N
  77.15701	  25.40278	   7.50000	       14N
  79.67108	  29.75729	   7.50000	       14N
  79.67108	  34.11180	   7.50000	       14N
  79.67108	  25.40278	   7.50000	       14N
  65.84366	  27.58003	   7.50000	       14N
  65.84366	  31.93454	   7.50000	       14N
  65.84366	  36.28905	   7.50000	       14N
  68.35774	  27.58003	   7.50000	       14N
  68.35774	  31.93454	   7.50000	       14N
  68.35774	  36.28905	   7.50000	       14N
  70.87182	  27.58003	   7.50000	       14N
  70.87182	  31.93454	   7.50000	       14N
  70.87182	  36.28905	   7.50000	       14N
  73.38589	  27.58003	   7.50000	       14N
  73.38589	  31.93454	   7.50000	       14N
  73.38589	  36.28905	   7.50000	       14N
  75.89997	  27.58003	   7.50000	       14N
  75.89997	  31.93454	   7.50000	       14N
  75.89997	  36.28905	   7.50000	       14N
  78.41404	  27.58003	   7.50000	       14N
  78.41404	  31.93454	   7.50000	       14N
  78.41404	  36.28905	   7.50000	       14N
  67.10070	  41.36882	   7.50000	       10B
  67.10070	  45.72333	   7.50000	       11B
  67.10070	  50.07784	   7.50000	       11B
  69.61478	  41.36882	   7.50000	       11B
  69.61478	  45.72333	   7.50000	       11B
  69.61478	  50.07784	   7.50000	       10B
  72.12885	  41.36882	   7.50000	       11B
  72.12885	  45.72333	   7.50000	       11B
  72.12885	  50.07784	   7.50000	       11B
  74.64293	  41.36882	   7.50000	       11B
  74.64293	  45.72333	   7.50000	       10B
  74.64293	  50.07784	   7.50000	       11B
  77.15701	  41.36882	   7.50000	       11B
  77.15701	  45.72333	   7.50000	       10B
  77.15701	  50.07784	   7.50000	       10B
  79.67108	  41.36882	   7.50000	       10B
  79.67108	  45.72333	   7.50000	       11B
  79.67108	  50.07784	   7.50000	       11B
  65.84366	  39.19155	   7.50000	       10B
  65.84366	  43.54606	   7.50000	       11B
  65.84366	  47.90057	   7.50000	       11B
  68.35774	  39.19155	   7.50000	       10B
  68.35774	  43.54606	   7.50000	       11B
  68.35774	  47.90057	   7.50000	       11B
  70.87182	  39.19155	   7.50000	       11B
  70.87182	  43.54606	   7.50000	       11B
  70.87182	  47.90057	   7.50000	       11B
  73.38589	  39.19155	   7.50000	       10B
  73.38589	  43.54606	   7.50000	       11B
  73.38589	  47.90057	   7.50000	       11B
  75.89997	  39.19155	   7.50000	       11B
  75.89997	  43.54606	   7.50000	       11B
  75.89997	  47.90057	   7.50000	       11B
  78.41404	  39.19155	   7.50000	       11B
  78.41404	  43.54606	   7.50000	       11B
  78.41404	  47.90057	   7.50000	       10B
  67.10070	  42.82082	   7.50000	       14N
  67.10070	  47.17532	   7.50000	       14N
  67.10070	  38.46631	   7.50000	       14N
  69.61478	  42.82082	   7.50000	       14N
  69.61478	  47.17532	   7.50000	       14N
  69.61478	  38.46631	   7.50000	       14N
  72.12885	  42.82082	   7.50000	       14N
  72.12885	  47.17532	   7.50000	       14N
  72.12885	  38.46631	   7.50000	       14N
  74.64293	  42.82082	   7.50000	       14N
  74.64293	  47.17532	   7.50000	       14N
  74.64293	  38.46631	   7.50000	       14N
  77.15701	  42.82082	   7.50000	       14N
  77.15701	  47.17532	   7.50000	       14N
  77.15701	  38.46631	   7.50000	       14N
  79.67108	  42.82082	   7.50000	       14N
  79.67108	  47.17532	   7.50000	       14N
  79.67108	  38.46631	   7.50000	       14N
  65.84366	  40.64356	   7.50000	       14N
  65.84366	  44.99807	   7.50000	       14N
  65.84366	  49.35257	   7.50000	       14N
  68.35774	  40.64356	   7.50000	       14N
  68.35774	  44.99807	   7.50000	       14N
  68.35774	  49.35257	   7.50000	       14N
  70.87182	  40.64356	   7.50000	       14N
  70.87182	  44.99807	   7.50000	       14N
  70.87182	  49.35257	   7.50000	       14N
  73.38589	  40.64356	   7.50000	       14N
  73.38589	  44.99807	   7.50000	       14N
  73.38589	  49.35257	   7.50000	       14N
  75.89997	  40.64356	   7.50000	       14N
  75.89997	  44.99807	   7.50000	       14N
  75.89997	  49.35257	   7.50000	       14N
  78.41404	  40.64356	   7.50000	       14N
  78.41404	  44.99807	   7.50000	       14N
  78.41404	  49.35257	   7.50000	       14N
  67.10070	  54.43235	   7.50000	       11B
  67.10070	  58.78686	   7.50000	       11B
  67.10070	  63.14137	   7.50000	       11B
  69.61478	  54.43235	   7.50000	       11B
  69.61478	  58.78686	   7.50000	       11B
  69.61478	  63.14137	   7.50000	       10B
  72.12885	  54.43235	   7.50000	       11B
  72.12885	  58.78686	   7.50000	       11B
  72.12885	  63.14137	   7.50000	       11B
  74.64293	  54.43235	   7.50000	       10B
  74.64293	  58.78686	   7.50000	       11B
  74.64293	  63.14137	   7.50000	       10B
  77.15701	  54.43235	   7.50000	       11B
  77.15701	  58.78686	   7.50000	       10B
  77.15701	  63.14137	   7.50000	       11B
  79.67108	  54.43235	   7.50000	       10B
  79.67108	  58.78686	   7.50000	       11B
  79.67108	  63.14137	   7.50000	       11B
  65.84366	  52.25508	   7.50000	       11B
  65.84366	  56.60959	   7.50000	       10B
  65.84366	  60.96410	   7.50000	       11B
  68.35774	  52.25508	   7.50000	       11B
  68.35774	  56.60959	   7.50000	       11B
  68.35774	  60.96410	   7.50000	       11B
  70.87182	  52.25508	   7.50000	       10B
  70.87182	  56.60959	   7.50000	       11B
  70.87182	  60.96410	   7.50000	       11B
  73.38589	  52.25508	   7.50000	       10B
  73.38589	  56.60959	   7.50000	       11B
  73.38589	  60.96410	   7.50000	       11B
  75.89997	  52.25508	   7.50000	       10B
  75.89997	  56.60959	   7.50000	       11B
  75.89997	  60.96410	   7.50000	       11B
  78.41404	  52.25508	   7.50000	       11B
  78.41404	  56.60959	   7.50000	       11B
  78.41404	  60.96410	   7.50000	       11B
  67.10070	  55.88434	   7.50000	       14N
  67.10070	  60.23885	   7.50000	       14N
  67.10070	  51.52983	   7.50000	       14N
  69.61478	  55.88434	   7.50000	       14N
  69.61478	  60.23885	   7.50000	       14N
  69.61478	  51.52983	   7.50000	       14N
  72.12885	  55.88434	   7.50000	       14N
  72.12885	  60.23885	   7.50000	       14N
  72.12885	  51.52983	   7.50000	       14N
  74.64293	  55.88434	   7.50000	       14N
  74.64293	  60.23885	   7.50000	       14N
  74.64293	  51.52983	   7.50000	       14N
  77.15701	  55.88434	   7.50000	       14N
  77.15701	  60.23885	   7.50000	       14N
  77.15701	  51.52983	   7.50000	       14N
  79.67108	  55.88434	   7.50000	       14N
  79.67108	  60.23885	   7.50000	       14N
  79.67108	  51.52983	   7.50000	       14N
  65.84366	  53.70708	   7.50000	       14N
  65.84366	  58.06159	   7.50000	       14N
  65.84366	  62.41610	   7.50000	       14N
  68.35774	  53.70708	   7.50000	       14N
  68.35774	  58.06159	   7.50000	       14N
  68.35774	  62.41610	   7.50000	       14N
  70.87182	  53.70708	   7.50000	       14N
  70.87182	  58.06159	   7.50000	       14N
  70.87182	  62.41610	   7.50000	       14N
  73.38589	  53.70708	   7.50000	       14N
  73.38589	  58.06159	   7.50000	       14N
  73.38589	  62.41610	   7.50000	       14N
  75.89997	  53.70708	   7.50000	       14N
  75.89997	  58.06159	   7.50000	       14N
  75.89997	  62.41610	   7.50000	       14N
  78.41404	  53.70708	   7.50000	       14N
  78.41404	  58.06159	   7.50000	       14N
  78.41404	  62.41610	   7.50000	       14N
  67.10070	  67.49587	   7.50000	       11B
  67.10070	  71.85038	   7.50000	       10B
  67.10070	  76.20489	   7.50000	       10B
  69.61478	  67.49587	   7.50000	       11B
  69.61478	  71.85038	   7.50000	       10B
  69.61478	  76.20489	   7.50000	       11B
  72.12885	  67.49587	   7.50000	       11B
  72.12885	  71.85038	   7.50000	       11B
  72.12885	  76.20489	   7.50000	       11B
  74.64293	  67.49587	   7.50000	       11B
  74.64293	  71.85038	   7.50000	       11B
  74.64293	  76.20489	   7.50000	       11B
  77.15701	  67.49587	   7.50000	       10B
  77.15701	  71.85038	   7.50000	       11B
  77.15701	  76.20489	   7.50000	       10B
  79.67108	  67.49587	   7.50000	       11B
  79.67108	  71.85038	   7.50000	       11B
  79.67108	  76.20489	   7.50000	       11B
  65.84366	  65.31860	   7.50000	       10B
  65.84366	  69.67311	   7.50000	       11B
  65.84366	  74.02762	   7.50000	       11B
  68.35774	  65.31860	   7.50000	       11B
  68.35774	  69.67311	   7.50000	       11B
  68.35774	  74.02762	   7.50000	       10B
  70.87182	  65.31860	   7.50000	       11B
  70.87182	  69.67311	   7.50000	       11B
  70.87182	  74.02762	   7.50000	       11B
  73.38589	  65.31860	   7.50000	       11B
  73.38589	  69.67311	   7.50000	       11B
  73.38589	  74.02762	   7.50000	       11B
  75.89997	  65.31860	   7.50000	       11B
  75.89997	  69.67311	   7.50000	       11B
  75.89997	  74.02762	   7.50000	       11B
  78.41404	  65.31860	   7.50000	       11B
  78.41404	  69.67311	   7.50000	       10B
  78.41404	  74.02762	   7.50000	       11B
  67.10070	  68.94787	   7.50000	       14N
  67.10070	  73.30237	   7.50000	       14N
  67.10070	  64.59336	   7.50000	       14N
  69.61478	  68.94787	   7.50000	       14N
  69.61478	  73.30237	   7.50000	       14N
  69.61478	  64.59336	   7.50000	       14N
  72.12885	  68.94787	   7.50000	       14N
  72.12885	  73.30237	   7.50000	       14N
  72.12885	  64.59336	   7.50000	       14N
  74.64293	  68.94787	   7.50000	       14N
  74.64293	  73.30237	   7.50000	       14N
  74.64293	  64.59336	   7.50000	       14N
  77.15701	  68.94787	   7.50000	       14N
  77.15701	  73.30237	   7.50000	       14N
  77.15701	  64.59336	   7.50000	       14N
  79.67108	  68.94787	   7.50000	       14N
  79.67108	  73.30237	   7.50000	       14N
  79.67108	  64.59336	   7.50000	       14N
  65.84366	  66.77061	   7.50000	       14N
  65.84366	  71.12512	   7.50000	       14N
  65.84366	  75.47963	   7.50000	       14N
  68.35774	  66.77061	   7.50000	       14N
  68.35774	  71.12512	   7.50000	       14N
  68.35774	  75.47963	   7.50000	       14N
  70.87182	  66.77061	   7.50000	       14N
  70.87182	  71.12512	   7.50000	       14N
  70.87182	  75.47963	   7.50000	       14N
  73.38589	  66.77061	   7.50000	       14N
  73.38589	  71.12512	   7.50000	       14N
  73.38589	  75.47963	   7.50000	       14N
  75.89997	  66.77061	   7.50000	       14N
  75.89997	  71.12512	   7.50000	       14N
  75.89997	  75.47963	   7.50000	       14N
  78.41404	  66.77061	   7.50000	       14N
  78.41404	  71.12512	   7.50000	       14N
  78.41404	  75.47963	   7.50000	       14N
  65.84366	  78.38213	   7.50000	       11B
  68.35774	  78.38213	   7.50000	       10B
  70.87182	  78.38213	   7.50000	       11B
  73.38589	  78.38213	   7.50000	       11B
  75.89997	  78.38213	   7.50000	       11B
  78.41404	  78.38213	   7.50000	       11B
  67.10070	  77.65688	   7.50000	       14N
  69.61478	  77.65688	   7.50000	       14N
  72.12885	  77.65688	   7.50000	       14N
  74.64293	  77.65688	   7.50000	       14N
  77.15701	  77.65688	   7.50000	       14N
  79.67108	  77.65688	   7.50000	       14N
  65.84366	  79.83413	   7.50000	       14N
  68.35774	  79.83413	   7.50000	       14N
  70.87182	  79.83413	   7.50000	       14N
  73.38589	  79.83413	   7.50000	       14N
  75.89997	  79.83413	   7.50000	       14N
  78.41404	  79.83413	   7.50000	       14N
