2294.00000	   0.00000	   0.00000	   0.00000
   1.30732	   2.15139	   7.50000	       11B
   1.30732	   6.46520	   7.50000	       11B
   1.30732	  10.77901	   7.50000	       10B
   3.92196	   2.15139	   7.50000	       11B
   3.92196	   6.46520	   7.50000	       10B
   3.92196	  10.77901	   7.50000	       10B
   6.53660	   2.15139	   7.50000	       11B
   6.53660	   6.46520	   7.50000	       11B
   6.53660	  10.77901	   7.50000	       11B
   9.15124	   2.15139	   7.50000	       10B
   9.15124	   6.46520	   7.50000	       11B
   9.15124	  10.77901	   7.50000	       11B
  11.76588	   2.15139	   7.50000	       11B
  11.76588	   6.46520	   7.50000	       11B
  11.76588	  10.77901	   7.50000	       10B
  14.38052	   2.15139	   7.50000	       11B
  14.38052	   6.46520	   7.50000	       11B
  14.38052	  10.77901	   7.50000	       11B
  16.99516	   2.15139	   7.50000	       11B
  16.99516	   6.46520	   7.50000	       10B
  16.99516	  10.77901	   7.50000	       11B
  19.60980	   2.15139	   7.50000	       10B
  19.60980	   6.46520	   7.50000	       10B
  19.60980	  10.77901	   7.50000	       11B
  22.22444	   2.15139	   7.50000	       10B
  22.22444	   6.46520	   7.50000	       11B
  22.22444	  10.77901	   7.50000	       11B
   0.00000	   4.30829	   7.50000	       11B
   0.00000	   8.62210	   7.50000	       10B
   0.00000	  12.93591	   7.50000	       10B
   2.61464	   4.30829	   7.50000	       11B
   2.61464	   8.62210	   7.50000	       11B
   2.61464	  12.93591	   7.50000	       11B
   5.22928	   4.30829	   7.50000	       11B
   5.22928	   8.62210	   7.50000	       11B
   5.22928	  12.93591	   7.50000	       11B
   7.84392	   4.30829	   7.50000	       10B
   7.84392	   8.62210	   7.50000	       11B
   7.84392	  12.93591	   7.50000	       11B
  10.45856	   4.30829	   7.50000	       11B
  10.45856	   8.62210	   7.50000	       11B
  10.45856	  12.93591	   7.50000	       11B
  13.07320	   4.30829	   7.50000	       11B
  13.07320	   8.62210	   7.50000	       11B
  13.07320	  12.93591	   7.50000	       11B
  15.68784	   4.30829	   7.50000	       11B
  15.68784	   8.62210	   7.50000	       11B
  15.68784	  12.93591	   7.50000	       11B
  18.30248	   4.30829	   7.50000	       11B
  18.30248	   8.62210	   7.50000	       11B
  18.30248	  12.93591	   7.50000	       11B
  20.91712	   4.30829	   7.50000	       11B
  20.91712	   8.62210	   7.50000	       10B
  20.91712	  12.93591	   7.50000	       11B
   1.30732	   3.60280	   7.50000	       14N
   1.30732	   7.91661	   7.50000	       14N
   1.30732	  12.23042	   7.50000	       14N
   3.92196	   3.60280	   7.50000	       14N
   3.92196	   7.91661	   7.50000	       14N
   3.92196	  12.23042	   7.50000	       14N
   6.53660	   3.60280	   7.50000	       14N
   6.53660	   7.91661	   7.50000	       14N
   6.53660	  12.23042	   7.50000	       14N
   9.15124	   3.60280	   7.50000	       14N
   9.15124	   7.91661	   7.50000	       14N
   9.15124	  12.23042	   7.50000	       14N
  11.76588	   3.60280	   7.50000	       14N
  11.76588	   7.91661	   7.50000	       14N
  11.76588	  12.23042	   7.50000	       14N
  14.38052	   3.60280	   7.50000	       14N
  14.38052	   7.91661	   7.50000	       14N
  14.38052	  12.23042	   7.50000	       14N
  16.99516	   3.60280	   7.50000	       14N
  16.99516	   7.91661	   7.50000	       14N
  16.99516	  12.23042	   7.50000	       14N
  19.60980	   3.60280	   7.50000	       14N
  19.60980	   7.91661	   7.50000	       14N
  19.60980	  12.23042	   7.50000	       14N
  22.22444	   3.60280	   7.50000	       14N
  22.22444	   7.91661	   7.50000	       14N
  22.22444	  12.23042	   7.50000	       14N
   0.00000	   1.44589	   7.50000	       14N
   0.00000	   5.75970	   7.50000	       14N
   0.00000	  10.07351	   7.50000	       14N
   2.61464	   1.44589	   7.50000	       14N
   2.61464	   5.75970	   7.50000	       14N
   2.61464	  10.07351	   7.50000	       14N
   5.22928	   1.44589	   7.50000	       14N
   5.22928	   5.75970	   7.50000	       14N
   5.22928	  10.07351	   7.50000	       14N
   7.84392	   1.44589	   7.50000	       14N
   7.84392	   5.75970	   7.50000	       14N
   7.84392	  10.07351	   7.50000	       14N
  10.45856	   1.44589	   7.50000	       14N
  10.45856	   5.75970	   7.50000	       14N
  10.45856	  10.07351	   7.50000	       14N
  13.07320	   1.44589	   7.50000	       14N
  13.07320	   5.75970	   7.50000	       14N
  13.07320	  10.07351	   7.50000	       14N
  15.68784	   1.44589	   7.50000	       14N
  15.68784	   5.75970	   7.50000	       14N
  15.68784	  10.07351	   7.50000	       14N
  18.30248	   1.44589	   7.50000	       14N
  18.30248	   5.75970	   7.50000	       14N
  18.30248	  10.07351	   7.50000	       14N
  20.91712	   1.44589	   7.50000	       14N
  20.91712	   5.75970	   7.50000	       14N
  20.91712	  10.07351	   7.50000	       14N
   1.30732	  15.09282	   7.50000	       11B
   1.30732	  19.40663	   7.50000	       11B
   1.30732	  23.72043	   7.50000	       11B
   3.92196	  15.09282	   7.50000	       11B
   3.92196	  19.40663	   7.50000	       11B
   3.92196	  23.72043	   7.50000	       10B
   6.53660	  15.09282	   7.50000	       11B
   6.53660	  19.40663	   7.50000	       11B
   6.53660	  23.72043	   7.50000	       11B
   9.15124	  15.09282	   7.50000	       11B
   9.15124	  19.40663	   7.50000	       11B
   9.15124	  23.72043	   7.50000	       11B
  11.76588	  15.09282	   7.50000	       11B
  11.76588	  19.40663	   7.50000	       11B
  11.76588	  23.72043	   7.50000	       11B
  14.38052	  15.09282	   7.50000	       10B
  14.38052	  19.40663	   7.50000	       11B
  14.38052	  23.72043	   7.50000	       11B
  16.99516	  15.09282	   7.50000	       10B
  16.99516	  19.40663	   7.50000	       11B
  16.99516	  23.72043	   7.50000	       10B
  19.60980	  15.09282	   7.50000	       11B
  19.60980	  19.40663	   7.50000	       11B
  19.60980	  23.72043	   7.50000	       11B
  22.22444	  15.09282	   7.50000	       11B
  22.22444	  19.40663	   7.50000	       11B
  22.22444	  23.72043	   7.50000	       10B
   0.00000	  17.24972	   7.50000	       11B
   0.00000	  21.56353	   7.50000	       10B
   0.00000	  25.87733	   7.50000	       11B
   2.61464	  17.24972	   7.50000	       11B
   2.61464	  21.56353	   7.50000	       11B
   2.61464	  25.87733	   7.50000	       10B
   5.22928	  17.24972	   7.50000	       10B
   5.22928	  21.56353	   7.50000	       11B
   5.22928	  25.87733	   7.50000	       11B
   7.84392	  17.24972	   7.50000	       11B
   7.84392	  21.56353	   7.50000	       11B
   7.84392	  25.87733	   7.50000	       11B
  10.45856	  17.24972	   7.50000	       11B
  10.45856	  21.56353	   7.50000	       10B
  10.45856	  25.87733	   7.50000	       11B
  13.07320	  17.24972	   7.50000	       11B
  13.07320	  21.56353	   7.50000	       11B
  13.07320	  25.87733	   7.50000	       11B
  15.68784	  17.24972	   7.50000	       11B
  15.68784	  21.56353	   7.50000	       11B
  15.68784	  25.87733	   7.50000	       10B
  18.30248	  17.24972	   7.50000	       10B
  18.30248	  21.56353	   7.50000	       11B
  18.30248	  25.87733	   7.50000	       11B
  20.91712	  17.24972	   7.50000	       10B
  20.91712	  21.56353	   7.50000	       10B
  20.91712	  25.87733	   7.50000	       10B
   1.30732	  16.54422	   7.50000	       14N
   1.30732	  20.85803	   7.50000	       14N
   1.30732	  25.17184	   7.50000	       14N
   3.92196	  16.54422	   7.50000	       14N
   3.92196	  20.85803	   7.50000	       14N
   3.92196	  25.17184	   7.50000	       14N
   6.53660	  16.54422	   7.50000	       14N
   6.53660	  20.85803	   7.50000	       14N
   6.53660	  25.17184	   7.50000	       14N
   9.15124	  16.54422	   7.50000	       14N
   9.15124	  20.85803	   7.50000	       14N
   9.15124	  25.17184	   7.50000	       14N
  11.76588	  16.54422	   7.50000	       14N
  11.76588	  20.85803	   7.50000	       14N
  11.76588	  25.17184	   7.50000	       14N
  14.38052	  16.54422	   7.50000	       14N
  14.38052	  20.85803	   7.50000	       14N
  14.38052	  25.17184	   7.50000	       14N
  16.99516	  16.54422	   7.50000	       14N
  16.99516	  20.85803	   7.50000	       14N
  16.99516	  25.17184	   7.50000	       14N
  19.60980	  16.54422	   7.50000	       14N
  19.60980	  20.85803	   7.50000	       14N
  19.60980	  25.17184	   7.50000	       14N
  22.22444	  16.54422	   7.50000	       14N
  22.22444	  20.85803	   7.50000	       14N
  22.22444	  25.17184	   7.50000	       14N
   0.00000	  14.38732	   7.50000	       14N
   0.00000	  18.70113	   7.50000	       14N
   0.00000	  23.01494	   7.50000	       14N
   2.61464	  14.38732	   7.50000	       14N
   2.61464	  18.70113	   7.50000	       14N
   2.61464	  23.01494	   7.50000	       14N
   5.22928	  14.38732	   7.50000	       14N
   5.22928	  18.70113	   7.50000	       14N
   5.22928	  23.01494	   7.50000	       14N
   7.84392	  14.38732	   7.50000	       14N
   7.84392	  18.70113	   7.50000	       14N
   7.84392	  23.01494	   7.50000	       14N
  10.45856	  14.38732	   7.50000	       14N
  10.45856	  18.70113	   7.50000	       14N
  10.45856	  23.01494	   7.50000	       14N
  13.07320	  14.38732	   7.50000	       14N
  13.07320	  18.70113	   7.50000	       14N
  13.07320	  23.01494	   7.50000	       14N
  15.68784	  14.38732	   7.50000	       14N
  15.68784	  18.70113	   7.50000	       14N
  15.68784	  23.01494	   7.50000	       14N
  18.30248	  14.38732	   7.50000	       14N
  18.30248	  18.70113	   7.50000	       14N
  18.30248	  23.01494	   7.50000	       14N
  20.91712	  14.38732	   7.50000	       14N
  20.91712	  18.70113	   7.50000	       14N
  20.91712	  23.01494	   7.50000	       14N
   1.30732	  28.03424	   7.50000	       11B
   1.30732	  32.34805	   7.50000	       11B
   1.30732	  36.66186	   7.50000	       11B
   3.92196	  28.03424	   7.50000	       10B
   3.92196	  32.34805	   7.50000	       11B
   3.92196	  36.66186	   7.50000	       11B
   6.53660	  28.03424	   7.50000	       10B
   6.53660	  32.34805	   7.50000	       11B
   6.53660	  36.66186	   7.50000	       10B
   9.15124	  28.03424	   7.50000	       11B
   9.15124	  32.34805	   7.50000	       11B
   9.15124	  36.66186	   7.50000	       11B
  11.76588	  28.03424	   7.50000	       11B
  11.76588	  32.34805	   7.50000	       11B
  11.76588	  36.66186	   7.50000	       11B
  14.38052	  28.03424	   7.50000	       10B
  14.38052	  32.34805	   7.50000	       11B
  14.38052	  36.66186	   7.50000	       11B
  16.99516	  28.03424	   7.50000	       11B
  16.99516	  32.34805	   7.50000	       10B
  16.99516	  36.66186	   7.50000	       11B
  19.60980	  28.03424	   7.50000	       11B
  19.60980	  32.34805	   7.50000	       10B
  19.60980	  36.66186	   7.50000	       11B
  22.22444	  28.03424	   7.50000	       11B
  22.22444	  32.34805	   7.50000	       11B
  22.22444	  36.66186	   7.50000	       11B
   0.00000	  30.19114	   7.50000	       11B
   0.00000	  34.50495	   7.50000	       10B
   0.00000	  38.81876	   7.50000	       11B
   2.61464	  30.19114	   7.50000	       11B
   2.61464	  34.50495	   7.50000	       10B
   2.61464	  38.81876	   7.50000	       11B
   5.22928	  30.19114	   7.50000	       11B
   5.22928	  34.50495	   7.50000	       11B
   5.22928	  38.81876	   7.50000	       11B
   7.84392	  30.19114	   7.50000	       11B
   7.84392	  34.50495	   7.50000	       11B
   7.84392	  38.81876	   7.50000	       11B
  10.45856	  30.19114	   7.50000	       11B
  10.45856	  34.50495	   7.50000	       11B
  10.45856	  38.81876	   7.50000	       10B
  13.07320	  30.19114	   7.50000	       11B
  13.07320	  34.50495	   7.50000	       11B
  13.07320	  38.81876	   7.50000	       11B
  15.68784	  30.19114	   7.50000	       11B
  15.68784	  34.50495	   7.50000	       11B
  15.68784	  38.81876	   7.50000	       11B
  18.30248	  30.19114	   7.50000	       11B
  18.30248	  34.50495	   7.50000	       11B
  18.30248	  38.81876	   7.50000	       11B
  20.91712	  30.19114	   7.50000	       11B
  20.91712	  34.50495	   7.50000	       10B
  20.91712	  38.81876	   7.50000	       11B
   1.30732	  29.48565	   7.50000	       14N
   1.30732	  33.79946	   7.50000	       14N
   1.30732	  38.11327	   7.50000	       14N
   3.92196	  29.48565	   7.50000	       14N
   3.92196	  33.79946	   7.50000	       14N
   3.92196	  38.11327	   7.50000	       14N
   6.53660	  29.48565	   7.50000	       14N
   6.53660	  33.79946	   7.50000	       14N
   6.53660	  38.11327	   7.50000	       14N
   9.15124	  29.48565	   7.50000	       14N
   9.15124	  33.79946	   7.50000	       14N
   9.15124	  38.11327	   7.50000	       14N
  11.76588	  29.48565	   7.50000	       14N
  11.76588	  33.79946	   7.50000	       14N
  11.76588	  38.11327	   7.50000	       14N
  14.38052	  29.48565	   7.50000	       14N
  14.38052	  33.79946	   7.50000	       14N
  14.38052	  38.11327	   7.50000	       14N
  16.99516	  29.48565	   7.50000	       14N
  16.99516	  33.79946	   7.50000	       14N
  16.99516	  38.11327	   7.50000	       14N
  19.60980	  29.48565	   7.50000	       14N
  19.60980	  33.79946	   7.50000	       14N
  19.60980	  38.11327	   7.50000	       14N
  22.22444	  29.48565	   7.50000	       14N
  22.22444	  33.79946	   7.50000	       14N
  22.22444	  38.11327	   7.50000	       14N
   0.00000	  27.32874	   7.50000	       14N
   0.00000	  31.64255	   7.50000	       14N
   0.00000	  35.95636	   7.50000	       14N
   2.61464	  27.32874	   7.50000	       14N
   2.61464	  31.64255	   7.50000	       14N
   2.61464	  35.95636	   7.50000	       14N
   5.22928	  27.32874	   7.50000	       14N
   5.22928	  31.64255	   7.50000	       14N
   5.22928	  35.95636	   7.50000	       14N
   7.84392	  27.32874	   7.50000	       14N
   7.84392	  31.64255	   7.50000	       14N
   7.84392	  35.95636	   7.50000	       14N
  10.45856	  27.32874	   7.50000	       14N
  10.45856	  31.64255	   7.50000	       14N
  10.45856	  35.95636	   7.50000	       14N
  13.07320	  27.32874	   7.50000	       14N
  13.07320	  31.64255	   7.50000	       14N
  13.07320	  35.95636	   7.50000	       14N
  15.68784	  27.32874	   7.50000	       14N
  15.68784	  31.64255	   7.50000	       14N
  15.68784	  35.95636	   7.50000	       14N
  18.30248	  27.32874	   7.50000	       14N
  18.30248	  31.64255	   7.50000	       14N
  18.30248	  35.95636	   7.50000	       14N
  20.91712	  27.32874	   7.50000	       14N
  20.91712	  31.64255	   7.50000	       14N
  20.91712	  35.95636	   7.50000	       14N
   1.30732	  40.97567	   7.50000	       10B
   1.30732	  45.28948	   7.50000	       11B
   1.30732	  49.60328	   7.50000	       11B
   3.92196	  40.97567	   7.50000	       11B
   3.92196	  45.28948	   7.50000	       11B
   3.92196	  49.60328	   7.50000	       11B
   6.53660	  40.97567	   7.50000	       10B
   6.53660	  45.28948	   7.50000	       11B
   6.53660	  49.60328	   7.50000	       11B
   9.15124	  40.97567	   7.50000	       11B
   9.15124	  45.28948	   7.50000	       11B
   9.15124	  49.60328	   7.50000	       10B
  11.76588	  40.97567	   7.50000	       11B
  11.76588	  45.28948	   7.50000	       10B
  11.76588	  49.60328	   7.50000	       11B
  14.38052	  40.97567	   7.50000	       11B
  14.38052	  45.28948	   7.50000	       11B
  14.38052	  49.60328	   7.50000	       11B
  16.99516	  40.97567	   7.50000	       11B
  16.99516	  45.28948	   7.50000	       11B
  16.99516	  49.60328	   7.50000	       11B
  19.60980	  40.97567	   7.50000	       11B
  19.60980	  45.28948	   7.50000	       11B
  19.60980	  49.60328	   7.50000	       11B
  22.22444	  40.97567	   7.50000	       11B
  22.22444	  45.28948	   7.50000	       11B
  22.22444	  49.60328	   7.50000	       11B
   0.00000	  43.13257	   7.50000	       11B
   0.00000	  47.44638	   7.50000	       11B
   0.00000	  51.76018	   7.50000	       11B
   2.61464	  43.13257	   7.50000	       11B
   2.61464	  47.44638	   7.50000	       11B
   2.61464	  51.76018	   7.50000	       11B
   5.22928	  43.13257	   7.50000	       11B
   5.22928	  47.44638	   7.50000	       11B
   5.22928	  51.76018	   7.50000	       11B
   7.84392	  43.13257	   7.50000	       10B
   7.84392	  47.44638	   7.50000	       11B
   7.84392	  51.76018	   7.50000	       11B
  10.45856	  43.13257	   7.50000	       11B
  10.45856	  47.44638	   7.50000	       11B
  10.45856	  51.76018	   7.50000	       10B
  13.07320	  43.13257	   7.50000	       11B
  13.07320	  47.44638	   7.50000	       11B
  13.07320	  51.76018	   7.50000	       10B
  15.68784	  43.13257	   7.50000	       11B
  15.68784	  47.44638	   7.50000	       11B
  15.68784	  51.76018	   7.50000	       11B
  18.30248	  43.13257	   7.50000	       11B
  18.30248	  47.44638	   7.50000	       11B
  18.30248	  51.76018	   7.50000	       11B
  20.91712	  43.13257	   7.50000	       11B
  20.91712	  47.44638	   7.50000	       11B
  20.91712	  51.76018	   7.50000	       11B
   1.30732	  42.42708	   7.50000	       14N
   1.30732	  46.74088	   7.50000	       14N
   1.30732	  51.05469	   7.50000	       14N
   3.92196	  42.42708	   7.50000	       14N
   3.92196	  46.74088	   7.50000	       14N
   3.92196	  51.05469	   7.50000	       14N
   6.53660	  42.42708	   7.50000	       14N
   6.53660	  46.74088	   7.50000	       14N
   6.53660	  51.05469	   7.50000	       14N
   9.15124	  42.42708	   7.50000	       14N
   9.15124	  46.74088	   7.50000	       14N
   9.15124	  51.05469	   7.50000	       14N
  11.76588	  42.42708	   7.50000	       14N
  11.76588	  46.74088	   7.50000	       14N
  11.76588	  51.05469	   7.50000	       14N
  14.38052	  42.42708	   7.50000	       14N
  14.38052	  46.74088	   7.50000	       14N
  14.38052	  51.05469	   7.50000	       14N
  16.99516	  42.42708	   7.50000	       14N
  16.99516	  46.74088	   7.50000	       14N
  16.99516	  51.05469	   7.50000	       14N
  19.60980	  42.42708	   7.50000	       14N
  19.60980	  46.74088	   7.50000	       14N
  19.60980	  51.05469	   7.50000	       14N
  22.22444	  42.42708	   7.50000	       14N
  22.22444	  46.74088	   7.50000	       14N
  22.22444	  51.05469	   7.50000	       14N
   0.00000	  40.27017	   7.50000	       14N
   0.00000	  44.58398	   7.50000	       14N
   0.00000	  48.89779	   7.50000	       14N
   2.61464	  40.27017	   7.50000	       14N
   2.61464	  44.58398	   7.50000	       14N
   2.61464	  48.89779	   7.50000	       14N
   5.22928	  40.27017	   7.50000	       14N
   5.22928	  44.58398	   7.50000	       14N
   5.22928	  48.89779	   7.50000	       14N
   7.84392	  40.27017	   7.50000	       14N
   7.84392	  44.58398	   7.50000	       14N
   7.84392	  48.89779	   7.50000	       14N
  10.45856	  40.27017	   7.50000	       14N
  10.45856	  44.58398	   7.50000	       14N
  10.45856	  48.89779	   7.50000	       14N
  13.07320	  40.27017	   7.50000	       14N
  13.07320	  44.58398	   7.50000	       14N
  13.07320	  48.89779	   7.50000	       14N
  15.68784	  40.27017	   7.50000	       14N
  15.68784	  44.58398	   7.50000	       14N
  15.68784	  48.89779	   7.50000	       14N
  18.30248	  40.27017	   7.50000	       14N
  18.30248	  44.58398	   7.50000	       14N
  18.30248	  48.89779	   7.50000	       14N
  20.91712	  40.27017	   7.50000	       14N
  20.91712	  44.58398	   7.50000	       14N
  20.91712	  48.89779	   7.50000	       14N
   1.30732	  53.91709	   7.50000	       11B
   1.30732	  58.23090	   7.50000	       11B
   1.30732	  62.54471	   7.50000	       11B
   3.92196	  53.91709	   7.50000	       11B
   3.92196	  58.23090	   7.50000	       11B
   3.92196	  62.54471	   7.50000	       11B
   6.53660	  53.91709	   7.50000	       11B
   6.53660	  58.23090	   7.50000	       11B
   6.53660	  62.54471	   7.50000	       11B
   9.15124	  53.91709	   7.50000	       11B
   9.15124	  58.23090	   7.50000	       11B
   9.15124	  62.54471	   7.50000	       11B
  11.76588	  53.91709	   7.50000	       11B
  11.76588	  58.23090	   7.50000	       11B
  11.76588	  62.54471	   7.50000	       11B
  14.38052	  53.91709	   7.50000	       10B
  14.38052	  58.23090	   7.50000	       11B
  14.38052	  62.54471	   7.50000	       11B
  16.99516	  53.91709	   7.50000	       11B
  16.99516	  58.23090	   7.50000	       10B
  16.99516	  62.54471	   7.50000	       11B
  19.60980	  53.91709	   7.50000	       11B
  19.60980	  58.23090	   7.50000	       10B
  19.60980	  62.54471	   7.50000	       11B
  22.22444	  53.91709	   7.50000	       11B
  22.22444	  58.23090	   7.50000	       10B
  22.22444	  62.54471	   7.50000	       11B
   0.00000	  56.07399	   7.50000	       10B
   0.00000	  60.38780	   7.50000	       11B
   0.00000	  64.70161	   7.50000	       10B
   2.61464	  56.07399	   7.50000	       11B
   2.61464	  60.38780	   7.50000	       10B
   2.61464	  64.70161	   7.50000	       10B
   5.22928	  56.07399	   7.50000	       11B
   5.22928	  60.38780	   7.50000	       11B
   5.22928	  64.70161	   7.50000	       11B
   7.84392	  56.07399	   7.50000	       11B
   7.84392	  60.38780	   7.50000	       11B
   7.84392	  64.70161	   7.50000	       11B
  10.45856	  56.07399	   7.50000	       11B
  10.45856	  60.38780	   7.50000	       11B
  10.45856	  64.70161	   7.50000	       11B
  13.07320	  56.07399	   7.50000	       11B
  13.07320	  60.38780	   7.50000	       11B
  13.07320	  64.70161	   7.50000	       11B
  15.68784	  56.07399	   7.50000	       10B
  15.68784	  60.38780	   7.50000	       11B
  15.68784	  64.70161	   7.50000	       11B
  18.30248	  56.07399	   7.50000	       11B
  18.30248	  60.38780	   7.50000	       11B
  18.30248	  64.70161	   7.50000	       11B
  20.91712	  56.07399	   7.50000	       11B
  20.91712	  60.38780	   7.50000	       11B
  20.91712	  64.70161	   7.50000	       11B
   1.30732	  55.36850	   7.50000	       14N
   1.30732	  59.68231	   7.50000	       14N
   1.30732	  63.99612	   7.50000	       14N
   3.92196	  55.36850	   7.50000	       14N
   3.92196	  59.68231	   7.50000	       14N
   3.92196	  63.99612	   7.50000	       14N
   6.53660	  55.36850	   7.50000	       14N
   6.53660	  59.68231	   7.50000	       14N
   6.53660	  63.99612	   7.50000	       14N
   9.15124	  55.36850	   7.50000	       14N
   9.15124	  59.68231	   7.50000	       14N
   9.15124	  63.99612	   7.50000	       14N
  11.76588	  55.36850	   7.50000	       14N
  11.76588	  59.68231	   7.50000	       14N
  11.76588	  63.99612	   7.50000	       14N
  14.38052	  55.36850	   7.50000	       14N
  14.38052	  59.68231	   7.50000	       14N
  14.38052	  63.99612	   7.50000	       14N
  16.99516	  55.36850	   7.50000	       14N
  16.99516	  59.68231	   7.50000	       14N
  16.99516	  63.99612	   7.50000	       14N
  19.60980	  55.36850	   7.50000	       14N
  19.60980	  59.68231	   7.50000	       14N
  19.60980	  63.99612	   7.50000	       14N
  22.22444	  55.36850	   7.50000	       14N
  22.22444	  59.68231	   7.50000	       14N
  22.22444	  63.99612	   7.50000	       14N
   0.00000	  53.21159	   7.50000	       14N
   0.00000	  57.52540	   7.50000	       14N
   0.00000	  61.83921	   7.50000	       14N
   2.61464	  53.21159	   7.50000	       14N
   2.61464	  57.52540	   7.50000	       14N
   2.61464	  61.83921	   7.50000	       14N
   5.22928	  53.21159	   7.50000	       14N
   5.22928	  57.52540	   7.50000	       14N
   5.22928	  61.83921	   7.50000	       14N
   7.84392	  53.21159	   7.50000	       14N
   7.84392	  57.52540	   7.50000	       14N
   7.84392	  61.83921	   7.50000	       14N
  10.45856	  53.21159	   7.50000	       14N
  10.45856	  57.52540	   7.50000	       14N
  10.45856	  61.83921	   7.50000	       14N
  13.07320	  53.21159	   7.50000	       14N
  13.07320	  57.52540	   7.50000	       14N
  13.07320	  61.83921	   7.50000	       14N
  15.68784	  53.21159	   7.50000	       14N
  15.68784	  57.52540	   7.50000	       14N
  15.68784	  61.83921	   7.50000	       14N
  18.30248	  53.21159	   7.50000	       14N
  18.30248	  57.52540	   7.50000	       14N
  18.30248	  61.83921	   7.50000	       14N
  20.91712	  53.21159	   7.50000	       14N
  20.91712	  57.52540	   7.50000	       14N
  20.91712	  61.83921	   7.50000	       14N
   1.30732	  66.85852	   7.50000	       11B
   1.30732	  71.17233	   7.50000	       11B
   1.30732	  75.48613	   7.50000	       11B
   3.92196	  66.85852	   7.50000	       11B
   3.92196	  71.17233	   7.50000	       11B
   3.92196	  75.48613	   7.50000	       11B
   6.53660	  66.85852	   7.50000	       10B
   6.53660	  71.17233	   7.50000	       11B
   6.53660	  75.48613	   7.50000	       10B
   9.15124	  66.85852	   7.50000	       11B
   9.15124	  71.17233	   7.50000	       11B
   9.15124	  75.48613	   7.50000	       11B
  11.76588	  66.85852	   7.50000	       11B
  11.76588	  71.17233	   7.50000	       10B
  11.76588	  75.48613	   7.50000	       11B
  14.38052	  66.85852	   7.50000	       11B
  14.38052	  71.17233	   7.50000	       11B
  14.38052	  75.48613	   7.50000	       10B
  16.99516	  66.85852	   7.50000	       10B
  16.99516	  71.17233	   7.50000	       11B
  16.99516	  75.48613	   7.50000	       10B
  19.60980	  66.85852	   7.50000	       11B
  19.60980	  71.17233	   7.50000	       11B
  19.60980	  75.48613	   7.50000	       11B
  22.22444	  66.85852	   7.50000	       10B
  22.22444	  71.17233	   7.50000	       11B
  22.22444	  75.48613	   7.50000	       11B
   0.00000	  69.01542	   7.50000	       11B
   0.00000	  73.32923	   7.50000	       10B
   0.00000	  77.64304	   7.50000	       11B
   2.61464	  69.01542	   7.50000	       10B
   2.61464	  73.32923	   7.50000	       10B
   2.61464	  77.64304	   7.50000	       10B
   5.22928	  69.01542	   7.50000	       10B
   5.22928	  73.32923	   7.50000	       11B
   5.22928	  77.64304	   7.50000	       10B
   7.84392	  69.01542	   7.50000	       11B
   7.84392	  73.32923	   7.50000	       11B
   7.84392	  77.64304	   7.50000	       10B
  10.45856	  69.01542	   7.50000	       11B
  10.45856	  73.32923	   7.50000	       11B
  10.45856	  77.64304	   7.50000	       11B
  13.07320	  69.01542	   7.50000	       11B
  13.07320	  73.32923	   7.50000	       11B
  13.07320	  77.64304	   7.50000	       10B
  15.68784	  69.01542	   7.50000	       11B
  15.68784	  73.32923	   7.50000	       11B
  15.68784	  77.64304	   7.50000	       11B
  18.30248	  69.01542	   7.50000	       11B
  18.30248	  73.32923	   7.50000	       10B
  18.30248	  77.64304	   7.50000	       11B
  20.91712	  69.01542	   7.50000	       11B
  20.91712	  73.32923	   7.50000	       11B
  20.91712	  77.64304	   7.50000	       11B
   1.30732	  68.30993	   7.50000	       14N
   1.30732	  72.62373	   7.50000	       14N
   1.30732	  76.93754	   7.50000	       14N
   3.92196	  68.30993	   7.50000	       14N
   3.92196	  72.62373	   7.50000	       14N
   3.92196	  76.93754	   7.50000	       14N
   6.53660	  68.30993	   7.50000	       14N
   6.53660	  72.62373	   7.50000	       14N
   6.53660	  76.93754	   7.50000	       14N
   9.15124	  68.30993	   7.50000	       14N
   9.15124	  72.62373	   7.50000	       14N
   9.15124	  76.93754	   7.50000	       14N
  11.76588	  68.30993	   7.50000	       14N
  11.76588	  72.62373	   7.50000	       14N
  11.76588	  76.93754	   7.50000	       14N
  14.38052	  68.30993	   7.50000	       14N
  14.38052	  72.62373	   7.50000	       14N
  14.38052	  76.93754	   7.50000	       14N
  16.99516	  68.30993	   7.50000	       14N
  16.99516	  72.62373	   7.50000	       14N
  16.99516	  76.93754	   7.50000	       14N
  19.60980	  68.30993	   7.50000	       14N
  19.60980	  72.62373	   7.50000	       14N
  19.60980	  76.93754	   7.50000	       14N
  22.22444	  68.30993	   7.50000	       14N
  22.22444	  72.62373	   7.50000	       14N
  22.22444	  76.93754	   7.50000	       14N
   0.00000	  66.15302	   7.50000	       14N
   0.00000	  70.46683	   7.50000	       14N
   0.00000	  74.78064	   7.50000	       14N
   2.61464	  66.15302	   7.50000	       14N
   2.61464	  70.46683	   7.50000	       14N
   2.61464	  74.78064	   7.50000	       14N
   5.22928	  66.15302	   7.50000	       14N
   5.22928	  70.46683	   7.50000	       14N
   5.22928	  74.78064	   7.50000	       14N
   7.84392	  66.15302	   7.50000	       14N
   7.84392	  70.46683	   7.50000	       14N
   7.84392	  74.78064	   7.50000	       14N
  10.45856	  66.15302	   7.50000	       14N
  10.45856	  70.46683	   7.50000	       14N
  10.45856	  74.78064	   7.50000	       14N
  13.07320	  66.15302	   7.50000	       14N
  13.07320	  70.46683	   7.50000	       14N
  13.07320	  74.78064	   7.50000	       14N
  15.68784	  66.15302	   7.50000	       14N
  15.68784	  70.46683	   7.50000	       14N
  15.68784	  74.78064	   7.50000	       14N
  18.30248	  66.15302	   7.50000	       14N
  18.30248	  70.46683	   7.50000	       14N
  18.30248	  74.78064	   7.50000	       14N
  20.91712	  66.15302	   7.50000	       14N
  20.91712	  70.46683	   7.50000	       14N
  20.91712	  74.78064	   7.50000	       14N
   1.30732	  79.79994	   7.50000	       11B
   3.92196	  79.79994	   7.50000	       11B
   6.53660	  79.79994	   7.50000	       11B
   9.15124	  79.79994	   7.50000	       11B
  11.76588	  79.79994	   7.50000	       11B
  14.38052	  79.79994	   7.50000	       11B
  16.99516	  79.79994	   7.50000	       11B
  19.60980	  79.79994	   7.50000	       11B
  22.22444	  79.79994	   7.50000	       11B
   0.00000	  79.09444	   7.50000	       14N
   2.61464	  79.09444	   7.50000	       14N
   5.22928	  79.09444	   7.50000	       14N
   7.84392	  79.09444	   7.50000	       14N
  10.45856	  79.09444	   7.50000	       14N
  13.07320	  79.09444	   7.50000	       14N
  15.68784	  79.09444	   7.50000	       14N
  18.30248	  79.09444	   7.50000	       14N
  20.91712	  79.09444	   7.50000	       14N
  24.83908	   2.15139	   7.50000	       11B
  24.83908	   6.46520	   7.50000	       11B
  24.83908	  10.77901	   7.50000	       11B
  27.45372	   2.15139	   7.50000	       11B
  27.45372	   6.46520	   7.50000	       11B
  27.45372	  10.77901	   7.50000	       10B
  30.06836	   2.15139	   7.50000	       11B
  30.06836	   6.46520	   7.50000	       11B
  30.06836	  10.77901	   7.50000	       10B
  32.68300	   2.15139	   7.50000	       11B
  32.68300	   6.46520	   7.50000	       10B
  32.68300	  10.77901	   7.50000	       11B
  35.29764	   2.15139	   7.50000	       10B
  35.29764	   6.46520	   7.50000	       11B
  35.29764	  10.77901	   7.50000	       11B
  37.91228	   2.15139	   7.50000	       10B
  37.91228	   6.46520	   7.50000	       11B
  37.91228	  10.77901	   7.50000	       11B
  40.52692	   2.15139	   7.50000	       11B
  40.52692	   6.46520	   7.50000	       11B
  40.52692	  10.77901	   7.50000	       11B
  43.14156	   2.15139	   7.50000	       11B
  43.14156	   6.46520	   7.50000	       11B
  43.14156	  10.77901	   7.50000	       11B
  45.75619	   2.15139	   7.50000	       11B
  45.75619	   6.46520	   7.50000	       11B
  45.75619	  10.77901	   7.50000	       11B
  23.53176	   4.30829	   7.50000	       10B
  23.53176	   8.62210	   7.50000	       10B
  23.53176	  12.93591	   7.50000	       11B
  26.14640	   4.30829	   7.50000	       11B
  26.14640	   8.62210	   7.50000	       11B
  26.14640	  12.93591	   7.50000	       10B
  28.76104	   4.30829	   7.50000	       11B
  28.76104	   8.62210	   7.50000	       11B
  28.76104	  12.93591	   7.50000	       11B
  31.37568	   4.30829	   7.50000	       11B
  31.37568	   8.62210	   7.50000	       11B
  31.37568	  12.93591	   7.50000	       11B
  33.99032	   4.30829	   7.50000	       11B
  33.99032	   8.62210	   7.50000	       11B
  33.99032	  12.93591	   7.50000	       11B
  36.60496	   4.30829	   7.50000	       10B
  36.60496	   8.62210	   7.50000	       11B
  36.60496	  12.93591	   7.50000	       10B
  39.21960	   4.30829	   7.50000	       11B
  39.21960	   8.62210	   7.50000	       10B
  39.21960	  12.93591	   7.50000	       10B
  41.83424	   4.30829	   7.50000	       11B
  41.83424	   8.62210	   7.50000	       11B
  41.83424	  12.93591	   7.50000	       11B
  44.44887	   4.30829	   7.50000	       11B
  44.44887	   8.62210	   7.50000	       11B
  44.44887	  12.93591	   7.50000	       11B
  24.83908	   3.60280	   7.50000	       14N
  24.83908	   7.91661	   7.50000	       14N
  24.83908	  12.23042	   7.50000	       14N
  27.45372	   3.60280	   7.50000	       14N
  27.45372	   7.91661	   7.50000	       14N
  27.45372	  12.23042	   7.50000	       14N
  30.06836	   3.60280	   7.50000	       14N
  30.06836	   7.91661	   7.50000	       14N
  30.06836	  12.23042	   7.50000	       14N
  32.68300	   3.60280	   7.50000	       14N
  32.68300	   7.91661	   7.50000	       14N
  32.68300	  12.23042	   7.50000	       14N
  35.29764	   3.60280	   7.50000	       14N
  35.29764	   7.91661	   7.50000	       14N
  35.29764	  12.23042	   7.50000	       14N
  37.91228	   3.60280	   7.50000	       14N
  37.91228	   7.91661	   7.50000	       14N
  37.91228	  12.23042	   7.50000	       14N
  40.52692	   3.60280	   7.50000	       14N
  40.52692	   7.91661	   7.50000	       14N
  40.52692	  12.23042	   7.50000	       14N
  43.14156	   3.60280	   7.50000	       14N
  43.14156	   7.91661	   7.50000	       14N
  43.14156	  12.23042	   7.50000	       14N
  45.75619	   3.60280	   7.50000	       14N
  45.75619	   7.91661	   7.50000	       14N
  45.75619	  12.23042	   7.50000	       14N
  23.53176	   1.44589	   7.50000	       14N
  23.53176	   5.75970	   7.50000	       14N
  23.53176	  10.07351	   7.50000	       14N
  26.14640	   1.44589	   7.50000	       14N
  26.14640	   5.75970	   7.50000	       14N
  26.14640	  10.07351	   7.50000	       14N
  28.76104	   1.44589	   7.50000	       14N
  28.76104	   5.75970	   7.50000	       14N
  28.76104	  10.07351	   7.50000	       14N
  31.37568	   1.44589	   7.50000	       14N
  31.37568	   5.75970	   7.50000	       14N
  31.37568	  10.07351	   7.50000	       14N
  33.99032	   1.44589	   7.50000	       14N
  33.99032	   5.75970	   7.50000	       14N
  33.99032	  10.07351	   7.50000	       14N
  36.60496	   1.44589	   7.50000	       14N
  36.60496	   5.75970	   7.50000	       14N
  36.60496	  10.07351	   7.50000	       14N
  39.21960	   1.44589	   7.50000	       14N
  39.21960	   5.75970	   7.50000	       14N
  39.21960	  10.07351	   7.50000	       14N
  41.83424	   1.44589	   7.50000	       14N
  41.83424	   5.75970	   7.50000	       14N
  41.83424	  10.07351	   7.50000	       14N
  44.44887	   1.44589	   7.50000	       14N
  44.44887	   5.75970	   7.50000	       14N
  44.44887	  10.07351	   7.50000	       14N
  24.83908	  15.09282	   7.50000	       11B
  24.83908	  19.40663	   7.50000	       11B
  24.83908	  23.72043	   7.50000	       11B
  27.45372	  15.09282	   7.50000	       10B
  27.45372	  19.40663	   7.50000	       11B
  27.45372	  23.72043	   7.50000	       11B
  30.06836	  15.09282	   7.50000	       11B
  30.06836	  19.40663	   7.50000	       11B
  30.06836	  23.72043	   7.50000	       11B
  32.68300	  15.09282	   7.50000	       11B
  32.68300	  19.40663	   7.50000	       11B
  32.68300	  23.72043	   7.50000	       10B
  35.29764	  15.09282	   7.50000	       11B
  35.29764	  19.40663	   7.50000	       11B
  35.29764	  23.72043	   7.50000	       11B
  37.91228	  15.09282	   7.50000	       10B
  37.91228	  19.40663	   7.50000	       10B
  37.91228	  23.72043	   7.50000	       11B
  40.52692	  15.09282	   7.50000	       10B
  40.52692	  19.40663	   7.50000	       10B
  40.52692	  23.72043	   7.50000	       11B
  43.14156	  15.09282	   7.50000	       11B
  43.14156	  19.40663	   7.50000	       11B
  43.14156	  23.72043	   7.50000	       10B
  45.75619	  15.09282	   7.50000	       11B
  45.75619	  19.40663	   7.50000	       10B
  45.75619	  23.72043	   7.50000	       11B
  23.53176	  17.24972	   7.50000	       11B
  23.53176	  21.56353	   7.50000	       11B
  23.53176	  25.87733	   7.50000	       11B
  26.14640	  17.24972	   7.50000	       11B
  26.14640	  21.56353	   7.50000	       11B
  26.14640	  25.87733	   7.50000	       10B
  28.76104	  17.24972	   7.50000	       11B
  28.76104	  21.56353	   7.50000	       10B
  28.76104	  25.87733	   7.50000	       11B
  31.37568	  17.24972	   7.50000	       11B
  31.37568	  21.56353	   7.50000	       10B
  31.37568	  25.87733	   7.50000	       10B
  33.99032	  17.24972	   7.50000	       10B
  33.99032	  21.56353	   7.50000	       10B
  33.99032	  25.87733	   7.50000	       11B
  36.60496	  17.24972	   7.50000	       11B
  36.60496	  21.56353	   7.50000	       11B
  36.60496	  25.87733	   7.50000	       11B
  39.21960	  17.24972	   7.50000	       11B
  39.21960	  21.56353	   7.50000	       10B
  39.21960	  25.87733	   7.50000	       11B
  41.83424	  17.24972	   7.50000	       11B
  41.83424	  21.56353	   7.50000	       10B
  41.83424	  25.87733	   7.50000	       11B
  44.44887	  17.24972	   7.50000	       11B
  44.44887	  21.56353	   7.50000	       11B
  44.44887	  25.87733	   7.50000	       11B
  24.83908	  16.54422	   7.50000	       14N
  24.83908	  20.85803	   7.50000	       14N
  24.83908	  25.17184	   7.50000	       14N
  27.45372	  16.54422	   7.50000	       14N
  27.45372	  20.85803	   7.50000	       14N
  27.45372	  25.17184	   7.50000	       14N
  30.06836	  16.54422	   7.50000	       14N
  30.06836	  20.85803	   7.50000	       14N
  30.06836	  25.17184	   7.50000	       14N
  32.68300	  16.54422	   7.50000	       14N
  32.68300	  20.85803	   7.50000	       14N
  32.68300	  25.17184	   7.50000	       14N
  35.29764	  16.54422	   7.50000	       14N
  35.29764	  20.85803	   7.50000	       14N
  35.29764	  25.17184	   7.50000	       14N
  37.91228	  16.54422	   7.50000	       14N
  37.91228	  20.85803	   7.50000	       14N
  37.91228	  25.17184	   7.50000	       14N
  40.52692	  16.54422	   7.50000	       14N
  40.52692	  20.85803	   7.50000	       14N
  40.52692	  25.17184	   7.50000	       14N
  43.14156	  16.54422	   7.50000	       14N
  43.14156	  20.85803	   7.50000	       14N
  43.14156	  25.17184	   7.50000	       14N
  45.75619	  16.54422	   7.50000	       14N
  45.75619	  20.85803	   7.50000	       14N
  45.75619	  25.17184	   7.50000	       14N
  23.53176	  14.38732	   7.50000	       14N
  23.53176	  18.70113	   7.50000	       14N
  23.53176	  23.01494	   7.50000	       14N
  26.14640	  14.38732	   7.50000	       14N
  26.14640	  18.70113	   7.50000	       14N
  26.14640	  23.01494	   7.50000	       14N
  28.76104	  14.38732	   7.50000	       14N
  28.76104	  18.70113	   7.50000	       14N
  28.76104	  23.01494	   7.50000	       14N
  31.37568	  14.38732	   7.50000	       14N
  31.37568	  18.70113	   7.50000	       14N
  31.37568	  23.01494	   7.50000	       14N
  33.99032	  14.38732	   7.50000	       14N
  33.99032	  18.70113	   7.50000	       14N
  33.99032	  23.01494	   7.50000	       14N
  36.60496	  14.38732	   7.50000	       14N
  36.60496	  18.70113	   7.50000	       14N
  36.60496	  23.01494	   7.50000	       14N
  39.21960	  14.38732	   7.50000	       14N
  39.21960	  18.70113	   7.50000	       14N
  39.21960	  23.01494	   7.50000	       14N
  41.83424	  14.38732	   7.50000	       14N
  41.83424	  18.70113	   7.50000	       14N
  41.83424	  23.01494	   7.50000	       14N
  44.44887	  14.38732	   7.50000	       14N
  44.44887	  18.70113	   7.50000	       14N
  44.44887	  23.01494	   7.50000	       14N
  24.83908	  28.03424	   7.50000	       11B
  24.83908	  32.34805	   7.50000	       11B
  24.83908	  36.66186	   7.50000	       11B
  27.45372	  28.03424	   7.50000	       11B
  27.45372	  32.34805	   7.50000	       11B
  27.45372	  36.66186	   7.50000	       11B
  30.06836	  28.03424	   7.50000	       10B
  30.06836	  32.34805	   7.50000	       11B
  30.06836	  36.66186	   7.50000	       11B
  32.68300	  28.03424	   7.50000	       10B
  32.68300	  32.34805	   7.50000	       11B
  32.68300	  36.66186	   7.50000	       10B
  35.29764	  28.03424	   7.50000	       11B
  35.29764	  32.34805	   7.50000	       11B
  35.29764	  36.66186	   7.50000	       11B
  37.91228	  28.03424	   7.50000	       11B
  37.91228	  32.34805	   7.50000	       10B
  37.91228	  36.66186	   7.50000	       11B
  40.52692	  28.03424	   7.50000	       11B
  40.52692	  32.34805	   7.50000	       11B
  40.52692	  36.66186	   7.50000	       11B
  43.14156	  28.03424	   7.50000	       11B
  43.14156	  32.34805	   7.50000	       11B
  43.14156	  36.66186	   7.50000	       10B
  45.75619	  28.03424	   7.50000	       11B
  45.75619	  32.34805	   7.50000	       10B
  45.75619	  36.66186	   7.50000	       11B
  23.53176	  30.19114	   7.50000	       10B
  23.53176	  34.50495	   7.50000	       11B
  23.53176	  38.81876	   7.50000	       11B
  26.14640	  30.19114	   7.50000	       10B
  26.14640	  34.50495	   7.50000	       10B
  26.14640	  38.81876	   7.50000	       11B
  28.76104	  30.19114	   7.50000	       11B
  28.76104	  34.50495	   7.50000	       11B
  28.76104	  38.81876	   7.50000	       11B
  31.37568	  30.19114	   7.50000	       10B
  31.37568	  34.50495	   7.50000	       11B
  31.37568	  38.81876	   7.50000	       10B
  33.99032	  30.19114	   7.50000	       11B
  33.99032	  34.50495	   7.50000	       11B
  33.99032	  38.81876	   7.50000	       11B
  36.60496	  30.19114	   7.50000	       11B
  36.60496	  34.50495	   7.50000	       11B
  36.60496	  38.81876	   7.50000	       10B
  39.21960	  30.19114	   7.50000	       11B
  39.21960	  34.50495	   7.50000	       11B
  39.21960	  38.81876	   7.50000	       11B
  41.83424	  30.19114	   7.50000	       11B
  41.83424	  34.50495	   7.50000	       10B
  41.83424	  38.81876	   7.50000	       11B
  44.44887	  30.19114	   7.50000	       10B
  44.44887	  34.50495	   7.50000	       10B
  44.44887	  38.81876	   7.50000	       11B
  24.83908	  29.48565	   7.50000	       14N
  24.83908	  33.79946	   7.50000	       14N
  24.83908	  38.11327	   7.50000	       14N
  27.45372	  29.48565	   7.50000	       14N
  27.45372	  33.79946	   7.50000	       14N
  27.45372	  38.11327	   7.50000	       14N
  30.06836	  29.48565	   7.50000	       14N
  30.06836	  33.79946	   7.50000	       14N
  30.06836	  38.11327	   7.50000	       14N
  32.68300	  29.48565	   7.50000	       14N
  32.68300	  33.79946	   7.50000	       14N
  32.68300	  38.11327	   7.50000	       14N
  35.29764	  29.48565	   7.50000	       14N
  35.29764	  33.79946	   7.50000	       14N
  35.29764	  38.11327	   7.50000	       14N
  37.91228	  29.48565	   7.50000	       14N
  37.91228	  33.79946	   7.50000	       14N
  37.91228	  38.11327	   7.50000	       14N
  40.52692	  29.48565	   7.50000	       14N
  40.52692	  33.79946	   7.50000	       14N
  40.52692	  38.11327	   7.50000	       14N
  43.14156	  29.48565	   7.50000	       14N
  43.14156	  33.79946	   7.50000	       14N
  43.14156	  38.11327	   7.50000	       14N
  45.75619	  29.48565	   7.50000	       14N
  45.75619	  33.79946	   7.50000	       14N
  45.75619	  38.11327	   7.50000	       14N
  23.53176	  27.32874	   7.50000	       14N
  23.53176	  31.64255	   7.50000	       14N
  23.53176	  35.95636	   7.50000	       14N
  26.14640	  27.32874	   7.50000	       14N
  26.14640	  31.64255	   7.50000	       14N
  26.14640	  35.95636	   7.50000	       14N
  28.76104	  27.32874	   7.50000	       14N
  28.76104	  31.64255	   7.50000	       14N
  28.76104	  35.95636	   7.50000	       14N
  31.37568	  27.32874	   7.50000	       14N
  31.37568	  31.64255	   7.50000	       14N
  31.37568	  35.95636	   7.50000	       14N
  33.99032	  27.32874	   7.50000	       14N
  33.99032	  31.64255	   7.50000	       14N
  33.99032	  35.95636	   7.50000	       14N
  36.60496	  27.32874	   7.50000	       14N
  36.60496	  31.64255	   7.50000	       14N
  36.60496	  35.95636	   7.50000	       14N
  39.21960	  27.32874	   7.50000	       14N
  39.21960	  31.64255	   7.50000	       14N
  39.21960	  35.95636	   7.50000	       14N
  41.83424	  27.32874	   7.50000	       14N
  41.83424	  31.64255	   7.50000	       14N
  41.83424	  35.95636	   7.50000	       14N
  44.44887	  27.32874	   7.50000	       14N
  44.44887	  31.64255	   7.50000	       14N
  44.44887	  35.95636	   7.50000	       14N
  24.83662	  40.96719	   7.50000	       10B
  24.83386	  45.28303	   7.50000	       11B
  24.83719	  49.59649	   7.50000	       11B
  27.44587	  40.96920	   7.50000	       11B
  27.43758	  45.28546	   7.50000	       10B
  27.44949	  49.59952	   7.50000	       11B
  30.05667	  40.97357	   7.50000	       11B
  30.03579	  45.29158	   7.50000	       11B
  30.06462	  49.60494	   7.50000	       11B
  32.67255	  40.98443	   7.50000	       10B
  32.62989	  45.30290	   7.50000	       11B
  32.68518	  49.60738	   7.50000	       11B
  35.29764	  41.00628	   7.50000	       11B
  35.29764	  49.60568	   7.50000	       11B
  37.92272	  40.98443	   7.50000	       11B
  37.96539	  45.30290	   7.50000	       11B
  37.91009	  49.60738	   7.50000	       11B
  40.53860	  40.97357	   7.50000	       11B
  40.55948	  45.29158	   7.50000	       11B
  40.53065	  49.60494	   7.50000	       11B
  43.14940	  40.96920	   7.50000	       11B
  43.15769	  45.28546	   7.50000	       11B
  43.14578	  49.59952	   7.50000	       11B
  45.75865	  40.96719	   7.50000	       10B
  45.76141	  45.28303	   7.50000	       11B
  45.75809	  49.59649	   7.50000	       11B
  23.53176	  43.12457	   7.50000	       11B
  23.53176	  47.43970	   7.50000	       10B
  23.53176	  51.75231	   7.50000	       11B
  26.13740	  43.12580	   7.50000	       11B
  26.14068	  47.44113	   7.50000	       11B
  26.14260	  51.75308	   7.50000	       10B
  28.74427	  43.12870	   7.50000	       10B
  28.75092	  47.44603	   7.50000	       11B
  28.75561	  51.75656	   7.50000	       11B
  31.35339	  43.13554	   7.50000	       11B
  31.36646	  47.45320	   7.50000	       11B
  31.37254	  51.76305	   7.50000	       10B
  33.98305	  43.16236	   7.50000	       11B
  33.99863	  47.42284	   7.50000	       11B
  33.99165	  51.77502	   7.50000	       10B
  36.61222	  43.16236	   7.50000	       11B
  36.59665	  47.42284	   7.50000	       10B
  36.60362	  51.77502	   7.50000	       11B
  39.24188	  43.13554	   7.50000	       11B
  39.22881	  47.45320	   7.50000	       11B
  39.22273	  51.76305	   7.50000	       11B
  41.85101	  43.12870	   7.50000	       10B
  41.84435	  47.44603	   7.50000	       10B
  41.83966	  51.75656	   7.50000	       11B
  44.45787	  43.12580	   7.50000	       11B
  44.45459	  47.44113	   7.50000	       10B
  44.45267	  51.75308	   7.50000	       11B
  24.83330	  42.41769	   7.50000	       14N
  24.83375	  46.73405	   7.50000	       14N
  24.83549	  51.04705	   7.50000	       14N
  27.43639	  42.41918	   7.50000	       14N
  27.43823	  46.73728	   7.50000	       14N
  27.44433	  51.05010	   7.50000	       14N
  30.04087	  42.42094	   7.50000	       14N
  30.04268	  46.74527	   7.50000	       14N
  30.05739	  51.05664	   7.50000	       14N
  32.65078	  42.42350	   7.50000	       14N
  32.64817	  46.75692	   7.50000	       14N
  32.67800	  51.06441	   7.50000	       14N
  35.29764	  42.44902	   7.50000	       14N
  35.29764	  51.06677	   7.50000	       14N
  37.94449	  42.42350	   7.50000	       14N
  37.94710	  46.75692	   7.50000	       14N
  37.91727	  51.06441	   7.50000	       14N
  40.55440	  42.42094	   7.50000	       14N
  40.55259	  46.74527	   7.50000	       14N
  40.53788	  51.05664	   7.50000	       14N
  43.15889	  42.41918	   7.50000	       14N
  43.15704	  46.73728	   7.50000	       14N
  43.15094	  51.05010	   7.50000	       14N
  45.76198	  42.41769	   7.50000	       14N
  45.76152	  46.73405	   7.50000	       14N
  45.75978	  51.04705	   7.50000	       14N
  23.53176	  40.26102	   7.50000	       14N
  23.53176	  44.57532	   7.50000	       14N
  23.53176	  48.89077	   7.50000	       14N
  26.13823	  40.26192	   7.50000	       14N
  26.13200	  44.57666	   7.50000	       14N
  26.13913	  48.89250	   7.50000	       14N
  28.74611	  40.26457	   7.50000	       14N
  28.72880	  44.57939	   7.50000	       14N
  28.74829	  48.89858	   7.50000	       14N
  31.35983	  40.27020	   7.50000	       14N
  31.31165	  44.58287	   7.50000	       14N
  31.36169	  48.90891	   7.50000	       14N
  33.98573	  40.28405	   7.50000	       14N
  33.98370	  48.90868	   7.50000	       14N
  36.60954	  40.28405	   7.50000	       14N
  36.61157	  48.90868	   7.50000	       14N
  39.23545	  40.27020	   7.50000	       14N
  39.28362	  44.58287	   7.50000	       14N
  39.23358	  48.90891	   7.50000	       14N
  41.84916	  40.26457	   7.50000	       15N
  41.86647	  44.57939	   7.50000	       14N
  41.84698	  48.89858	   7.50000	       14N
  44.45704	  40.26192	   7.50000	       14N
  44.46327	  44.57666	   7.50000	       14N
  44.45615	  48.89250	   7.50000	       14N
  36.77951	  44.54655	   7.50000	       14N
  33.81577	  44.54655	   7.50000	       14N
  35.29764	  46.82451	   7.50000	       14N
  24.83908	  53.91709	   7.50000	       11B
  24.83908	  58.23090	   7.50000	       11B
  24.83908	  62.54471	   7.50000	       11B
  27.45372	  53.91709	   7.50000	       10B
  27.45372	  58.23090	   7.50000	       11B
  27.45372	  62.54471	   7.50000	       11B
  30.06836	  53.91709	   7.50000	       11B
  30.06836	  58.23090	   7.50000	       10B
  30.06836	  62.54471	   7.50000	       10B
  32.68300	  53.91709	   7.50000	       10B
  32.68300	  58.23090	   7.50000	       11B
  32.68300	  62.54471	   7.50000	       11B
  35.29764	  53.91709	   7.50000	       11B
  35.29764	  58.23090	   7.50000	       11B
  35.29764	  62.54471	   7.50000	       11B
  37.91228	  53.91709	   7.50000	       11B
  37.91228	  58.23090	   7.50000	       11B
  37.91228	  62.54471	   7.50000	       11B
  40.52692	  53.91709	   7.50000	       11B
  40.52692	  58.23090	   7.50000	       11B
  40.52692	  62.54471	   7.50000	       11B
  43.14156	  53.91709	   7.50000	       11B
  43.14156	  58.23090	   7.50000	       11B
  43.14156	  62.54471	   7.50000	       11B
  45.75619	  53.91709	   7.50000	       11B
  45.75619	  58.23090	   7.50000	       10B
  45.75619	  62.54471	   7.50000	       10B
  23.53176	  56.07399	   7.50000	       11B
  23.53176	  60.38780	   7.50000	       11B
  23.53176	  64.70161	   7.50000	       11B
  26.14640	  56.07399	   7.50000	       11B
  26.14640	  60.38780	   7.50000	       11B
  26.14640	  64.70161	   7.50000	       11B
  28.76104	  56.07399	   7.50000	       11B
  28.76104	  60.38780	   7.50000	       11B
  28.76104	  64.70161	   7.50000	       11B
  31.37568	  56.07399	   7.50000	       11B
  31.37568	  60.38780	   7.50000	       11B
  31.37568	  64.70161	   7.50000	       11B
  33.99032	  56.07399	   7.50000	       11B
  33.99032	  60.38780	   7.50000	       11B
  33.99032	  64.70161	   7.50000	       11B
  36.60496	  56.07399	   7.50000	       11B
  36.60496	  60.38780	   7.50000	       11B
  36.60496	  64.70161	   7.50000	       11B
  39.21960	  56.07399	   7.50000	       11B
  39.21960	  60.38780	   7.50000	       11B
  39.21960	  64.70161	   7.50000	       11B
  41.83424	  56.07399	   7.50000	       11B
  41.83424	  60.38780	   7.50000	       11B
  41.83424	  64.70161	   7.50000	       11B
  44.44887	  56.07399	   7.50000	       10B
  44.44887	  60.38780	   7.50000	       11B
  44.44887	  64.70161	   7.50000	       11B
  24.83908	  55.36850	   7.50000	       14N
  24.83908	  59.68231	   7.50000	       14N
  24.83908	  63.99612	   7.50000	       14N
  27.45372	  55.36850	   7.50000	       14N
  27.45372	  59.68231	   7.50000	       14N
  27.45372	  63.99612	   7.50000	       14N
  30.06836	  55.36850	   7.50000	       14N
  30.06836	  59.68231	   7.50000	       14N
  30.06836	  63.99612	   7.50000	       14N
  32.68300	  55.36850	   7.50000	       14N
  32.68300	  59.68231	   7.50000	       14N
  32.68300	  63.99612	   7.50000	       14N
  35.29764	  55.36850	   7.50000	       14N
  35.29764	  59.68231	   7.50000	       14N
  35.29764	  63.99612	   7.50000	       14N
  37.91228	  55.36850	   7.50000	       14N
  37.91228	  59.68231	   7.50000	       14N
  37.91228	  63.99612	   7.50000	       14N
  40.52692	  55.36850	   7.50000	       14N
  40.52692	  59.68231	   7.50000	       14N
  40.52692	  63.99612	   7.50000	       14N
  43.14156	  55.36850	   7.50000	       14N
  43.14156	  59.68231	   7.50000	       14N
  43.14156	  63.99612	   7.50000	       14N
  45.75619	  55.36850	   7.50000	       14N
  45.75619	  59.68231	   7.50000	       14N
  45.75619	  63.99612	   7.50000	       14N
  23.53176	  53.21159	   7.50000	       14N
  23.53176	  57.52540	   7.50000	       14N
  23.53176	  61.83921	   7.50000	       14N
  26.14640	  53.21159	   7.50000	       14N
  26.14640	  57.52540	   7.50000	       14N
  26.14640	  61.83921	   7.50000	       14N
  28.76104	  53.21159	   7.50000	       14N
  28.76104	  57.52540	   7.50000	       14N
  28.76104	  61.83921	   7.50000	       14N
  31.37568	  53.21159	   7.50000	       14N
  31.37568	  57.52540	   7.50000	       14N
  31.37568	  61.83921	   7.50000	       14N
  33.99032	  53.21159	   7.50000	       14N
  33.99032	  57.52540	   7.50000	       14N
  33.99032	  61.83921	   7.50000	       14N
  36.60496	  53.21159	   7.50000	       14N
  36.60496	  57.52540	   7.50000	       14N
  36.60496	  61.83921	   7.50000	       14N
  39.21960	  53.21159	   7.50000	       14N
  39.21960	  57.52540	   7.50000	       14N
  39.21960	  61.83921	   7.50000	       14N
  41.83424	  53.21159	   7.50000	       14N
  41.83424	  57.52540	   7.50000	       14N
  41.83424	  61.83921	   7.50000	       14N
  44.44887	  53.21159	   7.50000	       14N
  44.44887	  57.52540	   7.50000	       14N
  44.44887	  61.83921	   7.50000	       14N
  24.83908	  66.85852	   7.50000	       11B
  24.83908	  71.17233	   7.50000	       11B
  24.83908	  75.48613	   7.50000	       10B
  27.45372	  66.85852	   7.50000	       10B
  27.45372	  71.17233	   7.50000	       11B
  27.45372	  75.48613	   7.50000	       11B
  30.06836	  66.85852	   7.50000	       11B
  30.06836	  71.17233	   7.50000	       11B
  30.06836	  75.48613	   7.50000	       11B
  32.68300	  66.85852	   7.50000	       11B
  32.68300	  71.17233	   7.50000	       10B
  32.68300	  75.48613	   7.50000	       11B
  35.29764	  66.85852	   7.50000	       11B
  35.29764	  71.17233	   7.50000	       10B
  35.29764	  75.48613	   7.50000	       11B
  37.91228	  66.85852	   7.50000	       11B
  37.91228	  71.17233	   7.50000	       11B
  37.91228	  75.48613	   7.50000	       11B
  40.52692	  66.85852	   7.50000	       11B
  40.52692	  71.17233	   7.50000	       11B
  40.52692	  75.48613	   7.50000	       11B
  43.14156	  66.85852	   7.50000	       11B
  43.14156	  71.17233	   7.50000	       11B
  43.14156	  75.48613	   7.50000	       11B
  45.75619	  66.85852	   7.50000	       11B
  45.75619	  71.17233	   7.50000	       10B
  45.75619	  75.48613	   7.50000	       11B
  23.53176	  69.01542	   7.50000	       11B
  23.53176	  73.32923	   7.50000	       11B
  23.53176	  77.64304	   7.50000	       11B
  26.14640	  69.01542	   7.50000	       11B
  26.14640	  73.32923	   7.50000	       11B
  26.14640	  77.64304	   7.50000	       11B
  28.76104	  69.01542	   7.50000	       11B
  28.76104	  73.32923	   7.50000	       10B
  28.76104	  77.64304	   7.50000	       11B
  31.37568	  69.01542	   7.50000	       10B
  31.37568	  73.32923	   7.50000	       10B
  31.37568	  77.64304	   7.50000	       11B
  33.99032	  69.01542	   7.50000	       11B
  33.99032	  73.32923	   7.50000	       11B
  33.99032	  77.64304	   7.50000	       10B
  36.60496	  69.01542	   7.50000	       10B
  36.60496	  73.32923	   7.50000	       11B
  36.60496	  77.64304	   7.50000	       11B
  39.21960	  69.01542	   7.50000	       10B
  39.21960	  73.32923	   7.50000	       11B
  39.21960	  77.64304	   7.50000	       11B
  41.83424	  69.01542	   7.50000	       11B
  41.83424	  73.32923	   7.50000	       10B
  41.83424	  77.64304	   7.50000	       11B
  44.44887	  69.01542	   7.50000	       11B
  44.44887	  73.32923	   7.50000	       10B
  44.44887	  77.64304	   7.50000	       11B
  24.83908	  68.30993	   7.50000	       14N
  24.83908	  72.62373	   7.50000	       14N
  24.83908	  76.93754	   7.50000	       14N
  27.45372	  68.30993	   7.50000	       14N
  27.45372	  72.62373	   7.50000	       14N
  27.45372	  76.93754	   7.50000	       14N
  30.06836	  68.30993	   7.50000	       14N
  30.06836	  72.62373	   7.50000	       14N
  30.06836	  76.93754	   7.50000	       14N
  32.68300	  68.30993	   7.50000	       14N
  32.68300	  72.62373	   7.50000	       14N
  32.68300	  76.93754	   7.50000	       14N
  35.29764	  68.30993	   7.50000	       14N
  35.29764	  72.62373	   7.50000	       14N
  35.29764	  76.93754	   7.50000	       14N
  37.91228	  68.30993	   7.50000	       14N
  37.91228	  72.62373	   7.50000	       14N
  37.91228	  76.93754	   7.50000	       14N
  40.52692	  68.30993	   7.50000	       14N
  40.52692	  72.62373	   7.50000	       14N
  40.52692	  76.93754	   7.50000	       14N
  43.14156	  68.30993	   7.50000	       14N
  43.14156	  72.62373	   7.50000	       14N
  43.14156	  76.93754	   7.50000	       14N
  45.75619	  68.30993	   7.50000	       14N
  45.75619	  72.62373	   7.50000	       14N
  45.75619	  76.93754	   7.50000	       14N
  23.53176	  66.15302	   7.50000	       14N
  23.53176	  70.46683	   7.50000	       14N
  23.53176	  74.78064	   7.50000	       14N
  26.14640	  66.15302	   7.50000	       14N
  26.14640	  70.46683	   7.50000	       14N
  26.14640	  74.78064	   7.50000	       14N
  28.76104	  66.15302	   7.50000	       14N
  28.76104	  70.46683	   7.50000	       14N
  28.76104	  74.78064	   7.50000	       14N
  31.37568	  66.15302	   7.50000	       14N
  31.37568	  70.46683	   7.50000	       14N
  31.37568	  74.78064	   7.50000	       14N
  33.99032	  66.15302	   7.50000	       14N
  33.99032	  70.46683	   7.50000	       14N
  33.99032	  74.78064	   7.50000	       14N
  36.60496	  66.15302	   7.50000	       14N
  36.60496	  70.46683	   7.50000	       14N
  36.60496	  74.78064	   7.50000	       14N
  39.21960	  66.15302	   7.50000	       14N
  39.21960	  70.46683	   7.50000	       14N
  39.21960	  74.78064	   7.50000	       14N
  41.83424	  66.15302	   7.50000	       14N
  41.83424	  70.46683	   7.50000	       14N
  41.83424	  74.78064	   7.50000	       14N
  44.44887	  66.15302	   7.50000	       14N
  44.44887	  70.46683	   7.50000	       14N
  44.44887	  74.78064	   7.50000	       14N
  24.83908	  79.79994	   7.50000	       11B
  27.45372	  79.79994	   7.50000	       11B
  30.06836	  79.79994	   7.50000	       11B
  32.68300	  79.79994	   7.50000	       11B
  35.29764	  79.79994	   7.50000	       10B
  37.91228	  79.79994	   7.50000	       11B
  40.52692	  79.79994	   7.50000	       11B
  43.14156	  79.79994	   7.50000	       11B
  45.75619	  79.79994	   7.50000	       10B
  23.53176	  79.09444	   7.50000	       14N
  26.14640	  79.09444	   7.50000	       14N
  28.76104	  79.09444	   7.50000	       14N
  31.37568	  79.09444	   7.50000	       14N
  33.99032	  79.09444	   7.50000	       14N
  36.60496	  79.09444	   7.50000	       14N
  39.21960	  79.09444	   7.50000	       14N
  41.83424	  79.09444	   7.50000	       14N
  44.44887	  79.09444	   7.50000	       14N
  48.37083	   2.15139	   7.50000	       10B
  48.37083	   6.46520	   7.50000	       11B
  48.37083	  10.77901	   7.50000	       11B
  50.98547	   2.15139	   7.50000	       11B
  50.98547	   6.46520	   7.50000	       10B
  50.98547	  10.77901	   7.50000	       11B
  53.60011	   2.15139	   7.50000	       11B
  53.60011	   6.46520	   7.50000	       11B
  53.60011	  10.77901	   7.50000	       11B
  56.21475	   2.15139	   7.50000	       11B
  56.21475	   6.46520	   7.50000	       11B
  56.21475	  10.77901	   7.50000	       11B
  58.82939	   2.15139	   7.50000	       10B
  58.82939	   6.46520	   7.50000	       11B
  58.82939	  10.77901	   7.50000	       11B
  61.44403	   2.15139	   7.50000	       11B
  61.44403	   6.46520	   7.50000	       11B
  61.44403	  10.77901	   7.50000	       11B
  64.05867	   2.15139	   7.50000	       10B
  64.05867	   6.46520	   7.50000	       11B
  64.05867	  10.77901	   7.50000	       10B
  66.67331	   2.15139	   7.50000	       11B
  66.67331	   6.46520	   7.50000	       10B
  66.67331	  10.77901	   7.50000	       11B
  69.28795	   2.15139	   7.50000	       11B
  69.28795	   6.46520	   7.50000	       11B
  69.28795	  10.77901	   7.50000	       11B
  47.06351	   4.30829	   7.50000	       11B
  47.06351	   8.62210	   7.50000	       11B
  47.06351	  12.93591	   7.50000	       10B
  49.67815	   4.30829	   7.50000	       11B
  49.67815	   8.62210	   7.50000	       11B
  49.67815	  12.93591	   7.50000	       11B
  52.29279	   4.30829	   7.50000	       10B
  52.29279	   8.62210	   7.50000	       11B
  52.29279	  12.93591	   7.50000	       11B
  54.90743	   4.30829	   7.50000	       11B
  54.90743	   8.62210	   7.50000	       11B
  54.90743	  12.93591	   7.50000	       10B
  57.52207	   4.30829	   7.50000	       10B
  57.52207	   8.62210	   7.50000	       11B
  57.52207	  12.93591	   7.50000	       11B
  60.13671	   4.30829	   7.50000	       11B
  60.13671	   8.62210	   7.50000	       11B
  60.13671	  12.93591	   7.50000	       10B
  62.75135	   4.30829	   7.50000	       11B
  62.75135	   8.62210	   7.50000	       10B
  62.75135	  12.93591	   7.50000	       10B
  65.36599	   4.30829	   7.50000	       11B
  65.36599	   8.62210	   7.50000	       11B
  65.36599	  12.93591	   7.50000	       10B
  67.98063	   4.30829	   7.50000	       11B
  67.98063	   8.62210	   7.50000	       11B
  67.98063	  12.93591	   7.50000	       10B
  48.37083	   3.60280	   7.50000	       14N
  48.37083	   7.91661	   7.50000	       14N
  48.37083	  12.23042	   7.50000	       14N
  50.98547	   3.60280	   7.50000	       14N
  50.98547	   7.91661	   7.50000	       14N
  50.98547	  12.23042	   7.50000	       14N
  53.60011	   3.60280	   7.50000	       14N
  53.60011	   7.91661	   7.50000	       14N
  53.60011	  12.23042	   7.50000	       14N
  56.21475	   3.60280	   7.50000	       14N
  56.21475	   7.91661	   7.50000	       14N
  56.21475	  12.23042	   7.50000	       14N
  58.82939	   3.60280	   7.50000	       14N
  58.82939	   7.91661	   7.50000	       14N
  58.82939	  12.23042	   7.50000	       14N
  61.44403	   3.60280	   7.50000	       14N
  61.44403	   7.91661	   7.50000	       14N
  61.44403	  12.23042	   7.50000	       14N
  64.05867	   3.60280	   7.50000	       14N
  64.05867	   7.91661	   7.50000	       14N
  64.05867	  12.23042	   7.50000	       14N
  66.67331	   3.60280	   7.50000	       14N
  66.67331	   7.91661	   7.50000	       14N
  66.67331	  12.23042	   7.50000	       14N
  69.28795	   3.60280	   7.50000	       14N
  69.28795	   7.91661	   7.50000	       14N
  69.28795	  12.23042	   7.50000	       14N
  47.06351	   1.44589	   7.50000	       14N
  47.06351	   5.75970	   7.50000	       14N
  47.06351	  10.07351	   7.50000	       14N
  49.67815	   1.44589	   7.50000	       14N
  49.67815	   5.75970	   7.50000	       14N
  49.67815	  10.07351	   7.50000	       14N
  52.29279	   1.44589	   7.50000	       14N
  52.29279	   5.75970	   7.50000	       14N
  52.29279	  10.07351	   7.50000	       14N
  54.90743	   1.44589	   7.50000	       14N
  54.90743	   5.75970	   7.50000	       14N
  54.90743	  10.07351	   7.50000	       14N
  57.52207	   1.44589	   7.50000	       14N
  57.52207	   5.75970	   7.50000	       14N
  57.52207	  10.07351	   7.50000	       14N
  60.13671	   1.44589	   7.50000	       14N
  60.13671	   5.75970	   7.50000	       14N
  60.13671	  10.07351	   7.50000	       14N
  62.75135	   1.44589	   7.50000	       14N
  62.75135	   5.75970	   7.50000	       14N
  62.75135	  10.07351	   7.50000	       14N
  65.36599	   1.44589	   7.50000	       14N
  65.36599	   5.75970	   7.50000	       14N
  65.36599	  10.07351	   7.50000	       14N
  67.98063	   1.44589	   7.50000	       14N
  67.98063	   5.75970	   7.50000	       14N
  67.98063	  10.07351	   7.50000	       14N
  48.37083	  15.09282	   7.50000	       11B
  48.37083	  19.40663	   7.50000	       11B
  48.37083	  23.72043	   7.50000	       11B
  50.98547	  15.09282	   7.50000	       11B
  50.98547	  19.40663	   7.50000	       11B
  50.98547	  23.72043	   7.50000	       11B
  53.60011	  15.09282	   7.50000	       11B
  53.60011	  19.40663	   7.50000	       11B
  53.60011	  23.72043	   7.50000	       11B
  56.21475	  15.09282	   7.50000	       10B
  56.21475	  19.40663	   7.50000	       10B
  56.21475	  23.72043	   7.50000	       11B
  58.82939	  15.09282	   7.50000	       11B
  58.82939	  19.40663	   7.50000	       11B
  58.82939	  23.72043	   7.50000	       10B
  61.44403	  15.09282	   7.50000	       11B
  61.44403	  19.40663	   7.50000	       10B
  61.44403	  23.72043	   7.50000	       10B
  64.05867	  15.09282	   7.50000	       11B
  64.05867	  19.40663	   7.50000	       11B
  64.05867	  23.72043	   7.50000	       11B
  66.67331	  15.09282	   7.50000	       11B
  66.67331	  19.40663	   7.50000	       11B
  66.67331	  23.72043	   7.50000	       11B
  69.28795	  15.09282	   7.50000	       11B
  69.28795	  19.40663	   7.50000	       11B
  69.28795	  23.72043	   7.50000	       11B
  47.06351	  17.24972	   7.50000	       11B
  47.06351	  21.56353	   7.50000	       11B
  47.06351	  25.87733	   7.50000	       11B
  49.67815	  17.24972	   7.50000	       11B
  49.67815	  21.56353	   7.50000	       10B
  49.67815	  25.87733	   7.50000	       11B
  52.29279	  17.24972	   7.50000	       11B
  52.29279	  21.56353	   7.50000	       10B
  52.29279	  25.87733	   7.50000	       11B
  54.90743	  17.24972	   7.50000	       11B
  54.90743	  21.56353	   7.50000	       10B
  54.90743	  25.87733	   7.50000	       11B
  57.52207	  17.24972	   7.50000	       10B
  57.52207	  21.56353	   7.50000	       10B
  57.52207	  25.87733	   7.50000	       11B
  60.13671	  17.24972	   7.50000	       11B
  60.13671	  21.56353	   7.50000	       11B
  60.13671	  25.87733	   7.50000	       11B
  62.75135	  17.24972	   7.50000	       11B
  62.75135	  21.56353	   7.50000	       11B
  62.75135	  25.87733	   7.50000	       11B
  65.36599	  17.24972	   7.50000	       11B
  65.36599	  21.56353	   7.50000	       11B
  65.36599	  25.87733	   7.50000	       11B
  67.98063	  17.24972	   7.50000	       10B
  67.98063	  21.56353	   7.50000	       11B
  67.98063	  25.87733	   7.50000	       10B
  48.37083	  16.54422	   7.50000	       14N
  48.37083	  20.85803	   7.50000	       14N
  48.37083	  25.17184	   7.50000	       14N
  50.98547	  16.54422	   7.50000	       14N
  50.98547	  20.85803	   7.50000	       14N
  50.98547	  25.17184	   7.50000	       14N
  53.60011	  16.54422	   7.50000	       14N
  53.60011	  20.85803	   7.50000	       14N
  53.60011	  25.17184	   7.50000	       14N
  56.21475	  16.54422	   7.50000	       14N
  56.21475	  20.85803	   7.50000	       14N
  56.21475	  25.17184	   7.50000	       14N
  58.82939	  16.54422	   7.50000	       14N
  58.82939	  20.85803	   7.50000	       14N
  58.82939	  25.17184	   7.50000	       14N
  61.44403	  16.54422	   7.50000	       14N
  61.44403	  20.85803	   7.50000	       14N
  61.44403	  25.17184	   7.50000	       14N
  64.05867	  16.54422	   7.50000	       14N
  64.05867	  20.85803	   7.50000	       14N
  64.05867	  25.17184	   7.50000	       14N
  66.67331	  16.54422	   7.50000	       14N
  66.67331	  20.85803	   7.50000	       14N
  66.67331	  25.17184	   7.50000	       14N
  69.28795	  16.54422	   7.50000	       14N
  69.28795	  20.85803	   7.50000	       14N
  69.28795	  25.17184	   7.50000	       14N
  47.06351	  14.38732	   7.50000	       14N
  47.06351	  18.70113	   7.50000	       14N
  47.06351	  23.01494	   7.50000	       14N
  49.67815	  14.38732	   7.50000	       14N
  49.67815	  18.70113	   7.50000	       14N
  49.67815	  23.01494	   7.50000	       14N
  52.29279	  14.38732	   7.50000	       14N
  52.29279	  18.70113	   7.50000	       14N
  52.29279	  23.01494	   7.50000	       14N
  54.90743	  14.38732	   7.50000	       14N
  54.90743	  18.70113	   7.50000	       14N
  54.90743	  23.01494	   7.50000	       14N
  57.52207	  14.38732	   7.50000	       14N
  57.52207	  18.70113	   7.50000	       14N
  57.52207	  23.01494	   7.50000	       14N
  60.13671	  14.38732	   7.50000	       14N
  60.13671	  18.70113	   7.50000	       14N
  60.13671	  23.01494	   7.50000	       14N
  62.75135	  14.38732	   7.50000	       14N
  62.75135	  18.70113	   7.50000	       14N
  62.75135	  23.01494	   7.50000	       14N
  65.36599	  14.38732	   7.50000	       14N
  65.36599	  18.70113	   7.50000	       14N
  65.36599	  23.01494	   7.50000	       14N
  67.98063	  14.38732	   7.50000	       14N
  67.98063	  18.70113	   7.50000	       14N
  67.98063	  23.01494	   7.50000	       14N
  48.37083	  28.03424	   7.50000	       10B
  48.37083	  32.34805	   7.50000	       11B
  48.37083	  36.66186	   7.50000	       11B
  50.98547	  28.03424	   7.50000	       11B
  50.98547	  32.34805	   7.50000	       11B
  50.98547	  36.66186	   7.50000	       11B
  53.60011	  28.03424	   7.50000	       11B
  53.60011	  32.34805	   7.50000	       11B
  53.60011	  36.66186	   7.50000	       11B
  56.21475	  28.03424	   7.50000	       11B
  56.21475	  32.34805	   7.50000	       11B
  56.21475	  36.66186	   7.50000	       11B
  58.82939	  28.03424	   7.50000	       11B
  58.82939	  32.34805	   7.50000	       11B
  58.82939	  36.66186	   7.50000	       11B
  61.44403	  28.03424	   7.50000	       10B
  61.44403	  32.34805	   7.50000	       11B
  61.44403	  36.66186	   7.50000	       11B
  64.05867	  28.03424	   7.50000	       11B
  64.05867	  32.34805	   7.50000	       10B
  64.05867	  36.66186	   7.50000	       10B
  66.67331	  28.03424	   7.50000	       11B
  66.67331	  32.34805	   7.50000	       11B
  66.67331	  36.66186	   7.50000	       11B
  69.28795	  28.03424	   7.50000	       11B
  69.28795	  32.34805	   7.50000	       11B
  69.28795	  36.66186	   7.50000	       11B
  47.06351	  30.19114	   7.50000	       11B
  47.06351	  34.50495	   7.50000	       11B
  47.06351	  38.81876	   7.50000	       11B
  49.67815	  30.19114	   7.50000	       11B
  49.67815	  34.50495	   7.50000	       11B
  49.67815	  38.81876	   7.50000	       11B
  52.29279	  30.19114	   7.50000	       11B
  52.29279	  34.50495	   7.50000	       10B
  52.29279	  38.81876	   7.50000	       11B
  54.90743	  30.19114	   7.50000	       11B
  54.90743	  34.50495	   7.50000	       10B
  54.90743	  38.81876	   7.50000	       11B
  57.52207	  30.19114	   7.50000	       11B
  57.52207	  34.50495	   7.50000	       11B
  57.52207	  38.81876	   7.50000	       11B
  60.13671	  30.19114	   7.50000	       10B
  60.13671	  34.50495	   7.50000	       11B
  60.13671	  38.81876	   7.50000	       11B
  62.75135	  30.19114	   7.50000	       11B
  62.75135	  34.50495	   7.50000	       11B
  62.75135	  38.81876	   7.50000	       11B
  65.36599	  30.19114	   7.50000	       11B
  65.36599	  34.50495	   7.50000	       11B
  65.36599	  38.81876	   7.50000	       10B
  67.98063	  30.19114	   7.50000	       11B
  67.98063	  34.50495	   7.50000	       11B
  67.98063	  38.81876	   7.50000	       11B
  48.37083	  29.48565	   7.50000	       14N
  48.37083	  33.79946	   7.50000	       14N
  48.37083	  38.11327	   7.50000	       14N
  50.98547	  29.48565	   7.50000	       14N
  50.98547	  33.79946	   7.50000	       14N
  50.98547	  38.11327	   7.50000	       14N
  53.60011	  29.48565	   7.50000	       14N
  53.60011	  33.79946	   7.50000	       14N
  53.60011	  38.11327	   7.50000	       14N
  56.21475	  29.48565	   7.50000	       14N
  56.21475	  33.79946	   7.50000	       14N
  56.21475	  38.11327	   7.50000	       14N
  58.82939	  29.48565	   7.50000	       14N
  58.82939	  33.79946	   7.50000	       14N
  58.82939	  38.11327	   7.50000	       14N
  61.44403	  29.48565	   7.50000	       14N
  61.44403	  33.79946	   7.50000	       14N
  61.44403	  38.11327	   7.50000	       14N
  64.05867	  29.48565	   7.50000	       14N
  64.05867	  33.79946	   7.50000	       14N
  64.05867	  38.11327	   7.50000	       14N
  66.67331	  29.48565	   7.50000	       14N
  66.67331	  33.79946	   7.50000	       14N
  66.67331	  38.11327	   7.50000	       14N
  69.28795	  29.48565	   7.50000	       14N
  69.28795	  33.79946	   7.50000	       14N
  69.28795	  38.11327	   7.50000	       14N
  47.06351	  27.32874	   7.50000	       14N
  47.06351	  31.64255	   7.50000	       14N
  47.06351	  35.95636	   7.50000	       14N
  49.67815	  27.32874	   7.50000	       14N
  49.67815	  31.64255	   7.50000	       14N
  49.67815	  35.95636	   7.50000	       14N
  52.29279	  27.32874	   7.50000	       14N
  52.29279	  31.64255	   7.50000	       14N
  52.29279	  35.95636	   7.50000	       14N
  54.90743	  27.32874	   7.50000	       14N
  54.90743	  31.64255	   7.50000	       14N
  54.90743	  35.95636	   7.50000	       14N
  57.52207	  27.32874	   7.50000	       14N
  57.52207	  31.64255	   7.50000	       14N
  57.52207	  35.95636	   7.50000	       14N
  60.13671	  27.32874	   7.50000	       14N
  60.13671	  31.64255	   7.50000	       14N
  60.13671	  35.95636	   7.50000	       14N
  62.75135	  27.32874	   7.50000	       14N
  62.75135	  31.64255	   7.50000	       14N
  62.75135	  35.95636	   7.50000	       14N
  65.36599	  27.32874	   7.50000	       14N
  65.36599	  31.64255	   7.50000	       14N
  65.36599	  35.95636	   7.50000	       14N
  67.98063	  27.32874	   7.50000	       14N
  67.98063	  31.64255	   7.50000	       14N
  67.98063	  35.95636	   7.50000	       14N
  48.37083	  40.97567	   7.50000	       10B
  48.37083	  45.28948	   7.50000	       11B
  48.37083	  49.60328	   7.50000	       11B
  50.98547	  40.97567	   7.50000	       11B
  50.98547	  45.28948	   7.50000	       11B
  50.98547	  49.60328	   7.50000	       11B
  53.60011	  40.97567	   7.50000	       11B
  53.60011	  45.28948	   7.50000	       11B
  53.60011	  49.60328	   7.50000	       10B
  56.21475	  40.97567	   7.50000	       11B
  56.21475	  45.28948	   7.50000	       11B
  56.21475	  49.60328	   7.50000	       11B
  58.82939	  40.97567	   7.50000	       11B
  58.82939	  45.28948	   7.50000	       11B
  58.82939	  49.60328	   7.50000	       10B
  61.44403	  40.97567	   7.50000	       11B
  61.44403	  45.28948	   7.50000	       11B
  61.44403	  49.60328	   7.50000	       10B
  64.05867	  40.97567	   7.50000	       11B
  64.05867	  45.28948	   7.50000	       11B
  64.05867	  49.60328	   7.50000	       11B
  66.67331	  40.97567	   7.50000	       11B
  66.67331	  45.28948	   7.50000	       11B
  66.67331	  49.60328	   7.50000	       11B
  69.28795	  40.97567	   7.50000	       11B
  69.28795	  45.28948	   7.50000	       11B
  69.28795	  49.60328	   7.50000	       10B
  47.06351	  43.13257	   7.50000	       11B
  47.06351	  47.44638	   7.50000	       11B
  47.06351	  51.76018	   7.50000	       10B
  49.67815	  43.13257	   7.50000	       11B
  49.67815	  47.44638	   7.50000	       11B
  49.67815	  51.76018	   7.50000	       11B
  52.29279	  43.13257	   7.50000	       11B
  52.29279	  47.44638	   7.50000	       11B
  52.29279	  51.76018	   7.50000	       11B
  54.90743	  43.13257	   7.50000	       11B
  54.90743	  47.44638	   7.50000	       11B
  54.90743	  51.76018	   7.50000	       11B
  57.52207	  43.13257	   7.50000	       10B
  57.52207	  47.44638	   7.50000	       11B
  57.52207	  51.76018	   7.50000	       11B
  60.13671	  43.13257	   7.50000	       11B
  60.13671	  47.44638	   7.50000	       11B
  60.13671	  51.76018	   7.50000	       11B
  62.75135	  43.13257	   7.50000	       11B
  62.75135	  47.44638	   7.50000	       10B
  62.75135	  51.76018	   7.50000	       11B
  65.36599	  43.13257	   7.50000	       11B
  65.36599	  47.44638	   7.50000	       11B
  65.36599	  51.76018	   7.50000	       11B
  67.98063	  43.13257	   7.50000	       11B
  67.98063	  47.44638	   7.50000	       11B
  67.98063	  51.76018	   7.50000	       11B
  48.37083	  42.42708	   7.50000	       14N
  48.37083	  46.74088	   7.50000	       14N
  48.37083	  51.05469	   7.50000	       14N
  50.98547	  42.42708	   7.50000	       14N
  50.98547	  46.74088	   7.50000	       14N
  50.98547	  51.05469	   7.50000	       14N
  53.60011	  42.42708	   7.50000	       14N
  53.60011	  46.74088	   7.50000	       14N
  53.60011	  51.05469	   7.50000	       14N
  56.21475	  42.42708	   7.50000	       14N
  56.21475	  46.74088	   7.50000	       14N
  56.21475	  51.05469	   7.50000	       14N
  58.82939	  42.42708	   7.50000	       14N
  58.82939	  46.74088	   7.50000	       14N
  58.82939	  51.05469	   7.50000	       14N
  61.44403	  42.42708	   7.50000	       14N
  61.44403	  46.74088	   7.50000	       14N
  61.44403	  51.05469	   7.50000	       14N
  64.05867	  42.42708	   7.50000	       14N
  64.05867	  46.74088	   7.50000	       14N
  64.05867	  51.05469	   7.50000	       14N
  66.67331	  42.42708	   7.50000	       14N
  66.67331	  46.74088	   7.50000	       14N
  66.67331	  51.05469	   7.50000	       14N
  69.28795	  42.42708	   7.50000	       14N
  69.28795	  46.74088	   7.50000	       14N
  69.28795	  51.05469	   7.50000	       14N
  47.06351	  40.27017	   7.50000	       14N
  47.06351	  44.58398	   7.50000	       14N
  47.06351	  48.89779	   7.50000	       14N
  49.67815	  40.27017	   7.50000	       14N
  49.67815	  44.58398	   7.50000	       14N
  49.67815	  48.89779	   7.50000	       14N
  52.29279	  40.27017	   7.50000	       14N
  52.29279	  44.58398	   7.50000	       14N
  52.29279	  48.89779	   7.50000	       14N
  54.90743	  40.27017	   7.50000	       14N
  54.90743	  44.58398	   7.50000	       14N
  54.90743	  48.89779	   7.50000	       14N
  57.52207	  40.27017	   7.50000	       14N
  57.52207	  44.58398	   7.50000	       14N
  57.52207	  48.89779	   7.50000	       14N
  60.13671	  40.27017	   7.50000	       14N
  60.13671	  44.58398	   7.50000	       14N
  60.13671	  48.89779	   7.50000	       14N
  62.75135	  40.27017	   7.50000	       14N
  62.75135	  44.58398	   7.50000	       14N
  62.75135	  48.89779	   7.50000	       14N
  65.36599	  40.27017	   7.50000	       14N
  65.36599	  44.58398	   7.50000	       14N
  65.36599	  48.89779	   7.50000	       14N
  67.98063	  40.27017	   7.50000	       14N
  67.98063	  44.58398	   7.50000	       14N
  67.98063	  48.89779	   7.50000	       14N
  48.37083	  53.91709	   7.50000	       11B
  48.37083	  58.23090	   7.50000	       11B
  48.37083	  62.54471	   7.50000	       11B
  50.98547	  53.91709	   7.50000	       11B
  50.98547	  58.23090	   7.50000	       11B
  50.98547	  62.54471	   7.50000	       10B
  53.60011	  53.91709	   7.50000	       10B
  53.60011	  58.23090	   7.50000	       11B
  53.60011	  62.54471	   7.50000	       11B
  56.21475	  53.91709	   7.50000	       11B
  56.21475	  58.23090	   7.50000	       11B
  56.21475	  62.54471	   7.50000	       10B
  58.82939	  53.91709	   7.50000	       11B
  58.82939	  58.23090	   7.50000	       11B
  58.82939	  62.54471	   7.50000	       11B
  61.44403	  53.91709	   7.50000	       10B
  61.44403	  58.23090	   7.50000	       11B
  61.44403	  62.54471	   7.50000	       10B
  64.05867	  53.91709	   7.50000	       11B
  64.05867	  58.23090	   7.50000	       11B
  64.05867	  62.54471	   7.50000	       11B
  66.67331	  53.91709	   7.50000	       11B
  66.67331	  58.23090	   7.50000	       11B
  66.67331	  62.54471	   7.50000	       11B
  69.28795	  53.91709	   7.50000	       11B
  69.28795	  58.23090	   7.50000	       11B
  69.28795	  62.54471	   7.50000	       11B
  47.06351	  56.07399	   7.50000	       11B
  47.06351	  60.38780	   7.50000	       11B
  47.06351	  64.70161	   7.50000	       10B
  49.67815	  56.07399	   7.50000	       11B
  49.67815	  60.38780	   7.50000	       11B
  49.67815	  64.70161	   7.50000	       11B
  52.29279	  56.07399	   7.50000	       10B
  52.29279	  60.38780	   7.50000	       11B
  52.29279	  64.70161	   7.50000	       11B
  54.90743	  56.07399	   7.50000	       10B
  54.90743	  60.38780	   7.50000	       10B
  54.90743	  64.70161	   7.50000	       11B
  57.52207	  56.07399	   7.50000	       10B
  57.52207	  60.38780	   7.50000	       11B
  57.52207	  64.70161	   7.50000	       11B
  60.13671	  56.07399	   7.50000	       11B
  60.13671	  60.38780	   7.50000	       11B
  60.13671	  64.70161	   7.50000	       11B
  62.75135	  56.07399	   7.50000	       10B
  62.75135	  60.38780	   7.50000	       11B
  62.75135	  64.70161	   7.50000	       11B
  65.36599	  56.07399	   7.50000	       11B
  65.36599	  60.38780	   7.50000	       11B
  65.36599	  64.70161	   7.50000	       11B
  67.98063	  56.07399	   7.50000	       11B
  67.98063	  60.38780	   7.50000	       11B
  67.98063	  64.70161	   7.50000	       11B
  48.37083	  55.36850	   7.50000	       14N
  48.37083	  59.68231	   7.50000	       14N
  48.37083	  63.99612	   7.50000	       14N
  50.98547	  55.36850	   7.50000	       14N
  50.98547	  59.68231	   7.50000	       14N
  50.98547	  63.99612	   7.50000	       14N
  53.60011	  55.36850	   7.50000	       14N
  53.60011	  59.68231	   7.50000	       14N
  53.60011	  63.99612	   7.50000	       14N
  56.21475	  55.36850	   7.50000	       14N
  56.21475	  59.68231	   7.50000	       14N
  56.21475	  63.99612	   7.50000	       14N
  58.82939	  55.36850	   7.50000	       14N
  58.82939	  59.68231	   7.50000	       14N
  58.82939	  63.99612	   7.50000	       14N
  61.44403	  55.36850	   7.50000	       14N
  61.44403	  59.68231	   7.50000	       14N
  61.44403	  63.99612	   7.50000	       14N
  64.05867	  55.36850	   7.50000	       14N
  64.05867	  59.68231	   7.50000	       14N
  64.05867	  63.99612	   7.50000	       14N
  66.67331	  55.36850	   7.50000	       14N
  66.67331	  59.68231	   7.50000	       14N
  66.67331	  63.99612	   7.50000	       14N
  69.28795	  55.36850	   7.50000	       14N
  69.28795	  59.68231	   7.50000	       14N
  69.28795	  63.99612	   7.50000	       14N
  47.06351	  53.21159	   7.50000	       14N
  47.06351	  57.52540	   7.50000	       14N
  47.06351	  61.83921	   7.50000	       14N
  49.67815	  53.21159	   7.50000	       14N
  49.67815	  57.52540	   7.50000	       14N
  49.67815	  61.83921	   7.50000	       14N
  52.29279	  53.21159	   7.50000	       14N
  52.29279	  57.52540	   7.50000	       14N
  52.29279	  61.83921	   7.50000	       14N
  54.90743	  53.21159	   7.50000	       14N
  54.90743	  57.52540	   7.50000	       14N
  54.90743	  61.83921	   7.50000	       14N
  57.52207	  53.21159	   7.50000	       14N
  57.52207	  57.52540	   7.50000	       14N
  57.52207	  61.83921	   7.50000	       14N
  60.13671	  53.21159	   7.50000	       14N
  60.13671	  57.52540	   7.50000	       14N
  60.13671	  61.83921	   7.50000	       14N
  62.75135	  53.21159	   7.50000	       14N
  62.75135	  57.52540	   7.50000	       14N
  62.75135	  61.83921	   7.50000	       14N
  65.36599	  53.21159	   7.50000	       14N
  65.36599	  57.52540	   7.50000	       14N
  65.36599	  61.83921	   7.50000	       14N
  67.98063	  53.21159	   7.50000	       14N
  67.98063	  57.52540	   7.50000	       14N
  67.98063	  61.83921	   7.50000	       14N
  48.37083	  66.85852	   7.50000	       10B
  48.37083	  71.17233	   7.50000	       11B
  48.37083	  75.48613	   7.50000	       11B
  50.98547	  66.85852	   7.50000	       11B
  50.98547	  71.17233	   7.50000	       11B
  50.98547	  75.48613	   7.50000	       11B
  53.60011	  66.85852	   7.50000	       10B
  53.60011	  71.17233	   7.50000	       10B
  53.60011	  75.48613	   7.50000	       11B
  56.21475	  66.85852	   7.50000	       11B
  56.21475	  71.17233	   7.50000	       11B
  56.21475	  75.48613	   7.50000	       11B
  58.82939	  66.85852	   7.50000	       11B
  58.82939	  71.17233	   7.50000	       11B
  58.82939	  75.48613	   7.50000	       10B
  61.44403	  66.85852	   7.50000	       11B
  61.44403	  71.17233	   7.50000	       11B
  61.44403	  75.48613	   7.50000	       11B
  64.05867	  66.85852	   7.50000	       10B
  64.05867	  71.17233	   7.50000	       10B
  64.05867	  75.48613	   7.50000	       11B
  66.67331	  66.85852	   7.50000	       10B
  66.67331	  71.17233	   7.50000	       11B
  66.67331	  75.48613	   7.50000	       11B
  69.28795	  66.85852	   7.50000	       11B
  69.28795	  71.17233	   7.50000	       10B
  69.28795	  75.48613	   7.50000	       11B
  47.06351	  69.01542	   7.50000	       10B
  47.06351	  73.32923	   7.50000	       11B
  47.06351	  77.64304	   7.50000	       11B
  49.67815	  69.01542	   7.50000	       10B
  49.67815	  73.32923	   7.50000	       10B
  49.67815	  77.64304	   7.50000	       11B
  52.29279	  69.01542	   7.50000	       11B
  52.29279	  73.32923	   7.50000	       11B
  52.29279	  77.64304	   7.50000	       11B
  54.90743	  69.01542	   7.50000	       10B
  54.90743	  73.32923	   7.50000	       10B
  54.90743	  77.64304	   7.50000	       11B
  57.52207	  69.01542	   7.50000	       11B
  57.52207	  73.32923	   7.50000	       10B
  57.52207	  77.64304	   7.50000	       11B
  60.13671	  69.01542	   7.50000	       11B
  60.13671	  73.32923	   7.50000	       11B
  60.13671	  77.64304	   7.50000	       11B
  62.75135	  69.01542	   7.50000	       11B
  62.75135	  73.32923	   7.50000	       11B
  62.75135	  77.64304	   7.50000	       11B
  65.36599	  69.01542	   7.50000	       11B
  65.36599	  73.32923	   7.50000	       11B
  65.36599	  77.64304	   7.50000	       11B
  67.98063	  69.01542	   7.50000	       11B
  67.98063	  73.32923	   7.50000	       11B
  67.98063	  77.64304	   7.50000	       11B
  48.37083	  68.30993	   7.50000	       14N
  48.37083	  72.62373	   7.50000	       14N
  48.37083	  76.93754	   7.50000	       14N
  50.98547	  68.30993	   7.50000	       14N
  50.98547	  72.62373	   7.50000	       14N
  50.98547	  76.93754	   7.50000	       14N
  53.60011	  68.30993	   7.50000	       14N
  53.60011	  72.62373	   7.50000	       14N
  53.60011	  76.93754	   7.50000	       14N
  56.21475	  68.30993	   7.50000	       14N
  56.21475	  72.62373	   7.50000	       14N
  56.21475	  76.93754	   7.50000	       14N
  58.82939	  68.30993	   7.50000	       14N
  58.82939	  72.62373	   7.50000	       14N
  58.82939	  76.93754	   7.50000	       14N
  61.44403	  68.30993	   7.50000	       14N
  61.44403	  72.62373	   7.50000	       14N
  61.44403	  76.93754	   7.50000	       14N
  64.05867	  68.30993	   7.50000	       14N
  64.05867	  72.62373	   7.50000	       14N
  64.05867	  76.93754	   7.50000	       14N
  66.67331	  68.30993	   7.50000	       14N
  66.67331	  72.62373	   7.50000	       14N
  66.67331	  76.93754	   7.50000	       14N
  69.28795	  68.30993	   7.50000	       14N
  69.28795	  72.62373	   7.50000	       14N
  69.28795	  76.93754	   7.50000	       14N
  47.06351	  66.15302	   7.50000	       14N
  47.06351	  70.46683	   7.50000	       14N
  47.06351	  74.78064	   7.50000	       14N
  49.67815	  66.15302	   7.50000	       14N
  49.67815	  70.46683	   7.50000	       14N
  49.67815	  74.78064	   7.50000	       14N
  52.29279	  66.15302	   7.50000	       14N
  52.29279	  70.46683	   7.50000	       14N
  52.29279	  74.78064	   7.50000	       15N
  54.90743	  66.15302	   7.50000	       14N
  54.90743	  70.46683	   7.50000	       14N
  54.90743	  74.78064	   7.50000	       14N
  57.52207	  66.15302	   7.50000	       14N
  57.52207	  70.46683	   7.50000	       14N
  57.52207	  74.78064	   7.50000	       14N
  60.13671	  66.15302	   7.50000	       14N
  60.13671	  70.46683	   7.50000	       14N
  60.13671	  74.78064	   7.50000	       14N
  62.75135	  66.15302	   7.50000	       14N
  62.75135	  70.46683	   7.50000	       14N
  62.75135	  74.78064	   7.50000	       14N
  65.36599	  66.15302	   7.50000	       14N
  65.36599	  70.46683	   7.50000	       14N
  65.36599	  74.78064	   7.50000	       14N
  67.98063	  66.15302	   7.50000	       14N
  67.98063	  70.46683	   7.50000	       14N
  67.98063	  74.78064	   7.50000	       14N
  48.37083	  79.79994	   7.50000	       11B
  50.98547	  79.79994	   7.50000	       10B
  53.60011	  79.79994	   7.50000	       11B
  56.21475	  79.79994	   7.50000	       11B
  58.82939	  79.79994	   7.50000	       11B
  61.44403	  79.79994	   7.50000	       11B
  64.05867	  79.79994	   7.50000	       10B
  66.67331	  79.79994	   7.50000	       11B
  69.28795	  79.79994	   7.50000	       10B
  47.06351	  79.09444	   7.50000	       14N
  49.67815	  79.09444	   7.50000	       14N
  52.29279	  79.09444	   7.50000	       14N
  54.90743	  79.09444	   7.50000	       14N
  57.52207	  79.09444	   7.50000	       14N
  60.13671	  79.09444	   7.50000	       14N
  62.75135	  79.09444	   7.50000	       14N
  65.36599	  79.09444	   7.50000	       14N
  67.98063	  79.09444	   7.50000	       14N
  71.90259	   2.15139	   7.50000	       11B
  71.90259	   6.46520	   7.50000	       11B
  71.90259	  10.77901	   7.50000	       11B
  74.51723	   2.15139	   7.50000	       11B
  74.51723	   6.46520	   7.50000	       11B
  74.51723	  10.77901	   7.50000	       11B
  77.13187	   2.15139	   7.50000	       11B
  77.13187	   6.46520	   7.50000	       11B
  77.13187	  10.77901	   7.50000	       11B
  79.74651	   2.15139	   7.50000	       11B
  79.74651	   6.46520	   7.50000	       11B
  79.74651	  10.77901	   7.50000	       11B
  70.59527	   4.30829	   7.50000	       11B
  70.59527	   8.62210	   7.50000	       10B
  70.59527	  12.93591	   7.50000	       11B
  73.20991	   4.30829	   7.50000	       11B
  73.20991	   8.62210	   7.50000	       11B
  73.20991	  12.93591	   7.50000	       11B
  75.82455	   4.30829	   7.50000	       11B
  75.82455	   8.62210	   7.50000	       11B
  75.82455	  12.93591	   7.50000	       11B
  78.43919	   4.30829	   7.50000	       10B
  78.43919	   8.62210	   7.50000	       11B
  78.43919	  12.93591	   7.50000	       11B
  71.90259	   3.60280	   7.50000	       14N
  71.90259	   7.91661	   7.50000	       14N
  71.90259	  12.23042	   7.50000	       14N
  74.51723	   3.60280	   7.50000	       14N
  74.51723	   7.91661	   7.50000	       14N
  74.51723	  12.23042	   7.50000	       14N
  77.13187	   3.60280	   7.50000	       14N
  77.13187	   7.91661	   7.50000	       14N
  77.13187	  12.23042	   7.50000	       14N
  79.74651	   3.60280	   7.50000	       14N
  79.74651	   7.91661	   7.50000	       14N
  79.74651	  12.23042	   7.50000	       14N
  70.59527	   1.44589	   7.50000	       14N
  70.59527	   5.75970	   7.50000	       14N
  70.59527	  10.07351	   7.50000	       14N
  73.20991	   1.44589	   7.50000	       14N
  73.20991	   5.75970	   7.50000	       14N
  73.20991	  10.07351	   7.50000	       14N
  75.82455	   1.44589	   7.50000	       14N
  75.82455	   5.75970	   7.50000	       14N
  75.82455	  10.07351	   7.50000	       14N
  78.43919	   1.44589	   7.50000	       14N
  78.43919	   5.75970	   7.50000	       14N
  78.43919	  10.07351	   7.50000	       14N
  71.90259	  15.09282	   7.50000	       11B
  71.90259	  19.40663	   7.50000	       10B
  71.90259	  23.72043	   7.50000	       11B
  74.51723	  15.09282	   7.50000	       11B
  74.51723	  19.40663	   7.50000	       11B
  74.51723	  23.72043	   7.50000	       10B
  77.13187	  15.09282	   7.50000	       11B
  77.13187	  19.40663	   7.50000	       11B
  77.13187	  23.72043	   7.50000	       11B
  79.74651	  15.09282	   7.50000	       11B
  79.74651	  19.40663	   7.50000	       11B
  79.74651	  23.72043	   7.50000	       11B
  70.59527	  17.24972	   7.50000	       11B
  70.59527	  21.56353	   7.50000	       11B
  70.59527	  25.87733	   7.50000	       11B
  73.20991	  17.24972	   7.50000	       10B
  73.20991	  21.56353	   7.50000	       11B
  73.20991	  25.87733	   7.50000	       11B
  75.82455	  17.24972	   7.50000	       11B
  75.82455	  21.56353	   7.50000	       11B
  75.82455	  25.87733	   7.50000	       11B
  78.43919	  17.24972	   7.50000	       11B
  78.43919	  21.56353	   7.50000	       11B
  78.43919	  25.87733	   7.50000	       11B
  71.90259	  16.54422	   7.50000	       14N
  71.90259	  20.85803	   7.50000	       14N
  71.90259	  25.17184	   7.50000	       14N
  74.51723	  16.54422	   7.50000	       14N
  74.51723	  20.85803	   7.50000	       14N
  74.51723	  25.17184	   7.50000	       14N
  77.13187	  16.54422	   7.50000	       14N
  77.13187	  20.85803	   7.50000	       14N
  77.13187	  25.17184	   7.50000	       14N
  79.74651	  16.54422	   7.50000	       14N
  79.74651	  20.85803	   7.50000	       14N
  79.74651	  25.17184	   7.50000	       14N
  70.59527	  14.38732	   7.50000	       14N
  70.59527	  18.70113	   7.50000	       14N
  70.59527	  23.01494	   7.50000	       14N
  73.20991	  14.38732	   7.50000	       14N
  73.20991	  18.70113	   7.50000	       14N
  73.20991	  23.01494	   7.50000	       14N
  75.82455	  14.38732	   7.50000	       14N
  75.82455	  18.70113	   7.50000	       14N
  75.82455	  23.01494	   7.50000	       14N
  78.43919	  14.38732	   7.50000	       14N
  78.43919	  18.70113	   7.50000	       14N
  78.43919	  23.01494	   7.50000	       14N
  71.90259	  28.03424	   7.50000	       10B
  71.90259	  32.34805	   7.50000	       11B
  71.90259	  36.66186	   7.50000	       11B
  74.51723	  28.03424	   7.50000	       11B
  74.51723	  32.34805	   7.50000	       10B
  74.51723	  36.66186	   7.50000	       11B
  77.13187	  28.03424	   7.50000	       11B
  77.13187	  32.34805	   7.50000	       11B
  77.13187	  36.66186	   7.50000	       11B
  79.74651	  28.03424	   7.50000	       11B
  79.74651	  32.34805	   7.50000	       11B
  79.74651	  36.66186	   7.50000	       11B
  70.59527	  30.19114	   7.50000	       10B
  70.59527	  34.50495	   7.50000	       11B
  70.59527	  38.81876	   7.50000	       11B
  73.20991	  30.19114	   7.50000	       11B
  73.20991	  34.50495	   7.50000	       11B
  73.20991	  38.81876	   7.50000	       10B
  75.82455	  30.19114	   7.50000	       11B
  75.82455	  34.50495	   7.50000	       10B
  75.82455	  38.81876	   7.50000	       11B
  78.43919	  30.19114	   7.50000	       11B
  78.43919	  34.50495	   7.50000	       11B
  78.43919	  38.81876	   7.50000	       11B
  71.90259	  29.48565	   7.50000	       14N
  71.90259	  33.79946	   7.50000	       14N
  71.90259	  38.11327	   7.50000	       14N
  74.51723	  29.48565	   7.50000	       14N
  74.51723	  33.79946	   7.50000	       14N
  74.51723	  38.11327	   7.50000	       14N
  77.13187	  29.48565	   7.50000	       14N
  77.13187	  33.79946	   7.50000	       14N
  77.13187	  38.11327	   7.50000	       14N
  79.74651	  29.48565	   7.50000	       14N
  79.74651	  33.79946	   7.50000	       14N
  79.74651	  38.11327	   7.50000	       14N
  70.59527	  27.32874	   7.50000	       14N
  70.59527	  31.64255	   7.50000	       14N
  70.59527	  35.95636	   7.50000	       14N
  73.20991	  27.32874	   7.50000	       14N
  73.20991	  31.64255	   7.50000	       14N
  73.20991	  35.95636	   7.50000	       14N
  75.82455	  27.32874	   7.50000	       14N
  75.82455	  31.64255	   7.50000	       14N
  75.82455	  35.95636	   7.50000	       14N
  78.43919	  27.32874	   7.50000	       14N
  78.43919	  31.64255	   7.50000	       14N
  78.43919	  35.95636	   7.50000	       14N
  71.90259	  40.97567	   7.50000	       11B
  71.90259	  45.28948	   7.50000	       10B
  71.90259	  49.60328	   7.50000	       11B
  74.51723	  40.97567	   7.50000	       10B
  74.51723	  45.28948	   7.50000	       11B
  74.51723	  49.60328	   7.50000	       11B
  77.13187	  40.97567	   7.50000	       10B
  77.13187	  45.28948	   7.50000	       11B
  77.13187	  49.60328	   7.50000	       10B
  79.74651	  40.97567	   7.50000	       11B
  79.74651	  45.28948	   7.50000	       11B
  79.74651	  49.60328	   7.50000	       10B
  70.59527	  43.13257	   7.50000	       11B
  70.59527	  47.44638	   7.50000	       11B
  70.59527	  51.76018	   7.50000	       10B
  73.20991	  43.13257	   7.50000	       10B
  73.20991	  47.44638	   7.50000	       11B
  73.20991	  51.76018	   7.50000	       11B
  75.82455	  43.13257	   7.50000	       11B
  75.82455	  47.44638	   7.50000	       11B
  75.82455	  51.76018	   7.50000	       11B
  78.43919	  43.13257	   7.50000	       11B
  78.43919	  47.44638	   7.50000	       11B
  78.43919	  51.76018	   7.50000	       11B
  71.90259	  42.42708	   7.50000	       14N
  71.90259	  46.74088	   7.50000	       14N
  71.90259	  51.05469	   7.50000	       14N
  74.51723	  42.42708	   7.50000	       14N
  74.51723	  46.74088	   7.50000	       14N
  74.51723	  51.05469	   7.50000	       14N
  77.13187	  42.42708	   7.50000	       14N
  77.13187	  46.74088	   7.50000	       14N
  77.13187	  51.05469	   7.50000	       14N
  79.74651	  42.42708	   7.50000	       14N
  79.74651	  46.74088	   7.50000	       14N
  79.74651	  51.05469	   7.50000	       14N
  70.59527	  40.27017	   7.50000	       14N
  70.59527	  44.58398	   7.50000	       14N
  70.59527	  48.89779	   7.50000	       14N
  73.20991	  40.27017	   7.50000	       14N
  73.20991	  44.58398	   7.50000	       14N
  73.20991	  48.89779	   7.50000	       14N
  75.82455	  40.27017	   7.50000	       14N
  75.82455	  44.58398	   7.50000	       14N
  75.82455	  48.89779	   7.50000	       14N
  78.43919	  40.27017	   7.50000	       14N
  78.43919	  44.58398	   7.50000	       14N
  78.43919	  48.89779	   7.50000	       14N
  71.90259	  53.91709	   7.50000	       10B
  71.90259	  58.23090	   7.50000	       11B
  71.90259	  62.54471	   7.50000	       11B
  74.51723	  53.91709	   7.50000	       11B
  74.51723	  58.23090	   7.50000	       10B
  74.51723	  62.54471	   7.50000	       11B
  77.13187	  53.91709	   7.50000	       11B
  77.13187	  58.23090	   7.50000	       10B
  77.13187	  62.54471	   7.50000	       11B
  79.74651	  53.91709	   7.50000	       11B
  79.74651	  58.23090	   7.50000	       11B
  79.74651	  62.54471	   7.50000	       10B
  70.59527	  56.07399	   7.50000	       11B
  70.59527	  60.38780	   7.50000	       11B
  70.59527	  64.70161	   7.50000	       11B
  73.20991	  56.07399	   7.50000	       11B
  73.20991	  60.38780	   7.50000	       11B
  73.20991	  64.70161	   7.50000	       11B
  75.82455	  56.07399	   7.50000	       11B
  75.82455	  60.38780	   7.50000	       10B
  75.82455	  64.70161	   7.50000	       11B
  78.43919	  56.07399	   7.50000	       10B
  78.43919	  60.38780	   7.50000	       11B
  78.43919	  64.70161	   7.50000	       11B
  71.90259	  55.36850	   7.50000	       14N
  71.90259	  59.68231	   7.50000	       14N
  71.90259	  63.99612	   7.50000	       14N
  74.51723	  55.36850	   7.50000	       14N
  74.51723	  59.68231	   7.50000	       14N
  74.51723	  63.99612	   7.50000	       14N
  77.13187	  55.36850	   7.50000	       14N
  77.13187	  59.68231	   7.50000	       14N
  77.13187	  63.99612	   7.50000	       14N
  79.74651	  55.36850	   7.50000	       14N
  79.74651	  59.68231	   7.50000	       14N
  79.74651	  63.99612	   7.50000	       14N
  70.59527	  53.21159	   7.50000	       14N
  70.59527	  57.52540	   7.50000	       14N
  70.59527	  61.83921	   7.50000	       14N
  73.20991	  53.21159	   7.50000	       14N
  73.20991	  57.52540	   7.50000	       14N
  73.20991	  61.83921	   7.50000	       14N
  75.82455	  53.21159	   7.50000	       14N
  75.82455	  57.52540	   7.50000	       14N
  75.82455	  61.83921	   7.50000	       14N
  78.43919	  53.21159	   7.50000	       14N
  78.43919	  57.52540	   7.50000	       14N
  78.43919	  61.83921	   7.50000	       14N
  71.90259	  66.85852	   7.50000	       11B
  71.90259	  71.17233	   7.50000	       11B
  71.90259	  75.48613	   7.50000	       11B
  74.51723	  66.85852	   7.50000	       11B
  74.51723	  71.17233	   7.50000	       10B
  74.51723	  75.48613	   7.50000	       10B
  77.13187	  66.85852	   7.50000	       11B
  77.13187	  71.17233	   7.50000	       11B
  77.13187	  75.48613	   7.50000	       11B
  79.74651	  66.85852	   7.50000	       11B
  79.74651	  71.17233	   7.50000	       11B
  79.74651	  75.48613	   7.50000	       11B
  70.59527	  69.01542	   7.50000	       10B
  70.59527	  73.32923	   7.50000	       11B
  70.59527	  77.64304	   7.50000	       11B
  73.20991	  69.01542	   7.50000	       11B
  73.20991	  73.32923	   7.50000	       11B
  73.20991	  77.64304	   7.50000	       11B
  75.82455	  69.01542	   7.50000	       11B
  75.82455	  73.32923	   7.50000	       11B
  75.82455	  77.64304	   7.50000	       11B
  78.43919	  69.01542	   7.50000	       11B
  78.43919	  73.32923	   7.50000	       11B
  78.43919	  77.64304	   7.50000	       11B
  71.90259	  68.30993	   7.50000	       14N
  71.90259	  72.62373	   7.50000	       14N
  71.90259	  76.93754	   7.50000	       14N
  74.51723	  68.30993	   7.50000	       14N
  74.51723	  72.62373	   7.50000	       14N
  74.51723	  76.93754	   7.50000	       14N
  77.13187	  68.30993	   7.50000	       14N
  77.13187	  72.62373	   7.50000	       14N
  77.13187	  76.93754	   7.50000	       14N
  79.74651	  68.30993	   7.50000	       14N
  79.74651	  72.62373	   7.50000	       14N
  79.74651	  76.93754	   7.50000	       14N
  70.59527	  66.15302	   7.50000	       14N
  70.59527	  70.46683	   7.50000	       14N
  70.59527	  74.78064	   7.50000	       14N
  73.20991	  66.15302	   7.50000	       14N
  73.20991	  70.46683	   7.50000	       14N
  73.20991	  74.78064	   7.50000	       14N
  75.82455	  66.15302	   7.50000	       14N
  75.82455	  70.46683	   7.50000	       14N
  75.82455	  74.78064	   7.50000	       14N
  78.43919	  66.15302	   7.50000	       14N
  78.43919	  70.46683	   7.50000	       14N
  78.43919	  74.78064	   7.50000	       14N
  71.90259	  79.79994	   7.50000	       11B
  74.51723	  79.79994	   7.50000	       10B
  77.13187	  79.79994	   7.50000	       11B
  79.74651	  79.79994	   7.50000	       11B
  70.59527	  79.09444	   7.50000	       14N
  73.20991	  79.09444	   7.50000	       14N
  75.82455	  79.09444	   7.50000	       14N
  78.43919	  79.09444	   7.50000	       14N
