2406.00000	   0.00000	   0.00000	   0.00000
   1.25704	   2.17825	   7.50000	       11B
   1.25704	   6.53276	   7.50000	       11B
   1.25704	  10.88727	   7.50000	       11B
   3.77111	   2.17825	   7.50000	       11B
   3.77111	   6.53276	   7.50000	       11B
   3.77111	  10.88727	   7.50000	       11B
   6.28519	   2.17825	   7.50000	       11B
   6.28519	   6.53276	   7.50000	       11B
   6.28519	  10.88727	   7.50000	       11B
   8.79927	   2.17825	   7.50000	       11B
   8.79927	   6.53276	   7.50000	       10B
   8.79927	  10.88727	   7.50000	       11B
  11.31334	   2.17825	   7.50000	       11B
  11.31334	   6.53276	   7.50000	       11B
  11.31334	  10.88727	   7.50000	       11B
  13.82742	   2.17825	   7.50000	       11B
  13.82742	   6.53276	   7.50000	       11B
  13.82742	  10.88727	   7.50000	       11B
  16.34150	   2.17825	   7.50000	       11B
  16.34150	   6.53276	   7.50000	       11B
  16.34150	  10.88727	   7.50000	       10B
  18.85557	   2.17825	   7.50000	       11B
  18.85557	   6.53276	   7.50000	       11B
  18.85557	  10.88727	   7.50000	       11B
  21.36965	   2.17825	   7.50000	       11B
  21.36965	   6.53276	   7.50000	       11B
  21.36965	  10.88727	   7.50000	       11B
   0.00000	   0.00098	   7.50000	       11B
   0.00000	   4.35549	   7.50000	       11B
   0.00000	   8.71000	   7.50000	       11B
   2.51408	   0.00098	   7.50000	       11B
   2.51408	   4.35549	   7.50000	       11B
   2.51408	   8.71000	   7.50000	       11B
   5.02815	   0.00098	   7.50000	       11B
   5.02815	   4.35549	   7.50000	       11B
   5.02815	   8.71000	   7.50000	       11B
   7.54223	   0.00098	   7.50000	       11B
   7.54223	   4.35549	   7.50000	       10B
   7.54223	   8.71000	   7.50000	       11B
  10.05631	   0.00098	   7.50000	       11B
  10.05631	   4.35549	   7.50000	       11B
  10.05631	   8.71000	   7.50000	       11B
  12.57038	   0.00098	   7.50000	       11B
  12.57038	   4.35549	   7.50000	       10B
  12.57038	   8.71000	   7.50000	       11B
  15.08446	   0.00098	   7.50000	       11B
  15.08446	   4.35549	   7.50000	       11B
  15.08446	   8.71000	   7.50000	       11B
  17.59854	   0.00098	   7.50000	       11B
  17.59854	   4.35549	   7.50000	       11B
  17.59854	   8.71000	   7.50000	       11B
  20.11261	   0.00098	   7.50000	       11B
  20.11261	   4.35549	   7.50000	       11B
  20.11261	   8.71000	   7.50000	       11B
   1.25704	   3.63024	   7.50000	       14N
   1.25704	   7.98475	   7.50000	       14N
   3.77111	   3.63024	   7.50000	       14N
   3.77111	   7.98475	   7.50000	       14N
   6.28519	   3.63024	   7.50000	       14N
   6.28519	   7.98475	   7.50000	       14N
   8.79927	   3.63024	   7.50000	       14N
   8.79927	   7.98475	   7.50000	       14N
  11.31334	   3.63024	   7.50000	       14N
  11.31334	   7.98475	   7.50000	       14N
  13.82742	   3.63024	   7.50000	       14N
  13.82742	   7.98475	   7.50000	       14N
  16.34150	   3.63024	   7.50000	       14N
  16.34150	   7.98475	   7.50000	       14N
  18.85557	   3.63024	   7.50000	       14N
  18.85557	   7.98475	   7.50000	       14N
  21.36965	   3.63024	   7.50000	       14N
  21.36965	   7.98475	   7.50000	       14N
   0.00000	   1.45298	   7.50000	       14N
   0.00000	   5.80749	   7.50000	       14N
   0.00000	  10.16200	   7.50000	       14N
   2.51408	   1.45298	   7.50000	       14N
   2.51408	   5.80749	   7.50000	       14N
   2.51408	  10.16200	   7.50000	       14N
   5.02815	   1.45298	   7.50000	       14N
   5.02815	   5.80749	   7.50000	       14N
   5.02815	  10.16200	   7.50000	       14N
   7.54223	   1.45298	   7.50000	       14N
   7.54223	   5.80749	   7.50000	       14N
   7.54223	  10.16200	   7.50000	       14N
  10.05631	   1.45298	   7.50000	       14N
  10.05631	   5.80749	   7.50000	       14N
  10.05631	  10.16200	   7.50000	       14N
  12.57038	   1.45298	   7.50000	       14N
  12.57038	   5.80749	   7.50000	       14N
  12.57038	  10.16200	   7.50000	       14N
  15.08446	   1.45298	   7.50000	       14N
  15.08446	   5.80749	   7.50000	       14N
  15.08446	  10.16200	   7.50000	       14N
  17.59854	   1.45298	   7.50000	       14N
  17.59854	   5.80749	   7.50000	       14N
  17.59854	  10.16200	   7.50000	       14N
  20.11261	   1.45298	   7.50000	       14N
  20.11261	   5.80749	   7.50000	       14N
  20.11261	  10.16200	   7.50000	       14N
   1.25704	  15.24177	   7.50000	       11B
   1.25704	  19.59628	   7.50000	       11B
   1.25704	  23.95079	   7.50000	       11B
   3.77111	  15.24177	   7.50000	       10B
   3.77111	  19.59628	   7.50000	       11B
   3.77111	  23.95079	   7.50000	       11B
   6.28519	  15.24177	   7.50000	       10B
   6.28519	  19.59628	   7.50000	       10B
   6.28519	  23.95079	   7.50000	       11B
   8.79927	  15.24177	   7.50000	       10B
   8.79927	  19.59628	   7.50000	       11B
   8.79927	  23.95079	   7.50000	       11B
  11.31334	  15.24177	   7.50000	       11B
  11.31334	  19.59628	   7.50000	       11B
  11.31334	  23.95079	   7.50000	       11B
  13.82742	  15.24177	   7.50000	       11B
  13.82742	  19.59628	   7.50000	       11B
  13.82742	  23.95079	   7.50000	       11B
  16.34150	  15.24177	   7.50000	       11B
  16.34150	  19.59628	   7.50000	       11B
  16.34150	  23.95079	   7.50000	       10B
  18.85557	  15.24177	   7.50000	       11B
  18.85557	  19.59628	   7.50000	       11B
  18.85557	  23.95079	   7.50000	       11B
  21.36965	  15.24177	   7.50000	       11B
  21.36965	  19.59628	   7.50000	       11B
  21.36965	  23.95079	   7.50000	       10B
   0.00000	  13.06450	   7.50000	       11B
   0.00000	  17.41901	   7.50000	       11B
   0.00000	  21.77352	   7.50000	       11B
   2.51408	  13.06450	   7.50000	       11B
   2.51408	  17.41901	   7.50000	       11B
   2.51408	  21.77352	   7.50000	       11B
   5.02815	  13.06450	   7.50000	       11B
   5.02815	  17.41901	   7.50000	       11B
   5.02815	  21.77352	   7.50000	       11B
   7.54223	  13.06450	   7.50000	       11B
   7.54223	  17.41901	   7.50000	       11B
   7.54223	  21.77352	   7.50000	       11B
  10.05631	  13.06450	   7.50000	       11B
  10.05631	  17.41901	   7.50000	       11B
  10.05631	  21.77352	   7.50000	       11B
  12.57038	  13.06450	   7.50000	       11B
  12.57038	  17.41901	   7.50000	       11B
  12.57038	  21.77352	   7.50000	       11B
  15.08446	  13.06450	   7.50000	       10B
  15.08446	  17.41901	   7.50000	       11B
  15.08446	  21.77352	   7.50000	       11B
  17.59854	  13.06450	   7.50000	       11B
  17.59854	  17.41901	   7.50000	       11B
  17.59854	  21.77352	   7.50000	       10B
  20.11261	  13.06450	   7.50000	       10B
  20.11261	  17.41901	   7.50000	       11B
  20.11261	  21.77352	   7.50000	       11B
   1.25704	  16.69376	   7.50000	       14N
   1.25704	  21.04827	   7.50000	       14N
   1.25704	  12.33926	   7.50000	       14N
   3.77111	  16.69376	   7.50000	       14N
   3.77111	  21.04827	   7.50000	       14N
   3.77111	  12.33926	   7.50000	       14N
   6.28519	  16.69376	   7.50000	       14N
   6.28519	  21.04827	   7.50000	       14N
   6.28519	  12.33926	   7.50000	       14N
   8.79927	  16.69376	   7.50000	       14N
   8.79927	  21.04827	   7.50000	       14N
   8.79927	  12.33926	   7.50000	       14N
  11.31334	  16.69376	   7.50000	       14N
  11.31334	  21.04827	   7.50000	       14N
  11.31334	  12.33926	   7.50000	       14N
  13.82742	  16.69376	   7.50000	       14N
  13.82742	  21.04827	   7.50000	       14N
  13.82742	  12.33926	   7.50000	       14N
  16.34150	  16.69376	   7.50000	       14N
  16.34150	  21.04827	   7.50000	       14N
  16.34150	  12.33926	   7.50000	       14N
  18.85557	  16.69376	   7.50000	       14N
  18.85557	  21.04827	   7.50000	       14N
  18.85557	  12.33926	   7.50000	       14N
  21.36965	  16.69376	   7.50000	       14N
  21.36965	  21.04827	   7.50000	       14N
  21.36965	  12.33926	   7.50000	       14N
   0.00000	  14.51651	   7.50000	       14N
   0.00000	  18.87102	   7.50000	       14N
   0.00000	  23.22552	   7.50000	       14N
   2.51408	  14.51651	   7.50000	       14N
   2.51408	  18.87102	   7.50000	       14N
   2.51408	  23.22552	   7.50000	       14N
   5.02815	  14.51651	   7.50000	       14N
   5.02815	  18.87102	   7.50000	       14N
   5.02815	  23.22552	   7.50000	       14N
   7.54223	  14.51651	   7.50000	       14N
   7.54223	  18.87102	   7.50000	       14N
   7.54223	  23.22552	   7.50000	       14N
  10.05631	  14.51651	   7.50000	       14N
  10.05631	  18.87102	   7.50000	       14N
  10.05631	  23.22552	   7.50000	       14N
  12.57038	  14.51651	   7.50000	       14N
  12.57038	  18.87102	   7.50000	       14N
  12.57038	  23.22552	   7.50000	       14N
  15.08446	  14.51651	   7.50000	       14N
  15.08446	  18.87102	   7.50000	       14N
  15.08446	  23.22552	   7.50000	       14N
  17.59854	  14.51651	   7.50000	       14N
  17.59854	  18.87102	   7.50000	       14N
  17.59854	  23.22552	   7.50000	       14N
  20.11261	  14.51651	   7.50000	       14N
  20.11261	  18.87102	   7.50000	       14N
  20.11261	  23.22552	   7.50000	       14N
   1.25704	  28.30530	   7.50000	       10B
   1.25704	  32.65981	   7.50000	       11B
   1.25704	  37.01432	   7.50000	       11B
   3.77111	  28.30530	   7.50000	       11B
   3.77111	  32.65981	   7.50000	       11B
   3.77111	  37.01432	   7.50000	       11B
   6.28519	  28.30530	   7.50000	       11B
   6.28519	  32.65981	   7.50000	       11B
   6.28519	  37.01432	   7.50000	       11B
   8.79927	  28.30530	   7.50000	       11B
   8.79927	  32.65981	   7.50000	       11B
   8.79927	  37.01432	   7.50000	       10B
  11.31334	  28.30530	   7.50000	       11B
  11.31334	  32.65981	   7.50000	       11B
  11.31334	  37.01432	   7.50000	       11B
  13.82742	  28.30530	   7.50000	       11B
  13.82742	  32.65981	   7.50000	       10B
  13.82742	  37.01432	   7.50000	       11B
  16.34150	  28.30530	   7.50000	       11B
  16.34150	  32.65981	   7.50000	       11B
  16.34150	  37.01432	   7.50000	       10B
  18.85557	  28.30530	   7.50000	       10B
  18.85557	  32.65981	   7.50000	       10B
  18.85557	  37.01432	   7.50000	       11B
  21.36965	  28.30530	   7.50000	       11B
  21.36965	  32.65981	   7.50000	       11B
  21.36965	  37.01432	   7.50000	       11B
   0.00000	  26.12803	   7.50000	       10B
   0.00000	  30.48254	   7.50000	       10B
   0.00000	  34.83705	   7.50000	       11B
   2.51408	  26.12803	   7.50000	       11B
   2.51408	  30.48254	   7.50000	       11B
   2.51408	  34.83705	   7.50000	       11B
   5.02815	  26.12803	   7.50000	       11B
   5.02815	  30.48254	   7.50000	       11B
   5.02815	  34.83705	   7.50000	       11B
   7.54223	  26.12803	   7.50000	       11B
   7.54223	  30.48254	   7.50000	       11B
   7.54223	  34.83705	   7.50000	       11B
  10.05631	  26.12803	   7.50000	       10B
  10.05631	  30.48254	   7.50000	       11B
  10.05631	  34.83705	   7.50000	       10B
  12.57038	  26.12803	   7.50000	       11B
  12.57038	  30.48254	   7.50000	       10B
  12.57038	  34.83705	   7.50000	       10B
  15.08446	  26.12803	   7.50000	       11B
  15.08446	  30.48254	   7.50000	       11B
  15.08446	  34.83705	   7.50000	       11B
  17.59854	  26.12803	   7.50000	       11B
  17.59854	  30.48254	   7.50000	       10B
  17.59854	  34.83705	   7.50000	       10B
  20.11261	  26.12803	   7.50000	       11B
  20.11261	  30.48254	   7.50000	       11B
  20.11261	  34.83705	   7.50000	       10B
   1.25704	  29.75729	   7.50000	       14N
   1.25704	  34.11180	   7.50000	       14N
   1.25704	  25.40278	   7.50000	       14N
   3.77111	  29.75729	   7.50000	       14N
   3.77111	  34.11180	   7.50000	       14N
   3.77111	  25.40278	   7.50000	       14N
   6.28519	  29.75729	   7.50000	       14N
   6.28519	  34.11180	   7.50000	       14N
   6.28519	  25.40278	   7.50000	       14N
   8.79927	  29.75729	   7.50000	       14N
   8.79927	  34.11180	   7.50000	       14N
   8.79927	  25.40278	   7.50000	       14N
  11.31334	  29.75729	   7.50000	       14N
  11.31334	  34.11180	   7.50000	       14N
  11.31334	  25.40278	   7.50000	       14N
  13.82742	  29.75729	   7.50000	       14N
  13.82742	  34.11180	   7.50000	       14N
  13.82742	  25.40278	   7.50000	       14N
  16.34150	  29.75729	   7.50000	       14N
  16.34150	  34.11180	   7.50000	       14N
  16.34150	  25.40278	   7.50000	       14N
  18.85557	  29.75729	   7.50000	       14N
  18.85557	  34.11180	   7.50000	       14N
  18.85557	  25.40278	   7.50000	       14N
  21.36965	  29.75729	   7.50000	       14N
  21.36965	  34.11180	   7.50000	       14N
  21.36965	  25.40278	   7.50000	       14N
   0.00000	  27.58003	   7.50000	       14N
   0.00000	  31.93454	   7.50000	       14N
   0.00000	  36.28905	   7.50000	       14N
   2.51408	  27.58003	   7.50000	       14N
   2.51408	  31.93454	   7.50000	       14N
   2.51408	  36.28905	   7.50000	       14N
   5.02815	  27.58003	   7.50000	       14N
   5.02815	  31.93454	   7.50000	       14N
   5.02815	  36.28905	   7.50000	       14N
   7.54223	  27.58003	   7.50000	       14N
   7.54223	  31.93454	   7.50000	       14N
   7.54223	  36.28905	   7.50000	       14N
  10.05631	  27.58003	   7.50000	       14N
  10.05631	  31.93454	   7.50000	       14N
  10.05631	  36.28905	   7.50000	       14N
  12.57038	  27.58003	   7.50000	       14N
  12.57038	  31.93454	   7.50000	       14N
  12.57038	  36.28905	   7.50000	       14N
  15.08446	  27.58003	   7.50000	       14N
  15.08446	  31.93454	   7.50000	       14N
  15.08446	  36.28905	   7.50000	       14N
  17.59854	  27.58003	   7.50000	       14N
  17.59854	  31.93454	   7.50000	       14N
  17.59854	  36.28905	   7.50000	       14N
  20.11261	  27.58003	   7.50000	       14N
  20.11261	  31.93454	   7.50000	       14N
  20.11261	  36.28905	   7.50000	       14N
   1.25704	  41.36882	   7.50000	       11B
   1.25704	  45.72333	   7.50000	       11B
   1.25704	  50.07784	   7.50000	       11B
   3.77111	  41.36882	   7.50000	       10B
   3.77111	  45.72333	   7.50000	       11B
   3.77111	  50.07784	   7.50000	       11B
   6.28519	  41.36882	   7.50000	       11B
   6.28519	  45.72333	   7.50000	       11B
   6.28519	  50.07784	   7.50000	       10B
   8.79927	  41.36882	   7.50000	       10B
   8.79927	  45.72333	   7.50000	       10B
   8.79927	  50.07784	   7.50000	       10B
  11.31334	  41.36882	   7.50000	       11B
  11.31334	  45.72333	   7.50000	       10B
  11.31334	  50.07784	   7.50000	       11B
  13.82742	  41.36882	   7.50000	       11B
  13.82742	  45.72333	   7.50000	       11B
  13.82742	  50.07784	   7.50000	       11B
  16.34150	  41.36882	   7.50000	       11B
  16.34150	  45.72333	   7.50000	       11B
  16.34150	  50.07784	   7.50000	       11B
  18.85557	  41.36882	   7.50000	       11B
  18.85557	  45.72333	   7.50000	       11B
  18.85557	  50.07784	   7.50000	       10B
  21.36965	  41.36882	   7.50000	       11B
  21.36965	  45.72333	   7.50000	       11B
  21.36965	  50.07784	   7.50000	       11B
   0.00000	  39.19155	   7.50000	       10B
   0.00000	  43.54606	   7.50000	       10B
   0.00000	  47.90057	   7.50000	       10B
   2.51408	  39.19155	   7.50000	       11B
   2.51408	  43.54606	   7.50000	       11B
   2.51408	  47.90057	   7.50000	       11B
   5.02815	  39.19155	   7.50000	       11B
   5.02815	  43.54606	   7.50000	       11B
   5.02815	  47.90057	   7.50000	       11B
   7.54223	  39.19155	   7.50000	       11B
   7.54223	  43.54606	   7.50000	       11B
   7.54223	  47.90057	   7.50000	       11B
  10.05631	  39.19155	   7.50000	       11B
  10.05631	  43.54606	   7.50000	       11B
  10.05631	  47.90057	   7.50000	       11B
  12.57038	  39.19155	   7.50000	       11B
  12.57038	  43.54606	   7.50000	       11B
  12.57038	  47.90057	   7.50000	       11B
  15.08446	  39.19155	   7.50000	       10B
  15.08446	  43.54606	   7.50000	       11B
  15.08446	  47.90057	   7.50000	       11B
  17.59854	  39.19155	   7.50000	       11B
  17.59854	  43.54606	   7.50000	       11B
  17.59854	  47.90057	   7.50000	       11B
  20.11261	  39.19155	   7.50000	       11B
  20.11261	  43.54606	   7.50000	       11B
  20.11261	  47.90057	   7.50000	       10B
   1.25704	  42.82082	   7.50000	       14N
   1.25704	  47.17532	   7.50000	       14N
   1.25704	  38.46631	   7.50000	       14N
   3.77111	  42.82082	   7.50000	       14N
   3.77111	  47.17532	   7.50000	       14N
   3.77111	  38.46631	   7.50000	       14N
   6.28519	  42.82082	   7.50000	       14N
   6.28519	  47.17532	   7.50000	       14N
   6.28519	  38.46631	   7.50000	       14N
   8.79927	  42.82082	   7.50000	       14N
   8.79927	  47.17532	   7.50000	       14N
   8.79927	  38.46631	   7.50000	       14N
  11.31334	  42.82082	   7.50000	       14N
  11.31334	  47.17532	   7.50000	       14N
  11.31334	  38.46631	   7.50000	       14N
  13.82742	  42.82082	   7.50000	       14N
  13.82742	  47.17532	   7.50000	       14N
  13.82742	  38.46631	   7.50000	       14N
  16.34150	  42.82082	   7.50000	       14N
  16.34150	  47.17532	   7.50000	       14N
  16.34150	  38.46631	   7.50000	       14N
  18.85557	  42.82082	   7.50000	       14N
  18.85557	  47.17532	   7.50000	       14N
  18.85557	  38.46631	   7.50000	       14N
  21.36965	  42.82082	   7.50000	       14N
  21.36965	  47.17532	   7.50000	       14N
  21.36965	  38.46631	   7.50000	       14N
   0.00000	  40.64356	   7.50000	       14N
   0.00000	  44.99807	   7.50000	       14N
   0.00000	  49.35257	   7.50000	       14N
   2.51408	  40.64356	   7.50000	       14N
   2.51408	  44.99807	   7.50000	       14N
   2.51408	  49.35257	   7.50000	       14N
   5.02815	  40.64356	   7.50000	       14N
   5.02815	  44.99807	   7.50000	       14N
   5.02815	  49.35257	   7.50000	       14N
   7.54223	  40.64356	   7.50000	       14N
   7.54223	  44.99807	   7.50000	       14N
   7.54223	  49.35257	   7.50000	       14N
  10.05631	  40.64356	   7.50000	       14N
  10.05631	  44.99807	   7.50000	       14N
  10.05631	  49.35257	   7.50000	       14N
  12.57038	  40.64356	   7.50000	       14N
  12.57038	  44.99807	   7.50000	       14N
  12.57038	  49.35257	   7.50000	       14N
  15.08446	  40.64356	   7.50000	       14N
  15.08446	  44.99807	   7.50000	       14N
  15.08446	  49.35257	   7.50000	       14N
  17.59854	  40.64356	   7.50000	       14N
  17.59854	  44.99807	   7.50000	       14N
  17.59854	  49.35257	   7.50000	       14N
  20.11261	  40.64356	   7.50000	       14N
  20.11261	  44.99807	   7.50000	       14N
  20.11261	  49.35257	   7.50000	       14N
   1.25704	  54.43235	   7.50000	       11B
   1.25704	  58.78686	   7.50000	       10B
   1.25704	  63.14137	   7.50000	       10B
   3.77111	  54.43235	   7.50000	       11B
   3.77111	  58.78686	   7.50000	       11B
   3.77111	  63.14137	   7.50000	       11B
   6.28519	  54.43235	   7.50000	       11B
   6.28519	  58.78686	   7.50000	       11B
   6.28519	  63.14137	   7.50000	       11B
   8.79927	  54.43235	   7.50000	       11B
   8.79927	  58.78686	   7.50000	       11B
   8.79927	  63.14137	   7.50000	       10B
  11.31334	  54.43235	   7.50000	       11B
  11.31334	  58.78686	   7.50000	       11B
  11.31334	  63.14137	   7.50000	       11B
  13.82742	  54.43235	   7.50000	       11B
  13.82742	  58.78686	   7.50000	       11B
  13.82742	  63.14137	   7.50000	       10B
  16.34150	  54.43235	   7.50000	       11B
  16.34150	  58.78686	   7.50000	       11B
  16.34150	  63.14137	   7.50000	       11B
  18.85557	  54.43235	   7.50000	       11B
  18.85557	  58.78686	   7.50000	       11B
  18.85557	  63.14137	   7.50000	       11B
  21.36965	  54.43235	   7.50000	       11B
  21.36965	  58.78686	   7.50000	       11B
  21.36965	  63.14137	   7.50000	       11B
   0.00000	  52.25508	   7.50000	       10B
   0.00000	  56.60959	   7.50000	       11B
   0.00000	  60.96410	   7.50000	       11B
   2.51408	  52.25508	   7.50000	       11B
   2.51408	  56.60959	   7.50000	       10B
   2.51408	  60.96410	   7.50000	       11B
   5.02815	  52.25508	   7.50000	       11B
   5.02815	  56.60959	   7.50000	       10B
   5.02815	  60.96410	   7.50000	       10B
   7.54223	  52.25508	   7.50000	       11B
   7.54223	  56.60959	   7.50000	       10B
   7.54223	  60.96410	   7.50000	       10B
  10.05631	  52.25508	   7.50000	       11B
  10.05631	  56.60959	   7.50000	       11B
  10.05631	  60.96410	   7.50000	       11B
  12.57038	  52.25508	   7.50000	       11B
  12.57038	  56.60959	   7.50000	       11B
  12.57038	  60.96410	   7.50000	       11B
  15.08446	  52.25508	   7.50000	       11B
  15.08446	  56.60959	   7.50000	       11B
  15.08446	  60.96410	   7.50000	       11B
  17.59854	  52.25508	   7.50000	       11B
  17.59854	  56.60959	   7.50000	       11B
  17.59854	  60.96410	   7.50000	       11B
  20.11261	  52.25508	   7.50000	       11B
  20.11261	  56.60959	   7.50000	       10B
  20.11261	  60.96410	   7.50000	       11B
   1.25704	  55.88434	   7.50000	       14N
   1.25704	  60.23885	   7.50000	       14N
   1.25704	  51.52983	   7.50000	       14N
   3.77111	  55.88434	   7.50000	       14N
   3.77111	  60.23885	   7.50000	       14N
   3.77111	  51.52983	   7.50000	       14N
   6.28519	  55.88434	   7.50000	       14N
   6.28519	  60.23885	   7.50000	       14N
   6.28519	  51.52983	   7.50000	       14N
   8.79927	  55.88434	   7.50000	       14N
   8.79927	  60.23885	   7.50000	       14N
   8.79927	  51.52983	   7.50000	       14N
  11.31334	  55.88434	   7.50000	       14N
  11.31334	  60.23885	   7.50000	       14N
  11.31334	  51.52983	   7.50000	       14N
  13.82742	  55.88434	   7.50000	       14N
  13.82742	  60.23885	   7.50000	       14N
  13.82742	  51.52983	   7.50000	       14N
  16.34150	  55.88434	   7.50000	       14N
  16.34150	  60.23885	   7.50000	       14N
  16.34150	  51.52983	   7.50000	       14N
  18.85557	  55.88434	   7.50000	       14N
  18.85557	  60.23885	   7.50000	       14N
  18.85557	  51.52983	   7.50000	       14N
  21.36965	  55.88434	   7.50000	       14N
  21.36965	  60.23885	   7.50000	       14N
  21.36965	  51.52983	   7.50000	       14N
   0.00000	  53.70708	   7.50000	       14N
   0.00000	  58.06159	   7.50000	       14N
   0.00000	  62.41610	   7.50000	       14N
   2.51408	  53.70708	   7.50000	       14N
   2.51408	  58.06159	   7.50000	       14N
   2.51408	  62.41610	   7.50000	       14N
   5.02815	  53.70708	   7.50000	       14N
   5.02815	  58.06159	   7.50000	       14N
   5.02815	  62.41610	   7.50000	       14N
   7.54223	  53.70708	   7.50000	       14N
   7.54223	  58.06159	   7.50000	       14N
   7.54223	  62.41610	   7.50000	       14N
  10.05631	  53.70708	   7.50000	       14N
  10.05631	  58.06159	   7.50000	       14N
  10.05631	  62.41610	   7.50000	       14N
  12.57038	  53.70708	   7.50000	       14N
  12.57038	  58.06159	   7.50000	       14N
  12.57038	  62.41610	   7.50000	       14N
  15.08446	  53.70708	   7.50000	       14N
  15.08446	  58.06159	   7.50000	       14N
  15.08446	  62.41610	   7.50000	       14N
  17.59854	  53.70708	   7.50000	       14N
  17.59854	  58.06159	   7.50000	       14N
  17.59854	  62.41610	   7.50000	       14N
  20.11261	  53.70708	   7.50000	       14N
  20.11261	  58.06159	   7.50000	       14N
  20.11261	  62.41610	   7.50000	       14N
   1.25704	  67.49587	   7.50000	       10B
   1.25704	  71.85038	   7.50000	       11B
   1.25704	  76.20489	   7.50000	       11B
   3.77111	  67.49587	   7.50000	       11B
   3.77111	  71.85038	   7.50000	       11B
   3.77111	  76.20489	   7.50000	       11B
   6.28519	  67.49587	   7.50000	       11B
   6.28519	  71.85038	   7.50000	       11B
   6.28519	  76.20489	   7.50000	       11B
   8.79927	  67.49587	   7.50000	       11B
   8.79927	  71.85038	   7.50000	       10B
   8.79927	  76.20489	   7.50000	       10B
  11.31334	  67.49587	   7.50000	       11B
  11.31334	  71.85038	   7.50000	       11B
  11.31334	  76.20489	   7.50000	       11B
  13.82742	  67.49587	   7.50000	       10B
  13.82742	  71.85038	   7.50000	       11B
  13.82742	  76.20489	   7.50000	       11B
  16.34150	  67.49587	   7.50000	       11B
  16.34150	  71.85038	   7.50000	       11B
  16.34150	  76.20489	   7.50000	       11B
  18.85557	  67.49587	   7.50000	       11B
  18.85557	  71.85038	   7.50000	       11B
  18.85557	  76.20489	   7.50000	       11B
  21.36965	  67.49587	   7.50000	       11B
  21.36965	  71.85038	   7.50000	       11B
  21.36965	  76.20489	   7.50000	       11B
   0.00000	  65.31860	   7.50000	       11B
   0.00000	  69.67311	   7.50000	       11B
   0.00000	  74.02762	   7.50000	       11B
   2.51408	  65.31860	   7.50000	       11B
   2.51408	  69.67311	   7.50000	       11B
   2.51408	  74.02762	   7.50000	       11B
   5.02815	  65.31860	   7.50000	       11B
   5.02815	  69.67311	   7.50000	       11B
   5.02815	  74.02762	   7.50000	       11B
   7.54223	  65.31860	   7.50000	       11B
   7.54223	  69.67311	   7.50000	       11B
   7.54223	  74.02762	   7.50000	       11B
  10.05631	  65.31860	   7.50000	       11B
  10.05631	  69.67311	   7.50000	       11B
  10.05631	  74.02762	   7.50000	       11B
  12.57038	  65.31860	   7.50000	       11B
  12.57038	  69.67311	   7.50000	       11B
  12.57038	  74.02762	   7.50000	       11B
  15.08446	  65.31860	   7.50000	       11B
  15.08446	  69.67311	   7.50000	       11B
  15.08446	  74.02762	   7.50000	       11B
  17.59854	  65.31860	   7.50000	       11B
  17.59854	  69.67311	   7.50000	       11B
  17.59854	  74.02762	   7.50000	       10B
  20.11261	  65.31860	   7.50000	       10B
  20.11261	  69.67311	   7.50000	       11B
  20.11261	  74.02762	   7.50000	       11B
   1.25704	  68.94787	   7.50000	       14N
   1.25704	  73.30237	   7.50000	       14N
   1.25704	  64.59336	   7.50000	       14N
   3.77111	  68.94787	   7.50000	       14N
   3.77111	  73.30237	   7.50000	       14N
   3.77111	  64.59336	   7.50000	       14N
   6.28519	  68.94787	   7.50000	       14N
   6.28519	  73.30237	   7.50000	       14N
   6.28519	  64.59336	   7.50000	       14N
   8.79927	  68.94787	   7.50000	       14N
   8.79927	  73.30237	   7.50000	       14N
   8.79927	  64.59336	   7.50000	       14N
  11.31334	  68.94787	   7.50000	       14N
  11.31334	  73.30237	   7.50000	       14N
  11.31334	  64.59336	   7.50000	       14N
  13.82742	  68.94787	   7.50000	       14N
  13.82742	  73.30237	   7.50000	       14N
  13.82742	  64.59336	   7.50000	       14N
  16.34150	  68.94787	   7.50000	       14N
  16.34150	  73.30237	   7.50000	       14N
  16.34150	  64.59336	   7.50000	       14N
  18.85557	  68.94787	   7.50000	       14N
  18.85557	  73.30237	   7.50000	       14N
  18.85557	  64.59336	   7.50000	       14N
  21.36965	  68.94787	   7.50000	       14N
  21.36965	  73.30237	   7.50000	       14N
  21.36965	  64.59336	   7.50000	       14N
   0.00000	  66.77061	   7.50000	       14N
   0.00000	  71.12512	   7.50000	       14N
   0.00000	  75.47963	   7.50000	       14N
   2.51408	  66.77061	   7.50000	       14N
   2.51408	  71.12512	   7.50000	       14N
   2.51408	  75.47963	   7.50000	       14N
   5.02815	  66.77061	   7.50000	       14N
   5.02815	  71.12512	   7.50000	       14N
   5.02815	  75.47963	   7.50000	       14N
   7.54223	  66.77061	   7.50000	       14N
   7.54223	  71.12512	   7.50000	       14N
   7.54223	  75.47963	   7.50000	       14N
  10.05631	  66.77061	   7.50000	       14N
  10.05631	  71.12512	   7.50000	       14N
  10.05631	  75.47963	   7.50000	       14N
  12.57038	  66.77061	   7.50000	       14N
  12.57038	  71.12512	   7.50000	       14N
  12.57038	  75.47963	   7.50000	       14N
  15.08446	  66.77061	   7.50000	       14N
  15.08446	  71.12512	   7.50000	       14N
  15.08446	  75.47963	   7.50000	       14N
  17.59854	  66.77061	   7.50000	       14N
  17.59854	  71.12512	   7.50000	       14N
  17.59854	  75.47963	   7.50000	       14N
  20.11261	  66.77061	   7.50000	       14N
  20.11261	  71.12512	   7.50000	       14N
  20.11261	  75.47963	   7.50000	       14N
   0.00000	  78.38213	   7.50000	       11B
   2.51408	  78.38213	   7.50000	       11B
   5.02815	  78.38213	   7.50000	       11B
   7.54223	  78.38213	   7.50000	       11B
  10.05631	  78.38213	   7.50000	       10B
  12.57038	  78.38213	   7.50000	       10B
  15.08446	  78.38213	   7.50000	       10B
  17.59854	  78.38213	   7.50000	       11B
  20.11261	  78.38213	   7.50000	       11B
   1.25704	  77.65688	   7.50000	       14N
   3.77111	  77.65688	   7.50000	       14N
   6.28519	  77.65688	   7.50000	       14N
   8.79927	  77.65688	   7.50000	       14N
  11.31334	  77.65688	   7.50000	       14N
  13.82742	  77.65688	   7.50000	       14N
  16.34150	  77.65688	   7.50000	       14N
  18.85557	  77.65688	   7.50000	       14N
  21.36965	  77.65688	   7.50000	       14N
   0.00000	  79.83413	   7.50000	       14N
   2.51408	  79.83413	   7.50000	       14N
   5.02815	  79.83413	   7.50000	       14N
   7.54223	  79.83413	   7.50000	       14N
  10.05631	  79.83413	   7.50000	       14N
  12.57038	  79.83413	   7.50000	       14N
  15.08446	  79.83413	   7.50000	       14N
  17.59854	  79.83413	   7.50000	       14N
  20.11261	  79.83413	   7.50000	       14N
  23.86879	   2.17997	   7.50000	       11B
  23.86879	   6.53448	   7.50000	       11B
  23.86879	  10.88898	   7.50000	       11B
  26.35290	   2.17906	   7.50004	       11B
  26.35290	   6.53357	   7.50004	       11B
  26.35290	  10.88808	   7.50004	       11B
  28.81509	   2.18072	   7.74284	       10B
  28.81509	   6.53522	   7.74284	       11B
  28.81509	  10.88973	   7.74284	       10B
  31.16983	   2.18038	   8.53337	       11B
  31.16983	   6.53489	   8.53337	       11B
  31.16983	  10.88940	   8.53337	       10B
  33.60063	   2.18203	   8.98511	       11B
  33.60063	   6.53654	   8.98511	       11B
  33.60063	  10.89105	   8.98511	       11B
  36.03143	   2.18038	   8.53337	       11B
  36.03143	   6.53489	   8.53337	       11B
  36.03143	  10.88940	   8.53337	       11B
  38.38617	   2.18072	   7.74284	       11B
  38.38617	   6.53522	   7.74284	       11B
  38.38617	  10.88973	   7.74284	       11B
  40.84837	   2.17906	   7.50004	       11B
  40.84837	   6.53357	   7.50004	       11B
  40.84837	  10.88808	   7.50004	       10B
  43.33247	   2.17997	   7.50000	       10B
  43.33247	   6.53448	   7.50000	       11B
  43.33247	  10.88898	   7.50000	       11B
  22.62669	   0.00277	   7.50000	       11B
  22.62669	   4.35728	   7.50000	       11B
  22.62669	   8.71178	   7.50000	       11B
  25.11077	   0.00235	   7.50000	       11B
  25.11077	   4.35686	   7.50000	       11B
  25.11077	   8.71137	   7.50000	       11B
  27.59533	   0.00219	   7.50100	       11B
  27.59533	   4.35670	   7.50100	       11B
  27.59533	   8.71121	   7.50100	       11B
  29.99923	   0.00259	   8.10949	       11B
  29.99923	   4.35710	   8.10949	       11B
  29.99923	   8.71161	   8.10949	       11B
  32.36667	   0.00408	   8.86009	       11B
  32.36667	   4.35859	   8.86009	       11B
  32.36667	   8.71310	   8.86009	       11B
  34.83460	   0.00408	   8.86009	       11B
  34.83460	   4.35859	   8.86009	       11B
  34.83460	   8.71310	   8.86009	       11B
  37.20204	   0.00259	   8.10949	       11B
  37.20204	   4.35710	   8.10949	       11B
  37.20204	   8.71161	   8.10949	       11B
  39.60594	   0.00219	   7.50100	       11B
  39.60594	   4.35670	   7.50100	       11B
  39.60594	   8.71121	   7.50100	       11B
  42.09049	   0.00235	   7.50000	       11B
  42.09049	   4.35686	   7.50000	       11B
  42.09049	   8.71137	   7.50000	       11B
  23.86867	   3.62807	   7.50000	       14N
  23.86867	   7.98258	   7.50000	       14N
  26.35263	   3.62760	   7.50004	       14N
  26.35263	   7.98211	   7.50004	       14N
  28.82632	   3.62828	   7.69415	       14N
  28.82632	   7.98278	   7.69415	       14N
  31.16333	   3.62889	   8.54692	       14N
  31.16333	   7.98340	   8.54692	       14N
  33.60063	   3.62953	   9.02606	       14N
  33.60063	   7.98404	   9.02606	       14N
  36.03793	   3.62889	   8.54692	       14N
  36.03793	   7.98340	   8.54692	       14N
  38.37494	   3.62828	   7.69415	       14N
  38.37494	   7.98278	   7.69415	       14N
  40.84863	   3.62760	   7.50004	       14N
  40.84863	   7.98211	   7.50004	       14N
  43.33259	   3.62807	   7.50000	       14N
  43.33259	   7.98258	   7.50000	       14N
  22.62669	   1.45089	   7.50000	       14N
  22.62669	   5.80540	   7.50000	       14N
  22.62669	  10.15991	   7.50000	       14N
  25.11078	   1.45056	   7.50000	       14N
  25.11078	   5.80507	   7.50000	       14N
  25.11078	  10.15958	   7.50000	       14N
  27.59565	   1.45036	   7.50100	       14N
  27.59565	   5.80487	   7.50100	       14N
  27.59565	  10.15938	   7.50100	       14N
  30.00198	   1.45129	   8.10945	       14N
  30.00198	   5.80580	   8.10945	       14N
  30.00198	  10.16031	   8.10945	       14N
  32.35978	   1.45201	   8.89543	       14N
  32.35978	   5.80652	   8.89543	       14N
  32.35978	  10.16103	   8.89543	       14N
  34.84149	   1.45201	   8.89542	       14N
  34.84149	   5.80652	   8.89542	       14N
  34.84149	  10.16103	   8.89542	       14N
  37.19928	   1.45129	   8.10945	       14N
  37.19928	   5.80580	   8.10945	       14N
  37.19928	  10.16031	   8.10945	       14N
  39.60561	   1.45036	   7.50100	       14N
  39.60561	   5.80487	   7.50100	       14N
  39.60561	  10.15938	   7.50100	       14N
  42.09049	   1.45056	   7.50000	       14N
  42.09049	   5.80507	   7.50000	       14N
  42.09049	  10.15958	   7.50000	       14N
  23.86879	  15.24349	   7.50000	       11B
  23.86879	  19.59800	   7.50000	       11B
  23.86879	  23.95251	   7.50000	       11B
  26.35290	  15.24259	   7.50004	       11B
  26.35290	  19.59710	   7.50004	       11B
  26.35290	  23.95161	   7.50004	       11B
  28.81509	  15.24424	   7.74284	       11B
  28.81509	  19.59875	   7.74284	       11B
  28.81509	  23.95326	   7.74284	       11B
  31.16983	  15.24390	   8.53337	       10B
  31.16983	  19.59841	   8.53337	       11B
  31.16983	  23.95292	   8.53337	       11B
  33.60063	  15.24556	   8.98511	       11B
  33.60063	  19.60007	   8.98511	       11B
  33.60063	  23.95458	   8.98511	       11B
  36.03143	  15.24390	   8.53337	       11B
  36.03143	  19.59841	   8.53337	       11B
  36.03143	  23.95292	   8.53337	       10B
  38.38617	  15.24424	   7.74284	       11B
  38.38617	  19.59875	   7.74284	       11B
  38.38617	  23.95326	   7.74284	       10B
  40.84837	  15.24259	   7.50004	       11B
  40.84837	  19.59710	   7.50004	       11B
  40.84837	  23.95161	   7.50004	       11B
  43.33247	  15.24349	   7.50000	       11B
  43.33247	  19.59800	   7.50000	       10B
  43.33247	  23.95251	   7.50000	       11B
  22.62669	  13.06629	   7.50000	       10B
  22.62669	  17.42080	   7.50000	       11B
  22.62669	  21.77531	   7.50000	       11B
  25.11077	  13.06588	   7.50000	       11B
  25.11077	  17.42039	   7.50000	       11B
  25.11077	  21.77489	   7.50000	       11B
  27.59533	  13.06572	   7.50100	       11B
  27.59533	  17.42022	   7.50100	       11B
  27.59533	  21.77473	   7.50100	       10B
  29.99923	  13.06612	   8.10949	       11B
  29.99923	  17.42063	   8.10949	       11B
  29.99923	  21.77514	   8.10949	       11B
  32.36667	  13.06761	   8.86009	       11B
  32.36667	  17.42212	   8.86009	       11B
  32.36667	  21.77663	   8.86009	       10B
  34.83460	  13.06761	   8.86009	       10B
  34.83460	  17.42212	   8.86009	       11B
  34.83460	  21.77663	   8.86009	       11B
  37.20204	  13.06612	   8.10949	       11B
  37.20204	  17.42063	   8.10949	       11B
  37.20204	  21.77514	   8.10949	       10B
  39.60594	  13.06572	   7.50100	       11B
  39.60594	  17.42022	   7.50100	       11B
  39.60594	  21.77473	   7.50100	       11B
  42.09049	  13.06588	   7.50000	       11B
  42.09049	  17.42039	   7.50000	       11B
  42.09049	  21.77489	   7.50000	       11B
  23.86867	  16.69159	   7.50000	       14N
  23.86867	  21.04610	   7.50000	       14N
  23.86867	  12.33708	   7.50000	       14N
  26.35263	  16.69113	   7.50004	       14N
  26.35263	  21.04564	   7.50004	       14N
  26.35263	  12.33662	   7.50004	       14N
  28.82632	  16.69180	   7.69415	       14N
  28.82632	  21.04631	   7.69415	       14N
  28.82632	  12.33729	   7.69415	       14N
  31.16333	  16.69242	   8.54692	       14N
  31.16333	  21.04693	   8.54692	       14N
  31.16333	  12.33791	   8.54692	       14N
  33.60063	  16.69305	   9.02606	       14N
  33.60063	  21.04756	   9.02606	       14N
  33.60063	  12.33854	   9.02606	       14N
  36.03793	  16.69242	   8.54692	       14N
  36.03793	  21.04693	   8.54692	       14N
  36.03793	  12.33791	   8.54692	       14N
  38.37494	  16.69180	   7.69415	       14N
  38.37494	  21.04631	   7.69415	       14N
  38.37494	  12.33729	   7.69415	       14N
  40.84863	  16.69113	   7.50004	       14N
  40.84863	  21.04564	   7.50004	       14N
  40.84863	  12.33662	   7.50004	       14N
  43.33259	  16.69159	   7.50000	       14N
  43.33259	  21.04610	   7.50000	       14N
  43.33259	  12.33708	   7.50000	       14N
  22.62669	  14.51442	   7.50000	       14N
  22.62669	  18.86892	   7.50000	       14N
  22.62669	  23.22343	   7.50000	       14N
  25.11078	  14.51409	   7.50000	       14N
  25.11078	  18.86860	   7.50000	       14N
  25.11078	  23.22310	   7.50000	       14N
  27.59565	  14.51389	   7.50100	       14N
  27.59565	  18.86839	   7.50100	       14N
  27.59565	  23.22290	   7.50100	       14N
  30.00198	  14.51482	   8.10945	       14N
  30.00198	  18.86932	   8.10945	       14N
  30.00198	  23.22383	   8.10945	       14N
  32.35978	  14.51554	   8.89543	       14N
  32.35978	  18.87005	   8.89543	       14N
  32.35978	  23.22455	   8.89543	       14N
  34.84149	  14.51554	   8.89542	       14N
  34.84149	  18.87005	   8.89542	       14N
  34.84149	  23.22455	   8.89542	       14N
  37.19928	  14.51482	   8.10945	       14N
  37.19928	  18.86932	   8.10945	       14N
  37.19928	  23.22383	   8.10945	       14N
  39.60561	  14.51389	   7.50100	       14N
  39.60561	  18.86839	   7.50100	       14N
  39.60561	  23.22290	   7.50100	       14N
  42.09049	  14.51409	   7.50000	       14N
  42.09049	  18.86860	   7.50000	       14N
  42.09049	  23.22310	   7.50000	       14N
  23.86879	  28.30702	   7.50000	       11B
  23.86879	  32.66153	   7.50000	       11B
  23.86879	  37.01604	   7.50000	       11B
  26.35290	  28.30611	   7.50004	       11B
  26.35290	  32.66062	   7.50004	       10B
  26.35290	  37.01513	   7.50004	       11B
  28.81509	  28.30777	   7.74284	       10B
  28.81509	  32.66227	   7.74284	       11B
  28.81509	  37.01678	   7.74284	       11B
  31.16983	  28.30743	   8.53337	       11B
  31.16983	  32.66194	   8.53337	       11B
  31.16983	  37.01645	   8.53337	       11B
  33.60063	  28.30908	   8.98511	       11B
  33.60063	  32.66359	   8.98511	       10B
  33.60063	  37.01810	   8.98511	       11B
  36.03143	  28.30743	   8.53337	       11B
  36.03143	  32.66194	   8.53337	       11B
  36.03143	  37.01645	   8.53337	       11B
  38.38617	  28.30777	   7.74284	       11B
  38.38617	  32.66227	   7.74284	       10B
  38.38617	  37.01678	   7.74284	       11B
  40.84837	  28.30611	   7.50004	       11B
  40.84837	  32.66062	   7.50004	       11B
  40.84837	  37.01513	   7.50004	       11B
  43.33247	  28.30702	   7.50000	       11B
  43.33247	  32.66153	   7.50000	       11B
  43.33247	  37.01604	   7.50000	       10B
  22.62669	  26.12982	   7.50000	       11B
  22.62669	  30.48433	   7.50000	       10B
  22.62669	  34.83884	   7.50000	       11B
  25.11077	  26.12940	   7.50000	       10B
  25.11077	  30.48391	   7.50000	       11B
  25.11077	  34.83842	   7.50000	       11B
  27.59533	  26.12924	   7.50100	       11B
  27.59533	  30.48375	   7.50100	       11B
  27.59533	  34.83826	   7.50100	       11B
  29.99923	  26.12964	   8.10949	       11B
  29.99923	  30.48415	   8.10949	       11B
  29.99923	  34.83866	   8.10949	       11B
  32.36667	  26.13113	   8.86009	       10B
  32.36667	  30.48564	   8.86009	       10B
  32.36667	  34.84015	   8.86009	       11B
  34.83460	  26.13113	   8.86009	       11B
  34.83460	  30.48564	   8.86009	       11B
  34.83460	  34.84015	   8.86009	       11B
  37.20204	  26.12964	   8.10949	       11B
  37.20204	  30.48415	   8.10949	       11B
  37.20204	  34.83866	   8.10949	       11B
  39.60594	  26.12924	   7.50100	       11B
  39.60594	  30.48375	   7.50100	       11B
  39.60594	  34.83826	   7.50100	       11B
  42.09049	  26.12940	   7.50000	       11B
  42.09049	  30.48391	   7.50000	       11B
  42.09049	  34.83842	   7.50000	       11B
  23.86867	  29.75512	   7.50000	       14N
  23.86867	  34.10963	   7.50000	       14N
  23.86867	  25.40061	   7.50000	       14N
  26.35263	  29.75465	   7.50004	       14N
  26.35263	  34.10916	   7.50004	       14N
  26.35263	  25.40014	   7.50004	       14N
  28.82632	  29.75533	   7.69415	       14N
  28.82632	  34.10983	   7.69415	       14N
  28.82632	  25.40082	   7.69415	       14N
  31.16333	  29.75595	   8.54692	       14N
  31.16333	  34.11045	   8.54692	       14N
  31.16333	  25.40144	   8.54692	       14N
  33.60063	  29.75658	   9.02606	       14N
  33.60063	  34.11109	   9.02606	       14N
  33.60063	  25.40207	   9.02606	       14N
  36.03793	  29.75595	   8.54692	       14N
  36.03793	  34.11045	   8.54692	       14N
  36.03793	  25.40144	   8.54692	       14N
  38.37494	  29.75533	   7.69415	       14N
  38.37494	  34.10983	   7.69415	       14N
  38.37494	  25.40082	   7.69415	       14N
  40.84863	  29.75465	   7.50004	       14N
  40.84863	  34.10916	   7.50004	       15N
  40.84863	  25.40014	   7.50004	       14N
  43.33259	  29.75512	   7.50000	       14N
  43.33259	  34.10963	   7.50000	       14N
  43.33259	  25.40061	   7.50000	       14N
  22.62669	  27.57794	   7.50000	       14N
  22.62669	  31.93245	   7.50000	       14N
  22.62669	  36.28696	   7.50000	       14N
  25.11078	  27.57761	   7.50000	       14N
  25.11078	  31.93212	   7.50000	       14N
  25.11078	  36.28663	   7.50000	       14N
  27.59565	  27.57741	   7.50100	       14N
  27.59565	  31.93192	   7.50100	       14N
  27.59565	  36.28643	   7.50100	       14N
  30.00198	  27.57834	   8.10945	       14N
  30.00198	  31.93285	   8.10945	       14N
  30.00198	  36.28736	   8.10945	       14N
  32.35978	  27.57906	   8.89543	       14N
  32.35978	  31.93357	   8.89543	       14N
  32.35978	  36.28808	   8.89543	       14N
  34.84149	  27.57906	   8.89542	       14N
  34.84149	  31.93357	   8.89542	       14N
  34.84149	  36.28808	   8.89542	       14N
  37.19928	  27.57834	   8.10945	       14N
  37.19928	  31.93285	   8.10945	       14N
  37.19928	  36.28736	   8.10945	       14N
  39.60561	  27.57741	   7.50100	       14N
  39.60561	  31.93192	   7.50100	       14N
  39.60561	  36.28643	   7.50100	       14N
  42.09049	  27.57761	   7.50000	       14N
  42.09049	  31.93212	   7.50000	       14N
  42.09049	  36.28663	   7.50000	       14N
  23.87102	  41.36508	   7.50000	       10B
  23.87285	  45.71874	   7.50000	       11B
  23.87144	  50.07283	   7.50000	       10B
  26.35830	  41.36794	   7.50004	       11B
  26.36521	  45.72041	   7.50004	       11B
  26.36118	  50.07382	   7.50004	       11B
  28.82471	  41.37501	   7.73687	       11B
  28.84422	  45.72381	   7.72304	       11B
  28.82864	  50.07868	   7.73868	       11B
  31.17717	  41.37898	   8.53539	       11B
  31.23776	  45.72905	   8.50349	       11B
  31.18050	  50.08309	   8.53813	       11B
  33.60063	  41.37744	   9.02296	       11B
  33.60063	  50.09065	   9.01798	       11B
  36.02409	  41.37898	   8.53539	       10B
  35.96350	  45.72905	   8.50349	       11B
  36.02076	  50.08309	   8.53813	       11B
  38.37655	  41.37501	   7.73687	       11B
  38.35704	  45.72381	   7.72304	       11B
  38.37263	  50.07868	   7.73868	       10B
  40.84296	  41.36794	   7.50004	       11B
  40.83605	  45.72041	   7.50004	       11B
  40.84009	  50.07382	   7.50004	       10B
  43.33024	  41.36508	   7.50000	       11B
  43.32841	  45.71874	   7.50000	       11B
  43.32983	  50.07283	   7.50000	       11B
  22.62669	  39.18679	   7.50000	       11B
  22.62669	  43.54261	   7.50000	       11B
  22.62669	  47.89470	   7.50000	       11B
  25.11566	  39.18739	   7.50000	       11B
  25.11632	  43.54359	   7.50000	       11B
  25.11871	  47.89576	   7.50000	       10B
  27.60333	  39.19185	   7.50100	       11B
  27.60770	  43.54699	   7.50100	       11B
  27.61264	  47.89750	   7.50100	       11B
  30.00856	  39.19744	   8.10448	       11B
  30.02602	  43.55386	   8.08665	       11B
  30.03338	  47.89943	   8.08823	       11B
  32.36793	  39.20242	   8.87207	       10B
  32.38793	  43.56531	   8.89620	       10B
  32.38405	  47.89544	   8.93076	       11B
  34.83333	  39.20242	   8.87207	       11B
  34.81333	  43.56531	   8.89620	       11B
  34.81722	  47.89544	   8.93076	       11B
  37.19270	  39.19744	   8.10448	       11B
  37.17524	  43.55386	   8.08665	       11B
  37.16789	  47.89943	   8.08823	       11B
  39.59793	  39.19185	   7.50100	       11B
  39.59356	  43.54699	   7.50100	       11B
  39.58863	  47.89750	   7.50100	       11B
  42.08560	  39.18739	   7.50000	       11B
  42.08495	  43.54359	   7.50000	       11B
  42.08256	  47.89576	   7.50000	       10B
  23.86996	  42.81424	   7.50000	       14N
  23.87118	  47.16781	   7.50000	       14N
  23.86979	  38.45857	   7.50000	       14N
  26.35634	  42.81647	   7.50004	       14N
  26.36015	  47.17004	   7.50004	       14N
  26.35586	  38.46039	   7.50004	       14N
  28.83403	  42.82000	   7.68367	       14N
  28.84244	  47.17484	   7.67584	       14N
  28.83078	  38.46525	   7.68927	       14N
  31.17036	  42.81760	   8.54101	       14N
  31.19149	  47.18367	   8.51908	       14N
  31.16603	  38.47102	   8.54514	       14N
  33.60063	  42.80214	   9.09262	       14N
  33.60063	  38.47646	   9.04645	       14N
  36.03090	  42.81760	   8.54101	       14N
  36.00978	  47.18367	   8.51908	       14N
  36.03524	  38.47102	   8.54514	       14N
  38.36723	  42.82000	   7.68367	       14N
  38.35883	  47.17484	   7.67584	       14N
  38.37048	  38.46525	   7.68927	       14N
  40.84492	  42.81647	   7.50004	       14N
  40.84112	  47.17004	   7.50004	       14N
  40.84541	  38.46039	   7.50004	       14N
  43.33130	  42.81424	   7.50000	       14N
  43.33009	  47.16781	   7.50000	       14N
  43.33148	  38.45857	   7.50000	       14N
  22.62669	  40.63600	   7.50000	       14N
  22.62669	  44.99131	   7.50000	       14N
  22.62669	  49.34444	   7.50000	       14N
  25.11228	  40.63675	   7.50000	       14N
  25.11526	  44.99224	   7.50000	       14N
  25.11379	  49.34548	   7.50000	       14N
  27.59786	  40.64039	   7.50100	       14N
  27.60528	  44.99511	   7.50100	       14N
  27.60141	  49.34847	   7.50100	       14N
  30.00656	  40.64424	   8.10011	       14N
  30.03150	  44.99948	   8.05938	       14N
  30.01259	  49.35439	   8.09788	       14N
  32.35668	  40.64314	   8.91365	       14N
  32.35693	  49.36930	   8.93156	       14N
  34.84459	  40.64314	   8.91365	       14N
  34.84433	  49.36930	   8.93156	       14N
  37.19470	  40.64424	   8.10011	       14N
  37.16977	  44.99948	   8.05938	       14N
  37.18867	  49.35439	   8.09788	       14N
  39.60340	  40.64039	   7.50100	       14N
  39.59598	  44.99511	   7.50100	       14N
  39.59986	  49.34847	   7.50100	       14N
  42.08898	  40.63675	   7.50000	       14N
  42.08600	  44.99224	   7.50000	       14N
  42.08747	  49.34548	   7.50000	       14N
  34.86980	  44.96281	   8.90648	       14N
  32.33147	  44.96281	   8.90648	       14N
  33.60063	  47.28179	   9.27394	       14N
  23.86879	  54.43407	   7.50000	       11B
  23.86879	  58.78858	   7.50000	       11B
  23.86879	  63.14309	   7.50000	       11B
  26.35290	  54.43316	   7.50004	       10B
  26.35290	  58.78767	   7.50004	       10B
  26.35290	  63.14218	   7.50004	       11B
  28.81509	  54.43482	   7.74284	       11B
  28.81509	  58.78932	   7.74284	       11B
  28.81509	  63.14383	   7.74284	       11B
  31.16983	  54.43448	   8.53337	       11B
  31.16983	  58.78899	   8.53337	       11B
  31.16983	  63.14350	   8.53337	       11B
  33.60063	  54.43613	   8.98511	       11B
  33.60063	  58.79064	   8.98511	       11B
  33.60063	  63.14515	   8.98511	       11B
  36.03143	  54.43448	   8.53337	       11B
  36.03143	  58.78899	   8.53337	       11B
  36.03143	  63.14350	   8.53337	       11B
  38.38617	  54.43482	   7.74284	       11B
  38.38617	  58.78932	   7.74284	       11B
  38.38617	  63.14383	   7.74284	       11B
  40.84837	  54.43316	   7.50004	       11B
  40.84837	  58.78767	   7.50004	       11B
  40.84837	  63.14218	   7.50004	       11B
  43.33247	  54.43407	   7.50000	       11B
  43.33247	  58.78858	   7.50000	       11B
  43.33247	  63.14309	   7.50000	       11B
  22.62669	  52.25687	   7.50000	       11B
  22.62669	  56.61138	   7.50000	       11B
  22.62669	  60.96589	   7.50000	       10B
  25.11077	  52.25645	   7.50000	       10B
  25.11077	  56.61096	   7.50000	       10B
  25.11077	  60.96547	   7.50000	       11B
  27.59533	  52.25629	   7.50100	       11B
  27.59533	  56.61080	   7.50100	       11B
  27.59533	  60.96531	   7.50100	       11B
  29.99923	  52.25669	   8.10949	       11B
  29.99923	  56.61120	   8.10949	       11B
  29.99923	  60.96571	   8.10949	       11B
  32.36667	  52.25818	   8.86009	       10B
  32.36667	  56.61269	   8.86009	       10B
  32.36667	  60.96720	   8.86009	       11B
  34.83460	  52.25818	   8.86009	       10B
  34.83460	  56.61269	   8.86009	       11B
  34.83460	  60.96720	   8.86009	       11B
  37.20204	  52.25669	   8.10949	       11B
  37.20204	  56.61120	   8.10949	       10B
  37.20204	  60.96571	   8.10949	       11B
  39.60594	  52.25629	   7.50100	       11B
  39.60594	  56.61080	   7.50100	       11B
  39.60594	  60.96531	   7.50100	       11B
  42.09049	  52.25645	   7.50000	       11B
  42.09049	  56.61096	   7.50000	       11B
  42.09049	  60.96547	   7.50000	       10B
  23.86867	  55.88217	   7.50000	       14N
  23.86867	  60.23668	   7.50000	       14N
  23.86867	  51.52766	   7.50000	       14N
  26.35263	  55.88170	   7.50004	       14N
  26.35263	  60.23621	   7.50004	       14N
  26.35263	  51.52720	   7.50004	       14N
  28.82632	  55.88238	   7.69415	       14N
  28.82632	  60.23688	   7.69415	       14N
  28.82632	  51.52787	   7.69415	       14N
  31.16333	  55.88300	   8.54692	       14N
  31.16333	  60.23750	   8.54692	       14N
  31.16333	  51.52849	   8.54692	       14N
  33.60063	  55.88363	   9.02606	       14N
  33.60063	  60.23814	   9.02606	       14N
  33.60063	  51.52912	   9.02606	       14N
  36.03793	  55.88300	   8.54692	       14N
  36.03793	  60.23750	   8.54692	       14N
  36.03793	  51.52849	   8.54692	       14N
  38.37494	  55.88238	   7.69415	       14N
  38.37494	  60.23688	   7.69415	       14N
  38.37494	  51.52787	   7.69415	       14N
  40.84863	  55.88170	   7.50004	       14N
  40.84863	  60.23621	   7.50004	       14N
  40.84863	  51.52720	   7.50004	       14N
  43.33259	  55.88217	   7.50000	       14N
  43.33259	  60.23668	   7.50000	       14N
  43.33259	  51.52766	   7.50000	       14N
  22.62669	  53.70499	   7.50000	       14N
  22.62669	  58.05950	   7.50000	       14N
  22.62669	  62.41401	   7.50000	       14N
  25.11078	  53.70466	   7.50000	       14N
  25.11078	  58.05917	   7.50000	       14N
  25.11078	  62.41368	   7.50000	       14N
  27.59565	  53.70446	   7.50100	       14N
  27.59565	  58.05897	   7.50100	       14N
  27.59565	  62.41348	   7.50100	       14N
  30.00198	  53.70539	   8.10945	       14N
  30.00198	  58.05990	   8.10945	       14N
  30.00198	  62.41441	   8.10945	       14N
  32.35978	  53.70611	   8.89543	       14N
  32.35978	  58.06062	   8.89543	       14N
  32.35978	  62.41513	   8.89543	       14N
  34.84149	  53.70611	   8.89542	       14N
  34.84149	  58.06062	   8.89542	       14N
  34.84149	  62.41513	   8.89542	       14N
  37.19928	  53.70539	   8.10945	       14N
  37.19928	  58.05990	   8.10945	       14N
  37.19928	  62.41441	   8.10945	       14N
  39.60561	  53.70446	   7.50100	       14N
  39.60561	  58.05897	   7.50100	       14N
  39.60561	  62.41348	   7.50100	       14N
  42.09049	  53.70466	   7.50000	       14N
  42.09049	  58.05917	   7.50000	       14N
  42.09049	  62.41368	   7.50000	       14N
  23.86879	  67.49759	   7.50000	       11B
  23.86879	  71.85210	   7.50000	       11B
  23.86879	  76.20661	   7.50000	       11B
  26.35290	  67.49669	   7.50004	       11B
  26.35290	  71.85120	   7.50004	       11B
  26.35290	  76.20571	   7.50004	       11B
  28.81509	  67.49834	   7.74284	       11B
  28.81509	  71.85285	   7.74284	       11B
  28.81509	  76.20736	   7.74284	       11B
  31.16983	  67.49801	   8.53337	       11B
  31.16983	  71.85251	   8.53337	       11B
  31.16983	  76.20702	   8.53337	       10B
  33.60063	  67.49966	   8.98511	       11B
  33.60063	  71.85417	   8.98511	       11B
  33.60063	  76.20868	   8.98511	       11B
  36.03143	  67.49801	   8.53337	       11B
  36.03143	  71.85251	   8.53337	       11B
  36.03143	  76.20702	   8.53337	       10B
  38.38617	  67.49834	   7.74284	       11B
  38.38617	  71.85285	   7.74284	       11B
  38.38617	  76.20736	   7.74284	       11B
  40.84837	  67.49669	   7.50004	       10B
  40.84837	  71.85120	   7.50004	       11B
  40.84837	  76.20571	   7.50004	       11B
  43.33247	  67.49759	   7.50000	       11B
  43.33247	  71.85210	   7.50000	       11B
  43.33247	  76.20661	   7.50000	       11B
  22.62669	  65.32039	   7.50000	       11B
  22.62669	  69.67490	   7.50000	       11B
  22.62669	  74.02941	   7.50000	       11B
  25.11077	  65.31998	   7.50000	       11B
  25.11077	  69.67449	   7.50000	       11B
  25.11077	  74.02900	   7.50000	       11B
  27.59533	  65.31982	   7.50100	       11B
  27.59533	  69.67433	   7.50100	       11B
  27.59533	  74.02883	   7.50100	       11B
  29.99923	  65.32022	   8.10949	       10B
  29.99923	  69.67473	   8.10949	       11B
  29.99923	  74.02924	   8.10949	       11B
  32.36667	  65.32171	   8.86009	       11B
  32.36667	  69.67622	   8.86009	       11B
  32.36667	  74.03073	   8.86009	       11B
  34.83460	  65.32171	   8.86009	       11B
  34.83460	  69.67622	   8.86009	       11B
  34.83460	  74.03073	   8.86009	       10B
  37.20204	  65.32022	   8.10949	       11B
  37.20204	  69.67473	   8.10949	       11B
  37.20204	  74.02924	   8.10949	       10B
  39.60594	  65.31982	   7.50100	       11B
  39.60594	  69.67433	   7.50100	       11B
  39.60594	  74.02883	   7.50100	       11B
  42.09049	  65.31998	   7.50000	       10B
  42.09049	  69.67449	   7.50000	       11B
  42.09049	  74.02900	   7.50000	       11B
  23.86867	  68.94569	   7.50000	       14N
  23.86867	  73.30020	   7.50000	       14N
  23.86867	  64.59118	   7.50000	       14N
  26.35263	  68.94523	   7.50004	       14N
  26.35263	  73.29974	   7.50004	       14N
  26.35263	  64.59072	   7.50004	       14N
  28.82632	  68.94590	   7.69415	       14N
  28.82632	  73.30041	   7.69415	       14N
  28.82632	  64.59139	   7.69415	       14N
  31.16333	  68.94652	   8.54692	       14N
  31.16333	  73.30103	   8.54692	       14N
  31.16333	  64.59201	   8.54692	       14N
  33.60063	  68.94715	   9.02606	       14N
  33.60063	  73.30166	   9.02606	       14N
  33.60063	  64.59265	   9.02606	       14N
  36.03793	  68.94652	   8.54692	       14N
  36.03793	  73.30103	   8.54692	       14N
  36.03793	  64.59201	   8.54692	       14N
  38.37494	  68.94590	   7.69415	       14N
  38.37494	  73.30041	   7.69415	       14N
  38.37494	  64.59139	   7.69415	       14N
  40.84863	  68.94523	   7.50004	       14N
  40.84863	  73.29974	   7.50004	       14N
  40.84863	  64.59072	   7.50004	       14N
  43.33259	  68.94569	   7.50000	       14N
  43.33259	  73.30020	   7.50000	       14N
  43.33259	  64.59118	   7.50000	       14N
  22.62669	  66.76852	   7.50000	       14N
  22.62669	  71.12303	   7.50000	       14N
  22.62669	  75.47753	   7.50000	       14N
  25.11078	  66.76819	   7.50000	       14N
  25.11078	  71.12270	   7.50000	       14N
  25.11078	  75.47721	   7.50000	       14N
  27.59565	  66.76799	   7.50100	       14N
  27.59565	  71.12249	   7.50100	       14N
  27.59565	  75.47700	   7.50100	       14N
  30.00198	  66.76892	   8.10945	       14N
  30.00198	  71.12342	   8.10945	       14N
  30.00198	  75.47793	   8.10945	       14N
  32.35978	  66.76964	   8.89543	       14N
  32.35978	  71.12415	   8.89543	       14N
  32.35978	  75.47866	   8.89543	       14N
  34.84149	  66.76964	   8.89542	       14N
  34.84149	  71.12415	   8.89542	       14N
  34.84149	  75.47866	   8.89542	       14N
  37.19928	  66.76892	   8.10945	       14N
  37.19928	  71.12342	   8.10945	       14N
  37.19928	  75.47793	   8.10945	       14N
  39.60561	  66.76799	   7.50100	       14N
  39.60561	  71.12249	   7.50100	       14N
  39.60561	  75.47700	   7.50100	       14N
  42.09049	  66.76819	   7.50000	       14N
  42.09049	  71.12270	   7.50000	       14N
  42.09049	  75.47721	   7.50000	       14N
  22.62669	  78.38392	   7.50000	       11B
  25.11077	  78.38350	   7.50000	       11B
  27.59533	  78.38334	   7.50100	       11B
  29.99923	  78.38374	   8.10949	       11B
  32.36667	  78.38523	   8.86009	       11B
  34.83460	  78.38523	   8.86009	       10B
  37.20204	  78.38374	   8.10949	       11B
  39.60594	  78.38334	   7.50100	       11B
  42.09049	  78.38350	   7.50000	       11B
  23.86867	  77.65471	   7.50000	       14N
  26.35263	  77.65425	   7.50004	       14N
  28.82632	  77.65492	   7.69415	       14N
  31.16333	  77.65554	   8.54692	       14N
  33.60063	  77.65617	   9.02606	       14N
  36.03793	  77.65554	   8.54692	       14N
  38.37494	  77.65492	   7.69415	       14N
  40.84863	  77.65425	   7.50004	       14N
  43.33259	  77.65471	   7.50000	       14N
  22.62669	  79.83204	   7.50000	       14N
  25.11078	  79.83171	   7.50000	       14N
  27.59565	  79.83151	   7.50100	       14N
  30.00198	  79.83244	   8.10945	       14N
  32.35978	  79.83316	   8.89543	       14N
  34.84149	  79.83316	   8.89542	       14N
  37.19928	  79.83244	   8.10945	       14N
  39.60561	  79.83151	   7.50100	       14N
  42.09049	  79.83171	   7.50000	       14N
  45.83161	   2.17825	   7.50000	       11B
  45.83161	   6.53276	   7.50000	       11B
  45.83161	  10.88727	   7.50000	       10B
  48.34569	   2.17825	   7.50000	       11B
  48.34569	   6.53276	   7.50000	       11B
  48.34569	  10.88727	   7.50000	       11B
  50.85977	   2.17825	   7.50000	       11B
  50.85977	   6.53276	   7.50000	       11B
  50.85977	  10.88727	   7.50000	       11B
  53.37384	   2.17825	   7.50000	       11B
  53.37384	   6.53276	   7.50000	       11B
  53.37384	  10.88727	   7.50000	       11B
  55.88792	   2.17825	   7.50000	       11B
  55.88792	   6.53276	   7.50000	       11B
  55.88792	  10.88727	   7.50000	       11B
  58.40200	   2.17825	   7.50000	       11B
  58.40200	   6.53276	   7.50000	       11B
  58.40200	  10.88727	   7.50000	       11B
  60.91607	   2.17825	   7.50000	       11B
  60.91607	   6.53276	   7.50000	       11B
  60.91607	  10.88727	   7.50000	       11B
  63.43015	   2.17825	   7.50000	       11B
  63.43015	   6.53276	   7.50000	       11B
  63.43015	  10.88727	   7.50000	       10B
  65.94422	   2.17825	   7.50000	       11B
  65.94422	   6.53276	   7.50000	       11B
  65.94422	  10.88727	   7.50000	       11B
  44.57458	   0.00098	   7.50000	       10B
  44.57458	   4.35549	   7.50000	       11B
  44.57458	   8.71000	   7.50000	       11B
  47.08865	   0.00098	   7.50000	       11B
  47.08865	   4.35549	   7.50000	       11B
  47.08865	   8.71000	   7.50000	       10B
  49.60273	   0.00098	   7.50000	       11B
  49.60273	   4.35549	   7.50000	       11B
  49.60273	   8.71000	   7.50000	       11B
  52.11680	   0.00098	   7.50000	       10B
  52.11680	   4.35549	   7.50000	       11B
  52.11680	   8.71000	   7.50000	       11B
  54.63088	   0.00098	   7.50000	       11B
  54.63088	   4.35549	   7.50000	       11B
  54.63088	   8.71000	   7.50000	       11B
  57.14496	   0.00098	   7.50000	       10B
  57.14496	   4.35549	   7.50000	       11B
  57.14496	   8.71000	   7.50000	       11B
  59.65903	   0.00098	   7.50000	       10B
  59.65903	   4.35549	   7.50000	       10B
  59.65903	   8.71000	   7.50000	       11B
  62.17311	   0.00098	   7.50000	       11B
  62.17311	   4.35549	   7.50000	       11B
  62.17311	   8.71000	   7.50000	       10B
  64.68719	   0.00098	   7.50000	       11B
  64.68719	   4.35549	   7.50000	       11B
  64.68719	   8.71000	   7.50000	       11B
  45.83161	   3.63024	   7.50000	       14N
  45.83161	   7.98475	   7.50000	       14N
  48.34569	   3.63024	   7.50000	       14N
  48.34569	   7.98475	   7.50000	       14N
  50.85977	   3.63024	   7.50000	       14N
  50.85977	   7.98475	   7.50000	       14N
  53.37384	   3.63024	   7.50000	       14N
  53.37384	   7.98475	   7.50000	       14N
  55.88792	   3.63024	   7.50000	       14N
  55.88792	   7.98475	   7.50000	       14N
  58.40200	   3.63024	   7.50000	       14N
  58.40200	   7.98475	   7.50000	       14N
  60.91607	   3.63024	   7.50000	       14N
  60.91607	   7.98475	   7.50000	       14N
  63.43015	   3.63024	   7.50000	       14N
  63.43015	   7.98475	   7.50000	       14N
  65.94422	   3.63024	   7.50000	       14N
  65.94422	   7.98475	   7.50000	       14N
  44.57458	   1.45298	   7.50000	       14N
  44.57458	   5.80749	   7.50000	       14N
  44.57458	  10.16200	   7.50000	       14N
  47.08865	   1.45298	   7.50000	       14N
  47.08865	   5.80749	   7.50000	       14N
  47.08865	  10.16200	   7.50000	       14N
  49.60273	   1.45298	   7.50000	       14N
  49.60273	   5.80749	   7.50000	       14N
  49.60273	  10.16200	   7.50000	       14N
  52.11680	   1.45298	   7.50000	       14N
  52.11680	   5.80749	   7.50000	       14N
  52.11680	  10.16200	   7.50000	       14N
  54.63088	   1.45298	   7.50000	       14N
  54.63088	   5.80749	   7.50000	       14N
  54.63088	  10.16200	   7.50000	       14N
  57.14496	   1.45298	   7.50000	       14N
  57.14496	   5.80749	   7.50000	       14N
  57.14496	  10.16200	   7.50000	       14N
  59.65903	   1.45298	   7.50000	       14N
  59.65903	   5.80749	   7.50000	       14N
  59.65903	  10.16200	   7.50000	       14N
  62.17311	   1.45298	   7.50000	       14N
  62.17311	   5.80749	   7.50000	       14N
  62.17311	  10.16200	   7.50000	       14N
  64.68719	   1.45298	   7.50000	       14N
  64.68719	   5.80749	   7.50000	       14N
  64.68719	  10.16200	   7.50000	       14N
  45.83161	  15.24177	   7.50000	       10B
  45.83161	  19.59628	   7.50000	       11B
  45.83161	  23.95079	   7.50000	       11B
  48.34569	  15.24177	   7.50000	       11B
  48.34569	  19.59628	   7.50000	       11B
  48.34569	  23.95079	   7.50000	       10B
  50.85977	  15.24177	   7.50000	       11B
  50.85977	  19.59628	   7.50000	       11B
  50.85977	  23.95079	   7.50000	       11B
  53.37384	  15.24177	   7.50000	       10B
  53.37384	  19.59628	   7.50000	       11B
  53.37384	  23.95079	   7.50000	       11B
  55.88792	  15.24177	   7.50000	       11B
  55.88792	  19.59628	   7.50000	       10B
  55.88792	  23.95079	   7.50000	       11B
  58.40200	  15.24177	   7.50000	       11B
  58.40200	  19.59628	   7.50000	       11B
  58.40200	  23.95079	   7.50000	       11B
  60.91607	  15.24177	   7.50000	       11B
  60.91607	  19.59628	   7.50000	       11B
  60.91607	  23.95079	   7.50000	       11B
  63.43015	  15.24177	   7.50000	       11B
  63.43015	  19.59628	   7.50000	       10B
  63.43015	  23.95079	   7.50000	       11B
  65.94422	  15.24177	   7.50000	       10B
  65.94422	  19.59628	   7.50000	       11B
  65.94422	  23.95079	   7.50000	       11B
  44.57458	  13.06450	   7.50000	       11B
  44.57458	  17.41901	   7.50000	       11B
  44.57458	  21.77352	   7.50000	       11B
  47.08865	  13.06450	   7.50000	       11B
  47.08865	  17.41901	   7.50000	       10B
  47.08865	  21.77352	   7.50000	       10B
  49.60273	  13.06450	   7.50000	       10B
  49.60273	  17.41901	   7.50000	       10B
  49.60273	  21.77352	   7.50000	       11B
  52.11680	  13.06450	   7.50000	       11B
  52.11680	  17.41901	   7.50000	       11B
  52.11680	  21.77352	   7.50000	       11B
  54.63088	  13.06450	   7.50000	       11B
  54.63088	  17.41901	   7.50000	       11B
  54.63088	  21.77352	   7.50000	       11B
  57.14496	  13.06450	   7.50000	       10B
  57.14496	  17.41901	   7.50000	       11B
  57.14496	  21.77352	   7.50000	       11B
  59.65903	  13.06450	   7.50000	       11B
  59.65903	  17.41901	   7.50000	       11B
  59.65903	  21.77352	   7.50000	       10B
  62.17311	  13.06450	   7.50000	       11B
  62.17311	  17.41901	   7.50000	       11B
  62.17311	  21.77352	   7.50000	       10B
  64.68719	  13.06450	   7.50000	       11B
  64.68719	  17.41901	   7.50000	       11B
  64.68719	  21.77352	   7.50000	       11B
  45.83161	  16.69376	   7.50000	       14N
  45.83161	  21.04827	   7.50000	       14N
  45.83161	  12.33926	   7.50000	       14N
  48.34569	  16.69376	   7.50000	       14N
  48.34569	  21.04827	   7.50000	       14N
  48.34569	  12.33926	   7.50000	       14N
  50.85977	  16.69376	   7.50000	       14N
  50.85977	  21.04827	   7.50000	       14N
  50.85977	  12.33926	   7.50000	       14N
  53.37384	  16.69376	   7.50000	       14N
  53.37384	  21.04827	   7.50000	       14N
  53.37384	  12.33926	   7.50000	       14N
  55.88792	  16.69376	   7.50000	       14N
  55.88792	  21.04827	   7.50000	       14N
  55.88792	  12.33926	   7.50000	       14N
  58.40200	  16.69376	   7.50000	       14N
  58.40200	  21.04827	   7.50000	       14N
  58.40200	  12.33926	   7.50000	       14N
  60.91607	  16.69376	   7.50000	       14N
  60.91607	  21.04827	   7.50000	       14N
  60.91607	  12.33926	   7.50000	       14N
  63.43015	  16.69376	   7.50000	       14N
  63.43015	  21.04827	   7.50000	       14N
  63.43015	  12.33926	   7.50000	       14N
  65.94422	  16.69376	   7.50000	       14N
  65.94422	  21.04827	   7.50000	       14N
  65.94422	  12.33926	   7.50000	       14N
  44.57458	  14.51651	   7.50000	       14N
  44.57458	  18.87102	   7.50000	       14N
  44.57458	  23.22552	   7.50000	       14N
  47.08865	  14.51651	   7.50000	       14N
  47.08865	  18.87102	   7.50000	       14N
  47.08865	  23.22552	   7.50000	       14N
  49.60273	  14.51651	   7.50000	       14N
  49.60273	  18.87102	   7.50000	       14N
  49.60273	  23.22552	   7.50000	       14N
  52.11680	  14.51651	   7.50000	       14N
  52.11680	  18.87102	   7.50000	       14N
  52.11680	  23.22552	   7.50000	       14N
  54.63088	  14.51651	   7.50000	       14N
  54.63088	  18.87102	   7.50000	       14N
  54.63088	  23.22552	   7.50000	       14N
  57.14496	  14.51651	   7.50000	       14N
  57.14496	  18.87102	   7.50000	       14N
  57.14496	  23.22552	   7.50000	       14N
  59.65903	  14.51651	   7.50000	       14N
  59.65903	  18.87102	   7.50000	       14N
  59.65903	  23.22552	   7.50000	       14N
  62.17311	  14.51651	   7.50000	       14N
  62.17311	  18.87102	   7.50000	       14N
  62.17311	  23.22552	   7.50000	       14N
  64.68719	  14.51651	   7.50000	       14N
  64.68719	  18.87102	   7.50000	       14N
  64.68719	  23.22552	   7.50000	       14N
  45.83161	  28.30530	   7.50000	       11B
  45.83161	  32.65981	   7.50000	       11B
  45.83161	  37.01432	   7.50000	       10B
  48.34569	  28.30530	   7.50000	       11B
  48.34569	  32.65981	   7.50000	       11B
  48.34569	  37.01432	   7.50000	       11B
  50.85977	  28.30530	   7.50000	       11B
  50.85977	  32.65981	   7.50000	       11B
  50.85977	  37.01432	   7.50000	       11B
  53.37384	  28.30530	   7.50000	       11B
  53.37384	  32.65981	   7.50000	       11B
  53.37384	  37.01432	   7.50000	       11B
  55.88792	  28.30530	   7.50000	       11B
  55.88792	  32.65981	   7.50000	       11B
  55.88792	  37.01432	   7.50000	       11B
  58.40200	  28.30530	   7.50000	       11B
  58.40200	  32.65981	   7.50000	       11B
  58.40200	  37.01432	   7.50000	       11B
  60.91607	  28.30530	   7.50000	       11B
  60.91607	  32.65981	   7.50000	       10B
  60.91607	  37.01432	   7.50000	       10B
  63.43015	  28.30530	   7.50000	       11B
  63.43015	  32.65981	   7.50000	       10B
  63.43015	  37.01432	   7.50000	       11B
  65.94422	  28.30530	   7.50000	       10B
  65.94422	  32.65981	   7.50000	       11B
  65.94422	  37.01432	   7.50000	       11B
  44.57458	  26.12803	   7.50000	       11B
  44.57458	  30.48254	   7.50000	       11B
  44.57458	  34.83705	   7.50000	       11B
  47.08865	  26.12803	   7.50000	       11B
  47.08865	  30.48254	   7.50000	       11B
  47.08865	  34.83705	   7.50000	       11B
  49.60273	  26.12803	   7.50000	       11B
  49.60273	  30.48254	   7.50000	       11B
  49.60273	  34.83705	   7.50000	       11B
  52.11680	  26.12803	   7.50000	       10B
  52.11680	  30.48254	   7.50000	       10B
  52.11680	  34.83705	   7.50000	       11B
  54.63088	  26.12803	   7.50000	       10B
  54.63088	  30.48254	   7.50000	       10B
  54.63088	  34.83705	   7.50000	       11B
  57.14496	  26.12803	   7.50000	       11B
  57.14496	  30.48254	   7.50000	       11B
  57.14496	  34.83705	   7.50000	       11B
  59.65903	  26.12803	   7.50000	       11B
  59.65903	  30.48254	   7.50000	       11B
  59.65903	  34.83705	   7.50000	       11B
  62.17311	  26.12803	   7.50000	       11B
  62.17311	  30.48254	   7.50000	       11B
  62.17311	  34.83705	   7.50000	       11B
  64.68719	  26.12803	   7.50000	       11B
  64.68719	  30.48254	   7.50000	       11B
  64.68719	  34.83705	   7.50000	       11B
  45.83161	  29.75729	   7.50000	       14N
  45.83161	  34.11180	   7.50000	       14N
  45.83161	  25.40278	   7.50000	       14N
  48.34569	  29.75729	   7.50000	       14N
  48.34569	  34.11180	   7.50000	       14N
  48.34569	  25.40278	   7.50000	       14N
  50.85977	  29.75729	   7.50000	       14N
  50.85977	  34.11180	   7.50000	       14N
  50.85977	  25.40278	   7.50000	       14N
  53.37384	  29.75729	   7.50000	       14N
  53.37384	  34.11180	   7.50000	       14N
  53.37384	  25.40278	   7.50000	       14N
  55.88792	  29.75729	   7.50000	       14N
  55.88792	  34.11180	   7.50000	       14N
  55.88792	  25.40278	   7.50000	       14N
  58.40200	  29.75729	   7.50000	       14N
  58.40200	  34.11180	   7.50000	       14N
  58.40200	  25.40278	   7.50000	       14N
  60.91607	  29.75729	   7.50000	       14N
  60.91607	  34.11180	   7.50000	       14N
  60.91607	  25.40278	   7.50000	       14N
  63.43015	  29.75729	   7.50000	       14N
  63.43015	  34.11180	   7.50000	       14N
  63.43015	  25.40278	   7.50000	       14N
  65.94422	  29.75729	   7.50000	       14N
  65.94422	  34.11180	   7.50000	       14N
  65.94422	  25.40278	   7.50000	       14N
  44.57458	  27.58003	   7.50000	       14N
  44.57458	  31.93454	   7.50000	       14N
  44.57458	  36.28905	   7.50000	       14N
  47.08865	  27.58003	   7.50000	       14N
  47.08865	  31.93454	   7.50000	       14N
  47.08865	  36.28905	   7.50000	       14N
  49.60273	  27.58003	   7.50000	       14N
  49.60273	  31.93454	   7.50000	       14N
  49.60273	  36.28905	   7.50000	       14N
  52.11680	  27.58003	   7.50000	       14N
  52.11680	  31.93454	   7.50000	       14N
  52.11680	  36.28905	   7.50000	       14N
  54.63088	  27.58003	   7.50000	       14N
  54.63088	  31.93454	   7.50000	       14N
  54.63088	  36.28905	   7.50000	       14N
  57.14496	  27.58003	   7.50000	       14N
  57.14496	  31.93454	   7.50000	       14N
  57.14496	  36.28905	   7.50000	       14N
  59.65903	  27.58003	   7.50000	       14N
  59.65903	  31.93454	   7.50000	       14N
  59.65903	  36.28905	   7.50000	       14N
  62.17311	  27.58003	   7.50000	       14N
  62.17311	  31.93454	   7.50000	       14N
  62.17311	  36.28905	   7.50000	       14N
  64.68719	  27.58003	   7.50000	       14N
  64.68719	  31.93454	   7.50000	       14N
  64.68719	  36.28905	   7.50000	       14N
  45.83161	  41.36882	   7.50000	       11B
  45.83161	  45.72333	   7.50000	       10B
  45.83161	  50.07784	   7.50000	       11B
  48.34569	  41.36882	   7.50000	       11B
  48.34569	  45.72333	   7.50000	       11B
  48.34569	  50.07784	   7.50000	       11B
  50.85977	  41.36882	   7.50000	       11B
  50.85977	  45.72333	   7.50000	       10B
  50.85977	  50.07784	   7.50000	       11B
  53.37384	  41.36882	   7.50000	       11B
  53.37384	  45.72333	   7.50000	       11B
  53.37384	  50.07784	   7.50000	       11B
  55.88792	  41.36882	   7.50000	       11B
  55.88792	  45.72333	   7.50000	       11B
  55.88792	  50.07784	   7.50000	       11B
  58.40200	  41.36882	   7.50000	       11B
  58.40200	  45.72333	   7.50000	       11B
  58.40200	  50.07784	   7.50000	       11B
  60.91607	  41.36882	   7.50000	       11B
  60.91607	  45.72333	   7.50000	       11B
  60.91607	  50.07784	   7.50000	       11B
  63.43015	  41.36882	   7.50000	       10B
  63.43015	  45.72333	   7.50000	       11B
  63.43015	  50.07784	   7.50000	       11B
  65.94422	  41.36882	   7.50000	       11B
  65.94422	  45.72333	   7.50000	       10B
  65.94422	  50.07784	   7.50000	       11B
  44.57458	  39.19155	   7.50000	       10B
  44.57458	  43.54606	   7.50000	       11B
  44.57458	  47.90057	   7.50000	       11B
  47.08865	  39.19155	   7.50000	       11B
  47.08865	  43.54606	   7.50000	       11B
  47.08865	  47.90057	   7.50000	       11B
  49.60273	  39.19155	   7.50000	       10B
  49.60273	  43.54606	   7.50000	       11B
  49.60273	  47.90057	   7.50000	       11B
  52.11680	  39.19155	   7.50000	       11B
  52.11680	  43.54606	   7.50000	       11B
  52.11680	  47.90057	   7.50000	       11B
  54.63088	  39.19155	   7.50000	       11B
  54.63088	  43.54606	   7.50000	       11B
  54.63088	  47.90057	   7.50000	       11B
  57.14496	  39.19155	   7.50000	       11B
  57.14496	  43.54606	   7.50000	       11B
  57.14496	  47.90057	   7.50000	       11B
  59.65903	  39.19155	   7.50000	       11B
  59.65903	  43.54606	   7.50000	       10B
  59.65903	  47.90057	   7.50000	       11B
  62.17311	  39.19155	   7.50000	       11B
  62.17311	  43.54606	   7.50000	       11B
  62.17311	  47.90057	   7.50000	       11B
  64.68719	  39.19155	   7.50000	       11B
  64.68719	  43.54606	   7.50000	       11B
  64.68719	  47.90057	   7.50000	       11B
  45.83161	  42.82082	   7.50000	       14N
  45.83161	  47.17532	   7.50000	       14N
  45.83161	  38.46631	   7.50000	       14N
  48.34569	  42.82082	   7.50000	       14N
  48.34569	  47.17532	   7.50000	       14N
  48.34569	  38.46631	   7.50000	       14N
  50.85977	  42.82082	   7.50000	       14N
  50.85977	  47.17532	   7.50000	       14N
  50.85977	  38.46631	   7.50000	       14N
  53.37384	  42.82082	   7.50000	       14N
  53.37384	  47.17532	   7.50000	       14N
  53.37384	  38.46631	   7.50000	       14N
  55.88792	  42.82082	   7.50000	       14N
  55.88792	  47.17532	   7.50000	       14N
  55.88792	  38.46631	   7.50000	       14N
  58.40200	  42.82082	   7.50000	       14N
  58.40200	  47.17532	   7.50000	       14N
  58.40200	  38.46631	   7.50000	       14N
  60.91607	  42.82082	   7.50000	       14N
  60.91607	  47.17532	   7.50000	       14N
  60.91607	  38.46631	   7.50000	       14N
  63.43015	  42.82082	   7.50000	       14N
  63.43015	  47.17532	   7.50000	       14N
  63.43015	  38.46631	   7.50000	       14N
  65.94422	  42.82082	   7.50000	       14N
  65.94422	  47.17532	   7.50000	       14N
  65.94422	  38.46631	   7.50000	       14N
  44.57458	  40.64356	   7.50000	       14N
  44.57458	  44.99807	   7.50000	       14N
  44.57458	  49.35257	   7.50000	       14N
  47.08865	  40.64356	   7.50000	       14N
  47.08865	  44.99807	   7.50000	       14N
  47.08865	  49.35257	   7.50000	       14N
  49.60273	  40.64356	   7.50000	       14N
  49.60273	  44.99807	   7.50000	       14N
  49.60273	  49.35257	   7.50000	       14N
  52.11680	  40.64356	   7.50000	       14N
  52.11680	  44.99807	   7.50000	       14N
  52.11680	  49.35257	   7.50000	       14N
  54.63088	  40.64356	   7.50000	       14N
  54.63088	  44.99807	   7.50000	       14N
  54.63088	  49.35257	   7.50000	       14N
  57.14496	  40.64356	   7.50000	       14N
  57.14496	  44.99807	   7.50000	       14N
  57.14496	  49.35257	   7.50000	       14N
  59.65903	  40.64356	   7.50000	       14N
  59.65903	  44.99807	   7.50000	       14N
  59.65903	  49.35257	   7.50000	       14N
  62.17311	  40.64356	   7.50000	       14N
  62.17311	  44.99807	   7.50000	       14N
  62.17311	  49.35257	   7.50000	       14N
  64.68719	  40.64356	   7.50000	       14N
  64.68719	  44.99807	   7.50000	       14N
  64.68719	  49.35257	   7.50000	       14N
  45.83161	  54.43235	   7.50000	       11B
  45.83161	  58.78686	   7.50000	       10B
  45.83161	  63.14137	   7.50000	       11B
  48.34569	  54.43235	   7.50000	       11B
  48.34569	  58.78686	   7.50000	       11B
  48.34569	  63.14137	   7.50000	       10B
  50.85977	  54.43235	   7.50000	       11B
  50.85977	  58.78686	   7.50000	       11B
  50.85977	  63.14137	   7.50000	       11B
  53.37384	  54.43235	   7.50000	       11B
  53.37384	  58.78686	   7.50000	       11B
  53.37384	  63.14137	   7.50000	       10B
  55.88792	  54.43235	   7.50000	       11B
  55.88792	  58.78686	   7.50000	       11B
  55.88792	  63.14137	   7.50000	       11B
  58.40200	  54.43235	   7.50000	       10B
  58.40200	  58.78686	   7.50000	       11B
  58.40200	  63.14137	   7.50000	       11B
  60.91607	  54.43235	   7.50000	       11B
  60.91607	  58.78686	   7.50000	       11B
  60.91607	  63.14137	   7.50000	       11B
  63.43015	  54.43235	   7.50000	       11B
  63.43015	  58.78686	   7.50000	       10B
  63.43015	  63.14137	   7.50000	       11B
  65.94422	  54.43235	   7.50000	       10B
  65.94422	  58.78686	   7.50000	       11B
  65.94422	  63.14137	   7.50000	       10B
  44.57458	  52.25508	   7.50000	       11B
  44.57458	  56.60959	   7.50000	       11B
  44.57458	  60.96410	   7.50000	       11B
  47.08865	  52.25508	   7.50000	       11B
  47.08865	  56.60959	   7.50000	       10B
  47.08865	  60.96410	   7.50000	       11B
  49.60273	  52.25508	   7.50000	       10B
  49.60273	  56.60959	   7.50000	       10B
  49.60273	  60.96410	   7.50000	       11B
  52.11680	  52.25508	   7.50000	       11B
  52.11680	  56.60959	   7.50000	       11B
  52.11680	  60.96410	   7.50000	       11B
  54.63088	  52.25508	   7.50000	       11B
  54.63088	  56.60959	   7.50000	       10B
  54.63088	  60.96410	   7.50000	       11B
  57.14496	  52.25508	   7.50000	       11B
  57.14496	  56.60959	   7.50000	       11B
  57.14496	  60.96410	   7.50000	       11B
  59.65903	  52.25508	   7.50000	       11B
  59.65903	  56.60959	   7.50000	       11B
  59.65903	  60.96410	   7.50000	       11B
  62.17311	  52.25508	   7.50000	       10B
  62.17311	  56.60959	   7.50000	       11B
  62.17311	  60.96410	   7.50000	       11B
  64.68719	  52.25508	   7.50000	       10B
  64.68719	  56.60959	   7.50000	       11B
  64.68719	  60.96410	   7.50000	       11B
  45.83161	  55.88434	   7.50000	       14N
  45.83161	  60.23885	   7.50000	       14N
  45.83161	  51.52983	   7.50000	       14N
  48.34569	  55.88434	   7.50000	       14N
  48.34569	  60.23885	   7.50000	       14N
  48.34569	  51.52983	   7.50000	       14N
  50.85977	  55.88434	   7.50000	       14N
  50.85977	  60.23885	   7.50000	       14N
  50.85977	  51.52983	   7.50000	       14N
  53.37384	  55.88434	   7.50000	       14N
  53.37384	  60.23885	   7.50000	       14N
  53.37384	  51.52983	   7.50000	       14N
  55.88792	  55.88434	   7.50000	       14N
  55.88792	  60.23885	   7.50000	       14N
  55.88792	  51.52983	   7.50000	       14N
  58.40200	  55.88434	   7.50000	       14N
  58.40200	  60.23885	   7.50000	       14N
  58.40200	  51.52983	   7.50000	       14N
  60.91607	  55.88434	   7.50000	       14N
  60.91607	  60.23885	   7.50000	       14N
  60.91607	  51.52983	   7.50000	       14N
  63.43015	  55.88434	   7.50000	       14N
  63.43015	  60.23885	   7.50000	       14N
  63.43015	  51.52983	   7.50000	       14N
  65.94422	  55.88434	   7.50000	       14N
  65.94422	  60.23885	   7.50000	       14N
  65.94422	  51.52983	   7.50000	       14N
  44.57458	  53.70708	   7.50000	       14N
  44.57458	  58.06159	   7.50000	       14N
  44.57458	  62.41610	   7.50000	       14N
  47.08865	  53.70708	   7.50000	       14N
  47.08865	  58.06159	   7.50000	       14N
  47.08865	  62.41610	   7.50000	       14N
  49.60273	  53.70708	   7.50000	       14N
  49.60273	  58.06159	   7.50000	       14N
  49.60273	  62.41610	   7.50000	       14N
  52.11680	  53.70708	   7.50000	       14N
  52.11680	  58.06159	   7.50000	       14N
  52.11680	  62.41610	   7.50000	       14N
  54.63088	  53.70708	   7.50000	       14N
  54.63088	  58.06159	   7.50000	       14N
  54.63088	  62.41610	   7.50000	       14N
  57.14496	  53.70708	   7.50000	       14N
  57.14496	  58.06159	   7.50000	       14N
  57.14496	  62.41610	   7.50000	       14N
  59.65903	  53.70708	   7.50000	       14N
  59.65903	  58.06159	   7.50000	       14N
  59.65903	  62.41610	   7.50000	       14N
  62.17311	  53.70708	   7.50000	       14N
  62.17311	  58.06159	   7.50000	       14N
  62.17311	  62.41610	   7.50000	       14N
  64.68719	  53.70708	   7.50000	       14N
  64.68719	  58.06159	   7.50000	       14N
  64.68719	  62.41610	   7.50000	       14N
  45.83161	  67.49587	   7.50000	       11B
  45.83161	  71.85038	   7.50000	       11B
  45.83161	  76.20489	   7.50000	       11B
  48.34569	  67.49587	   7.50000	       11B
  48.34569	  71.85038	   7.50000	       11B
  48.34569	  76.20489	   7.50000	       11B
  50.85977	  67.49587	   7.50000	       11B
  50.85977	  71.85038	   7.50000	       11B
  50.85977	  76.20489	   7.50000	       10B
  53.37384	  67.49587	   7.50000	       11B
  53.37384	  71.85038	   7.50000	       11B
  53.37384	  76.20489	   7.50000	       10B
  55.88792	  67.49587	   7.50000	       11B
  55.88792	  71.85038	   7.50000	       11B
  55.88792	  76.20489	   7.50000	       10B
  58.40200	  67.49587	   7.50000	       11B
  58.40200	  71.85038	   7.50000	       10B
  58.40200	  76.20489	   7.50000	       11B
  60.91607	  67.49587	   7.50000	       11B
  60.91607	  71.85038	   7.50000	       11B
  60.91607	  76.20489	   7.50000	       11B
  63.43015	  67.49587	   7.50000	       10B
  63.43015	  71.85038	   7.50000	       11B
  63.43015	  76.20489	   7.50000	       11B
  65.94422	  67.49587	   7.50000	       10B
  65.94422	  71.85038	   7.50000	       10B
  65.94422	  76.20489	   7.50000	       11B
  44.57458	  65.31860	   7.50000	       10B
  44.57458	  69.67311	   7.50000	       10B
  44.57458	  74.02762	   7.50000	       11B
  47.08865	  65.31860	   7.50000	       10B
  47.08865	  69.67311	   7.50000	       11B
  47.08865	  74.02762	   7.50000	       10B
  49.60273	  65.31860	   7.50000	       11B
  49.60273	  69.67311	   7.50000	       11B
  49.60273	  74.02762	   7.50000	       11B
  52.11680	  65.31860	   7.50000	       11B
  52.11680	  69.67311	   7.50000	       11B
  52.11680	  74.02762	   7.50000	       11B
  54.63088	  65.31860	   7.50000	       10B
  54.63088	  69.67311	   7.50000	       11B
  54.63088	  74.02762	   7.50000	       11B
  57.14496	  65.31860	   7.50000	       11B
  57.14496	  69.67311	   7.50000	       11B
  57.14496	  74.02762	   7.50000	       11B
  59.65903	  65.31860	   7.50000	       11B
  59.65903	  69.67311	   7.50000	       11B
  59.65903	  74.02762	   7.50000	       11B
  62.17311	  65.31860	   7.50000	       11B
  62.17311	  69.67311	   7.50000	       10B
  62.17311	  74.02762	   7.50000	       11B
  64.68719	  65.31860	   7.50000	       11B
  64.68719	  69.67311	   7.50000	       11B
  64.68719	  74.02762	   7.50000	       11B
  45.83161	  68.94787	   7.50000	       14N
  45.83161	  73.30237	   7.50000	       14N
  45.83161	  64.59336	   7.50000	       14N
  48.34569	  68.94787	   7.50000	       14N
  48.34569	  73.30237	   7.50000	       14N
  48.34569	  64.59336	   7.50000	       14N
  50.85977	  68.94787	   7.50000	       14N
  50.85977	  73.30237	   7.50000	       14N
  50.85977	  64.59336	   7.50000	       14N
  53.37384	  68.94787	   7.50000	       14N
  53.37384	  73.30237	   7.50000	       14N
  53.37384	  64.59336	   7.50000	       14N
  55.88792	  68.94787	   7.50000	       14N
  55.88792	  73.30237	   7.50000	       14N
  55.88792	  64.59336	   7.50000	       14N
  58.40200	  68.94787	   7.50000	       14N
  58.40200	  73.30237	   7.50000	       14N
  58.40200	  64.59336	   7.50000	       14N
  60.91607	  68.94787	   7.50000	       14N
  60.91607	  73.30237	   7.50000	       14N
  60.91607	  64.59336	   7.50000	       14N
  63.43015	  68.94787	   7.50000	       14N
  63.43015	  73.30237	   7.50000	       14N
  63.43015	  64.59336	   7.50000	       14N
  65.94422	  68.94787	   7.50000	       14N
  65.94422	  73.30237	   7.50000	       14N
  65.94422	  64.59336	   7.50000	       14N
  44.57458	  66.77061	   7.50000	       14N
  44.57458	  71.12512	   7.50000	       14N
  44.57458	  75.47963	   7.50000	       14N
  47.08865	  66.77061	   7.50000	       14N
  47.08865	  71.12512	   7.50000	       14N
  47.08865	  75.47963	   7.50000	       14N
  49.60273	  66.77061	   7.50000	       14N
  49.60273	  71.12512	   7.50000	       14N
  49.60273	  75.47963	   7.50000	       14N
  52.11680	  66.77061	   7.50000	       14N
  52.11680	  71.12512	   7.50000	       14N
  52.11680	  75.47963	   7.50000	       14N
  54.63088	  66.77061	   7.50000	       14N
  54.63088	  71.12512	   7.50000	       14N
  54.63088	  75.47963	   7.50000	       14N
  57.14496	  66.77061	   7.50000	       14N
  57.14496	  71.12512	   7.50000	       14N
  57.14496	  75.47963	   7.50000	       14N
  59.65903	  66.77061	   7.50000	       14N
  59.65903	  71.12512	   7.50000	       14N
  59.65903	  75.47963	   7.50000	       14N
  62.17311	  66.77061	   7.50000	       14N
  62.17311	  71.12512	   7.50000	       14N
  62.17311	  75.47963	   7.50000	       14N
  64.68719	  66.77061	   7.50000	       14N
  64.68719	  71.12512	   7.50000	       14N
  64.68719	  75.47963	   7.50000	       14N
  44.57458	  78.38213	   7.50000	       11B
  47.08865	  78.38213	   7.50000	       10B
  49.60273	  78.38213	   7.50000	       11B
  52.11680	  78.38213	   7.50000	       11B
  54.63088	  78.38213	   7.50000	       11B
  57.14496	  78.38213	   7.50000	       11B
  59.65903	  78.38213	   7.50000	       11B
  62.17311	  78.38213	   7.50000	       10B
  64.68719	  78.38213	   7.50000	       11B
  45.83161	  77.65688	   7.50000	       14N
  48.34569	  77.65688	   7.50000	       14N
  50.85977	  77.65688	   7.50000	       14N
  53.37384	  77.65688	   7.50000	       14N
  55.88792	  77.65688	   7.50000	       14N
  58.40200	  77.65688	   7.50000	       14N
  60.91607	  77.65688	   7.50000	       14N
  63.43015	  77.65688	   7.50000	       14N
  65.94422	  77.65688	   7.50000	       14N
  44.57458	  79.83413	   7.50000	       14N
  47.08865	  79.83413	   7.50000	       14N
  49.60273	  79.83413	   7.50000	       14N
  52.11680	  79.83413	   7.50000	       14N
  54.63088	  79.83413	   7.50000	       14N
  57.14496	  79.83413	   7.50000	       14N
  59.65903	  79.83413	   7.50000	       14N
  62.17311	  79.83413	   7.50000	       14N
  64.68719	  79.83413	   7.50000	       14N
  68.45830	   2.17825	   7.50000	       11B
  68.45830	   6.53276	   7.50000	       10B
  68.45830	  10.88727	   7.50000	       11B
  70.97238	   2.17825	   7.50000	       11B
  70.97238	   6.53276	   7.50000	       11B
  70.97238	  10.88727	   7.50000	       11B
  73.48645	   2.17825	   7.50000	       11B
  73.48645	   6.53276	   7.50000	       11B
  73.48645	  10.88727	   7.50000	       11B
  76.00053	   2.17825	   7.50000	       11B
  76.00053	   6.53276	   7.50000	       11B
  76.00053	  10.88727	   7.50000	       11B
  78.51461	   2.17825	   7.50000	       11B
  78.51461	   6.53276	   7.50000	       11B
  78.51461	  10.88727	   7.50000	       10B
  67.20126	   0.00098	   7.50000	       11B
  67.20126	   4.35549	   7.50000	       11B
  67.20126	   8.71000	   7.50000	       11B
  69.71534	   0.00098	   7.50000	       11B
  69.71534	   4.35549	   7.50000	       11B
  69.71534	   8.71000	   7.50000	       11B
  72.22942	   0.00098	   7.50000	       10B
  72.22942	   4.35549	   7.50000	       11B
  72.22942	   8.71000	   7.50000	       11B
  74.74349	   0.00098	   7.50000	       11B
  74.74349	   4.35549	   7.50000	       11B
  74.74349	   8.71000	   7.50000	       11B
  77.25757	   0.00098	   7.50000	       11B
  77.25757	   4.35549	   7.50000	       10B
  77.25757	   8.71000	   7.50000	       11B
  79.77165	   0.00098	   7.50000	       11B
  79.77165	   4.35549	   7.50000	       11B
  79.77165	   8.71000	   7.50000	       11B
  68.45830	   3.63024	   7.50000	       14N
  68.45830	   7.98475	   7.50000	       14N
  70.97238	   3.63024	   7.50000	       14N
  70.97238	   7.98475	   7.50000	       14N
  73.48645	   3.63024	   7.50000	       14N
  73.48645	   7.98475	   7.50000	       14N
  76.00053	   3.63024	   7.50000	       14N
  76.00053	   7.98475	   7.50000	       14N
  78.51461	   3.63024	   7.50000	       14N
  78.51461	   7.98475	   7.50000	       14N
  67.20126	   1.45298	   7.50000	       14N
  67.20126	   5.80749	   7.50000	       14N
  67.20126	  10.16200	   7.50000	       14N
  69.71534	   1.45298	   7.50000	       14N
  69.71534	   5.80749	   7.50000	       14N
  69.71534	  10.16200	   7.50000	       14N
  72.22942	   1.45298	   7.50000	       14N
  72.22942	   5.80749	   7.50000	       14N
  72.22942	  10.16200	   7.50000	       14N
  74.74349	   1.45298	   7.50000	       14N
  74.74349	   5.80749	   7.50000	       14N
  74.74349	  10.16200	   7.50000	       14N
  77.25757	   1.45298	   7.50000	       14N
  77.25757	   5.80749	   7.50000	       14N
  77.25757	  10.16200	   7.50000	       14N
  79.77165	   1.45298	   7.50000	       14N
  79.77165	   5.80749	   7.50000	       14N
  79.77165	  10.16200	   7.50000	       14N
  68.45830	  15.24177	   7.50000	       11B
  68.45830	  19.59628	   7.50000	       10B
  68.45830	  23.95079	   7.50000	       11B
  70.97238	  15.24177	   7.50000	       11B
  70.97238	  19.59628	   7.50000	       11B
  70.97238	  23.95079	   7.50000	       11B
  73.48645	  15.24177	   7.50000	       11B
  73.48645	  19.59628	   7.50000	       11B
  73.48645	  23.95079	   7.50000	       11B
  76.00053	  15.24177	   7.50000	       11B
  76.00053	  19.59628	   7.50000	       11B
  76.00053	  23.95079	   7.50000	       10B
  78.51461	  15.24177	   7.50000	       11B
  78.51461	  19.59628	   7.50000	       10B
  78.51461	  23.95079	   7.50000	       11B
  67.20126	  13.06450	   7.50000	       11B
  67.20126	  17.41901	   7.50000	       10B
  67.20126	  21.77352	   7.50000	       11B
  69.71534	  13.06450	   7.50000	       11B
  69.71534	  17.41901	   7.50000	       10B
  69.71534	  21.77352	   7.50000	       11B
  72.22942	  13.06450	   7.50000	       11B
  72.22942	  17.41901	   7.50000	       11B
  72.22942	  21.77352	   7.50000	       10B
  74.74349	  13.06450	   7.50000	       10B
  74.74349	  17.41901	   7.50000	       11B
  74.74349	  21.77352	   7.50000	       11B
  77.25757	  13.06450	   7.50000	       11B
  77.25757	  17.41901	   7.50000	       11B
  77.25757	  21.77352	   7.50000	       11B
  79.77165	  13.06450	   7.50000	       11B
  79.77165	  17.41901	   7.50000	       11B
  79.77165	  21.77352	   7.50000	       11B
  68.45830	  16.69376	   7.50000	       14N
  68.45830	  21.04827	   7.50000	       14N
  68.45830	  12.33926	   7.50000	       14N
  70.97238	  16.69376	   7.50000	       14N
  70.97238	  21.04827	   7.50000	       14N
  70.97238	  12.33926	   7.50000	       14N
  73.48645	  16.69376	   7.50000	       14N
  73.48645	  21.04827	   7.50000	       14N
  73.48645	  12.33926	   7.50000	       14N
  76.00053	  16.69376	   7.50000	       14N
  76.00053	  21.04827	   7.50000	       14N
  76.00053	  12.33926	   7.50000	       14N
  78.51461	  16.69376	   7.50000	       14N
  78.51461	  21.04827	   7.50000	       14N
  78.51461	  12.33926	   7.50000	       14N
  67.20126	  14.51651	   7.50000	       14N
  67.20126	  18.87102	   7.50000	       14N
  67.20126	  23.22552	   7.50000	       14N
  69.71534	  14.51651	   7.50000	       14N
  69.71534	  18.87102	   7.50000	       14N
  69.71534	  23.22552	   7.50000	       14N
  72.22942	  14.51651	   7.50000	       14N
  72.22942	  18.87102	   7.50000	       14N
  72.22942	  23.22552	   7.50000	       14N
  74.74349	  14.51651	   7.50000	       14N
  74.74349	  18.87102	   7.50000	       14N
  74.74349	  23.22552	   7.50000	       14N
  77.25757	  14.51651	   7.50000	       14N
  77.25757	  18.87102	   7.50000	       14N
  77.25757	  23.22552	   7.50000	       14N
  79.77165	  14.51651	   7.50000	       14N
  79.77165	  18.87102	   7.50000	       14N
  79.77165	  23.22552	   7.50000	       14N
  68.45830	  28.30530	   7.50000	       11B
  68.45830	  32.65981	   7.50000	       11B
  68.45830	  37.01432	   7.50000	       10B
  70.97238	  28.30530	   7.50000	       11B
  70.97238	  32.65981	   7.50000	       10B
  70.97238	  37.01432	   7.50000	       10B
  73.48645	  28.30530	   7.50000	       11B
  73.48645	  32.65981	   7.50000	       11B
  73.48645	  37.01432	   7.50000	       11B
  76.00053	  28.30530	   7.50000	       11B
  76.00053	  32.65981	   7.50000	       11B
  76.00053	  37.01432	   7.50000	       10B
  78.51461	  28.30530	   7.50000	       10B
  78.51461	  32.65981	   7.50000	       10B
  78.51461	  37.01432	   7.50000	       11B
  67.20126	  26.12803	   7.50000	       10B
  67.20126	  30.48254	   7.50000	       11B
  67.20126	  34.83705	   7.50000	       11B
  69.71534	  26.12803	   7.50000	       11B
  69.71534	  30.48254	   7.50000	       11B
  69.71534	  34.83705	   7.50000	       11B
  72.22942	  26.12803	   7.50000	       11B
  72.22942	  30.48254	   7.50000	       11B
  72.22942	  34.83705	   7.50000	       11B
  74.74349	  26.12803	   7.50000	       11B
  74.74349	  30.48254	   7.50000	       11B
  74.74349	  34.83705	   7.50000	       10B
  77.25757	  26.12803	   7.50000	       11B
  77.25757	  30.48254	   7.50000	       11B
  77.25757	  34.83705	   7.50000	       11B
  79.77165	  26.12803	   7.50000	       10B
  79.77165	  30.48254	   7.50000	       10B
  79.77165	  34.83705	   7.50000	       11B
  68.45830	  29.75729	   7.50000	       14N
  68.45830	  34.11180	   7.50000	       14N
  68.45830	  25.40278	   7.50000	       14N
  70.97238	  29.75729	   7.50000	       14N
  70.97238	  34.11180	   7.50000	       14N
  70.97238	  25.40278	   7.50000	       14N
  73.48645	  29.75729	   7.50000	       14N
  73.48645	  34.11180	   7.50000	       14N
  73.48645	  25.40278	   7.50000	       14N
  76.00053	  29.75729	   7.50000	       14N
  76.00053	  34.11180	   7.50000	       14N
  76.00053	  25.40278	   7.50000	       14N
  78.51461	  29.75729	   7.50000	       14N
  78.51461	  34.11180	   7.50000	       14N
  78.51461	  25.40278	   7.50000	       14N
  67.20126	  27.58003	   7.50000	       14N
  67.20126	  31.93454	   7.50000	       14N
  67.20126	  36.28905	   7.50000	       14N
  69.71534	  27.58003	   7.50000	       14N
  69.71534	  31.93454	   7.50000	       14N
  69.71534	  36.28905	   7.50000	       14N
  72.22942	  27.58003	   7.50000	       14N
  72.22942	  31.93454	   7.50000	       14N
  72.22942	  36.28905	   7.50000	       14N
  74.74349	  27.58003	   7.50000	       14N
  74.74349	  31.93454	   7.50000	       14N
  74.74349	  36.28905	   7.50000	       14N
  77.25757	  27.58003	   7.50000	       14N
  77.25757	  31.93454	   7.50000	       14N
  77.25757	  36.28905	   7.50000	       14N
  79.77165	  27.58003	   7.50000	       14N
  79.77165	  31.93454	   7.50000	       14N
  79.77165	  36.28905	   7.50000	       14N
  68.45830	  41.36882	   7.50000	       11B
  68.45830	  45.72333	   7.50000	       11B
  68.45830	  50.07784	   7.50000	       10B
  70.97238	  41.36882	   7.50000	       11B
  70.97238	  45.72333	   7.50000	       11B
  70.97238	  50.07784	   7.50000	       11B
  73.48645	  41.36882	   7.50000	       11B
  73.48645	  45.72333	   7.50000	       11B
  73.48645	  50.07784	   7.50000	       11B
  76.00053	  41.36882	   7.50000	       11B
  76.00053	  45.72333	   7.50000	       11B
  76.00053	  50.07784	   7.50000	       10B
  78.51461	  41.36882	   7.50000	       11B
  78.51461	  45.72333	   7.50000	       11B
  78.51461	  50.07784	   7.50000	       10B
  67.20126	  39.19155	   7.50000	       10B
  67.20126	  43.54606	   7.50000	       11B
  67.20126	  47.90057	   7.50000	       11B
  69.71534	  39.19155	   7.50000	       11B
  69.71534	  43.54606	   7.50000	       11B
  69.71534	  47.90057	   7.50000	       11B
  72.22942	  39.19155	   7.50000	       10B
  72.22942	  43.54606	   7.50000	       11B
  72.22942	  47.90057	   7.50000	       11B
  74.74349	  39.19155	   7.50000	       11B
  74.74349	  43.54606	   7.50000	       11B
  74.74349	  47.90057	   7.50000	       10B
  77.25757	  39.19155	   7.50000	       10B
  77.25757	  43.54606	   7.50000	       11B
  77.25757	  47.90057	   7.50000	       10B
  79.77165	  39.19155	   7.50000	       11B
  79.77165	  43.54606	   7.50000	       11B
  79.77165	  47.90057	   7.50000	       11B
  68.45830	  42.82082	   7.50000	       14N
  68.45830	  47.17532	   7.50000	       14N
  68.45830	  38.46631	   7.50000	       14N
  70.97238	  42.82082	   7.50000	       14N
  70.97238	  47.17532	   7.50000	       14N
  70.97238	  38.46631	   7.50000	       14N
  73.48645	  42.82082	   7.50000	       14N
  73.48645	  47.17532	   7.50000	       14N
  73.48645	  38.46631	   7.50000	       14N
  76.00053	  42.82082	   7.50000	       14N
  76.00053	  47.17532	   7.50000	       14N
  76.00053	  38.46631	   7.50000	       14N
  78.51461	  42.82082	   7.50000	       14N
  78.51461	  47.17532	   7.50000	       14N
  78.51461	  38.46631	   7.50000	       14N
  67.20126	  40.64356	   7.50000	       14N
  67.20126	  44.99807	   7.50000	       14N
  67.20126	  49.35257	   7.50000	       14N
  69.71534	  40.64356	   7.50000	       14N
  69.71534	  44.99807	   7.50000	       14N
  69.71534	  49.35257	   7.50000	       14N
  72.22942	  40.64356	   7.50000	       14N
  72.22942	  44.99807	   7.50000	       14N
  72.22942	  49.35257	   7.50000	       14N
  74.74349	  40.64356	   7.50000	       14N
  74.74349	  44.99807	   7.50000	       14N
  74.74349	  49.35257	   7.50000	       14N
  77.25757	  40.64356	   7.50000	       14N
  77.25757	  44.99807	   7.50000	       14N
  77.25757	  49.35257	   7.50000	       14N
  79.77165	  40.64356	   7.50000	       14N
  79.77165	  44.99807	   7.50000	       14N
  79.77165	  49.35257	   7.50000	       14N
  68.45830	  54.43235	   7.50000	       10B
  68.45830	  58.78686	   7.50000	       11B
  68.45830	  63.14137	   7.50000	       11B
  70.97238	  54.43235	   7.50000	       11B
  70.97238	  58.78686	   7.50000	       10B
  70.97238	  63.14137	   7.50000	       10B
  73.48645	  54.43235	   7.50000	       10B
  73.48645	  58.78686	   7.50000	       10B
  73.48645	  63.14137	   7.50000	       11B
  76.00053	  54.43235	   7.50000	       11B
  76.00053	  58.78686	   7.50000	       11B
  76.00053	  63.14137	   7.50000	       11B
  78.51461	  54.43235	   7.50000	       11B
  78.51461	  58.78686	   7.50000	       11B
  78.51461	  63.14137	   7.50000	       10B
  67.20126	  52.25508	   7.50000	       11B
  67.20126	  56.60959	   7.50000	       11B
  67.20126	  60.96410	   7.50000	       11B
  69.71534	  52.25508	   7.50000	       11B
  69.71534	  56.60959	   7.50000	       11B
  69.71534	  60.96410	   7.50000	       11B
  72.22942	  52.25508	   7.50000	       11B
  72.22942	  56.60959	   7.50000	       11B
  72.22942	  60.96410	   7.50000	       11B
  74.74349	  52.25508	   7.50000	       11B
  74.74349	  56.60959	   7.50000	       11B
  74.74349	  60.96410	   7.50000	       11B
  77.25757	  52.25508	   7.50000	       10B
  77.25757	  56.60959	   7.50000	       11B
  77.25757	  60.96410	   7.50000	       11B
  79.77165	  52.25508	   7.50000	       11B
  79.77165	  56.60959	   7.50000	       11B
  79.77165	  60.96410	   7.50000	       10B
  68.45830	  55.88434	   7.50000	       14N
  68.45830	  60.23885	   7.50000	       14N
  68.45830	  51.52983	   7.50000	       14N
  70.97238	  55.88434	   7.50000	       14N
  70.97238	  60.23885	   7.50000	       14N
  70.97238	  51.52983	   7.50000	       14N
  73.48645	  55.88434	   7.50000	       14N
  73.48645	  60.23885	   7.50000	       14N
  73.48645	  51.52983	   7.50000	       14N
  76.00053	  55.88434	   7.50000	       14N
  76.00053	  60.23885	   7.50000	       14N
  76.00053	  51.52983	   7.50000	       14N
  78.51461	  55.88434	   7.50000	       14N
  78.51461	  60.23885	   7.50000	       14N
  78.51461	  51.52983	   7.50000	       14N
  67.20126	  53.70708	   7.50000	       14N
  67.20126	  58.06159	   7.50000	       14N
  67.20126	  62.41610	   7.50000	       14N
  69.71534	  53.70708	   7.50000	       14N
  69.71534	  58.06159	   7.50000	       14N
  69.71534	  62.41610	   7.50000	       14N
  72.22942	  53.70708	   7.50000	       14N
  72.22942	  58.06159	   7.50000	       14N
  72.22942	  62.41610	   7.50000	       14N
  74.74349	  53.70708	   7.50000	       14N
  74.74349	  58.06159	   7.50000	       14N
  74.74349	  62.41610	   7.50000	       14N
  77.25757	  53.70708	   7.50000	       14N
  77.25757	  58.06159	   7.50000	       14N
  77.25757	  62.41610	   7.50000	       14N
  79.77165	  53.70708	   7.50000	       14N
  79.77165	  58.06159	   7.50000	       14N
  79.77165	  62.41610	   7.50000	       14N
  68.45830	  67.49587	   7.50000	       10B
  68.45830	  71.85038	   7.50000	       11B
  68.45830	  76.20489	   7.50000	       10B
  70.97238	  67.49587	   7.50000	       10B
  70.97238	  71.85038	   7.50000	       11B
  70.97238	  76.20489	   7.50000	       11B
  73.48645	  67.49587	   7.50000	       10B
  73.48645	  71.85038	   7.50000	       10B
  73.48645	  76.20489	   7.50000	       10B
  76.00053	  67.49587	   7.50000	       10B
  76.00053	  71.85038	   7.50000	       10B
  76.00053	  76.20489	   7.50000	       11B
  78.51461	  67.49587	   7.50000	       11B
  78.51461	  71.85038	   7.50000	       11B
  78.51461	  76.20489	   7.50000	       11B
  67.20126	  65.31860	   7.50000	       11B
  67.20126	  69.67311	   7.50000	       11B
  67.20126	  74.02762	   7.50000	       11B
  69.71534	  65.31860	   7.50000	       11B
  69.71534	  69.67311	   7.50000	       11B
  69.71534	  74.02762	   7.50000	       11B
  72.22942	  65.31860	   7.50000	       11B
  72.22942	  69.67311	   7.50000	       11B
  72.22942	  74.02762	   7.50000	       10B
  74.74349	  65.31860	   7.50000	       11B
  74.74349	  69.67311	   7.50000	       11B
  74.74349	  74.02762	   7.50000	       10B
  77.25757	  65.31860	   7.50000	       11B
  77.25757	  69.67311	   7.50000	       10B
  77.25757	  74.02762	   7.50000	       11B
  79.77165	  65.31860	   7.50000	       11B
  79.77165	  69.67311	   7.50000	       11B
  79.77165	  74.02762	   7.50000	       11B
  68.45830	  68.94787	   7.50000	       14N
  68.45830	  73.30237	   7.50000	       14N
  68.45830	  64.59336	   7.50000	       14N
  70.97238	  68.94787	   7.50000	       14N
  70.97238	  73.30237	   7.50000	       14N
  70.97238	  64.59336	   7.50000	       14N
  73.48645	  68.94787	   7.50000	       14N
  73.48645	  73.30237	   7.50000	       14N
  73.48645	  64.59336	   7.50000	       14N
  76.00053	  68.94787	   7.50000	       14N
  76.00053	  73.30237	   7.50000	       14N
  76.00053	  64.59336	   7.50000	       14N
  78.51461	  68.94787	   7.50000	       14N
  78.51461	  73.30237	   7.50000	       14N
  78.51461	  64.59336	   7.50000	       14N
  67.20126	  66.77061	   7.50000	       14N
  67.20126	  71.12512	   7.50000	       14N
  67.20126	  75.47963	   7.50000	       14N
  69.71534	  66.77061	   7.50000	       14N
  69.71534	  71.12512	   7.50000	       14N
  69.71534	  75.47963	   7.50000	       14N
  72.22942	  66.77061	   7.50000	       14N
  72.22942	  71.12512	   7.50000	       14N
  72.22942	  75.47963	   7.50000	       14N
  74.74349	  66.77061	   7.50000	       14N
  74.74349	  71.12512	   7.50000	       14N
  74.74349	  75.47963	   7.50000	       14N
  77.25757	  66.77061	   7.50000	       14N
  77.25757	  71.12512	   7.50000	       14N
  77.25757	  75.47963	   7.50000	       14N
  79.77165	  66.77061	   7.50000	       14N
  79.77165	  71.12512	   7.50000	       14N
  79.77165	  75.47963	   7.50000	       14N
  67.20126	  78.38213	   7.50000	       10B
  69.71534	  78.38213	   7.50000	       11B
  72.22942	  78.38213	   7.50000	       11B
  74.74349	  78.38213	   7.50000	       11B
  77.25757	  78.38213	   7.50000	       11B
  79.77165	  78.38213	   7.50000	       10B
  68.45830	  77.65688	   7.50000	       14N
  70.97238	  77.65688	   7.50000	       14N
  73.48645	  77.65688	   7.50000	       14N
  76.00053	  77.65688	   7.50000	       14N
  78.51461	  77.65688	   7.50000	       14N
  67.20126	  79.83413	   7.50000	       14N
  69.71534	  79.83413	   7.50000	       14N
  72.22942	  79.83413	   7.50000	       14N
  74.74349	  79.83413	   7.50000	       14N
  77.25757	  79.83413	   7.50000	       14N
  79.77165	  79.83413	   7.50000	       14N
