2336.00000	   0.00000	   0.00000	   0.00000
   1.26961	   2.16923	   7.50000	       11B
   1.26961	   6.50982	   7.50000	       11B
   1.26961	  10.85042	   7.50000	       11B
   3.80883	   2.16923	   7.50000	       10B
   3.80883	   6.50982	   7.50000	       11B
   3.80883	  10.85042	   7.50000	       10B
   6.34804	   2.16923	   7.50000	       11B
   6.34804	   6.50982	   7.50000	       11B
   6.34804	  10.85042	   7.50000	       11B
   8.88726	   2.16923	   7.50000	       11B
   8.88726	   6.50982	   7.50000	       11B
   8.88726	  10.85042	   7.50000	       11B
  11.42648	   2.16923	   7.50000	       11B
  11.42648	   6.50982	   7.50000	       10B
  11.42648	  10.85042	   7.50000	       11B
  13.96570	   2.16923	   7.50000	       11B
  13.96570	   6.50982	   7.50000	       11B
  13.96570	  10.85042	   7.50000	       11B
  16.50491	   2.16923	   7.50000	       11B
  16.50491	   6.50982	   7.50000	       11B
  16.50491	  10.85042	   7.50000	       11B
  19.04413	   2.16923	   7.50000	       11B
  19.04413	   6.50982	   7.50000	       11B
  19.04413	  10.85042	   7.50000	       10B
  21.58335	   2.16923	   7.50000	       11B
  21.58335	   6.50982	   7.50000	       11B
  21.58335	  10.85042	   7.50000	       10B
   0.00000	   4.33952	   7.50000	       11B
   0.00000	   8.68012	   7.50000	       11B
   0.00000	  13.02072	   7.50000	       11B
   2.53922	   4.33952	   7.50000	       11B
   2.53922	   8.68012	   7.50000	       11B
   2.53922	  13.02072	   7.50000	       11B
   5.07843	   4.33952	   7.50000	       10B
   5.07843	   8.68012	   7.50000	       11B
   5.07843	  13.02072	   7.50000	       11B
   7.61765	   4.33952	   7.50000	       11B
   7.61765	   8.68012	   7.50000	       11B
   7.61765	  13.02072	   7.50000	       11B
  10.15687	   4.33952	   7.50000	       11B
  10.15687	   8.68012	   7.50000	       11B
  10.15687	  13.02072	   7.50000	       11B
  12.69609	   4.33952	   7.50000	       11B
  12.69609	   8.68012	   7.50000	       11B
  12.69609	  13.02072	   7.50000	       10B
  15.23530	   4.33952	   7.50000	       11B
  15.23530	   8.68012	   7.50000	       11B
  15.23530	  13.02072	   7.50000	       11B
  17.77452	   4.33952	   7.50000	       10B
  17.77452	   8.68012	   7.50000	       10B
  17.77452	  13.02072	   7.50000	       11B
  20.31374	   4.33952	   7.50000	       11B
  20.31374	   8.68012	   7.50000	       11B
  20.31374	  13.02072	   7.50000	       11B
   1.26961	   3.62070	   7.50000	       14N
   1.26961	   7.96130	   7.50000	       14N
   1.26961	  12.30190	   7.50000	       14N
   3.80883	   3.62070	   7.50000	       14N
   3.80883	   7.96130	   7.50000	       14N
   3.80883	  12.30190	   7.50000	       14N
   6.34804	   3.62070	   7.50000	       14N
   6.34804	   7.96130	   7.50000	       14N
   6.34804	  12.30190	   7.50000	       14N
   8.88726	   3.62070	   7.50000	       14N
   8.88726	   7.96130	   7.50000	       14N
   8.88726	  12.30190	   7.50000	       14N
  11.42648	   3.62070	   7.50000	       14N
  11.42648	   7.96130	   7.50000	       14N
  11.42648	  12.30190	   7.50000	       14N
  13.96570	   3.62070	   7.50000	       14N
  13.96570	   7.96130	   7.50000	       14N
  13.96570	  12.30190	   7.50000	       14N
  16.50491	   3.62070	   7.50000	       14N
  16.50491	   7.96130	   7.50000	       14N
  16.50491	  12.30190	   7.50000	       14N
  19.04413	   3.62070	   7.50000	       14N
  19.04413	   7.96130	   7.50000	       14N
  19.04413	  12.30190	   7.50000	       14N
  21.58335	   3.62070	   7.50000	       14N
  21.58335	   7.96130	   7.50000	       14N
  21.58335	  12.30190	   7.50000	       14N
   0.00000	   1.45040	   7.50000	       14N
   0.00000	   5.79100	   7.50000	       14N
   0.00000	  10.13160	   7.50000	       14N
   2.53922	   1.45040	   7.50000	       14N
   2.53922	   5.79100	   7.50000	       14N
   2.53922	  10.13160	   7.50000	       14N
   5.07843	   1.45040	   7.50000	       14N
   5.07843	   5.79100	   7.50000	       14N
   5.07843	  10.13160	   7.50000	       14N
   7.61765	   1.45040	   7.50000	       14N
   7.61765	   5.79100	   7.50000	       14N
   7.61765	  10.13160	   7.50000	       14N
  10.15687	   1.45040	   7.50000	       14N
  10.15687	   5.79100	   7.50000	       14N
  10.15687	  10.13160	   7.50000	       14N
  12.69609	   1.45040	   7.50000	       14N
  12.69609	   5.79100	   7.50000	       14N
  12.69609	  10.13160	   7.50000	       14N
  15.23530	   1.45040	   7.50000	       14N
  15.23530	   5.79100	   7.50000	       14N
  15.23530	  10.13160	   7.50000	       14N
  17.77452	   1.45040	   7.50000	       14N
  17.77452	   5.79100	   7.50000	       14N
  17.77452	  10.13160	   7.50000	       14N
  20.31374	   1.45040	   7.50000	       14N
  20.31374	   5.79100	   7.50000	       14N
  20.31374	  10.13160	   7.50000	       14N
   1.26961	  15.19102	   7.50000	       11B
   1.26961	  19.53162	   7.50000	       10B
   1.26961	  23.87222	   7.50000	       11B
   3.80883	  15.19102	   7.50000	       11B
   3.80883	  19.53162	   7.50000	       11B
   3.80883	  23.87222	   7.50000	       11B
   6.34804	  15.19102	   7.50000	       11B
   6.34804	  19.53162	   7.50000	       11B
   6.34804	  23.87222	   7.50000	       10B
   8.88726	  15.19102	   7.50000	       11B
   8.88726	  19.53162	   7.50000	       11B
   8.88726	  23.87222	   7.50000	       11B
  11.42648	  15.19102	   7.50000	       10B
  11.42648	  19.53162	   7.50000	       11B
  11.42648	  23.87222	   7.50000	       11B
  13.96570	  15.19102	   7.50000	       11B
  13.96570	  19.53162	   7.50000	       11B
  13.96570	  23.87222	   7.50000	       11B
  16.50491	  15.19102	   7.50000	       11B
  16.50491	  19.53162	   7.50000	       11B
  16.50491	  23.87222	   7.50000	       11B
  19.04413	  15.19102	   7.50000	       11B
  19.04413	  19.53162	   7.50000	       11B
  19.04413	  23.87222	   7.50000	       11B
  21.58335	  15.19102	   7.50000	       11B
  21.58335	  19.53162	   7.50000	       10B
  21.58335	  23.87222	   7.50000	       11B
   0.00000	  17.36132	   7.50000	       11B
   0.00000	  21.70191	   7.50000	       10B
   0.00000	  26.04251	   7.50000	       11B
   2.53922	  17.36132	   7.50000	       11B
   2.53922	  21.70191	   7.50000	       11B
   2.53922	  26.04251	   7.50000	       11B
   5.07843	  17.36132	   7.50000	       11B
   5.07843	  21.70191	   7.50000	       11B
   5.07843	  26.04251	   7.50000	       11B
   7.61765	  17.36132	   7.50000	       11B
   7.61765	  21.70191	   7.50000	       11B
   7.61765	  26.04251	   7.50000	       11B
  10.15687	  17.36132	   7.50000	       11B
  10.15687	  21.70191	   7.50000	       11B
  10.15687	  26.04251	   7.50000	       11B
  12.69609	  17.36132	   7.50000	       10B
  12.69609	  21.70191	   7.50000	       11B
  12.69609	  26.04251	   7.50000	       10B
  15.23530	  17.36132	   7.50000	       11B
  15.23530	  21.70191	   7.50000	       11B
  15.23530	  26.04251	   7.50000	       11B
  17.77452	  17.36132	   7.50000	       11B
  17.77452	  21.70191	   7.50000	       10B
  17.77452	  26.04251	   7.50000	       11B
  20.31374	  17.36132	   7.50000	       11B
  20.31374	  21.70191	   7.50000	       11B
  20.31374	  26.04251	   7.50000	       11B
   1.26961	  16.64250	   7.50000	       14N
   1.26961	  20.98310	   7.50000	       14N
   1.26961	  25.32369	   7.50000	       14N
   3.80883	  16.64250	   7.50000	       14N
   3.80883	  20.98310	   7.50000	       14N
   3.80883	  25.32369	   7.50000	       14N
   6.34804	  16.64250	   7.50000	       14N
   6.34804	  20.98310	   7.50000	       14N
   6.34804	  25.32369	   7.50000	       14N
   8.88726	  16.64250	   7.50000	       14N
   8.88726	  20.98310	   7.50000	       14N
   8.88726	  25.32369	   7.50000	       14N
  11.42648	  16.64250	   7.50000	       14N
  11.42648	  20.98310	   7.50000	       14N
  11.42648	  25.32369	   7.50000	       14N
  13.96570	  16.64250	   7.50000	       14N
  13.96570	  20.98310	   7.50000	       14N
  13.96570	  25.32369	   7.50000	       14N
  16.50491	  16.64250	   7.50000	       14N
  16.50491	  20.98310	   7.50000	       14N
  16.50491	  25.32369	   7.50000	       14N
  19.04413	  16.64250	   7.50000	       14N
  19.04413	  20.98310	   7.50000	       14N
  19.04413	  25.32369	   7.50000	       14N
  21.58335	  16.64250	   7.50000	       14N
  21.58335	  20.98310	   7.50000	       14N
  21.58335	  25.32369	   7.50000	       14N
   0.00000	  14.47220	   7.50000	       14N
   0.00000	  18.81279	   7.50000	       14N
   0.00000	  23.15339	   7.50000	       14N
   2.53922	  14.47220	   7.50000	       14N
   2.53922	  18.81279	   7.50000	       14N
   2.53922	  23.15339	   7.50000	       14N
   5.07843	  14.47220	   7.50000	       14N
   5.07843	  18.81279	   7.50000	       14N
   5.07843	  23.15339	   7.50000	       14N
   7.61765	  14.47220	   7.50000	       14N
   7.61765	  18.81279	   7.50000	       14N
   7.61765	  23.15339	   7.50000	       14N
  10.15687	  14.47220	   7.50000	       14N
  10.15687	  18.81279	   7.50000	       14N
  10.15687	  23.15339	   7.50000	       14N
  12.69609	  14.47220	   7.50000	       14N
  12.69609	  18.81279	   7.50000	       14N
  12.69609	  23.15339	   7.50000	       14N
  15.23530	  14.47220	   7.50000	       14N
  15.23530	  18.81279	   7.50000	       14N
  15.23530	  23.15339	   7.50000	       14N
  17.77452	  14.47220	   7.50000	       14N
  17.77452	  18.81279	   7.50000	       14N
  17.77452	  23.15339	   7.50000	       14N
  20.31374	  14.47220	   7.50000	       14N
  20.31374	  18.81279	   7.50000	       14N
  20.31374	  23.15339	   7.50000	       14N
   1.26961	  28.21282	   7.50000	       11B
   1.26961	  32.55341	   7.50000	       10B
   1.26961	  36.89401	   7.50000	       11B
   3.80883	  28.21282	   7.50000	       11B
   3.80883	  32.55341	   7.50000	       11B
   3.80883	  36.89401	   7.50000	       10B
   6.34804	  28.21282	   7.50000	       11B
   6.34804	  32.55341	   7.50000	       11B
   6.34804	  36.89401	   7.50000	       11B
   8.88726	  28.21282	   7.50000	       11B
   8.88726	  32.55341	   7.50000	       11B
   8.88726	  36.89401	   7.50000	       10B
  11.42648	  28.21282	   7.50000	       11B
  11.42648	  32.55341	   7.50000	       11B
  11.42648	  36.89401	   7.50000	       11B
  13.96570	  28.21282	   7.50000	       10B
  13.96570	  32.55341	   7.50000	       10B
  13.96570	  36.89401	   7.50000	       11B
  16.50491	  28.21282	   7.50000	       11B
  16.50491	  32.55341	   7.50000	       11B
  16.50491	  36.89401	   7.50000	       11B
  19.04413	  28.21282	   7.50000	       10B
  19.04413	  32.55341	   7.50000	       10B
  19.04413	  36.89401	   7.50000	       11B
  21.58335	  28.21282	   7.50000	       11B
  21.58335	  32.55341	   7.50000	       11B
  21.58335	  36.89401	   7.50000	       10B
   0.00000	  30.38311	   7.50000	       10B
   0.00000	  34.72371	   7.50000	       11B
   0.00000	  39.06431	   7.50000	       10B
   2.53922	  30.38311	   7.50000	       11B
   2.53922	  34.72371	   7.50000	       11B
   2.53922	  39.06431	   7.50000	       11B
   5.07843	  30.38311	   7.50000	       11B
   5.07843	  34.72371	   7.50000	       11B
   5.07843	  39.06431	   7.50000	       11B
   7.61765	  30.38311	   7.50000	       10B
   7.61765	  34.72371	   7.50000	       11B
   7.61765	  39.06431	   7.50000	       11B
  10.15687	  30.38311	   7.50000	       11B
  10.15687	  34.72371	   7.50000	       11B
  10.15687	  39.06431	   7.50000	       10B
  12.69609	  30.38311	   7.50000	       11B
  12.69609	  34.72371	   7.50000	       11B
  12.69609	  39.06431	   7.50000	       10B
  15.23530	  30.38311	   7.50000	       11B
  15.23530	  34.72371	   7.50000	       11B
  15.23530	  39.06431	   7.50000	       10B
  17.77452	  30.38311	   7.50000	       11B
  17.77452	  34.72371	   7.50000	       11B
  17.77452	  39.06431	   7.50000	       11B
  20.31374	  30.38311	   7.50000	       10B
  20.31374	  34.72371	   7.50000	       11B
  20.31374	  39.06431	   7.50000	       11B
   1.26961	  29.66429	   7.50000	       14N
   1.26961	  34.00489	   7.50000	       14N
   1.26961	  38.34549	   7.50000	       14N
   3.80883	  29.66429	   7.50000	       14N
   3.80883	  34.00489	   7.50000	       14N
   3.80883	  38.34549	   7.50000	       14N
   6.34804	  29.66429	   7.50000	       14N
   6.34804	  34.00489	   7.50000	       14N
   6.34804	  38.34549	   7.50000	       14N
   8.88726	  29.66429	   7.50000	       14N
   8.88726	  34.00489	   7.50000	       14N
   8.88726	  38.34549	   7.50000	       14N
  11.42648	  29.66429	   7.50000	       14N
  11.42648	  34.00489	   7.50000	       14N
  11.42648	  38.34549	   7.50000	       14N
  13.96570	  29.66429	   7.50000	       14N
  13.96570	  34.00489	   7.50000	       14N
  13.96570	  38.34549	   7.50000	       14N
  16.50491	  29.66429	   7.50000	       14N
  16.50491	  34.00489	   7.50000	       14N
  16.50491	  38.34549	   7.50000	       14N
  19.04413	  29.66429	   7.50000	       14N
  19.04413	  34.00489	   7.50000	       14N
  19.04413	  38.34549	   7.50000	       14N
  21.58335	  29.66429	   7.50000	       14N
  21.58335	  34.00489	   7.50000	       14N
  21.58335	  38.34549	   7.50000	       14N
   0.00000	  27.49399	   7.50000	       14N
   0.00000	  31.83459	   7.50000	       14N
   0.00000	  36.17519	   7.50000	       14N
   2.53922	  27.49399	   7.50000	       14N
   2.53922	  31.83459	   7.50000	       14N
   2.53922	  36.17519	   7.50000	       14N
   5.07843	  27.49399	   7.50000	       14N
   5.07843	  31.83459	   7.50000	       14N
   5.07843	  36.17519	   7.50000	       14N
   7.61765	  27.49399	   7.50000	       14N
   7.61765	  31.83459	   7.50000	       14N
   7.61765	  36.17519	   7.50000	       14N
  10.15687	  27.49399	   7.50000	       14N
  10.15687	  31.83459	   7.50000	       14N
  10.15687	  36.17519	   7.50000	       14N
  12.69609	  27.49399	   7.50000	       14N
  12.69609	  31.83459	   7.50000	       14N
  12.69609	  36.17519	   7.50000	       14N
  15.23530	  27.49399	   7.50000	       14N
  15.23530	  31.83459	   7.50000	       14N
  15.23530	  36.17519	   7.50000	       14N
  17.77452	  27.49399	   7.50000	       14N
  17.77452	  31.83459	   7.50000	       14N
  17.77452	  36.17519	   7.50000	       14N
  20.31374	  27.49399	   7.50000	       14N
  20.31374	  31.83459	   7.50000	       14N
  20.31374	  36.17519	   7.50000	       14N
   1.26961	  41.23461	   7.50000	       11B
   1.26961	  45.57521	   7.50000	       11B
   1.26961	  49.91581	   7.50000	       11B
   3.80883	  41.23461	   7.50000	       11B
   3.80883	  45.57521	   7.50000	       10B
   3.80883	  49.91581	   7.50000	       11B
   6.34804	  41.23461	   7.50000	       11B
   6.34804	  45.57521	   7.50000	       11B
   6.34804	  49.91581	   7.50000	       11B
   8.88726	  41.23461	   7.50000	       11B
   8.88726	  45.57521	   7.50000	       11B
   8.88726	  49.91581	   7.50000	       11B
  11.42648	  41.23461	   7.50000	       10B
  11.42648	  45.57521	   7.50000	       11B
  11.42648	  49.91581	   7.50000	       10B
  13.96570	  41.23461	   7.50000	       10B
  13.96570	  45.57521	   7.50000	       11B
  13.96570	  49.91581	   7.50000	       11B
  16.50491	  41.23461	   7.50000	       11B
  16.50491	  45.57521	   7.50000	       11B
  16.50491	  49.91581	   7.50000	       10B
  19.04413	  41.23461	   7.50000	       11B
  19.04413	  45.57521	   7.50000	       11B
  19.04413	  49.91581	   7.50000	       11B
  21.58335	  41.23461	   7.50000	       11B
  21.58335	  45.57521	   7.50000	       10B
  21.58335	  49.91581	   7.50000	       10B
   0.00000	  43.40491	   7.50000	       11B
   0.00000	  47.74550	   7.50000	       10B
   0.00000	  52.08610	   7.50000	       10B
   2.53922	  43.40491	   7.50000	       11B
   2.53922	  47.74550	   7.50000	       11B
   2.53922	  52.08610	   7.50000	       10B
   5.07843	  43.40491	   7.50000	       10B
   5.07843	  47.74550	   7.50000	       11B
   5.07843	  52.08610	   7.50000	       10B
   7.61765	  43.40491	   7.50000	       11B
   7.61765	  47.74550	   7.50000	       11B
   7.61765	  52.08610	   7.50000	       11B
  10.15687	  43.40491	   7.50000	       11B
  10.15687	  47.74550	   7.50000	       11B
  10.15687	  52.08610	   7.50000	       11B
  12.69609	  43.40491	   7.50000	       10B
  12.69609	  47.74550	   7.50000	       11B
  12.69609	  52.08610	   7.50000	       10B
  15.23530	  43.40491	   7.50000	       11B
  15.23530	  47.74550	   7.50000	       10B
  15.23530	  52.08610	   7.50000	       11B
  17.77452	  43.40491	   7.50000	       10B
  17.77452	  47.74550	   7.50000	       11B
  17.77452	  52.08610	   7.50000	       11B
  20.31374	  43.40491	   7.50000	       11B
  20.31374	  47.74550	   7.50000	       11B
  20.31374	  52.08610	   7.50000	       10B
   1.26961	  42.68609	   7.50000	       14N
   1.26961	  47.02669	   7.50000	       14N
   1.26961	  51.36728	   7.50000	       14N
   3.80883	  42.68609	   7.50000	       14N
   3.80883	  47.02669	   7.50000	       14N
   3.80883	  51.36728	   7.50000	       14N
   6.34804	  42.68609	   7.50000	       14N
   6.34804	  47.02669	   7.50000	       14N
   6.34804	  51.36728	   7.50000	       14N
   8.88726	  42.68609	   7.50000	       14N
   8.88726	  47.02669	   7.50000	       14N
   8.88726	  51.36728	   7.50000	       14N
  11.42648	  42.68609	   7.50000	       14N
  11.42648	  47.02669	   7.50000	       14N
  11.42648	  51.36728	   7.50000	       14N
  13.96570	  42.68609	   7.50000	       14N
  13.96570	  47.02669	   7.50000	       14N
  13.96570	  51.36728	   7.50000	       14N
  16.50491	  42.68609	   7.50000	       14N
  16.50491	  47.02669	   7.50000	       14N
  16.50491	  51.36728	   7.50000	       14N
  19.04413	  42.68609	   7.50000	       14N
  19.04413	  47.02669	   7.50000	       14N
  19.04413	  51.36728	   7.50000	       14N
  21.58335	  42.68609	   7.50000	       14N
  21.58335	  47.02669	   7.50000	       14N
  21.58335	  51.36728	   7.50000	       14N
   0.00000	  40.51579	   7.50000	       14N
   0.00000	  44.85639	   7.50000	       14N
   0.00000	  49.19698	   7.50000	       14N
   2.53922	  40.51579	   7.50000	       14N
   2.53922	  44.85639	   7.50000	       15N
   2.53922	  49.19698	   7.50000	       14N
   5.07843	  40.51579	   7.50000	       14N
   5.07843	  44.85639	   7.50000	       14N
   5.07843	  49.19698	   7.50000	       14N
   7.61765	  40.51579	   7.50000	       14N
   7.61765	  44.85639	   7.50000	       14N
   7.61765	  49.19698	   7.50000	       14N
  10.15687	  40.51579	   7.50000	       14N
  10.15687	  44.85639	   7.50000	       14N
  10.15687	  49.19698	   7.50000	       14N
  12.69609	  40.51579	   7.50000	       14N
  12.69609	  44.85639	   7.50000	       14N
  12.69609	  49.19698	   7.50000	       14N
  15.23530	  40.51579	   7.50000	       14N
  15.23530	  44.85639	   7.50000	       14N
  15.23530	  49.19698	   7.50000	       14N
  17.77452	  40.51579	   7.50000	       14N
  17.77452	  44.85639	   7.50000	       14N
  17.77452	  49.19698	   7.50000	       14N
  20.31374	  40.51579	   7.50000	       14N
  20.31374	  44.85639	   7.50000	       14N
  20.31374	  49.19698	   7.50000	       14N
   1.26961	  54.25641	   7.50000	       11B
   1.26961	  58.59700	   7.50000	       11B
   1.26961	  62.93760	   7.50000	       11B
   3.80883	  54.25641	   7.50000	       11B
   3.80883	  58.59700	   7.50000	       11B
   3.80883	  62.93760	   7.50000	       11B
   6.34804	  54.25641	   7.50000	       11B
   6.34804	  58.59700	   7.50000	       11B
   6.34804	  62.93760	   7.50000	       11B
   8.88726	  54.25641	   7.50000	       11B
   8.88726	  58.59700	   7.50000	       11B
   8.88726	  62.93760	   7.50000	       11B
  11.42648	  54.25641	   7.50000	       11B
  11.42648	  58.59700	   7.50000	       11B
  11.42648	  62.93760	   7.50000	       11B
  13.96570	  54.25641	   7.50000	       11B
  13.96570	  58.59700	   7.50000	       11B
  13.96570	  62.93760	   7.50000	       11B
  16.50491	  54.25641	   7.50000	       11B
  16.50491	  58.59700	   7.50000	       10B
  16.50491	  62.93760	   7.50000	       11B
  19.04413	  54.25641	   7.50000	       11B
  19.04413	  58.59700	   7.50000	       11B
  19.04413	  62.93760	   7.50000	       11B
  21.58335	  54.25641	   7.50000	       11B
  21.58335	  58.59700	   7.50000	       11B
  21.58335	  62.93760	   7.50000	       10B
   0.00000	  56.42670	   7.50000	       11B
   0.00000	  60.76730	   7.50000	       11B
   0.00000	  65.10790	   7.50000	       11B
   2.53922	  56.42670	   7.50000	       11B
   2.53922	  60.76730	   7.50000	       11B
   2.53922	  65.10790	   7.50000	       11B
   5.07843	  56.42670	   7.50000	       11B
   5.07843	  60.76730	   7.50000	       11B
   5.07843	  65.10790	   7.50000	       11B
   7.61765	  56.42670	   7.50000	       11B
   7.61765	  60.76730	   7.50000	       11B
   7.61765	  65.10790	   7.50000	       11B
  10.15687	  56.42670	   7.50000	       11B
  10.15687	  60.76730	   7.50000	       11B
  10.15687	  65.10790	   7.50000	       11B
  12.69609	  56.42670	   7.50000	       11B
  12.69609	  60.76730	   7.50000	       11B
  12.69609	  65.10790	   7.50000	       11B
  15.23530	  56.42670	   7.50000	       11B
  15.23530	  60.76730	   7.50000	       11B
  15.23530	  65.10790	   7.50000	       11B
  17.77452	  56.42670	   7.50000	       11B
  17.77452	  60.76730	   7.50000	       11B
  17.77452	  65.10790	   7.50000	       11B
  20.31374	  56.42670	   7.50000	       11B
  20.31374	  60.76730	   7.50000	       11B
  20.31374	  65.10790	   7.50000	       11B
   1.26961	  55.70788	   7.50000	       14N
   1.26961	  60.04848	   7.50000	       14N
   1.26961	  64.38908	   7.50000	       14N
   3.80883	  55.70788	   7.50000	       14N
   3.80883	  60.04848	   7.50000	       14N
   3.80883	  64.38908	   7.50000	       14N
   6.34804	  55.70788	   7.50000	       14N
   6.34804	  60.04848	   7.50000	       14N
   6.34804	  64.38908	   7.50000	       14N
   8.88726	  55.70788	   7.50000	       14N
   8.88726	  60.04848	   7.50000	       14N
   8.88726	  64.38908	   7.50000	       14N
  11.42648	  55.70788	   7.50000	       14N
  11.42648	  60.04848	   7.50000	       14N
  11.42648	  64.38908	   7.50000	       14N
  13.96570	  55.70788	   7.50000	       14N
  13.96570	  60.04848	   7.50000	       14N
  13.96570	  64.38908	   7.50000	       14N
  16.50491	  55.70788	   7.50000	       14N
  16.50491	  60.04848	   7.50000	       14N
  16.50491	  64.38908	   7.50000	       14N
  19.04413	  55.70788	   7.50000	       14N
  19.04413	  60.04848	   7.50000	       14N
  19.04413	  64.38908	   7.50000	       14N
  21.58335	  55.70788	   7.50000	       14N
  21.58335	  60.04848	   7.50000	       14N
  21.58335	  64.38908	   7.50000	       14N
   0.00000	  53.53758	   7.50000	       14N
   0.00000	  57.87818	   7.50000	       14N
   0.00000	  62.21878	   7.50000	       14N
   2.53922	  53.53758	   7.50000	       14N
   2.53922	  57.87818	   7.50000	       14N
   2.53922	  62.21878	   7.50000	       14N
   5.07843	  53.53758	   7.50000	       14N
   5.07843	  57.87818	   7.50000	       14N
   5.07843	  62.21878	   7.50000	       14N
   7.61765	  53.53758	   7.50000	       14N
   7.61765	  57.87818	   7.50000	       14N
   7.61765	  62.21878	   7.50000	       14N
  10.15687	  53.53758	   7.50000	       14N
  10.15687	  57.87818	   7.50000	       14N
  10.15687	  62.21878	   7.50000	       14N
  12.69609	  53.53758	   7.50000	       14N
  12.69609	  57.87818	   7.50000	       14N
  12.69609	  62.21878	   7.50000	       14N
  15.23530	  53.53758	   7.50000	       14N
  15.23530	  57.87818	   7.50000	       14N
  15.23530	  62.21878	   7.50000	       14N
  17.77452	  53.53758	   7.50000	       14N
  17.77452	  57.87818	   7.50000	       14N
  17.77452	  62.21878	   7.50000	       14N
  20.31374	  53.53758	   7.50000	       14N
  20.31374	  57.87818	   7.50000	       14N
  20.31374	  62.21878	   7.50000	       14N
   1.26961	  67.27820	   7.50000	       11B
   1.26961	  71.61880	   7.50000	       11B
   1.26961	  75.95940	   7.50000	       11B
   3.80883	  67.27820	   7.50000	       11B
   3.80883	  71.61880	   7.50000	       11B
   3.80883	  75.95940	   7.50000	       11B
   6.34804	  67.27820	   7.50000	       11B
   6.34804	  71.61880	   7.50000	       11B
   6.34804	  75.95940	   7.50000	       11B
   8.88726	  67.27820	   7.50000	       11B
   8.88726	  71.61880	   7.50000	       11B
   8.88726	  75.95940	   7.50000	       10B
  11.42648	  67.27820	   7.50000	       10B
  11.42648	  71.61880	   7.50000	       11B
  11.42648	  75.95940	   7.50000	       11B
  13.96570	  67.27820	   7.50000	       11B
  13.96570	  71.61880	   7.50000	       11B
  13.96570	  75.95940	   7.50000	       11B
  16.50491	  67.27820	   7.50000	       11B
  16.50491	  71.61880	   7.50000	       10B
  16.50491	  75.95940	   7.50000	       10B
  19.04413	  67.27820	   7.50000	       11B
  19.04413	  71.61880	   7.50000	       10B
  19.04413	  75.95940	   7.50000	       11B
  21.58335	  67.27820	   7.50000	       11B
  21.58335	  71.61880	   7.50000	       10B
  21.58335	  75.95940	   7.50000	       11B
   0.00000	  69.44850	   7.50000	       11B
   0.00000	  73.78909	   7.50000	       10B
   0.00000	  78.12969	   7.50000	       11B
   2.53922	  69.44850	   7.50000	       11B
   2.53922	  73.78909	   7.50000	       11B
   2.53922	  78.12969	   7.50000	       11B
   5.07843	  69.44850	   7.50000	       11B
   5.07843	  73.78909	   7.50000	       11B
   5.07843	  78.12969	   7.50000	       11B
   7.61765	  69.44850	   7.50000	       10B
   7.61765	  73.78909	   7.50000	       11B
   7.61765	  78.12969	   7.50000	       11B
  10.15687	  69.44850	   7.50000	       10B
  10.15687	  73.78909	   7.50000	       11B
  10.15687	  78.12969	   7.50000	       11B
  12.69609	  69.44850	   7.50000	       11B
  12.69609	  73.78909	   7.50000	       11B
  12.69609	  78.12969	   7.50000	       11B
  15.23530	  69.44850	   7.50000	       11B
  15.23530	  73.78909	   7.50000	       10B
  15.23530	  78.12969	   7.50000	       11B
  17.77452	  69.44850	   7.50000	       10B
  17.77452	  73.78909	   7.50000	       11B
  17.77452	  78.12969	   7.50000	       11B
  20.31374	  69.44850	   7.50000	       11B
  20.31374	  73.78909	   7.50000	       10B
  20.31374	  78.12969	   7.50000	       11B
   1.26961	  68.72968	   7.50000	       14N
   1.26961	  73.07028	   7.50000	       14N
   1.26961	  77.41087	   7.50000	       14N
   3.80883	  68.72968	   7.50000	       14N
   3.80883	  73.07028	   7.50000	       14N
   3.80883	  77.41087	   7.50000	       14N
   6.34804	  68.72968	   7.50000	       14N
   6.34804	  73.07028	   7.50000	       14N
   6.34804	  77.41087	   7.50000	       14N
   8.88726	  68.72968	   7.50000	       14N
   8.88726	  73.07028	   7.50000	       14N
   8.88726	  77.41087	   7.50000	       14N
  11.42648	  68.72968	   7.50000	       14N
  11.42648	  73.07028	   7.50000	       14N
  11.42648	  77.41087	   7.50000	       14N
  13.96570	  68.72968	   7.50000	       14N
  13.96570	  73.07028	   7.50000	       14N
  13.96570	  77.41087	   7.50000	       14N
  16.50491	  68.72968	   7.50000	       14N
  16.50491	  73.07028	   7.50000	       14N
  16.50491	  77.41087	   7.50000	       14N
  19.04413	  68.72968	   7.50000	       14N
  19.04413	  73.07028	   7.50000	       14N
  19.04413	  77.41087	   7.50000	       14N
  21.58335	  68.72968	   7.50000	       14N
  21.58335	  73.07028	   7.50000	       14N
  21.58335	  77.41087	   7.50000	       14N
   0.00000	  66.55938	   7.50000	       14N
   0.00000	  70.89998	   7.50000	       14N
   0.00000	  75.24057	   7.50000	       14N
   2.53922	  66.55938	   7.50000	       14N
   2.53922	  70.89998	   7.50000	       14N
   2.53922	  75.24057	   7.50000	       14N
   5.07843	  66.55938	   7.50000	       14N
   5.07843	  70.89998	   7.50000	       14N
   5.07843	  75.24057	   7.50000	       14N
   7.61765	  66.55938	   7.50000	       14N
   7.61765	  70.89998	   7.50000	       14N
   7.61765	  75.24057	   7.50000	       14N
  10.15687	  66.55938	   7.50000	       14N
  10.15687	  70.89998	   7.50000	       14N
  10.15687	  75.24057	   7.50000	       14N
  12.69609	  66.55938	   7.50000	       14N
  12.69609	  70.89998	   7.50000	       14N
  12.69609	  75.24057	   7.50000	       14N
  15.23530	  66.55938	   7.50000	       14N
  15.23530	  70.89998	   7.50000	       14N
  15.23530	  75.24057	   7.50000	       14N
  17.77452	  66.55938	   7.50000	       14N
  17.77452	  70.89998	   7.50000	       14N
  17.77452	  75.24057	   7.50000	       14N
  20.31374	  66.55938	   7.50000	       14N
  20.31374	  70.89998	   7.50000	       14N
  20.31374	  75.24057	   7.50000	       14N
   0.00000	  79.58117	   7.50000	       14N
   2.53922	  79.58117	   7.50000	       14N
   5.07843	  79.58117	   7.50000	       14N
   7.61765	  79.58117	   7.50000	       14N
  10.15687	  79.58117	   7.50000	       14N
  12.69609	  79.58117	   7.50000	       14N
  15.23530	  79.58117	   7.50000	       14N
  17.77452	  79.58117	   7.50000	       14N
  20.31374	  79.58117	   7.50000	       14N
  24.12257	   2.16923	   7.50000	       11B
  24.12257	   6.50982	   7.50000	       11B
  24.12257	  10.85042	   7.50000	       11B
  26.66178	   2.16923	   7.50000	       10B
  26.66178	   6.50982	   7.50000	       10B
  26.66178	  10.85042	   7.50000	       11B
  29.20100	   2.16923	   7.50000	       11B
  29.20100	   6.50982	   7.50000	       10B
  29.20100	  10.85042	   7.50000	       11B
  31.74022	   2.16923	   7.50000	       10B
  31.74022	   6.50982	   7.50000	       10B
  31.74022	  10.85042	   7.50000	       11B
  34.27943	   2.16923	   7.50000	       10B
  34.27943	   6.50982	   7.50000	       11B
  34.27943	  10.85042	   7.50000	       11B
  36.81865	   2.16923	   7.50000	       11B
  36.81865	   6.50982	   7.50000	       10B
  36.81865	  10.85042	   7.50000	       11B
  39.35787	   2.16923	   7.50000	       11B
  39.35787	   6.50982	   7.50000	       11B
  39.35787	  10.85042	   7.50000	       11B
  41.89709	   2.16923	   7.50000	       11B
  41.89709	   6.50982	   7.50000	       11B
  41.89709	  10.85042	   7.50000	       10B
  44.43630	   2.16923	   7.50000	       11B
  44.43630	   6.50982	   7.50000	       11B
  44.43630	  10.85042	   7.50000	       10B
  22.85296	   4.33952	   7.50000	       11B
  22.85296	   8.68012	   7.50000	       10B
  22.85296	  13.02072	   7.50000	       11B
  25.39217	   4.33952	   7.50000	       11B
  25.39217	   8.68012	   7.50000	       11B
  25.39217	  13.02072	   7.50000	       11B
  27.93139	   4.33952	   7.50000	       10B
  27.93139	   8.68012	   7.50000	       10B
  27.93139	  13.02072	   7.50000	       11B
  30.47061	   4.33952	   7.50000	       11B
  30.47061	   8.68012	   7.50000	       11B
  30.47061	  13.02072	   7.50000	       11B
  33.00983	   4.33952	   7.50000	       11B
  33.00983	   8.68012	   7.50000	       10B
  33.00983	  13.02072	   7.50000	       11B
  35.54904	   4.33952	   7.50000	       11B
  35.54904	   8.68012	   7.50000	       11B
  35.54904	  13.02072	   7.50000	       11B
  38.08826	   4.33952	   7.50000	       11B
  38.08826	   8.68012	   7.50000	       10B
  38.08826	  13.02072	   7.50000	       11B
  40.62748	   4.33952	   7.50000	       11B
  40.62748	   8.68012	   7.50000	       11B
  40.62748	  13.02072	   7.50000	       11B
  43.16670	   4.33952	   7.50000	       11B
  43.16670	   8.68012	   7.50000	       11B
  43.16670	  13.02072	   7.50000	       10B
  24.12257	   3.62070	   7.50000	       14N
  24.12257	   7.96130	   7.50000	       14N
  24.12257	  12.30190	   7.50000	       15N
  26.66178	   3.62070	   7.50000	       14N
  26.66178	   7.96130	   7.50000	       14N
  26.66178	  12.30190	   7.50000	       14N
  29.20100	   3.62070	   7.50000	       14N
  29.20100	   7.96130	   7.50000	       14N
  29.20100	  12.30190	   7.50000	       14N
  31.74022	   3.62070	   7.50000	       14N
  31.74022	   7.96130	   7.50000	       14N
  31.74022	  12.30190	   7.50000	       14N
  34.27943	   3.62070	   7.50000	       14N
  34.27943	   7.96130	   7.50000	       14N
  34.27943	  12.30190	   7.50000	       14N
  36.81865	   3.62070	   7.50000	       14N
  36.81865	   7.96130	   7.50000	       14N
  36.81865	  12.30190	   7.50000	       14N
  39.35787	   3.62070	   7.50000	       14N
  39.35787	   7.96130	   7.50000	       14N
  39.35787	  12.30190	   7.50000	       14N
  41.89709	   3.62070	   7.50000	       14N
  41.89709	   7.96130	   7.50000	       14N
  41.89709	  12.30190	   7.50000	       14N
  44.43630	   3.62070	   7.50000	       14N
  44.43630	   7.96130	   7.50000	       14N
  44.43630	  12.30190	   7.50000	       14N
  22.85296	   1.45040	   7.50000	       14N
  22.85296	   5.79100	   7.50000	       14N
  22.85296	  10.13160	   7.50000	       14N
  25.39217	   1.45040	   7.50000	       14N
  25.39217	   5.79100	   7.50000	       14N
  25.39217	  10.13160	   7.50000	       14N
  27.93139	   1.45040	   7.50000	       14N
  27.93139	   5.79100	   7.50000	       14N
  27.93139	  10.13160	   7.50000	       14N
  30.47061	   1.45040	   7.50000	       14N
  30.47061	   5.79100	   7.50000	       14N
  30.47061	  10.13160	   7.50000	       14N
  33.00983	   1.45040	   7.50000	       14N
  33.00983	   5.79100	   7.50000	       14N
  33.00983	  10.13160	   7.50000	       14N
  35.54904	   1.45040	   7.50000	       14N
  35.54904	   5.79100	   7.50000	       14N
  35.54904	  10.13160	   7.50000	       14N
  38.08826	   1.45040	   7.50000	       14N
  38.08826	   5.79100	   7.50000	       14N
  38.08826	  10.13160	   7.50000	       14N
  40.62748	   1.45040	   7.50000	       14N
  40.62748	   5.79100	   7.50000	       14N
  40.62748	  10.13160	   7.50000	       14N
  43.16670	   1.45040	   7.50000	       14N
  43.16670	   5.79100	   7.50000	       14N
  43.16670	  10.13160	   7.50000	       14N
  24.12257	  15.19102	   7.50000	       11B
  24.12257	  19.53162	   7.50000	       11B
  24.12257	  23.87222	   7.50000	       10B
  26.66178	  15.19102	   7.50000	       11B
  26.66178	  19.53162	   7.50000	       11B
  26.66178	  23.87222	   7.50000	       11B
  29.20100	  15.19102	   7.50000	       11B
  29.20100	  19.53162	   7.50000	       11B
  29.20100	  23.87222	   7.50000	       10B
  31.74022	  15.19102	   7.50000	       11B
  31.74022	  19.53162	   7.50000	       11B
  31.74022	  23.87222	   7.50000	       11B
  34.27943	  15.19102	   7.50000	       10B
  34.27943	  19.53162	   7.50000	       10B
  34.27943	  23.87222	   7.50000	       11B
  36.81865	  15.19102	   7.50000	       11B
  36.81865	  19.53162	   7.50000	       11B
  36.81865	  23.87222	   7.50000	       11B
  39.35787	  15.19102	   7.50000	       11B
  39.35787	  19.53162	   7.50000	       10B
  39.35787	  23.87222	   7.50000	       11B
  41.89709	  15.19102	   7.50000	       11B
  41.89709	  19.53162	   7.50000	       11B
  41.89709	  23.87222	   7.50000	       11B
  44.43630	  15.19102	   7.50000	       11B
  44.43630	  19.53162	   7.50000	       11B
  44.43630	  23.87222	   7.50000	       11B
  22.85296	  17.36132	   7.50000	       11B
  22.85296	  21.70191	   7.50000	       11B
  22.85296	  26.04251	   7.50000	       11B
  25.39217	  17.36132	   7.50000	       10B
  25.39217	  21.70191	   7.50000	       10B
  25.39217	  26.04251	   7.50000	       11B
  27.93139	  17.36132	   7.50000	       11B
  27.93139	  21.70191	   7.50000	       11B
  27.93139	  26.04251	   7.50000	       11B
  30.47061	  17.36132	   7.50000	       11B
  30.47061	  21.70191	   7.50000	       11B
  30.47061	  26.04251	   7.50000	       11B
  33.00983	  17.36132	   7.50000	       11B
  33.00983	  21.70191	   7.50000	       11B
  33.00983	  26.04251	   7.50000	       11B
  35.54904	  17.36132	   7.50000	       11B
  35.54904	  21.70191	   7.50000	       11B
  35.54904	  26.04251	   7.50000	       11B
  38.08826	  17.36132	   7.50000	       11B
  38.08826	  21.70191	   7.50000	       10B
  38.08826	  26.04251	   7.50000	       10B
  40.62748	  17.36132	   7.50000	       11B
  40.62748	  21.70191	   7.50000	       11B
  40.62748	  26.04251	   7.50000	       11B
  43.16670	  17.36132	   7.50000	       11B
  43.16670	  21.70191	   7.50000	       11B
  43.16670	  26.04251	   7.50000	       10B
  24.12257	  16.64250	   7.50000	       14N
  24.12257	  20.98310	   7.50000	       14N
  24.12257	  25.32369	   7.50000	       14N
  26.66178	  16.64250	   7.50000	       14N
  26.66178	  20.98310	   7.50000	       14N
  26.66178	  25.32369	   7.50000	       14N
  29.20100	  16.64250	   7.50000	       14N
  29.20100	  20.98310	   7.50000	       14N
  29.20100	  25.32369	   7.50000	       14N
  31.74022	  16.64250	   7.50000	       14N
  31.74022	  20.98310	   7.50000	       14N
  31.74022	  25.32369	   7.50000	       14N
  34.27943	  16.64250	   7.50000	       14N
  34.27943	  20.98310	   7.50000	       14N
  34.27943	  25.32369	   7.50000	       14N
  36.81865	  16.64250	   7.50000	       14N
  36.81865	  20.98310	   7.50000	       14N
  36.81865	  25.32369	   7.50000	       14N
  39.35787	  16.64250	   7.50000	       14N
  39.35787	  20.98310	   7.50000	       14N
  39.35787	  25.32369	   7.50000	       14N
  41.89709	  16.64250	   7.50000	       14N
  41.89709	  20.98310	   7.50000	       14N
  41.89709	  25.32369	   7.50000	       14N
  44.43630	  16.64250	   7.50000	       14N
  44.43630	  20.98310	   7.50000	       14N
  44.43630	  25.32369	   7.50000	       14N
  22.85296	  14.47220	   7.50000	       14N
  22.85296	  18.81279	   7.50000	       14N
  22.85296	  23.15339	   7.50000	       14N
  25.39217	  14.47220	   7.50000	       14N
  25.39217	  18.81279	   7.50000	       14N
  25.39217	  23.15339	   7.50000	       14N
  27.93139	  14.47220	   7.50000	       14N
  27.93139	  18.81279	   7.50000	       14N
  27.93139	  23.15339	   7.50000	       14N
  30.47061	  14.47220	   7.50000	       14N
  30.47061	  18.81279	   7.50000	       14N
  30.47061	  23.15339	   7.50000	       14N
  33.00983	  14.47220	   7.50000	       14N
  33.00983	  18.81279	   7.50000	       14N
  33.00983	  23.15339	   7.50000	       14N
  35.54904	  14.47220	   7.50000	       14N
  35.54904	  18.81279	   7.50000	       14N
  35.54904	  23.15339	   7.50000	       14N
  38.08826	  14.47220	   7.50000	       14N
  38.08826	  18.81279	   7.50000	       14N
  38.08826	  23.15339	   7.50000	       14N
  40.62748	  14.47220	   7.50000	       14N
  40.62748	  18.81279	   7.50000	       14N
  40.62748	  23.15339	   7.50000	       14N
  43.16670	  14.47220	   7.50000	       14N
  43.16670	  18.81279	   7.50000	       14N
  43.16670	  23.15339	   7.50000	       14N
  24.12257	  28.21282	   7.50000	       11B
  24.12257	  32.55341	   7.50000	       11B
  24.12257	  36.89401	   7.50000	       11B
  26.66178	  28.21282	   7.50000	       11B
  26.66178	  32.55341	   7.50000	       11B
  26.66178	  36.89401	   7.50000	       11B
  29.20100	  28.21282	   7.50000	       11B
  29.20100	  32.55341	   7.50000	       11B
  29.20100	  36.89401	   7.50000	       11B
  31.74022	  28.21282	   7.50000	       11B
  31.74022	  32.55341	   7.50000	       10B
  31.74022	  36.89401	   7.50000	       10B
  34.27943	  28.21282	   7.50000	       11B
  34.27943	  32.55341	   7.50000	       11B
  34.27943	  36.89401	   7.50000	       11B
  36.81865	  28.21282	   7.50000	       11B
  36.81865	  32.55341	   7.50000	       11B
  36.81865	  36.89401	   7.50000	       11B
  39.35787	  28.21282	   7.50000	       11B
  39.35787	  32.55341	   7.50000	       11B
  39.35787	  36.89401	   7.50000	       11B
  41.89709	  28.21282	   7.50000	       10B
  41.89709	  32.55341	   7.50000	       11B
  41.89709	  36.89401	   7.50000	       11B
  44.43630	  28.21282	   7.50000	       10B
  44.43630	  32.55341	   7.50000	       11B
  44.43630	  36.89401	   7.50000	       11B
  22.85296	  30.38311	   7.50000	       11B
  22.85296	  34.72371	   7.50000	       11B
  22.85296	  39.06431	   7.50000	       11B
  25.39217	  30.38311	   7.50000	       11B
  25.39217	  34.72371	   7.50000	       11B
  25.39217	  39.06431	   7.50000	       11B
  27.93139	  30.38311	   7.50000	       10B
  27.93139	  34.72371	   7.50000	       11B
  27.93139	  39.06431	   7.50000	       11B
  30.47061	  30.38311	   7.50000	       11B
  30.47061	  34.72371	   7.50000	       11B
  30.47061	  39.06431	   7.50000	       11B
  33.00983	  30.38311	   7.50000	       11B
  33.00983	  34.72371	   7.50000	       11B
  33.00983	  39.06431	   7.50000	       11B
  35.54904	  30.38311	   7.50000	       11B
  35.54904	  34.72371	   7.50000	       10B
  35.54904	  39.06431	   7.50000	       11B
  38.08826	  30.38311	   7.50000	       10B
  38.08826	  34.72371	   7.50000	       10B
  38.08826	  39.06431	   7.50000	       11B
  40.62748	  30.38311	   7.50000	       11B
  40.62748	  34.72371	   7.50000	       11B
  40.62748	  39.06431	   7.50000	       11B
  43.16670	  30.38311	   7.50000	       11B
  43.16670	  34.72371	   7.50000	       11B
  43.16670	  39.06431	   7.50000	       11B
  24.12257	  29.66429	   7.50000	       14N
  24.12257	  34.00489	   7.50000	       14N
  24.12257	  38.34549	   7.50000	       14N
  26.66178	  29.66429	   7.50000	       14N
  26.66178	  34.00489	   7.50000	       14N
  26.66178	  38.34549	   7.50000	       14N
  29.20100	  29.66429	   7.50000	       14N
  29.20100	  34.00489	   7.50000	       14N
  29.20100	  38.34549	   7.50000	       14N
  31.74022	  29.66429	   7.50000	       14N
  31.74022	  34.00489	   7.50000	       14N
  31.74022	  38.34549	   7.50000	       14N
  34.27943	  29.66429	   7.50000	       14N
  34.27943	  34.00489	   7.50000	       14N
  34.27943	  38.34549	   7.50000	       14N
  36.81865	  29.66429	   7.50000	       14N
  36.81865	  34.00489	   7.50000	       14N
  36.81865	  38.34549	   7.50000	       14N
  39.35787	  29.66429	   7.50000	       14N
  39.35787	  34.00489	   7.50000	       14N
  39.35787	  38.34549	   7.50000	       14N
  41.89709	  29.66429	   7.50000	       14N
  41.89709	  34.00489	   7.50000	       14N
  41.89709	  38.34549	   7.50000	       14N
  44.43630	  29.66429	   7.50000	       14N
  44.43630	  34.00489	   7.50000	       14N
  44.43630	  38.34549	   7.50000	       14N
  22.85296	  27.49399	   7.50000	       14N
  22.85296	  31.83459	   7.50000	       14N
  22.85296	  36.17519	   7.50000	       14N
  25.39217	  27.49399	   7.50000	       14N
  25.39217	  31.83459	   7.50000	       14N
  25.39217	  36.17519	   7.50000	       14N
  27.93139	  27.49399	   7.50000	       14N
  27.93139	  31.83459	   7.50000	       14N
  27.93139	  36.17519	   7.50000	       14N
  30.47061	  27.49399	   7.50000	       14N
  30.47061	  31.83459	   7.50000	       14N
  30.47061	  36.17519	   7.50000	       14N
  33.00983	  27.49399	   7.50000	       14N
  33.00983	  31.83459	   7.50000	       14N
  33.00983	  36.17519	   7.50000	       14N
  35.54904	  27.49399	   7.50000	       14N
  35.54904	  31.83459	   7.50000	       14N
  35.54904	  36.17519	   7.50000	       14N
  38.08826	  27.49399	   7.50000	       14N
  38.08826	  31.83459	   7.50000	       14N
  38.08826	  36.17519	   7.50000	       14N
  40.62748	  27.49399	   7.50000	       14N
  40.62748	  31.83459	   7.50000	       14N
  40.62748	  36.17519	   7.50000	       14N
  43.16670	  27.49399	   7.50000	       14N
  43.16670	  31.83459	   7.50000	       14N
  43.16670	  36.17519	   7.50000	       14N
  24.12204	  41.23096	   7.50000	       10B
  24.12185	  45.57185	   7.50000	       11B
  24.12230	  49.91182	   7.50000	       11B
  26.66051	  41.23299	   7.50000	       11B
  26.65809	  45.57264	   7.50000	       11B
  26.66205	  49.91302	   7.50000	       11B
  29.19841	  41.23495	   7.50000	       11B
  29.19454	  45.57474	   7.50000	       11B
  29.20155	  49.91623	   7.50000	       11B
  31.73845	  41.24042	   7.50000	       11B
  31.74050	  45.58440	   7.50000	       11B
  31.74327	  49.91771	   7.50000	       11B
  34.27943	  41.24923	   7.50000	       11B
  34.27943	  49.91707	   7.50000	       11B
  36.82042	  41.24042	   7.50000	       11B
  36.81837	  45.58440	   7.50000	       11B
  36.81560	  49.91771	   7.50000	       11B
  39.36046	  41.23495	   7.50000	       11B
  39.36433	  45.57474	   7.50000	       11B
  39.35732	  49.91623	   7.50000	       10B
  41.89836	  41.23299	   7.50000	       11B
  41.90078	  45.57264	   7.50000	       11B
  41.89682	  49.91302	   7.50000	       11B
  44.43683	  41.23096	   7.50000	       11B
  44.43702	  45.57185	   7.50000	       11B
  44.43657	  49.91182	   7.50000	       11B
  22.85296	  43.40139	   7.50000	       11B
  22.85296	  47.74108	   7.50000	       11B
  22.85296	  52.08205	   7.50000	       11B
  25.39093	  43.40195	   7.50000	       11B
  25.39178	  47.74285	   7.50000	       11B
  25.39134	  52.08263	   7.50000	       10B
  27.92935	  43.40346	   7.50000	       10B
  27.93130	  47.74393	   7.50000	       10B
  27.93025	  52.08449	   7.50000	       11B
  30.46792	  43.40747	   7.50000	       10B
  30.47108	  47.74744	   7.50000	       11B
  30.47111	  52.08792	   7.50000	       11B
  33.01787	  43.42600	   7.50000	       10B
  33.01685	  47.72685	   7.50000	       11B
  33.01073	  52.09361	   7.50000	       11B
  35.54100	  43.42600	   7.50000	       11B
  35.54202	  47.72685	   7.50000	       10B
  35.54814	  52.09361	   7.50000	       11B
  38.09095	  43.40747	   7.50000	       11B
  38.08779	  47.74744	   7.50000	       11B
  38.08776	  52.08792	   7.50000	       10B
  40.62952	  43.40346	   7.50000	       11B
  40.62757	  47.74393	   7.50000	       11B
  40.62862	  52.08449	   7.50000	       11B
  43.16794	  43.40195	   7.50000	       11B
  43.16709	  47.74285	   7.50000	       11B
  43.16753	  52.08263	   7.50000	       11B
  24.12029	  42.68186	   7.50000	       14N
  24.12058	  47.02304	   7.50000	       14N
  24.12065	  51.36322	   7.50000	       14N
  26.65483	  42.68282	   7.50000	       14N
  26.65509	  47.02453	   7.50000	       14N
  26.65673	  51.36471	   7.50000	       14N
  29.18927	  42.68268	   7.50000	       14N
  29.18905	  47.02840	   7.50000	       14N
  29.19494	  51.36852	   7.50000	       14N
  31.72616	  42.68132	   7.50000	       14N
  31.72094	  47.03818	   7.50000	       14N
  31.73668	  51.37304	   7.50000	       14N
  34.27943	  42.68442	   7.50000	       14N
  34.27943	  51.37481	   7.50000	       14N
  36.83271	  42.68132	   7.50000	       14N
  36.83793	  47.03818	   7.50000	       14N
  36.82219	  51.37304	   7.50000	       14N
  39.36960	  42.68268	   7.50000	       14N
  39.36982	  47.02840	   7.50000	       14N
  39.36393	  51.36852	   7.50000	       14N
  41.90404	  42.68282	   7.50000	       14N
  41.90378	  47.02453	   7.50000	       14N
  41.90214	  51.36471	   7.50000	       14N
  44.43858	  42.68186	   7.50000	       14N
  44.43829	  47.02304	   7.50000	       14N
  44.43822	  51.36322	   7.50000	       14N
  22.85296	  40.51138	   7.50000	       14N
  22.85296	  44.85245	   7.50000	       14N
  22.85296	  49.19273	   7.50000	       14N
  25.38831	  40.51207	   7.50000	       14N
  25.38641	  44.85262	   7.50000	       14N
  25.38876	  49.19423	   7.50000	       14N
  27.92386	  40.51313	   7.50000	       14N
  27.91812	  44.85366	   7.50000	       14N
  27.92511	  49.19699	   7.50000	       14N
  30.46278	  40.51538	   7.50000	       14N
  30.44470	  44.85501	   7.50000	       14N
  30.46278	  49.20385	   7.50000	       14N
  33.00694	  40.51946	   7.50000	       14N
  33.00544	  49.20795	   7.50000	       14N
  35.55193	  40.51946	   7.50000	       14N
  35.55343	  49.20795	   7.50000	       14N
  38.09609	  40.51538	   7.50000	       14N
  38.11417	  44.85501	   7.50000	       14N
  38.09609	  49.20385	   7.50000	       14N
  40.63501	  40.51313	   7.50000	       14N
  40.64075	  44.85366	   7.50000	       14N
  40.63376	  49.19699	   7.50000	       14N
  43.17056	  40.51207	   7.50000	       14N
  43.17246	  44.85262	   7.50000	       14N
  43.17011	  49.19423	   7.50000	       14N
  35.64476	  44.82057	   7.50000	       14N
  32.91411	  44.82057	   7.50000	       14N
  34.27943	  47.10523	   7.50000	       14N
  24.12257	  54.25641	   7.50000	       11B
  24.12257	  58.59700	   7.50000	       11B
  24.12257	  62.93760	   7.50000	       11B
  26.66178	  54.25641	   7.50000	       10B
  26.66178	  58.59700	   7.50000	       10B
  26.66178	  62.93760	   7.50000	       11B
  29.20100	  54.25641	   7.50000	       11B
  29.20100	  58.59700	   7.50000	       11B
  29.20100	  62.93760	   7.50000	       11B
  31.74022	  54.25641	   7.50000	       11B
  31.74022	  58.59700	   7.50000	       10B
  31.74022	  62.93760	   7.50000	       11B
  34.27943	  54.25641	   7.50000	       11B
  34.27943	  58.59700	   7.50000	       11B
  34.27943	  62.93760	   7.50000	       11B
  36.81865	  54.25641	   7.50000	       11B
  36.81865	  58.59700	   7.50000	       11B
  36.81865	  62.93760	   7.50000	       11B
  39.35787	  54.25641	   7.50000	       10B
  39.35787	  58.59700	   7.50000	       10B
  39.35787	  62.93760	   7.50000	       11B
  41.89709	  54.25641	   7.50000	       11B
  41.89709	  58.59700	   7.50000	       11B
  41.89709	  62.93760	   7.50000	       11B
  44.43630	  54.25641	   7.50000	       11B
  44.43630	  58.59700	   7.50000	       11B
  44.43630	  62.93760	   7.50000	       10B
  22.85296	  56.42670	   7.50000	       10B
  22.85296	  60.76730	   7.50000	       11B
  22.85296	  65.10790	   7.50000	       11B
  25.39217	  56.42670	   7.50000	       11B
  25.39217	  60.76730	   7.50000	       11B
  25.39217	  65.10790	   7.50000	       11B
  27.93139	  56.42670	   7.50000	       11B
  27.93139	  60.76730	   7.50000	       11B
  27.93139	  65.10790	   7.50000	       11B
  30.47061	  56.42670	   7.50000	       11B
  30.47061	  60.76730	   7.50000	       11B
  30.47061	  65.10790	   7.50000	       11B
  33.00983	  56.42670	   7.50000	       11B
  33.00983	  60.76730	   7.50000	       10B
  33.00983	  65.10790	   7.50000	       11B
  35.54904	  56.42670	   7.50000	       11B
  35.54904	  60.76730	   7.50000	       11B
  35.54904	  65.10790	   7.50000	       10B
  38.08826	  56.42670	   7.50000	       11B
  38.08826	  60.76730	   7.50000	       11B
  38.08826	  65.10790	   7.50000	       11B
  40.62748	  56.42670	   7.50000	       10B
  40.62748	  60.76730	   7.50000	       10B
  40.62748	  65.10790	   7.50000	       11B
  43.16670	  56.42670	   7.50000	       11B
  43.16670	  60.76730	   7.50000	       10B
  43.16670	  65.10790	   7.50000	       11B
  24.12257	  55.70788	   7.50000	       14N
  24.12257	  60.04848	   7.50000	       14N
  24.12257	  64.38908	   7.50000	       14N
  26.66178	  55.70788	   7.50000	       14N
  26.66178	  60.04848	   7.50000	       14N
  26.66178	  64.38908	   7.50000	       14N
  29.20100	  55.70788	   7.50000	       14N
  29.20100	  60.04848	   7.50000	       14N
  29.20100	  64.38908	   7.50000	       14N
  31.74022	  55.70788	   7.50000	       14N
  31.74022	  60.04848	   7.50000	       14N
  31.74022	  64.38908	   7.50000	       14N
  34.27943	  55.70788	   7.50000	       14N
  34.27943	  60.04848	   7.50000	       14N
  34.27943	  64.38908	   7.50000	       14N
  36.81865	  55.70788	   7.50000	       14N
  36.81865	  60.04848	   7.50000	       14N
  36.81865	  64.38908	   7.50000	       14N
  39.35787	  55.70788	   7.50000	       14N
  39.35787	  60.04848	   7.50000	       14N
  39.35787	  64.38908	   7.50000	       14N
  41.89709	  55.70788	   7.50000	       14N
  41.89709	  60.04848	   7.50000	       14N
  41.89709	  64.38908	   7.50000	       14N
  44.43630	  55.70788	   7.50000	       14N
  44.43630	  60.04848	   7.50000	       14N
  44.43630	  64.38908	   7.50000	       14N
  22.85296	  53.53758	   7.50000	       14N
  22.85296	  57.87818	   7.50000	       14N
  22.85296	  62.21878	   7.50000	       14N
  25.39217	  53.53758	   7.50000	       14N
  25.39217	  57.87818	   7.50000	       14N
  25.39217	  62.21878	   7.50000	       14N
  27.93139	  53.53758	   7.50000	       14N
  27.93139	  57.87818	   7.50000	       14N
  27.93139	  62.21878	   7.50000	       14N
  30.47061	  53.53758	   7.50000	       14N
  30.47061	  57.87818	   7.50000	       14N
  30.47061	  62.21878	   7.50000	       14N
  33.00983	  53.53758	   7.50000	       14N
  33.00983	  57.87818	   7.50000	       14N
  33.00983	  62.21878	   7.50000	       14N
  35.54904	  53.53758	   7.50000	       14N
  35.54904	  57.87818	   7.50000	       14N
  35.54904	  62.21878	   7.50000	       14N
  38.08826	  53.53758	   7.50000	       14N
  38.08826	  57.87818	   7.50000	       14N
  38.08826	  62.21878	   7.50000	       14N
  40.62748	  53.53758	   7.50000	       14N
  40.62748	  57.87818	   7.50000	       14N
  40.62748	  62.21878	   7.50000	       14N
  43.16670	  53.53758	   7.50000	       14N
  43.16670	  57.87818	   7.50000	       14N
  43.16670	  62.21878	   7.50000	       14N
  24.12257	  67.27820	   7.50000	       11B
  24.12257	  71.61880	   7.50000	       11B
  24.12257	  75.95940	   7.50000	       11B
  26.66178	  67.27820	   7.50000	       11B
  26.66178	  71.61880	   7.50000	       11B
  26.66178	  75.95940	   7.50000	       11B
  29.20100	  67.27820	   7.50000	       11B
  29.20100	  71.61880	   7.50000	       10B
  29.20100	  75.95940	   7.50000	       11B
  31.74022	  67.27820	   7.50000	       10B
  31.74022	  71.61880	   7.50000	       11B
  31.74022	  75.95940	   7.50000	       10B
  34.27943	  67.27820	   7.50000	       11B
  34.27943	  71.61880	   7.50000	       11B
  34.27943	  75.95940	   7.50000	       11B
  36.81865	  67.27820	   7.50000	       10B
  36.81865	  71.61880	   7.50000	       11B
  36.81865	  75.95940	   7.50000	       11B
  39.35787	  67.27820	   7.50000	       11B
  39.35787	  71.61880	   7.50000	       11B
  39.35787	  75.95940	   7.50000	       11B
  41.89709	  67.27820	   7.50000	       10B
  41.89709	  71.61880	   7.50000	       11B
  41.89709	  75.95940	   7.50000	       10B
  44.43630	  67.27820	   7.50000	       10B
  44.43630	  71.61880	   7.50000	       11B
  44.43630	  75.95940	   7.50000	       11B
  22.85296	  69.44850	   7.50000	       11B
  22.85296	  73.78909	   7.50000	       11B
  22.85296	  78.12969	   7.50000	       10B
  25.39217	  69.44850	   7.50000	       11B
  25.39217	  73.78909	   7.50000	       11B
  25.39217	  78.12969	   7.50000	       10B
  27.93139	  69.44850	   7.50000	       11B
  27.93139	  73.78909	   7.50000	       11B
  27.93139	  78.12969	   7.50000	       10B
  30.47061	  69.44850	   7.50000	       11B
  30.47061	  73.78909	   7.50000	       10B
  30.47061	  78.12969	   7.50000	       11B
  33.00983	  69.44850	   7.50000	       11B
  33.00983	  73.78909	   7.50000	       11B
  33.00983	  78.12969	   7.50000	       11B
  35.54904	  69.44850	   7.50000	       11B
  35.54904	  73.78909	   7.50000	       11B
  35.54904	  78.12969	   7.50000	       11B
  38.08826	  69.44850	   7.50000	       11B
  38.08826	  73.78909	   7.50000	       11B
  38.08826	  78.12969	   7.50000	       11B
  40.62748	  69.44850	   7.50000	       10B
  40.62748	  73.78909	   7.50000	       11B
  40.62748	  78.12969	   7.50000	       11B
  43.16670	  69.44850	   7.50000	       11B
  43.16670	  73.78909	   7.50000	       11B
  43.16670	  78.12969	   7.50000	       10B
  24.12257	  68.72968	   7.50000	       14N
  24.12257	  73.07028	   7.50000	       14N
  24.12257	  77.41087	   7.50000	       14N
  26.66178	  68.72968	   7.50000	       14N
  26.66178	  73.07028	   7.50000	       14N
  26.66178	  77.41087	   7.50000	       14N
  29.20100	  68.72968	   7.50000	       14N
  29.20100	  73.07028	   7.50000	       14N
  29.20100	  77.41087	   7.50000	       14N
  31.74022	  68.72968	   7.50000	       14N
  31.74022	  73.07028	   7.50000	       14N
  31.74022	  77.41087	   7.50000	       14N
  34.27943	  68.72968	   7.50000	       14N
  34.27943	  73.07028	   7.50000	       14N
  34.27943	  77.41087	   7.50000	       14N
  36.81865	  68.72968	   7.50000	       14N
  36.81865	  73.07028	   7.50000	       14N
  36.81865	  77.41087	   7.50000	       14N
  39.35787	  68.72968	   7.50000	       14N
  39.35787	  73.07028	   7.50000	       14N
  39.35787	  77.41087	   7.50000	       14N
  41.89709	  68.72968	   7.50000	       14N
  41.89709	  73.07028	   7.50000	       14N
  41.89709	  77.41087	   7.50000	       14N
  44.43630	  68.72968	   7.50000	       14N
  44.43630	  73.07028	   7.50000	       14N
  44.43630	  77.41087	   7.50000	       14N
  22.85296	  66.55938	   7.50000	       14N
  22.85296	  70.89998	   7.50000	       14N
  22.85296	  75.24057	   7.50000	       14N
  25.39217	  66.55938	   7.50000	       14N
  25.39217	  70.89998	   7.50000	       14N
  25.39217	  75.24057	   7.50000	       14N
  27.93139	  66.55938	   7.50000	       14N
  27.93139	  70.89998	   7.50000	       14N
  27.93139	  75.24057	   7.50000	       14N
  30.47061	  66.55938	   7.50000	       14N
  30.47061	  70.89998	   7.50000	       14N
  30.47061	  75.24057	   7.50000	       14N
  33.00983	  66.55938	   7.50000	       14N
  33.00983	  70.89998	   7.50000	       14N
  33.00983	  75.24057	   7.50000	       14N
  35.54904	  66.55938	   7.50000	       14N
  35.54904	  70.89998	   7.50000	       14N
  35.54904	  75.24057	   7.50000	       14N
  38.08826	  66.55938	   7.50000	       14N
  38.08826	  70.89998	   7.50000	       14N
  38.08826	  75.24057	   7.50000	       14N
  40.62748	  66.55938	   7.50000	       14N
  40.62748	  70.89998	   7.50000	       14N
  40.62748	  75.24057	   7.50000	       14N
  43.16670	  66.55938	   7.50000	       14N
  43.16670	  70.89998	   7.50000	       14N
  43.16670	  75.24057	   7.50000	       14N
  22.85296	  79.58117	   7.50000	       14N
  25.39217	  79.58117	   7.50000	       14N
  27.93139	  79.58117	   7.50000	       14N
  30.47061	  79.58117	   7.50000	       14N
  33.00983	  79.58117	   7.50000	       14N
  35.54904	  79.58117	   7.50000	       14N
  38.08826	  79.58117	   7.50000	       14N
  40.62748	  79.58117	   7.50000	       14N
  43.16670	  79.58117	   7.50000	       14N
  46.97552	   2.16923	   7.50000	       10B
  46.97552	   6.50982	   7.50000	       10B
  46.97552	  10.85042	   7.50000	       11B
  49.51474	   2.16923	   7.50000	       11B
  49.51474	   6.50982	   7.50000	       11B
  49.51474	  10.85042	   7.50000	       11B
  52.05396	   2.16923	   7.50000	       11B
  52.05396	   6.50982	   7.50000	       11B
  52.05396	  10.85042	   7.50000	       11B
  54.59317	   2.16923	   7.50000	       10B
  54.59317	   6.50982	   7.50000	       11B
  54.59317	  10.85042	   7.50000	       11B
  57.13239	   2.16923	   7.50000	       11B
  57.13239	   6.50982	   7.50000	       11B
  57.13239	  10.85042	   7.50000	       10B
  59.67161	   2.16923	   7.50000	       11B
  59.67161	   6.50982	   7.50000	       11B
  59.67161	  10.85042	   7.50000	       11B
  62.21083	   2.16923	   7.50000	       11B
  62.21083	   6.50982	   7.50000	       11B
  62.21083	  10.85042	   7.50000	       11B
  64.75004	   2.16923	   7.50000	       11B
  64.75004	   6.50982	   7.50000	       11B
  64.75004	  10.85042	   7.50000	       11B
  67.28926	   2.16923	   7.50000	       11B
  67.28926	   6.50982	   7.50000	       11B
  67.28926	  10.85042	   7.50000	       10B
  45.70591	   4.33952	   7.50000	       11B
  45.70591	   8.68012	   7.50000	       11B
  45.70591	  13.02072	   7.50000	       10B
  48.24513	   4.33952	   7.50000	       11B
  48.24513	   8.68012	   7.50000	       10B
  48.24513	  13.02072	   7.50000	       11B
  50.78435	   4.33952	   7.50000	       11B
  50.78435	   8.68012	   7.50000	       11B
  50.78435	  13.02072	   7.50000	       11B
  53.32357	   4.33952	   7.50000	       11B
  53.32357	   8.68012	   7.50000	       11B
  53.32357	  13.02072	   7.50000	       11B
  55.86278	   4.33952	   7.50000	       10B
  55.86278	   8.68012	   7.50000	       10B
  55.86278	  13.02072	   7.50000	       11B
  58.40200	   4.33952	   7.50000	       10B
  58.40200	   8.68012	   7.50000	       10B
  58.40200	  13.02072	   7.50000	       11B
  60.94122	   4.33952	   7.50000	       11B
  60.94122	   8.68012	   7.50000	       11B
  60.94122	  13.02072	   7.50000	       11B
  63.48044	   4.33952	   7.50000	       10B
  63.48044	   8.68012	   7.50000	       11B
  63.48044	  13.02072	   7.50000	       11B
  66.01965	   4.33952	   7.50000	       11B
  66.01965	   8.68012	   7.50000	       11B
  66.01965	  13.02072	   7.50000	       11B
  46.97552	   3.62070	   7.50000	       14N
  46.97552	   7.96130	   7.50000	       14N
  46.97552	  12.30190	   7.50000	       14N
  49.51474	   3.62070	   7.50000	       14N
  49.51474	   7.96130	   7.50000	       14N
  49.51474	  12.30190	   7.50000	       14N
  52.05396	   3.62070	   7.50000	       14N
  52.05396	   7.96130	   7.50000	       14N
  52.05396	  12.30190	   7.50000	       14N
  54.59317	   3.62070	   7.50000	       14N
  54.59317	   7.96130	   7.50000	       14N
  54.59317	  12.30190	   7.50000	       14N
  57.13239	   3.62070	   7.50000	       14N
  57.13239	   7.96130	   7.50000	       14N
  57.13239	  12.30190	   7.50000	       14N
  59.67161	   3.62070	   7.50000	       14N
  59.67161	   7.96130	   7.50000	       14N
  59.67161	  12.30190	   7.50000	       14N
  62.21083	   3.62070	   7.50000	       14N
  62.21083	   7.96130	   7.50000	       14N
  62.21083	  12.30190	   7.50000	       14N
  64.75004	   3.62070	   7.50000	       14N
  64.75004	   7.96130	   7.50000	       14N
  64.75004	  12.30190	   7.50000	       14N
  67.28926	   3.62070	   7.50000	       14N
  67.28926	   7.96130	   7.50000	       14N
  67.28926	  12.30190	   7.50000	       14N
  45.70591	   1.45040	   7.50000	       14N
  45.70591	   5.79100	   7.50000	       14N
  45.70591	  10.13160	   7.50000	       14N
  48.24513	   1.45040	   7.50000	       14N
  48.24513	   5.79100	   7.50000	       14N
  48.24513	  10.13160	   7.50000	       14N
  50.78435	   1.45040	   7.50000	       14N
  50.78435	   5.79100	   7.50000	       14N
  50.78435	  10.13160	   7.50000	       14N
  53.32357	   1.45040	   7.50000	       14N
  53.32357	   5.79100	   7.50000	       14N
  53.32357	  10.13160	   7.50000	       14N
  55.86278	   1.45040	   7.50000	       14N
  55.86278	   5.79100	   7.50000	       14N
  55.86278	  10.13160	   7.50000	       14N
  58.40200	   1.45040	   7.50000	       14N
  58.40200	   5.79100	   7.50000	       14N
  58.40200	  10.13160	   7.50000	       14N
  60.94122	   1.45040	   7.50000	       14N
  60.94122	   5.79100	   7.50000	       14N
  60.94122	  10.13160	   7.50000	       14N
  63.48044	   1.45040	   7.50000	       14N
  63.48044	   5.79100	   7.50000	       14N
  63.48044	  10.13160	   7.50000	       14N
  66.01965	   1.45040	   7.50000	       14N
  66.01965	   5.79100	   7.50000	       14N
  66.01965	  10.13160	   7.50000	       14N
  46.97552	  15.19102	   7.50000	       11B
  46.97552	  19.53162	   7.50000	       11B
  46.97552	  23.87222	   7.50000	       11B
  49.51474	  15.19102	   7.50000	       11B
  49.51474	  19.53162	   7.50000	       11B
  49.51474	  23.87222	   7.50000	       10B
  52.05396	  15.19102	   7.50000	       10B
  52.05396	  19.53162	   7.50000	       11B
  52.05396	  23.87222	   7.50000	       11B
  54.59317	  15.19102	   7.50000	       11B
  54.59317	  19.53162	   7.50000	       11B
  54.59317	  23.87222	   7.50000	       11B
  57.13239	  15.19102	   7.50000	       11B
  57.13239	  19.53162	   7.50000	       11B
  57.13239	  23.87222	   7.50000	       10B
  59.67161	  15.19102	   7.50000	       11B
  59.67161	  19.53162	   7.50000	       11B
  59.67161	  23.87222	   7.50000	       11B
  62.21083	  15.19102	   7.50000	       10B
  62.21083	  19.53162	   7.50000	       11B
  62.21083	  23.87222	   7.50000	       11B
  64.75004	  15.19102	   7.50000	       11B
  64.75004	  19.53162	   7.50000	       11B
  64.75004	  23.87222	   7.50000	       11B
  67.28926	  15.19102	   7.50000	       11B
  67.28926	  19.53162	   7.50000	       10B
  67.28926	  23.87222	   7.50000	       11B
  45.70591	  17.36132	   7.50000	       11B
  45.70591	  21.70191	   7.50000	       11B
  45.70591	  26.04251	   7.50000	       11B
  48.24513	  17.36132	   7.50000	       10B
  48.24513	  21.70191	   7.50000	       11B
  48.24513	  26.04251	   7.50000	       10B
  50.78435	  17.36132	   7.50000	       10B
  50.78435	  21.70191	   7.50000	       11B
  50.78435	  26.04251	   7.50000	       11B
  53.32357	  17.36132	   7.50000	       10B
  53.32357	  21.70191	   7.50000	       11B
  53.32357	  26.04251	   7.50000	       11B
  55.86278	  17.36132	   7.50000	       10B
  55.86278	  21.70191	   7.50000	       11B
  55.86278	  26.04251	   7.50000	       11B
  58.40200	  17.36132	   7.50000	       11B
  58.40200	  21.70191	   7.50000	       11B
  58.40200	  26.04251	   7.50000	       11B
  60.94122	  17.36132	   7.50000	       10B
  60.94122	  21.70191	   7.50000	       11B
  60.94122	  26.04251	   7.50000	       11B
  63.48044	  17.36132	   7.50000	       11B
  63.48044	  21.70191	   7.50000	       11B
  63.48044	  26.04251	   7.50000	       10B
  66.01965	  17.36132	   7.50000	       11B
  66.01965	  21.70191	   7.50000	       11B
  66.01965	  26.04251	   7.50000	       11B
  46.97552	  16.64250	   7.50000	       14N
  46.97552	  20.98310	   7.50000	       14N
  46.97552	  25.32369	   7.50000	       14N
  49.51474	  16.64250	   7.50000	       15N
  49.51474	  20.98310	   7.50000	       14N
  49.51474	  25.32369	   7.50000	       14N
  52.05396	  16.64250	   7.50000	       14N
  52.05396	  20.98310	   7.50000	       14N
  52.05396	  25.32369	   7.50000	       14N
  54.59317	  16.64250	   7.50000	       14N
  54.59317	  20.98310	   7.50000	       14N
  54.59317	  25.32369	   7.50000	       14N
  57.13239	  16.64250	   7.50000	       14N
  57.13239	  20.98310	   7.50000	       14N
  57.13239	  25.32369	   7.50000	       14N
  59.67161	  16.64250	   7.50000	       14N
  59.67161	  20.98310	   7.50000	       14N
  59.67161	  25.32369	   7.50000	       14N
  62.21083	  16.64250	   7.50000	       14N
  62.21083	  20.98310	   7.50000	       14N
  62.21083	  25.32369	   7.50000	       14N
  64.75004	  16.64250	   7.50000	       14N
  64.75004	  20.98310	   7.50000	       14N
  64.75004	  25.32369	   7.50000	       14N
  67.28926	  16.64250	   7.50000	       14N
  67.28926	  20.98310	   7.50000	       14N
  67.28926	  25.32369	   7.50000	       14N
  45.70591	  14.47220	   7.50000	       14N
  45.70591	  18.81279	   7.50000	       14N
  45.70591	  23.15339	   7.50000	       14N
  48.24513	  14.47220	   7.50000	       14N
  48.24513	  18.81279	   7.50000	       14N
  48.24513	  23.15339	   7.50000	       14N
  50.78435	  14.47220	   7.50000	       14N
  50.78435	  18.81279	   7.50000	       14N
  50.78435	  23.15339	   7.50000	       14N
  53.32357	  14.47220	   7.50000	       14N
  53.32357	  18.81279	   7.50000	       14N
  53.32357	  23.15339	   7.50000	       14N
  55.86278	  14.47220	   7.50000	       14N
  55.86278	  18.81279	   7.50000	       14N
  55.86278	  23.15339	   7.50000	       14N
  58.40200	  14.47220	   7.50000	       14N
  58.40200	  18.81279	   7.50000	       14N
  58.40200	  23.15339	   7.50000	       14N
  60.94122	  14.47220	   7.50000	       14N
  60.94122	  18.81279	   7.50000	       14N
  60.94122	  23.15339	   7.50000	       14N
  63.48044	  14.47220	   7.50000	       14N
  63.48044	  18.81279	   7.50000	       14N
  63.48044	  23.15339	   7.50000	       14N
  66.01965	  14.47220	   7.50000	       14N
  66.01965	  18.81279	   7.50000	       14N
  66.01965	  23.15339	   7.50000	       14N
  46.97552	  28.21282	   7.50000	       11B
  46.97552	  32.55341	   7.50000	       10B
  46.97552	  36.89401	   7.50000	       11B
  49.51474	  28.21282	   7.50000	       11B
  49.51474	  32.55341	   7.50000	       11B
  49.51474	  36.89401	   7.50000	       11B
  52.05396	  28.21282	   7.50000	       11B
  52.05396	  32.55341	   7.50000	       11B
  52.05396	  36.89401	   7.50000	       11B
  54.59317	  28.21282	   7.50000	       11B
  54.59317	  32.55341	   7.50000	       11B
  54.59317	  36.89401	   7.50000	       11B
  57.13239	  28.21282	   7.50000	       11B
  57.13239	  32.55341	   7.50000	       11B
  57.13239	  36.89401	   7.50000	       11B
  59.67161	  28.21282	   7.50000	       11B
  59.67161	  32.55341	   7.50000	       11B
  59.67161	  36.89401	   7.50000	       11B
  62.21083	  28.21282	   7.50000	       11B
  62.21083	  32.55341	   7.50000	       11B
  62.21083	  36.89401	   7.50000	       11B
  64.75004	  28.21282	   7.50000	       10B
  64.75004	  32.55341	   7.50000	       11B
  64.75004	  36.89401	   7.50000	       11B
  67.28926	  28.21282	   7.50000	       10B
  67.28926	  32.55341	   7.50000	       10B
  67.28926	  36.89401	   7.50000	       11B
  45.70591	  30.38311	   7.50000	       10B
  45.70591	  34.72371	   7.50000	       10B
  45.70591	  39.06431	   7.50000	       10B
  48.24513	  30.38311	   7.50000	       11B
  48.24513	  34.72371	   7.50000	       11B
  48.24513	  39.06431	   7.50000	       11B
  50.78435	  30.38311	   7.50000	       11B
  50.78435	  34.72371	   7.50000	       10B
  50.78435	  39.06431	   7.50000	       10B
  53.32357	  30.38311	   7.50000	       10B
  53.32357	  34.72371	   7.50000	       10B
  53.32357	  39.06431	   7.50000	       11B
  55.86278	  30.38311	   7.50000	       11B
  55.86278	  34.72371	   7.50000	       11B
  55.86278	  39.06431	   7.50000	       11B
  58.40200	  30.38311	   7.50000	       11B
  58.40200	  34.72371	   7.50000	       11B
  58.40200	  39.06431	   7.50000	       11B
  60.94122	  30.38311	   7.50000	       11B
  60.94122	  34.72371	   7.50000	       11B
  60.94122	  39.06431	   7.50000	       11B
  63.48044	  30.38311	   7.50000	       11B
  63.48044	  34.72371	   7.50000	       11B
  63.48044	  39.06431	   7.50000	       11B
  66.01965	  30.38311	   7.50000	       11B
  66.01965	  34.72371	   7.50000	       11B
  66.01965	  39.06431	   7.50000	       11B
  46.97552	  29.66429	   7.50000	       14N
  46.97552	  34.00489	   7.50000	       14N
  46.97552	  38.34549	   7.50000	       14N
  49.51474	  29.66429	   7.50000	       14N
  49.51474	  34.00489	   7.50000	       14N
  49.51474	  38.34549	   7.50000	       14N
  52.05396	  29.66429	   7.50000	       14N
  52.05396	  34.00489	   7.50000	       14N
  52.05396	  38.34549	   7.50000	       14N
  54.59317	  29.66429	   7.50000	       14N
  54.59317	  34.00489	   7.50000	       14N
  54.59317	  38.34549	   7.50000	       15N
  57.13239	  29.66429	   7.50000	       14N
  57.13239	  34.00489	   7.50000	       14N
  57.13239	  38.34549	   7.50000	       14N
  59.67161	  29.66429	   7.50000	       14N
  59.67161	  34.00489	   7.50000	       14N
  59.67161	  38.34549	   7.50000	       14N
  62.21083	  29.66429	   7.50000	       14N
  62.21083	  34.00489	   7.50000	       14N
  62.21083	  38.34549	   7.50000	       14N
  64.75004	  29.66429	   7.50000	       14N
  64.75004	  34.00489	   7.50000	       14N
  64.75004	  38.34549	   7.50000	       14N
  67.28926	  29.66429	   7.50000	       14N
  67.28926	  34.00489	   7.50000	       14N
  67.28926	  38.34549	   7.50000	       14N
  45.70591	  27.49399	   7.50000	       14N
  45.70591	  31.83459	   7.50000	       14N
  45.70591	  36.17519	   7.50000	       14N
  48.24513	  27.49399	   7.50000	       14N
  48.24513	  31.83459	   7.50000	       14N
  48.24513	  36.17519	   7.50000	       14N
  50.78435	  27.49399	   7.50000	       14N
  50.78435	  31.83459	   7.50000	       14N
  50.78435	  36.17519	   7.50000	       14N
  53.32357	  27.49399	   7.50000	       14N
  53.32357	  31.83459	   7.50000	       14N
  53.32357	  36.17519	   7.50000	       14N
  55.86278	  27.49399	   7.50000	       14N
  55.86278	  31.83459	   7.50000	       14N
  55.86278	  36.17519	   7.50000	       14N
  58.40200	  27.49399	   7.50000	       14N
  58.40200	  31.83459	   7.50000	       14N
  58.40200	  36.17519	   7.50000	       14N
  60.94122	  27.49399	   7.50000	       14N
  60.94122	  31.83459	   7.50000	       14N
  60.94122	  36.17519	   7.50000	       14N
  63.48044	  27.49399	   7.50000	       14N
  63.48044	  31.83459	   7.50000	       14N
  63.48044	  36.17519	   7.50000	       14N
  66.01965	  27.49399	   7.50000	       14N
  66.01965	  31.83459	   7.50000	       14N
  66.01965	  36.17519	   7.50000	       14N
  46.97552	  41.23461	   7.50000	       11B
  46.97552	  45.57521	   7.50000	       11B
  46.97552	  49.91581	   7.50000	       11B
  49.51474	  41.23461	   7.50000	       11B
  49.51474	  45.57521	   7.50000	       11B
  49.51474	  49.91581	   7.50000	       11B
  52.05396	  41.23461	   7.50000	       11B
  52.05396	  45.57521	   7.50000	       11B
  52.05396	  49.91581	   7.50000	       10B
  54.59317	  41.23461	   7.50000	       11B
  54.59317	  45.57521	   7.50000	       11B
  54.59317	  49.91581	   7.50000	       10B
  57.13239	  41.23461	   7.50000	       11B
  57.13239	  45.57521	   7.50000	       11B
  57.13239	  49.91581	   7.50000	       11B
  59.67161	  41.23461	   7.50000	       11B
  59.67161	  45.57521	   7.50000	       11B
  59.67161	  49.91581	   7.50000	       10B
  62.21083	  41.23461	   7.50000	       10B
  62.21083	  45.57521	   7.50000	       11B
  62.21083	  49.91581	   7.50000	       10B
  64.75004	  41.23461	   7.50000	       10B
  64.75004	  45.57521	   7.50000	       11B
  64.75004	  49.91581	   7.50000	       10B
  67.28926	  41.23461	   7.50000	       10B
  67.28926	  45.57521	   7.50000	       11B
  67.28926	  49.91581	   7.50000	       11B
  45.70591	  43.40491	   7.50000	       10B
  45.70591	  47.74550	   7.50000	       11B
  45.70591	  52.08610	   7.50000	       11B
  48.24513	  43.40491	   7.50000	       11B
  48.24513	  47.74550	   7.50000	       11B
  48.24513	  52.08610	   7.50000	       11B
  50.78435	  43.40491	   7.50000	       11B
  50.78435	  47.74550	   7.50000	       10B
  50.78435	  52.08610	   7.50000	       11B
  53.32357	  43.40491	   7.50000	       11B
  53.32357	  47.74550	   7.50000	       11B
  53.32357	  52.08610	   7.50000	       11B
  55.86278	  43.40491	   7.50000	       11B
  55.86278	  47.74550	   7.50000	       11B
  55.86278	  52.08610	   7.50000	       10B
  58.40200	  43.40491	   7.50000	       11B
  58.40200	  47.74550	   7.50000	       10B
  58.40200	  52.08610	   7.50000	       11B
  60.94122	  43.40491	   7.50000	       11B
  60.94122	  47.74550	   7.50000	       10B
  60.94122	  52.08610	   7.50000	       11B
  63.48044	  43.40491	   7.50000	       11B
  63.48044	  47.74550	   7.50000	       11B
  63.48044	  52.08610	   7.50000	       11B
  66.01965	  43.40491	   7.50000	       11B
  66.01965	  47.74550	   7.50000	       11B
  66.01965	  52.08610	   7.50000	       11B
  46.97552	  42.68609	   7.50000	       14N
  46.97552	  47.02669	   7.50000	       14N
  46.97552	  51.36728	   7.50000	       14N
  49.51474	  42.68609	   7.50000	       14N
  49.51474	  47.02669	   7.50000	       14N
  49.51474	  51.36728	   7.50000	       14N
  52.05396	  42.68609	   7.50000	       14N
  52.05396	  47.02669	   7.50000	       14N
  52.05396	  51.36728	   7.50000	       14N
  54.59317	  42.68609	   7.50000	       14N
  54.59317	  47.02669	   7.50000	       14N
  54.59317	  51.36728	   7.50000	       14N
  57.13239	  42.68609	   7.50000	       14N
  57.13239	  47.02669	   7.50000	       14N
  57.13239	  51.36728	   7.50000	       14N
  59.67161	  42.68609	   7.50000	       14N
  59.67161	  47.02669	   7.50000	       14N
  59.67161	  51.36728	   7.50000	       14N
  62.21083	  42.68609	   7.50000	       14N
  62.21083	  47.02669	   7.50000	       14N
  62.21083	  51.36728	   7.50000	       14N
  64.75004	  42.68609	   7.50000	       14N
  64.75004	  47.02669	   7.50000	       14N
  64.75004	  51.36728	   7.50000	       14N
  67.28926	  42.68609	   7.50000	       14N
  67.28926	  47.02669	   7.50000	       14N
  67.28926	  51.36728	   7.50000	       14N
  45.70591	  40.51579	   7.50000	       14N
  45.70591	  44.85639	   7.50000	       14N
  45.70591	  49.19698	   7.50000	       14N
  48.24513	  40.51579	   7.50000	       14N
  48.24513	  44.85639	   7.50000	       14N
  48.24513	  49.19698	   7.50000	       14N
  50.78435	  40.51579	   7.50000	       14N
  50.78435	  44.85639	   7.50000	       14N
  50.78435	  49.19698	   7.50000	       14N
  53.32357	  40.51579	   7.50000	       14N
  53.32357	  44.85639	   7.50000	       14N
  53.32357	  49.19698	   7.50000	       14N
  55.86278	  40.51579	   7.50000	       14N
  55.86278	  44.85639	   7.50000	       14N
  55.86278	  49.19698	   7.50000	       14N
  58.40200	  40.51579	   7.50000	       14N
  58.40200	  44.85639	   7.50000	       14N
  58.40200	  49.19698	   7.50000	       14N
  60.94122	  40.51579	   7.50000	       14N
  60.94122	  44.85639	   7.50000	       14N
  60.94122	  49.19698	   7.50000	       14N
  63.48044	  40.51579	   7.50000	       14N
  63.48044	  44.85639	   7.50000	       14N
  63.48044	  49.19698	   7.50000	       14N
  66.01965	  40.51579	   7.50000	       14N
  66.01965	  44.85639	   7.50000	       14N
  66.01965	  49.19698	   7.50000	       14N
  46.97552	  54.25641	   7.50000	       10B
  46.97552	  58.59700	   7.50000	       11B
  46.97552	  62.93760	   7.50000	       11B
  49.51474	  54.25641	   7.50000	       11B
  49.51474	  58.59700	   7.50000	       11B
  49.51474	  62.93760	   7.50000	       11B
  52.05396	  54.25641	   7.50000	       11B
  52.05396	  58.59700	   7.50000	       11B
  52.05396	  62.93760	   7.50000	       11B
  54.59317	  54.25641	   7.50000	       11B
  54.59317	  58.59700	   7.50000	       10B
  54.59317	  62.93760	   7.50000	       10B
  57.13239	  54.25641	   7.50000	       11B
  57.13239	  58.59700	   7.50000	       11B
  57.13239	  62.93760	   7.50000	       10B
  59.67161	  54.25641	   7.50000	       11B
  59.67161	  58.59700	   7.50000	       11B
  59.67161	  62.93760	   7.50000	       11B
  62.21083	  54.25641	   7.50000	       11B
  62.21083	  58.59700	   7.50000	       11B
  62.21083	  62.93760	   7.50000	       11B
  64.75004	  54.25641	   7.50000	       10B
  64.75004	  58.59700	   7.50000	       10B
  64.75004	  62.93760	   7.50000	       11B
  67.28926	  54.25641	   7.50000	       11B
  67.28926	  58.59700	   7.50000	       11B
  67.28926	  62.93760	   7.50000	       10B
  45.70591	  56.42670	   7.50000	       10B
  45.70591	  60.76730	   7.50000	       11B
  45.70591	  65.10790	   7.50000	       11B
  48.24513	  56.42670	   7.50000	       11B
  48.24513	  60.76730	   7.50000	       11B
  48.24513	  65.10790	   7.50000	       11B
  50.78435	  56.42670	   7.50000	       11B
  50.78435	  60.76730	   7.50000	       11B
  50.78435	  65.10790	   7.50000	       11B
  53.32357	  56.42670	   7.50000	       11B
  53.32357	  60.76730	   7.50000	       11B
  53.32357	  65.10790	   7.50000	       10B
  55.86278	  56.42670	   7.50000	       11B
  55.86278	  60.76730	   7.50000	       10B
  55.86278	  65.10790	   7.50000	       10B
  58.40200	  56.42670	   7.50000	       11B
  58.40200	  60.76730	   7.50000	       11B
  58.40200	  65.10790	   7.50000	       11B
  60.94122	  56.42670	   7.50000	       11B
  60.94122	  60.76730	   7.50000	       11B
  60.94122	  65.10790	   7.50000	       11B
  63.48044	  56.42670	   7.50000	       11B
  63.48044	  60.76730	   7.50000	       11B
  63.48044	  65.10790	   7.50000	       11B
  66.01965	  56.42670	   7.50000	       11B
  66.01965	  60.76730	   7.50000	       11B
  66.01965	  65.10790	   7.50000	       11B
  46.97552	  55.70788	   7.50000	       14N
  46.97552	  60.04848	   7.50000	       14N
  46.97552	  64.38908	   7.50000	       14N
  49.51474	  55.70788	   7.50000	       14N
  49.51474	  60.04848	   7.50000	       14N
  49.51474	  64.38908	   7.50000	       14N
  52.05396	  55.70788	   7.50000	       14N
  52.05396	  60.04848	   7.50000	       14N
  52.05396	  64.38908	   7.50000	       14N
  54.59317	  55.70788	   7.50000	       14N
  54.59317	  60.04848	   7.50000	       14N
  54.59317	  64.38908	   7.50000	       14N
  57.13239	  55.70788	   7.50000	       14N
  57.13239	  60.04848	   7.50000	       14N
  57.13239	  64.38908	   7.50000	       14N
  59.67161	  55.70788	   7.50000	       14N
  59.67161	  60.04848	   7.50000	       14N
  59.67161	  64.38908	   7.50000	       14N
  62.21083	  55.70788	   7.50000	       14N
  62.21083	  60.04848	   7.50000	       14N
  62.21083	  64.38908	   7.50000	       14N
  64.75004	  55.70788	   7.50000	       14N
  64.75004	  60.04848	   7.50000	       14N
  64.75004	  64.38908	   7.50000	       14N
  67.28926	  55.70788	   7.50000	       14N
  67.28926	  60.04848	   7.50000	       14N
  67.28926	  64.38908	   7.50000	       14N
  45.70591	  53.53758	   7.50000	       14N
  45.70591	  57.87818	   7.50000	       14N
  45.70591	  62.21878	   7.50000	       14N
  48.24513	  53.53758	   7.50000	       14N
  48.24513	  57.87818	   7.50000	       14N
  48.24513	  62.21878	   7.50000	       14N
  50.78435	  53.53758	   7.50000	       14N
  50.78435	  57.87818	   7.50000	       14N
  50.78435	  62.21878	   7.50000	       14N
  53.32357	  53.53758	   7.50000	       14N
  53.32357	  57.87818	   7.50000	       14N
  53.32357	  62.21878	   7.50000	       14N
  55.86278	  53.53758	   7.50000	       14N
  55.86278	  57.87818	   7.50000	       14N
  55.86278	  62.21878	   7.50000	       14N
  58.40200	  53.53758	   7.50000	       14N
  58.40200	  57.87818	   7.50000	       14N
  58.40200	  62.21878	   7.50000	       14N
  60.94122	  53.53758	   7.50000	       14N
  60.94122	  57.87818	   7.50000	       14N
  60.94122	  62.21878	   7.50000	       14N
  63.48044	  53.53758	   7.50000	       14N
  63.48044	  57.87818	   7.50000	       14N
  63.48044	  62.21878	   7.50000	       14N
  66.01965	  53.53758	   7.50000	       14N
  66.01965	  57.87818	   7.50000	       14N
  66.01965	  62.21878	   7.50000	       14N
  46.97552	  67.27820	   7.50000	       10B
  46.97552	  71.61880	   7.50000	       11B
  46.97552	  75.95940	   7.50000	       11B
  49.51474	  67.27820	   7.50000	       11B
  49.51474	  71.61880	   7.50000	       11B
  49.51474	  75.95940	   7.50000	       10B
  52.05396	  67.27820	   7.50000	       11B
  52.05396	  71.61880	   7.50000	       10B
  52.05396	  75.95940	   7.50000	       11B
  54.59317	  67.27820	   7.50000	       11B
  54.59317	  71.61880	   7.50000	       11B
  54.59317	  75.95940	   7.50000	       11B
  57.13239	  67.27820	   7.50000	       10B
  57.13239	  71.61880	   7.50000	       11B
  57.13239	  75.95940	   7.50000	       11B
  59.67161	  67.27820	   7.50000	       11B
  59.67161	  71.61880	   7.50000	       10B
  59.67161	  75.95940	   7.50000	       11B
  62.21083	  67.27820	   7.50000	       11B
  62.21083	  71.61880	   7.50000	       11B
  62.21083	  75.95940	   7.50000	       11B
  64.75004	  67.27820	   7.50000	       11B
  64.75004	  71.61880	   7.50000	       11B
  64.75004	  75.95940	   7.50000	       11B
  67.28926	  67.27820	   7.50000	       11B
  67.28926	  71.61880	   7.50000	       10B
  67.28926	  75.95940	   7.50000	       11B
  45.70591	  69.44850	   7.50000	       11B
  45.70591	  73.78909	   7.50000	       11B
  45.70591	  78.12969	   7.50000	       11B
  48.24513	  69.44850	   7.50000	       10B
  48.24513	  73.78909	   7.50000	       11B
  48.24513	  78.12969	   7.50000	       11B
  50.78435	  69.44850	   7.50000	       11B
  50.78435	  73.78909	   7.50000	       11B
  50.78435	  78.12969	   7.50000	       11B
  53.32357	  69.44850	   7.50000	       11B
  53.32357	  73.78909	   7.50000	       10B
  53.32357	  78.12969	   7.50000	       11B
  55.86278	  69.44850	   7.50000	       11B
  55.86278	  73.78909	   7.50000	       11B
  55.86278	  78.12969	   7.50000	       11B
  58.40200	  69.44850	   7.50000	       11B
  58.40200	  73.78909	   7.50000	       11B
  58.40200	  78.12969	   7.50000	       11B
  60.94122	  69.44850	   7.50000	       11B
  60.94122	  73.78909	   7.50000	       10B
  60.94122	  78.12969	   7.50000	       10B
  63.48044	  69.44850	   7.50000	       11B
  63.48044	  73.78909	   7.50000	       11B
  63.48044	  78.12969	   7.50000	       11B
  66.01965	  69.44850	   7.50000	       10B
  66.01965	  73.78909	   7.50000	       11B
  66.01965	  78.12969	   7.50000	       11B
  46.97552	  68.72968	   7.50000	       14N
  46.97552	  73.07028	   7.50000	       14N
  46.97552	  77.41087	   7.50000	       14N
  49.51474	  68.72968	   7.50000	       14N
  49.51474	  73.07028	   7.50000	       14N
  49.51474	  77.41087	   7.50000	       14N
  52.05396	  68.72968	   7.50000	       14N
  52.05396	  73.07028	   7.50000	       14N
  52.05396	  77.41087	   7.50000	       14N
  54.59317	  68.72968	   7.50000	       14N
  54.59317	  73.07028	   7.50000	       14N
  54.59317	  77.41087	   7.50000	       14N
  57.13239	  68.72968	   7.50000	       14N
  57.13239	  73.07028	   7.50000	       14N
  57.13239	  77.41087	   7.50000	       14N
  59.67161	  68.72968	   7.50000	       14N
  59.67161	  73.07028	   7.50000	       14N
  59.67161	  77.41087	   7.50000	       14N
  62.21083	  68.72968	   7.50000	       14N
  62.21083	  73.07028	   7.50000	       14N
  62.21083	  77.41087	   7.50000	       14N
  64.75004	  68.72968	   7.50000	       14N
  64.75004	  73.07028	   7.50000	       14N
  64.75004	  77.41087	   7.50000	       14N
  67.28926	  68.72968	   7.50000	       14N
  67.28926	  73.07028	   7.50000	       14N
  67.28926	  77.41087	   7.50000	       14N
  45.70591	  66.55938	   7.50000	       14N
  45.70591	  70.89998	   7.50000	       14N
  45.70591	  75.24057	   7.50000	       14N
  48.24513	  66.55938	   7.50000	       14N
  48.24513	  70.89998	   7.50000	       14N
  48.24513	  75.24057	   7.50000	       14N
  50.78435	  66.55938	   7.50000	       14N
  50.78435	  70.89998	   7.50000	       14N
  50.78435	  75.24057	   7.50000	       14N
  53.32357	  66.55938	   7.50000	       14N
  53.32357	  70.89998	   7.50000	       14N
  53.32357	  75.24057	   7.50000	       14N
  55.86278	  66.55938	   7.50000	       14N
  55.86278	  70.89998	   7.50000	       14N
  55.86278	  75.24057	   7.50000	       14N
  58.40200	  66.55938	   7.50000	       14N
  58.40200	  70.89998	   7.50000	       14N
  58.40200	  75.24057	   7.50000	       14N
  60.94122	  66.55938	   7.50000	       14N
  60.94122	  70.89998	   7.50000	       14N
  60.94122	  75.24057	   7.50000	       14N
  63.48044	  66.55938	   7.50000	       14N
  63.48044	  70.89998	   7.50000	       14N
  63.48044	  75.24057	   7.50000	       14N
  66.01965	  66.55938	   7.50000	       14N
  66.01965	  70.89998	   7.50000	       14N
  66.01965	  75.24057	   7.50000	       14N
  45.70591	  79.58117	   7.50000	       14N
  48.24513	  79.58117	   7.50000	       14N
  50.78435	  79.58117	   7.50000	       14N
  53.32357	  79.58117	   7.50000	       14N
  55.86278	  79.58117	   7.50000	       14N
  58.40200	  79.58117	   7.50000	       14N
  60.94122	  79.58117	   7.50000	       14N
  63.48044	  79.58117	   7.50000	       14N
  66.01965	  79.58117	   7.50000	       14N
  69.82848	   2.16923	   7.50000	       11B
  69.82848	   6.50982	   7.50000	       11B
  69.82848	  10.85042	   7.50000	       11B
  72.36770	   2.16923	   7.50000	       11B
  72.36770	   6.50982	   7.50000	       11B
  72.36770	  10.85042	   7.50000	       11B
  74.90691	   2.16923	   7.50000	       11B
  74.90691	   6.50982	   7.50000	       10B
  74.90691	  10.85042	   7.50000	       11B
  77.44613	   2.16923	   7.50000	       10B
  77.44613	   6.50982	   7.50000	       11B
  77.44613	  10.85042	   7.50000	       11B
  79.98535	   2.16923	   7.50000	       11B
  79.98535	   6.50982	   7.50000	       11B
  79.98535	  10.85042	   7.50000	       11B
  68.55887	   4.33952	   7.50000	       11B
  68.55887	   8.68012	   7.50000	       11B
  68.55887	  13.02072	   7.50000	       11B
  71.09809	   4.33952	   7.50000	       11B
  71.09809	   8.68012	   7.50000	       10B
  71.09809	  13.02072	   7.50000	       11B
  73.63730	   4.33952	   7.50000	       11B
  73.63730	   8.68012	   7.50000	       11B
  73.63730	  13.02072	   7.50000	       11B
  76.17652	   4.33952	   7.50000	       11B
  76.17652	   8.68012	   7.50000	       11B
  76.17652	  13.02072	   7.50000	       11B
  78.71574	   4.33952	   7.50000	       11B
  78.71574	   8.68012	   7.50000	       11B
  78.71574	  13.02072	   7.50000	       11B
  69.82848	   3.62070	   7.50000	       14N
  69.82848	   7.96130	   7.50000	       14N
  69.82848	  12.30190	   7.50000	       14N
  72.36770	   3.62070	   7.50000	       14N
  72.36770	   7.96130	   7.50000	       14N
  72.36770	  12.30190	   7.50000	       14N
  74.90691	   3.62070	   7.50000	       14N
  74.90691	   7.96130	   7.50000	       14N
  74.90691	  12.30190	   7.50000	       14N
  77.44613	   3.62070	   7.50000	       14N
  77.44613	   7.96130	   7.50000	       14N
  77.44613	  12.30190	   7.50000	       14N
  79.98535	   3.62070	   7.50000	       14N
  79.98535	   7.96130	   7.50000	       14N
  79.98535	  12.30190	   7.50000	       14N
  68.55887	   1.45040	   7.50000	       14N
  68.55887	   5.79100	   7.50000	       14N
  68.55887	  10.13160	   7.50000	       14N
  71.09809	   1.45040	   7.50000	       14N
  71.09809	   5.79100	   7.50000	       14N
  71.09809	  10.13160	   7.50000	       14N
  73.63730	   1.45040	   7.50000	       14N
  73.63730	   5.79100	   7.50000	       14N
  73.63730	  10.13160	   7.50000	       14N
  76.17652	   1.45040	   7.50000	       14N
  76.17652	   5.79100	   7.50000	       14N
  76.17652	  10.13160	   7.50000	       14N
  78.71574	   1.45040	   7.50000	       14N
  78.71574	   5.79100	   7.50000	       14N
  78.71574	  10.13160	   7.50000	       14N
  69.82848	  15.19102	   7.50000	       11B
  69.82848	  19.53162	   7.50000	       11B
  69.82848	  23.87222	   7.50000	       10B
  72.36770	  15.19102	   7.50000	       11B
  72.36770	  19.53162	   7.50000	       11B
  72.36770	  23.87222	   7.50000	       11B
  74.90691	  15.19102	   7.50000	       11B
  74.90691	  19.53162	   7.50000	       11B
  74.90691	  23.87222	   7.50000	       11B
  77.44613	  15.19102	   7.50000	       10B
  77.44613	  19.53162	   7.50000	       10B
  77.44613	  23.87222	   7.50000	       10B
  79.98535	  15.19102	   7.50000	       10B
  79.98535	  19.53162	   7.50000	       11B
  79.98535	  23.87222	   7.50000	       11B
  68.55887	  17.36132	   7.50000	       11B
  68.55887	  21.70191	   7.50000	       11B
  68.55887	  26.04251	   7.50000	       10B
  71.09809	  17.36132	   7.50000	       11B
  71.09809	  21.70191	   7.50000	       11B
  71.09809	  26.04251	   7.50000	       11B
  73.63730	  17.36132	   7.50000	       11B
  73.63730	  21.70191	   7.50000	       10B
  73.63730	  26.04251	   7.50000	       11B
  76.17652	  17.36132	   7.50000	       11B
  76.17652	  21.70191	   7.50000	       11B
  76.17652	  26.04251	   7.50000	       11B
  78.71574	  17.36132	   7.50000	       11B
  78.71574	  21.70191	   7.50000	       10B
  78.71574	  26.04251	   7.50000	       11B
  69.82848	  16.64250	   7.50000	       14N
  69.82848	  20.98310	   7.50000	       14N
  69.82848	  25.32369	   7.50000	       14N
  72.36770	  16.64250	   7.50000	       14N
  72.36770	  20.98310	   7.50000	       14N
  72.36770	  25.32369	   7.50000	       14N
  74.90691	  16.64250	   7.50000	       14N
  74.90691	  20.98310	   7.50000	       14N
  74.90691	  25.32369	   7.50000	       14N
  77.44613	  16.64250	   7.50000	       14N
  77.44613	  20.98310	   7.50000	       14N
  77.44613	  25.32369	   7.50000	       14N
  79.98535	  16.64250	   7.50000	       14N
  79.98535	  20.98310	   7.50000	       14N
  79.98535	  25.32369	   7.50000	       14N
  68.55887	  14.47220	   7.50000	       14N
  68.55887	  18.81279	   7.50000	       14N
  68.55887	  23.15339	   7.50000	       14N
  71.09809	  14.47220	   7.50000	       14N
  71.09809	  18.81279	   7.50000	       14N
  71.09809	  23.15339	   7.50000	       14N
  73.63730	  14.47220	   7.50000	       14N
  73.63730	  18.81279	   7.50000	       14N
  73.63730	  23.15339	   7.50000	       14N
  76.17652	  14.47220	   7.50000	       14N
  76.17652	  18.81279	   7.50000	       14N
  76.17652	  23.15339	   7.50000	       14N
  78.71574	  14.47220	   7.50000	       14N
  78.71574	  18.81279	   7.50000	       14N
  78.71574	  23.15339	   7.50000	       14N
  69.82848	  28.21282	   7.50000	       11B
  69.82848	  32.55341	   7.50000	       11B
  69.82848	  36.89401	   7.50000	       11B
  72.36770	  28.21282	   7.50000	       10B
  72.36770	  32.55341	   7.50000	       11B
  72.36770	  36.89401	   7.50000	       11B
  74.90691	  28.21282	   7.50000	       11B
  74.90691	  32.55341	   7.50000	       11B
  74.90691	  36.89401	   7.50000	       11B
  77.44613	  28.21282	   7.50000	       11B
  77.44613	  32.55341	   7.50000	       11B
  77.44613	  36.89401	   7.50000	       11B
  79.98535	  28.21282	   7.50000	       11B
  79.98535	  32.55341	   7.50000	       10B
  79.98535	  36.89401	   7.50000	       11B
  68.55887	  30.38311	   7.50000	       11B
  68.55887	  34.72371	   7.50000	       11B
  68.55887	  39.06431	   7.50000	       11B
  71.09809	  30.38311	   7.50000	       11B
  71.09809	  34.72371	   7.50000	       11B
  71.09809	  39.06431	   7.50000	       11B
  73.63730	  30.38311	   7.50000	       11B
  73.63730	  34.72371	   7.50000	       11B
  73.63730	  39.06431	   7.50000	       11B
  76.17652	  30.38311	   7.50000	       11B
  76.17652	  34.72371	   7.50000	       11B
  76.17652	  39.06431	   7.50000	       11B
  78.71574	  30.38311	   7.50000	       11B
  78.71574	  34.72371	   7.50000	       10B
  78.71574	  39.06431	   7.50000	       11B
  69.82848	  29.66429	   7.50000	       14N
  69.82848	  34.00489	   7.50000	       14N
  69.82848	  38.34549	   7.50000	       14N
  72.36770	  29.66429	   7.50000	       14N
  72.36770	  34.00489	   7.50000	       14N
  72.36770	  38.34549	   7.50000	       14N
  74.90691	  29.66429	   7.50000	       14N
  74.90691	  34.00489	   7.50000	       15N
  74.90691	  38.34549	   7.50000	       14N
  77.44613	  29.66429	   7.50000	       14N
  77.44613	  34.00489	   7.50000	       14N
  77.44613	  38.34549	   7.50000	       14N
  79.98535	  29.66429	   7.50000	       14N
  79.98535	  34.00489	   7.50000	       14N
  79.98535	  38.34549	   7.50000	       14N
  68.55887	  27.49399	   7.50000	       14N
  68.55887	  31.83459	   7.50000	       14N
  68.55887	  36.17519	   7.50000	       14N
  71.09809	  27.49399	   7.50000	       14N
  71.09809	  31.83459	   7.50000	       14N
  71.09809	  36.17519	   7.50000	       14N
  73.63730	  27.49399	   7.50000	       14N
  73.63730	  31.83459	   7.50000	       14N
  73.63730	  36.17519	   7.50000	       14N
  76.17652	  27.49399	   7.50000	       14N
  76.17652	  31.83459	   7.50000	       14N
  76.17652	  36.17519	   7.50000	       14N
  78.71574	  27.49399	   7.50000	       14N
  78.71574	  31.83459	   7.50000	       14N
  78.71574	  36.17519	   7.50000	       14N
  69.82848	  41.23461	   7.50000	       11B
  69.82848	  45.57521	   7.50000	       11B
  69.82848	  49.91581	   7.50000	       11B
  72.36770	  41.23461	   7.50000	       10B
  72.36770	  45.57521	   7.50000	       11B
  72.36770	  49.91581	   7.50000	       11B
  74.90691	  41.23461	   7.50000	       11B
  74.90691	  45.57521	   7.50000	       11B
  74.90691	  49.91581	   7.50000	       11B
  77.44613	  41.23461	   7.50000	       11B
  77.44613	  45.57521	   7.50000	       11B
  77.44613	  49.91581	   7.50000	       11B
  79.98535	  41.23461	   7.50000	       11B
  79.98535	  45.57521	   7.50000	       11B
  79.98535	  49.91581	   7.50000	       10B
  68.55887	  43.40491	   7.50000	       11B
  68.55887	  47.74550	   7.50000	       11B
  68.55887	  52.08610	   7.50000	       11B
  71.09809	  43.40491	   7.50000	       11B
  71.09809	  47.74550	   7.50000	       11B
  71.09809	  52.08610	   7.50000	       10B
  73.63730	  43.40491	   7.50000	       11B
  73.63730	  47.74550	   7.50000	       11B
  73.63730	  52.08610	   7.50000	       11B
  76.17652	  43.40491	   7.50000	       11B
  76.17652	  47.74550	   7.50000	       11B
  76.17652	  52.08610	   7.50000	       11B
  78.71574	  43.40491	   7.50000	       11B
  78.71574	  47.74550	   7.50000	       11B
  78.71574	  52.08610	   7.50000	       11B
  69.82848	  42.68609	   7.50000	       14N
  69.82848	  47.02669	   7.50000	       14N
  69.82848	  51.36728	   7.50000	       14N
  72.36770	  42.68609	   7.50000	       14N
  72.36770	  47.02669	   7.50000	       14N
  72.36770	  51.36728	   7.50000	       14N
  74.90691	  42.68609	   7.50000	       14N
  74.90691	  47.02669	   7.50000	       14N
  74.90691	  51.36728	   7.50000	       14N
  77.44613	  42.68609	   7.50000	       14N
  77.44613	  47.02669	   7.50000	       14N
  77.44613	  51.36728	   7.50000	       14N
  79.98535	  42.68609	   7.50000	       14N
  79.98535	  47.02669	   7.50000	       14N
  79.98535	  51.36728	   7.50000	       14N
  68.55887	  40.51579	   7.50000	       14N
  68.55887	  44.85639	   7.50000	       14N
  68.55887	  49.19698	   7.50000	       14N
  71.09809	  40.51579	   7.50000	       14N
  71.09809	  44.85639	   7.50000	       14N
  71.09809	  49.19698	   7.50000	       14N
  73.63730	  40.51579	   7.50000	       14N
  73.63730	  44.85639	   7.50000	       14N
  73.63730	  49.19698	   7.50000	       14N
  76.17652	  40.51579	   7.50000	       14N
  76.17652	  44.85639	   7.50000	       14N
  76.17652	  49.19698	   7.50000	       14N
  78.71574	  40.51579	   7.50000	       14N
  78.71574	  44.85639	   7.50000	       14N
  78.71574	  49.19698	   7.50000	       14N
  69.82848	  54.25641	   7.50000	       11B
  69.82848	  58.59700	   7.50000	       11B
  69.82848	  62.93760	   7.50000	       11B
  72.36770	  54.25641	   7.50000	       11B
  72.36770	  58.59700	   7.50000	       11B
  72.36770	  62.93760	   7.50000	       11B
  74.90691	  54.25641	   7.50000	       10B
  74.90691	  58.59700	   7.50000	       11B
  74.90691	  62.93760	   7.50000	       11B
  77.44613	  54.25641	   7.50000	       11B
  77.44613	  58.59700	   7.50000	       11B
  77.44613	  62.93760	   7.50000	       11B
  79.98535	  54.25641	   7.50000	       10B
  79.98535	  58.59700	   7.50000	       11B
  79.98535	  62.93760	   7.50000	       10B
  68.55887	  56.42670	   7.50000	       11B
  68.55887	  60.76730	   7.50000	       11B
  68.55887	  65.10790	   7.50000	       11B
  71.09809	  56.42670	   7.50000	       11B
  71.09809	  60.76730	   7.50000	       11B
  71.09809	  65.10790	   7.50000	       11B
  73.63730	  56.42670	   7.50000	       10B
  73.63730	  60.76730	   7.50000	       11B
  73.63730	  65.10790	   7.50000	       10B
  76.17652	  56.42670	   7.50000	       11B
  76.17652	  60.76730	   7.50000	       11B
  76.17652	  65.10790	   7.50000	       11B
  78.71574	  56.42670	   7.50000	       11B
  78.71574	  60.76730	   7.50000	       11B
  78.71574	  65.10790	   7.50000	       10B
  69.82848	  55.70788	   7.50000	       14N
  69.82848	  60.04848	   7.50000	       14N
  69.82848	  64.38908	   7.50000	       14N
  72.36770	  55.70788	   7.50000	       14N
  72.36770	  60.04848	   7.50000	       14N
  72.36770	  64.38908	   7.50000	       14N
  74.90691	  55.70788	   7.50000	       14N
  74.90691	  60.04848	   7.50000	       14N
  74.90691	  64.38908	   7.50000	       14N
  77.44613	  55.70788	   7.50000	       14N
  77.44613	  60.04848	   7.50000	       14N
  77.44613	  64.38908	   7.50000	       14N
  79.98535	  55.70788	   7.50000	       14N
  79.98535	  60.04848	   7.50000	       14N
  79.98535	  64.38908	   7.50000	       14N
  68.55887	  53.53758	   7.50000	       14N
  68.55887	  57.87818	   7.50000	       14N
  68.55887	  62.21878	   7.50000	       14N
  71.09809	  53.53758	   7.50000	       14N
  71.09809	  57.87818	   7.50000	       14N
  71.09809	  62.21878	   7.50000	       14N
  73.63730	  53.53758	   7.50000	       14N
  73.63730	  57.87818	   7.50000	       14N
  73.63730	  62.21878	   7.50000	       14N
  76.17652	  53.53758	   7.50000	       14N
  76.17652	  57.87818	   7.50000	       14N
  76.17652	  62.21878	   7.50000	       14N
  78.71574	  53.53758	   7.50000	       14N
  78.71574	  57.87818	   7.50000	       14N
  78.71574	  62.21878	   7.50000	       14N
  69.82848	  67.27820	   7.50000	       11B
  69.82848	  71.61880	   7.50000	       11B
  69.82848	  75.95940	   7.50000	       11B
  72.36770	  67.27820	   7.50000	       11B
  72.36770	  71.61880	   7.50000	       11B
  72.36770	  75.95940	   7.50000	       10B
  74.90691	  67.27820	   7.50000	       10B
  74.90691	  71.61880	   7.50000	       11B
  74.90691	  75.95940	   7.50000	       11B
  77.44613	  67.27820	   7.50000	       11B
  77.44613	  71.61880	   7.50000	       11B
  77.44613	  75.95940	   7.50000	       11B
  79.98535	  67.27820	   7.50000	       11B
  79.98535	  71.61880	   7.50000	       10B
  79.98535	  75.95940	   7.50000	       10B
  68.55887	  69.44850	   7.50000	       11B
  68.55887	  73.78909	   7.50000	       11B
  68.55887	  78.12969	   7.50000	       11B
  71.09809	  69.44850	   7.50000	       11B
  71.09809	  73.78909	   7.50000	       11B
  71.09809	  78.12969	   7.50000	       10B
  73.63730	  69.44850	   7.50000	       11B
  73.63730	  73.78909	   7.50000	       11B
  73.63730	  78.12969	   7.50000	       11B
  76.17652	  69.44850	   7.50000	       10B
  76.17652	  73.78909	   7.50000	       11B
  76.17652	  78.12969	   7.50000	       11B
  78.71574	  69.44850	   7.50000	       11B
  78.71574	  73.78909	   7.50000	       11B
  78.71574	  78.12969	   7.50000	       11B
  69.82848	  68.72968	   7.50000	       14N
  69.82848	  73.07028	   7.50000	       15N
  69.82848	  77.41087	   7.50000	       14N
  72.36770	  68.72968	   7.50000	       14N
  72.36770	  73.07028	   7.50000	       14N
  72.36770	  77.41087	   7.50000	       14N
  74.90691	  68.72968	   7.50000	       14N
  74.90691	  73.07028	   7.50000	       14N
  74.90691	  77.41087	   7.50000	       14N
  77.44613	  68.72968	   7.50000	       14N
  77.44613	  73.07028	   7.50000	       14N
  77.44613	  77.41087	   7.50000	       14N
  79.98535	  68.72968	   7.50000	       14N
  79.98535	  73.07028	   7.50000	       14N
  79.98535	  77.41087	   7.50000	       14N
  68.55887	  66.55938	   7.50000	       14N
  68.55887	  70.89998	   7.50000	       14N
  68.55887	  75.24057	   7.50000	       14N
  71.09809	  66.55938	   7.50000	       14N
  71.09809	  70.89998	   7.50000	       14N
  71.09809	  75.24057	   7.50000	       14N
  73.63730	  66.55938	   7.50000	       14N
  73.63730	  70.89998	   7.50000	       14N
  73.63730	  75.24057	   7.50000	       14N
  76.17652	  66.55938	   7.50000	       14N
  76.17652	  70.89998	   7.50000	       14N
  76.17652	  75.24057	   7.50000	       14N
  78.71574	  66.55938	   7.50000	       14N
  78.71574	  70.89998	   7.50000	       14N
  78.71574	  75.24057	   7.50000	       14N
  68.55887	  79.58117	   7.50000	       14N
  71.09809	  79.58117	   7.50000	       14N
  73.63730	  79.58117	   7.50000	       14N
  76.17652	  79.58117	   7.50000	       14N
  78.71574	  79.58117	   7.50000	       14N
