		{
			"dfname"	: "P1",
			"naddspin" 	: 1,
			"types" 	: [15N],
			"spins" 	: [0.5],   
			"gyros" 	: [-2.71261804],
			"navaax" 	: 4,
		
			"hypf" 		: [ [1, "15N",  [-114.060798,     0.000000,    0.000000,    0.000000,   -114.060798,     0.000000 ,    0.000000,    0.000000,   -159.951079]],  
			  				[2, "15N",  [-144.654779,   -17.663442,  -12.489096,  -17.663442,   -124.258790,    -7.210583 ,  -12.489096,   -7.210583,   -119.159104]], 
			  				[3, "15N",  [-144.654772,    17.663446,   12.489095,   17.663446,   -124.258798,    -7.210585 ,   12.489095,   -7.210585,   -119.159104]],
			  				[4, "15N",  [-114.060798,     0.000001,    0.000000,    0.000001,   -154.852772,     14.421165,    0.000000,   14.421165,   -119.159104]]]
		}
