		{   
            "dfname": "P1",
            "apprx": true,
            "naddspin" : 0,
            "navaax" : 8, 
            "detuning" : [ [1,  "e",   79.9755395],
                           [2,  "e",   59.5795520],
                           [3,  "e",   59.5795520],
                           [4,  "e",   59.5795520],
                           [5,  "e",  -79.9755395],
                           [6,  "e",  -59.5795520],
                           [7,  "e",  -59.5795520],
                           [8,  "e",  -59.5795520]]
        }   

