		{   
            "dfname": "P1",
            "apprx": true,
            "naddspin" : 0,
            "navaax" : 12, 
            "detuning" : [ [1,  "e",   84.946496],
                           [2,  "e",   84.946496],
                           [3,  "e",   84.946496],
                           [4,  "e",     0.00000],
                           [5,  "e",     0.00000],
                           [6,  "e",     0.00000],
                           [7,  "e",  -84.946496],
                           [8,  "e",  -84.946496],
                           [9,  "e",  -84.946496],
                           [10, "e",  114.026400],
                           [11, "e",     0.00000],
                           [12, "e", -114.026400]]
        }   

