2406.00000	   0.00000	   0.00000	   0.00000
   1.25704	   2.17825	   7.50000	       11B
   1.25704	   6.53276	   7.50000	       11B
   1.25704	  10.88727	   7.50000	       11B
   3.77111	   2.17825	   7.50000	       11B
   3.77111	   6.53276	   7.50000	       11B
   3.77111	  10.88727	   7.50000	       11B
   6.28519	   2.17825	   7.50000	       11B
   6.28519	   6.53276	   7.50000	       10B
   6.28519	  10.88727	   7.50000	       11B
   8.79927	   2.17825	   7.50000	       11B
   8.79927	   6.53276	   7.50000	       11B
   8.79927	  10.88727	   7.50000	       11B
  11.31334	   2.17825	   7.50000	       10B
  11.31334	   6.53276	   7.50000	       10B
  11.31334	  10.88727	   7.50000	       11B
  13.82742	   2.17825	   7.50000	       11B
  13.82742	   6.53276	   7.50000	       11B
  13.82742	  10.88727	   7.50000	       11B
  16.34150	   2.17825	   7.50000	       10B
  16.34150	   6.53276	   7.50000	       11B
  16.34150	  10.88727	   7.50000	       11B
  18.85557	   2.17825	   7.50000	       11B
  18.85557	   6.53276	   7.50000	       11B
  18.85557	  10.88727	   7.50000	       11B
  21.36965	   2.17825	   7.50000	       11B
  21.36965	   6.53276	   7.50000	       11B
  21.36965	  10.88727	   7.50000	       11B
   0.00000	   0.00098	   7.50000	       11B
   0.00000	   4.35549	   7.50000	       11B
   0.00000	   8.71000	   7.50000	       11B
   2.51408	   0.00098	   7.50000	       11B
   2.51408	   4.35549	   7.50000	       10B
   2.51408	   8.71000	   7.50000	       10B
   5.02815	   0.00098	   7.50000	       11B
   5.02815	   4.35549	   7.50000	       11B
   5.02815	   8.71000	   7.50000	       10B
   7.54223	   0.00098	   7.50000	       11B
   7.54223	   4.35549	   7.50000	       11B
   7.54223	   8.71000	   7.50000	       11B
  10.05631	   0.00098	   7.50000	       11B
  10.05631	   4.35549	   7.50000	       11B
  10.05631	   8.71000	   7.50000	       11B
  12.57038	   0.00098	   7.50000	       11B
  12.57038	   4.35549	   7.50000	       11B
  12.57038	   8.71000	   7.50000	       11B
  15.08446	   0.00098	   7.50000	       11B
  15.08446	   4.35549	   7.50000	       11B
  15.08446	   8.71000	   7.50000	       11B
  17.59854	   0.00098	   7.50000	       11B
  17.59854	   4.35549	   7.50000	       11B
  17.59854	   8.71000	   7.50000	       10B
  20.11261	   0.00098	   7.50000	       11B
  20.11261	   4.35549	   7.50000	       11B
  20.11261	   8.71000	   7.50000	       11B
   1.25704	   3.63024	   7.50000	       14N
   1.25704	   7.98475	   7.50000	       15N
   3.77111	   3.63024	   7.50000	       14N
   3.77111	   7.98475	   7.50000	       14N
   6.28519	   3.63024	   7.50000	       14N
   6.28519	   7.98475	   7.50000	       14N
   8.79927	   3.63024	   7.50000	       14N
   8.79927	   7.98475	   7.50000	       14N
  11.31334	   3.63024	   7.50000	       14N
  11.31334	   7.98475	   7.50000	       14N
  13.82742	   3.63024	   7.50000	       14N
  13.82742	   7.98475	   7.50000	       14N
  16.34150	   3.63024	   7.50000	       14N
  16.34150	   7.98475	   7.50000	       14N
  18.85557	   3.63024	   7.50000	       14N
  18.85557	   7.98475	   7.50000	       14N
  21.36965	   3.63024	   7.50000	       14N
  21.36965	   7.98475	   7.50000	       14N
   0.00000	   1.45298	   7.50000	       14N
   0.00000	   5.80749	   7.50000	       14N
   0.00000	  10.16200	   7.50000	       14N
   2.51408	   1.45298	   7.50000	       14N
   2.51408	   5.80749	   7.50000	       14N
   2.51408	  10.16200	   7.50000	       14N
   5.02815	   1.45298	   7.50000	       14N
   5.02815	   5.80749	   7.50000	       14N
   5.02815	  10.16200	   7.50000	       14N
   7.54223	   1.45298	   7.50000	       14N
   7.54223	   5.80749	   7.50000	       14N
   7.54223	  10.16200	   7.50000	       14N
  10.05631	   1.45298	   7.50000	       14N
  10.05631	   5.80749	   7.50000	       14N
  10.05631	  10.16200	   7.50000	       14N
  12.57038	   1.45298	   7.50000	       14N
  12.57038	   5.80749	   7.50000	       14N
  12.57038	  10.16200	   7.50000	       14N
  15.08446	   1.45298	   7.50000	       14N
  15.08446	   5.80749	   7.50000	       14N
  15.08446	  10.16200	   7.50000	       14N
  17.59854	   1.45298	   7.50000	       14N
  17.59854	   5.80749	   7.50000	       14N
  17.59854	  10.16200	   7.50000	       14N
  20.11261	   1.45298	   7.50000	       14N
  20.11261	   5.80749	   7.50000	       14N
  20.11261	  10.16200	   7.50000	       14N
   1.25704	  15.24177	   7.50000	       11B
   1.25704	  19.59628	   7.50000	       11B
   1.25704	  23.95079	   7.50000	       11B
   3.77111	  15.24177	   7.50000	       11B
   3.77111	  19.59628	   7.50000	       10B
   3.77111	  23.95079	   7.50000	       11B
   6.28519	  15.24177	   7.50000	       10B
   6.28519	  19.59628	   7.50000	       11B
   6.28519	  23.95079	   7.50000	       11B
   8.79927	  15.24177	   7.50000	       11B
   8.79927	  19.59628	   7.50000	       11B
   8.79927	  23.95079	   7.50000	       10B
  11.31334	  15.24177	   7.50000	       10B
  11.31334	  19.59628	   7.50000	       11B
  11.31334	  23.95079	   7.50000	       11B
  13.82742	  15.24177	   7.50000	       10B
  13.82742	  19.59628	   7.50000	       11B
  13.82742	  23.95079	   7.50000	       10B
  16.34150	  15.24177	   7.50000	       11B
  16.34150	  19.59628	   7.50000	       11B
  16.34150	  23.95079	   7.50000	       11B
  18.85557	  15.24177	   7.50000	       11B
  18.85557	  19.59628	   7.50000	       11B
  18.85557	  23.95079	   7.50000	       10B
  21.36965	  15.24177	   7.50000	       11B
  21.36965	  19.59628	   7.50000	       11B
  21.36965	  23.95079	   7.50000	       10B
   0.00000	  13.06450	   7.50000	       11B
   0.00000	  17.41901	   7.50000	       10B
   0.00000	  21.77352	   7.50000	       11B
   2.51408	  13.06450	   7.50000	       10B
   2.51408	  17.41901	   7.50000	       11B
   2.51408	  21.77352	   7.50000	       11B
   5.02815	  13.06450	   7.50000	       11B
   5.02815	  17.41901	   7.50000	       11B
   5.02815	  21.77352	   7.50000	       11B
   7.54223	  13.06450	   7.50000	       11B
   7.54223	  17.41901	   7.50000	       10B
   7.54223	  21.77352	   7.50000	       11B
  10.05631	  13.06450	   7.50000	       11B
  10.05631	  17.41901	   7.50000	       11B
  10.05631	  21.77352	   7.50000	       11B
  12.57038	  13.06450	   7.50000	       11B
  12.57038	  17.41901	   7.50000	       11B
  12.57038	  21.77352	   7.50000	       10B
  15.08446	  13.06450	   7.50000	       10B
  15.08446	  17.41901	   7.50000	       11B
  15.08446	  21.77352	   7.50000	       11B
  17.59854	  13.06450	   7.50000	       10B
  17.59854	  17.41901	   7.50000	       11B
  17.59854	  21.77352	   7.50000	       11B
  20.11261	  13.06450	   7.50000	       11B
  20.11261	  17.41901	   7.50000	       11B
  20.11261	  21.77352	   7.50000	       11B
   1.25704	  16.69376	   7.50000	       14N
   1.25704	  21.04827	   7.50000	       14N
   1.25704	  12.33926	   7.50000	       15N
   3.77111	  16.69376	   7.50000	       14N
   3.77111	  21.04827	   7.50000	       14N
   3.77111	  12.33926	   7.50000	       14N
   6.28519	  16.69376	   7.50000	       14N
   6.28519	  21.04827	   7.50000	       14N
   6.28519	  12.33926	   7.50000	       14N
   8.79927	  16.69376	   7.50000	       14N
   8.79927	  21.04827	   7.50000	       14N
   8.79927	  12.33926	   7.50000	       14N
  11.31334	  16.69376	   7.50000	       14N
  11.31334	  21.04827	   7.50000	       14N
  11.31334	  12.33926	   7.50000	       14N
  13.82742	  16.69376	   7.50000	       14N
  13.82742	  21.04827	   7.50000	       14N
  13.82742	  12.33926	   7.50000	       14N
  16.34150	  16.69376	   7.50000	       14N
  16.34150	  21.04827	   7.50000	       14N
  16.34150	  12.33926	   7.50000	       14N
  18.85557	  16.69376	   7.50000	       14N
  18.85557	  21.04827	   7.50000	       14N
  18.85557	  12.33926	   7.50000	       14N
  21.36965	  16.69376	   7.50000	       14N
  21.36965	  21.04827	   7.50000	       14N
  21.36965	  12.33926	   7.50000	       14N
   0.00000	  14.51651	   7.50000	       14N
   0.00000	  18.87102	   7.50000	       14N
   0.00000	  23.22552	   7.50000	       14N
   2.51408	  14.51651	   7.50000	       14N
   2.51408	  18.87102	   7.50000	       14N
   2.51408	  23.22552	   7.50000	       14N
   5.02815	  14.51651	   7.50000	       14N
   5.02815	  18.87102	   7.50000	       14N
   5.02815	  23.22552	   7.50000	       14N
   7.54223	  14.51651	   7.50000	       14N
   7.54223	  18.87102	   7.50000	       14N
   7.54223	  23.22552	   7.50000	       14N
  10.05631	  14.51651	   7.50000	       14N
  10.05631	  18.87102	   7.50000	       14N
  10.05631	  23.22552	   7.50000	       14N
  12.57038	  14.51651	   7.50000	       14N
  12.57038	  18.87102	   7.50000	       14N
  12.57038	  23.22552	   7.50000	       14N
  15.08446	  14.51651	   7.50000	       14N
  15.08446	  18.87102	   7.50000	       14N
  15.08446	  23.22552	   7.50000	       14N
  17.59854	  14.51651	   7.50000	       14N
  17.59854	  18.87102	   7.50000	       14N
  17.59854	  23.22552	   7.50000	       14N
  20.11261	  14.51651	   7.50000	       14N
  20.11261	  18.87102	   7.50000	       14N
  20.11261	  23.22552	   7.50000	       14N
   1.25704	  28.30530	   7.50000	       11B
   1.25704	  32.65981	   7.50000	       11B
   1.25704	  37.01432	   7.50000	       10B
   3.77111	  28.30530	   7.50000	       11B
   3.77111	  32.65981	   7.50000	       10B
   3.77111	  37.01432	   7.50000	       11B
   6.28519	  28.30530	   7.50000	       11B
   6.28519	  32.65981	   7.50000	       11B
   6.28519	  37.01432	   7.50000	       10B
   8.79927	  28.30530	   7.50000	       11B
   8.79927	  32.65981	   7.50000	       11B
   8.79927	  37.01432	   7.50000	       11B
  11.31334	  28.30530	   7.50000	       11B
  11.31334	  32.65981	   7.50000	       11B
  11.31334	  37.01432	   7.50000	       10B
  13.82742	  28.30530	   7.50000	       11B
  13.82742	  32.65981	   7.50000	       11B
  13.82742	  37.01432	   7.50000	       11B
  16.34150	  28.30530	   7.50000	       11B
  16.34150	  32.65981	   7.50000	       11B
  16.34150	  37.01432	   7.50000	       11B
  18.85557	  28.30530	   7.50000	       11B
  18.85557	  32.65981	   7.50000	       11B
  18.85557	  37.01432	   7.50000	       11B
  21.36965	  28.30530	   7.50000	       11B
  21.36965	  32.65981	   7.50000	       11B
  21.36965	  37.01432	   7.50000	       11B
   0.00000	  26.12803	   7.50000	       11B
   0.00000	  30.48254	   7.50000	       11B
   0.00000	  34.83705	   7.50000	       10B
   2.51408	  26.12803	   7.50000	       11B
   2.51408	  30.48254	   7.50000	       11B
   2.51408	  34.83705	   7.50000	       10B
   5.02815	  26.12803	   7.50000	       10B
   5.02815	  30.48254	   7.50000	       11B
   5.02815	  34.83705	   7.50000	       11B
   7.54223	  26.12803	   7.50000	       11B
   7.54223	  30.48254	   7.50000	       10B
   7.54223	  34.83705	   7.50000	       11B
  10.05631	  26.12803	   7.50000	       11B
  10.05631	  30.48254	   7.50000	       11B
  10.05631	  34.83705	   7.50000	       10B
  12.57038	  26.12803	   7.50000	       11B
  12.57038	  30.48254	   7.50000	       10B
  12.57038	  34.83705	   7.50000	       10B
  15.08446	  26.12803	   7.50000	       10B
  15.08446	  30.48254	   7.50000	       10B
  15.08446	  34.83705	   7.50000	       11B
  17.59854	  26.12803	   7.50000	       11B
  17.59854	  30.48254	   7.50000	       11B
  17.59854	  34.83705	   7.50000	       11B
  20.11261	  26.12803	   7.50000	       11B
  20.11261	  30.48254	   7.50000	       11B
  20.11261	  34.83705	   7.50000	       11B
   1.25704	  29.75729	   7.50000	       14N
   1.25704	  34.11180	   7.50000	       14N
   1.25704	  25.40278	   7.50000	       14N
   3.77111	  29.75729	   7.50000	       14N
   3.77111	  34.11180	   7.50000	       14N
   3.77111	  25.40278	   7.50000	       14N
   6.28519	  29.75729	   7.50000	       14N
   6.28519	  34.11180	   7.50000	       14N
   6.28519	  25.40278	   7.50000	       14N
   8.79927	  29.75729	   7.50000	       14N
   8.79927	  34.11180	   7.50000	       14N
   8.79927	  25.40278	   7.50000	       14N
  11.31334	  29.75729	   7.50000	       14N
  11.31334	  34.11180	   7.50000	       14N
  11.31334	  25.40278	   7.50000	       14N
  13.82742	  29.75729	   7.50000	       14N
  13.82742	  34.11180	   7.50000	       14N
  13.82742	  25.40278	   7.50000	       14N
  16.34150	  29.75729	   7.50000	       14N
  16.34150	  34.11180	   7.50000	       14N
  16.34150	  25.40278	   7.50000	       14N
  18.85557	  29.75729	   7.50000	       14N
  18.85557	  34.11180	   7.50000	       14N
  18.85557	  25.40278	   7.50000	       14N
  21.36965	  29.75729	   7.50000	       14N
  21.36965	  34.11180	   7.50000	       14N
  21.36965	  25.40278	   7.50000	       14N
   0.00000	  27.58003	   7.50000	       14N
   0.00000	  31.93454	   7.50000	       14N
   0.00000	  36.28905	   7.50000	       14N
   2.51408	  27.58003	   7.50000	       14N
   2.51408	  31.93454	   7.50000	       14N
   2.51408	  36.28905	   7.50000	       14N
   5.02815	  27.58003	   7.50000	       14N
   5.02815	  31.93454	   7.50000	       14N
   5.02815	  36.28905	   7.50000	       14N
   7.54223	  27.58003	   7.50000	       14N
   7.54223	  31.93454	   7.50000	       14N
   7.54223	  36.28905	   7.50000	       14N
  10.05631	  27.58003	   7.50000	       14N
  10.05631	  31.93454	   7.50000	       14N
  10.05631	  36.28905	   7.50000	       14N
  12.57038	  27.58003	   7.50000	       14N
  12.57038	  31.93454	   7.50000	       14N
  12.57038	  36.28905	   7.50000	       14N
  15.08446	  27.58003	   7.50000	       14N
  15.08446	  31.93454	   7.50000	       14N
  15.08446	  36.28905	   7.50000	       14N
  17.59854	  27.58003	   7.50000	       14N
  17.59854	  31.93454	   7.50000	       14N
  17.59854	  36.28905	   7.50000	       14N
  20.11261	  27.58003	   7.50000	       14N
  20.11261	  31.93454	   7.50000	       14N
  20.11261	  36.28905	   7.50000	       14N
   1.25704	  41.36882	   7.50000	       11B
   1.25704	  45.72333	   7.50000	       11B
   1.25704	  50.07784	   7.50000	       10B
   3.77111	  41.36882	   7.50000	       11B
   3.77111	  45.72333	   7.50000	       10B
   3.77111	  50.07784	   7.50000	       11B
   6.28519	  41.36882	   7.50000	       11B
   6.28519	  45.72333	   7.50000	       11B
   6.28519	  50.07784	   7.50000	       10B
   8.79927	  41.36882	   7.50000	       10B
   8.79927	  45.72333	   7.50000	       11B
   8.79927	  50.07784	   7.50000	       11B
  11.31334	  41.36882	   7.50000	       11B
  11.31334	  45.72333	   7.50000	       10B
  11.31334	  50.07784	   7.50000	       10B
  13.82742	  41.36882	   7.50000	       10B
  13.82742	  45.72333	   7.50000	       10B
  13.82742	  50.07784	   7.50000	       10B
  16.34150	  41.36882	   7.50000	       11B
  16.34150	  45.72333	   7.50000	       11B
  16.34150	  50.07784	   7.50000	       11B
  18.85557	  41.36882	   7.50000	       11B
  18.85557	  45.72333	   7.50000	       10B
  18.85557	  50.07784	   7.50000	       11B
  21.36965	  41.36882	   7.50000	       11B
  21.36965	  45.72333	   7.50000	       10B
  21.36965	  50.07784	   7.50000	       11B
   0.00000	  39.19155	   7.50000	       11B
   0.00000	  43.54606	   7.50000	       10B
   0.00000	  47.90057	   7.50000	       11B
   2.51408	  39.19155	   7.50000	       11B
   2.51408	  43.54606	   7.50000	       11B
   2.51408	  47.90057	   7.50000	       11B
   5.02815	  39.19155	   7.50000	       11B
   5.02815	  43.54606	   7.50000	       11B
   5.02815	  47.90057	   7.50000	       11B
   7.54223	  39.19155	   7.50000	       10B
   7.54223	  43.54606	   7.50000	       10B
   7.54223	  47.90057	   7.50000	       11B
  10.05631	  39.19155	   7.50000	       11B
  10.05631	  43.54606	   7.50000	       10B
  10.05631	  47.90057	   7.50000	       11B
  12.57038	  39.19155	   7.50000	       11B
  12.57038	  43.54606	   7.50000	       10B
  12.57038	  47.90057	   7.50000	       11B
  15.08446	  39.19155	   7.50000	       11B
  15.08446	  43.54606	   7.50000	       11B
  15.08446	  47.90057	   7.50000	       11B
  17.59854	  39.19155	   7.50000	       11B
  17.59854	  43.54606	   7.50000	       11B
  17.59854	  47.90057	   7.50000	       11B
  20.11261	  39.19155	   7.50000	       10B
  20.11261	  43.54606	   7.50000	       10B
  20.11261	  47.90057	   7.50000	       11B
   1.25704	  42.82082	   7.50000	       14N
   1.25704	  47.17532	   7.50000	       14N
   1.25704	  38.46631	   7.50000	       14N
   3.77111	  42.82082	   7.50000	       14N
   3.77111	  47.17532	   7.50000	       14N
   3.77111	  38.46631	   7.50000	       14N
   6.28519	  42.82082	   7.50000	       14N
   6.28519	  47.17532	   7.50000	       14N
   6.28519	  38.46631	   7.50000	       14N
   8.79927	  42.82082	   7.50000	       14N
   8.79927	  47.17532	   7.50000	       14N
   8.79927	  38.46631	   7.50000	       14N
  11.31334	  42.82082	   7.50000	       14N
  11.31334	  47.17532	   7.50000	       14N
  11.31334	  38.46631	   7.50000	       14N
  13.82742	  42.82082	   7.50000	       14N
  13.82742	  47.17532	   7.50000	       14N
  13.82742	  38.46631	   7.50000	       14N
  16.34150	  42.82082	   7.50000	       14N
  16.34150	  47.17532	   7.50000	       14N
  16.34150	  38.46631	   7.50000	       14N
  18.85557	  42.82082	   7.50000	       14N
  18.85557	  47.17532	   7.50000	       14N
  18.85557	  38.46631	   7.50000	       14N
  21.36965	  42.82082	   7.50000	       14N
  21.36965	  47.17532	   7.50000	       14N
  21.36965	  38.46631	   7.50000	       14N
   0.00000	  40.64356	   7.50000	       14N
   0.00000	  44.99807	   7.50000	       14N
   0.00000	  49.35257	   7.50000	       14N
   2.51408	  40.64356	   7.50000	       14N
   2.51408	  44.99807	   7.50000	       14N
   2.51408	  49.35257	   7.50000	       14N
   5.02815	  40.64356	   7.50000	       14N
   5.02815	  44.99807	   7.50000	       14N
   5.02815	  49.35257	   7.50000	       14N
   7.54223	  40.64356	   7.50000	       14N
   7.54223	  44.99807	   7.50000	       14N
   7.54223	  49.35257	   7.50000	       14N
  10.05631	  40.64356	   7.50000	       14N
  10.05631	  44.99807	   7.50000	       14N
  10.05631	  49.35257	   7.50000	       14N
  12.57038	  40.64356	   7.50000	       14N
  12.57038	  44.99807	   7.50000	       14N
  12.57038	  49.35257	   7.50000	       14N
  15.08446	  40.64356	   7.50000	       14N
  15.08446	  44.99807	   7.50000	       14N
  15.08446	  49.35257	   7.50000	       14N
  17.59854	  40.64356	   7.50000	       14N
  17.59854	  44.99807	   7.50000	       14N
  17.59854	  49.35257	   7.50000	       14N
  20.11261	  40.64356	   7.50000	       14N
  20.11261	  44.99807	   7.50000	       14N
  20.11261	  49.35257	   7.50000	       14N
   1.25704	  54.43235	   7.50000	       11B
   1.25704	  58.78686	   7.50000	       10B
   1.25704	  63.14137	   7.50000	       11B
   3.77111	  54.43235	   7.50000	       11B
   3.77111	  58.78686	   7.50000	       11B
   3.77111	  63.14137	   7.50000	       10B
   6.28519	  54.43235	   7.50000	       11B
   6.28519	  58.78686	   7.50000	       11B
   6.28519	  63.14137	   7.50000	       11B
   8.79927	  54.43235	   7.50000	       11B
   8.79927	  58.78686	   7.50000	       11B
   8.79927	  63.14137	   7.50000	       11B
  11.31334	  54.43235	   7.50000	       11B
  11.31334	  58.78686	   7.50000	       11B
  11.31334	  63.14137	   7.50000	       11B
  13.82742	  54.43235	   7.50000	       11B
  13.82742	  58.78686	   7.50000	       11B
  13.82742	  63.14137	   7.50000	       11B
  16.34150	  54.43235	   7.50000	       10B
  16.34150	  58.78686	   7.50000	       11B
  16.34150	  63.14137	   7.50000	       11B
  18.85557	  54.43235	   7.50000	       11B
  18.85557	  58.78686	   7.50000	       10B
  18.85557	  63.14137	   7.50000	       11B
  21.36965	  54.43235	   7.50000	       11B
  21.36965	  58.78686	   7.50000	       11B
  21.36965	  63.14137	   7.50000	       11B
   0.00000	  52.25508	   7.50000	       11B
   0.00000	  56.60959	   7.50000	       11B
   0.00000	  60.96410	   7.50000	       11B
   2.51408	  52.25508	   7.50000	       11B
   2.51408	  56.60959	   7.50000	       11B
   2.51408	  60.96410	   7.50000	       11B
   5.02815	  52.25508	   7.50000	       11B
   5.02815	  56.60959	   7.50000	       11B
   5.02815	  60.96410	   7.50000	       10B
   7.54223	  52.25508	   7.50000	       11B
   7.54223	  56.60959	   7.50000	       10B
   7.54223	  60.96410	   7.50000	       11B
  10.05631	  52.25508	   7.50000	       11B
  10.05631	  56.60959	   7.50000	       10B
  10.05631	  60.96410	   7.50000	       11B
  12.57038	  52.25508	   7.50000	       11B
  12.57038	  56.60959	   7.50000	       11B
  12.57038	  60.96410	   7.50000	       11B
  15.08446	  52.25508	   7.50000	       11B
  15.08446	  56.60959	   7.50000	       10B
  15.08446	  60.96410	   7.50000	       10B
  17.59854	  52.25508	   7.50000	       11B
  17.59854	  56.60959	   7.50000	       11B
  17.59854	  60.96410	   7.50000	       11B
  20.11261	  52.25508	   7.50000	       11B
  20.11261	  56.60959	   7.50000	       11B
  20.11261	  60.96410	   7.50000	       11B
   1.25704	  55.88434	   7.50000	       14N
   1.25704	  60.23885	   7.50000	       14N
   1.25704	  51.52983	   7.50000	       14N
   3.77111	  55.88434	   7.50000	       14N
   3.77111	  60.23885	   7.50000	       14N
   3.77111	  51.52983	   7.50000	       14N
   6.28519	  55.88434	   7.50000	       14N
   6.28519	  60.23885	   7.50000	       14N
   6.28519	  51.52983	   7.50000	       14N
   8.79927	  55.88434	   7.50000	       14N
   8.79927	  60.23885	   7.50000	       14N
   8.79927	  51.52983	   7.50000	       14N
  11.31334	  55.88434	   7.50000	       14N
  11.31334	  60.23885	   7.50000	       14N
  11.31334	  51.52983	   7.50000	       14N
  13.82742	  55.88434	   7.50000	       14N
  13.82742	  60.23885	   7.50000	       14N
  13.82742	  51.52983	   7.50000	       14N
  16.34150	  55.88434	   7.50000	       14N
  16.34150	  60.23885	   7.50000	       14N
  16.34150	  51.52983	   7.50000	       14N
  18.85557	  55.88434	   7.50000	       14N
  18.85557	  60.23885	   7.50000	       14N
  18.85557	  51.52983	   7.50000	       14N
  21.36965	  55.88434	   7.50000	       14N
  21.36965	  60.23885	   7.50000	       14N
  21.36965	  51.52983	   7.50000	       14N
   0.00000	  53.70708	   7.50000	       14N
   0.00000	  58.06159	   7.50000	       14N
   0.00000	  62.41610	   7.50000	       14N
   2.51408	  53.70708	   7.50000	       14N
   2.51408	  58.06159	   7.50000	       14N
   2.51408	  62.41610	   7.50000	       14N
   5.02815	  53.70708	   7.50000	       14N
   5.02815	  58.06159	   7.50000	       14N
   5.02815	  62.41610	   7.50000	       14N
   7.54223	  53.70708	   7.50000	       14N
   7.54223	  58.06159	   7.50000	       14N
   7.54223	  62.41610	   7.50000	       14N
  10.05631	  53.70708	   7.50000	       14N
  10.05631	  58.06159	   7.50000	       14N
  10.05631	  62.41610	   7.50000	       14N
  12.57038	  53.70708	   7.50000	       14N
  12.57038	  58.06159	   7.50000	       14N
  12.57038	  62.41610	   7.50000	       14N
  15.08446	  53.70708	   7.50000	       14N
  15.08446	  58.06159	   7.50000	       14N
  15.08446	  62.41610	   7.50000	       14N
  17.59854	  53.70708	   7.50000	       14N
  17.59854	  58.06159	   7.50000	       14N
  17.59854	  62.41610	   7.50000	       14N
  20.11261	  53.70708	   7.50000	       14N
  20.11261	  58.06159	   7.50000	       14N
  20.11261	  62.41610	   7.50000	       14N
   1.25704	  67.49587	   7.50000	       11B
   1.25704	  71.85038	   7.50000	       11B
   1.25704	  76.20489	   7.50000	       11B
   3.77111	  67.49587	   7.50000	       10B
   3.77111	  71.85038	   7.50000	       11B
   3.77111	  76.20489	   7.50000	       11B
   6.28519	  67.49587	   7.50000	       10B
   6.28519	  71.85038	   7.50000	       10B
   6.28519	  76.20489	   7.50000	       11B
   8.79927	  67.49587	   7.50000	       10B
   8.79927	  71.85038	   7.50000	       11B
   8.79927	  76.20489	   7.50000	       11B
  11.31334	  67.49587	   7.50000	       11B
  11.31334	  71.85038	   7.50000	       10B
  11.31334	  76.20489	   7.50000	       11B
  13.82742	  67.49587	   7.50000	       11B
  13.82742	  71.85038	   7.50000	       11B
  13.82742	  76.20489	   7.50000	       11B
  16.34150	  67.49587	   7.50000	       11B
  16.34150	  71.85038	   7.50000	       10B
  16.34150	  76.20489	   7.50000	       11B
  18.85557	  67.49587	   7.50000	       11B
  18.85557	  71.85038	   7.50000	       11B
  18.85557	  76.20489	   7.50000	       11B
  21.36965	  67.49587	   7.50000	       10B
  21.36965	  71.85038	   7.50000	       11B
  21.36965	  76.20489	   7.50000	       11B
   0.00000	  65.31860	   7.50000	       11B
   0.00000	  69.67311	   7.50000	       10B
   0.00000	  74.02762	   7.50000	       11B
   2.51408	  65.31860	   7.50000	       11B
   2.51408	  69.67311	   7.50000	       11B
   2.51408	  74.02762	   7.50000	       10B
   5.02815	  65.31860	   7.50000	       10B
   5.02815	  69.67311	   7.50000	       10B
   5.02815	  74.02762	   7.50000	       11B
   7.54223	  65.31860	   7.50000	       11B
   7.54223	  69.67311	   7.50000	       11B
   7.54223	  74.02762	   7.50000	       11B
  10.05631	  65.31860	   7.50000	       10B
  10.05631	  69.67311	   7.50000	       11B
  10.05631	  74.02762	   7.50000	       11B
  12.57038	  65.31860	   7.50000	       11B
  12.57038	  69.67311	   7.50000	       11B
  12.57038	  74.02762	   7.50000	       10B
  15.08446	  65.31860	   7.50000	       11B
  15.08446	  69.67311	   7.50000	       10B
  15.08446	  74.02762	   7.50000	       11B
  17.59854	  65.31860	   7.50000	       11B
  17.59854	  69.67311	   7.50000	       11B
  17.59854	  74.02762	   7.50000	       11B
  20.11261	  65.31860	   7.50000	       11B
  20.11261	  69.67311	   7.50000	       11B
  20.11261	  74.02762	   7.50000	       11B
   1.25704	  68.94787	   7.50000	       14N
   1.25704	  73.30237	   7.50000	       14N
   1.25704	  64.59336	   7.50000	       14N
   3.77111	  68.94787	   7.50000	       14N
   3.77111	  73.30237	   7.50000	       14N
   3.77111	  64.59336	   7.50000	       14N
   6.28519	  68.94787	   7.50000	       14N
   6.28519	  73.30237	   7.50000	       14N
   6.28519	  64.59336	   7.50000	       14N
   8.79927	  68.94787	   7.50000	       14N
   8.79927	  73.30237	   7.50000	       14N
   8.79927	  64.59336	   7.50000	       14N
  11.31334	  68.94787	   7.50000	       14N
  11.31334	  73.30237	   7.50000	       14N
  11.31334	  64.59336	   7.50000	       14N
  13.82742	  68.94787	   7.50000	       14N
  13.82742	  73.30237	   7.50000	       14N
  13.82742	  64.59336	   7.50000	       14N
  16.34150	  68.94787	   7.50000	       14N
  16.34150	  73.30237	   7.50000	       14N
  16.34150	  64.59336	   7.50000	       14N
  18.85557	  68.94787	   7.50000	       14N
  18.85557	  73.30237	   7.50000	       14N
  18.85557	  64.59336	   7.50000	       14N
  21.36965	  68.94787	   7.50000	       14N
  21.36965	  73.30237	   7.50000	       14N
  21.36965	  64.59336	   7.50000	       14N
   0.00000	  66.77061	   7.50000	       14N
   0.00000	  71.12512	   7.50000	       14N
   0.00000	  75.47963	   7.50000	       14N
   2.51408	  66.77061	   7.50000	       14N
   2.51408	  71.12512	   7.50000	       14N
   2.51408	  75.47963	   7.50000	       14N
   5.02815	  66.77061	   7.50000	       14N
   5.02815	  71.12512	   7.50000	       14N
   5.02815	  75.47963	   7.50000	       14N
   7.54223	  66.77061	   7.50000	       14N
   7.54223	  71.12512	   7.50000	       14N
   7.54223	  75.47963	   7.50000	       14N
  10.05631	  66.77061	   7.50000	       14N
  10.05631	  71.12512	   7.50000	       14N
  10.05631	  75.47963	   7.50000	       14N
  12.57038	  66.77061	   7.50000	       14N
  12.57038	  71.12512	   7.50000	       14N
  12.57038	  75.47963	   7.50000	       14N
  15.08446	  66.77061	   7.50000	       14N
  15.08446	  71.12512	   7.50000	       14N
  15.08446	  75.47963	   7.50000	       14N
  17.59854	  66.77061	   7.50000	       14N
  17.59854	  71.12512	   7.50000	       14N
  17.59854	  75.47963	   7.50000	       14N
  20.11261	  66.77061	   7.50000	       14N
  20.11261	  71.12512	   7.50000	       14N
  20.11261	  75.47963	   7.50000	       14N
   0.00000	  78.38213	   7.50000	       11B
   2.51408	  78.38213	   7.50000	       11B
   5.02815	  78.38213	   7.50000	       11B
   7.54223	  78.38213	   7.50000	       10B
  10.05631	  78.38213	   7.50000	       10B
  12.57038	  78.38213	   7.50000	       11B
  15.08446	  78.38213	   7.50000	       11B
  17.59854	  78.38213	   7.50000	       11B
  20.11261	  78.38213	   7.50000	       11B
   1.25704	  77.65688	   7.50000	       14N
   3.77111	  77.65688	   7.50000	       14N
   6.28519	  77.65688	   7.50000	       14N
   8.79927	  77.65688	   7.50000	       14N
  11.31334	  77.65688	   7.50000	       14N
  13.82742	  77.65688	   7.50000	       14N
  16.34150	  77.65688	   7.50000	       14N
  18.85557	  77.65688	   7.50000	       14N
  21.36965	  77.65688	   7.50000	       14N
   0.00000	  79.83413	   7.50000	       14N
   2.51408	  79.83413	   7.50000	       14N
   5.02815	  79.83413	   7.50000	       14N
   7.54223	  79.83413	   7.50000	       14N
  10.05631	  79.83413	   7.50000	       14N
  12.57038	  79.83413	   7.50000	       14N
  15.08446	  79.83413	   7.50000	       14N
  17.59854	  79.83413	   7.50000	       14N
  20.11261	  79.83413	   7.50000	       14N
  23.86883	   2.17934	   7.50000	       11B
  23.86883	   6.53385	   7.50000	       11B
  23.86883	  10.88836	   7.50000	       11B
  26.35300	   2.17853	   7.50003	       10B
  26.35300	   6.53304	   7.50003	       11B
  26.35300	  10.88755	   7.50003	       11B
  28.76487	   2.18241	   7.93811	       11B
  28.76487	   6.53692	   7.93811	       11B
  28.76487	  10.89142	   7.93811	       11B
  30.83318	   2.18001	   9.31213	       11B
  30.83318	   6.53452	   9.31213	       11B
  30.83318	  10.88903	   9.31213	       10B
  33.14810	   2.18304	  10.10364	       10B
  33.14810	   6.53755	  10.10364	       11B
  33.14810	  10.89206	  10.10364	       11B
  35.46302	   2.18001	   9.31213	       10B
  35.46302	   6.53452	   9.31213	       10B
  35.46302	  10.88903	   9.31213	       11B
  37.53132	   2.18241	   7.93811	       11B
  37.53132	   6.53692	   7.93811	       10B
  37.53132	  10.89142	   7.93811	       11B
  39.94320	   2.17853	   7.50003	       11B
  39.94320	   6.53304	   7.50003	       10B
  39.94320	  10.88755	   7.50003	       11B
  42.42736	   2.17934	   7.50000	       10B
  42.42736	   6.53385	   7.50000	       10B
  42.42736	  10.88836	   7.50000	       11B
  22.62669	   0.00207	   7.50000	       11B
  22.62669	   4.35658	   7.50000	       11B
  22.62669	   8.71109	   7.50000	       11B
  25.11075	   0.00186	   7.50000	       11B
  25.11075	   4.35637	   7.50000	       11B
  25.11075	   8.71088	   7.50000	       11B
  27.59653	   0.00255	   7.50100	       11B
  27.59653	   4.35706	   7.50100	       10B
  27.59653	   8.71157	   7.50100	       11B
  29.81885	   0.00179	   8.58023	       11B
  29.81885	   4.35630	   8.58023	       11B
  29.81885	   8.71081	   8.58023	       11B
  31.93263	   0.00473	   9.88198	       11B
  31.93263	   4.35924	   9.88198	       11B
  31.93263	   8.71375	   9.88198	       11B
  34.36357	   0.00473	   9.88198	       11B
  34.36357	   4.35924	   9.88198	       11B
  34.36357	   8.71375	   9.88198	       11B
  36.47735	   0.00179	   8.58023	       11B
  36.47735	   4.35630	   8.58023	       11B
  36.47735	   8.71081	   8.58023	       11B
  38.69967	   0.00255	   7.50100	       10B
  38.69967	   4.35706	   7.50100	       11B
  38.69967	   8.71157	   7.50100	       11B
  41.18545	   0.00186	   7.50000	       11B
  41.18545	   4.35637	   7.50000	       11B
  41.18545	   8.71088	   7.50000	       11B
  23.86863	   3.62745	   7.50000	       14N
  23.86863	   7.98196	   7.50000	       14N
  26.35237	   3.62761	   7.50003	       14N
  26.35237	   7.98212	   7.50003	       14N
  28.79935	   3.62892	   7.85883	       14N
  28.79935	   7.98343	   7.85883	       14N
  30.81301	   3.62919	   9.33296	       14N
  30.81301	   7.98370	   9.33296	       14N
  33.14810	   3.62948	  10.17977	       14N
  33.14810	   7.98399	  10.17977	       14N
  35.48319	   3.62919	   9.33296	       14N
  35.48319	   7.98370	   9.33296	       14N
  37.49684	   3.62892	   7.85883	       14N
  37.49684	   7.98343	   7.85883	       14N
  39.94382	   3.62761	   7.50003	       14N
  39.94382	   7.98212	   7.50003	       14N
  42.42757	   3.62745	   7.50000	       14N
  42.42757	   7.98196	   7.50000	       14N
  22.62669	   1.45036	   7.50000	       14N
  22.62669	   5.80487	   7.50000	       14N
  22.62669	  10.15937	   7.50000	       14N
  25.11098	   1.45011	   7.50000	       14N
  25.11098	   5.80461	   7.50000	       14N
  25.11098	  10.15912	   7.50000	       14N
  27.59774	   1.45048	   7.50100	       14N
  27.59774	   5.80499	   7.50100	       14N
  27.59774	  10.15950	   7.50100	       14N
  29.82723	   1.45156	   8.58169	       14N
  29.82723	   5.80607	   8.58169	       14N
  29.82723	  10.16058	   8.58169	       14N
  31.90953	   1.45200	   9.94327	       14N
  31.90953	   5.80650	   9.94327	       14N
  31.90953	  10.16101	   9.94327	       14N
  34.38667	   1.45200	   9.94327	       14N
  34.38667	   5.80650	   9.94327	       14N
  34.38667	  10.16101	   9.94327	       14N
  36.46897	   1.45156	   8.58169	       14N
  36.46897	   5.80607	   8.58169	       14N
  36.46897	  10.16058	   8.58169	       14N
  38.69845	   1.45048	   7.50100	       14N
  38.69845	   5.80499	   7.50100	       14N
  38.69845	  10.15950	   7.50100	       14N
  41.18521	   1.45011	   7.50000	       14N
  41.18521	   5.80461	   7.50000	       14N
  41.18521	  10.15912	   7.50000	       14N
  23.86883	  15.24287	   7.50000	       10B
  23.86883	  19.59737	   7.50000	       11B
  23.86883	  23.95188	   7.50000	       10B
  26.35300	  15.24206	   7.50003	       10B
  26.35300	  19.59657	   7.50003	       11B
  26.35300	  23.95108	   7.50003	       10B
  28.76487	  15.24593	   7.93811	       11B
  28.76487	  19.60044	   7.93811	       11B
  28.76487	  23.95495	   7.93811	       11B
  30.83318	  15.24354	   9.31213	       11B
  30.83318	  19.59804	   9.31213	       10B
  30.83318	  23.95255	   9.31213	       11B
  33.14810	  15.24656	  10.10364	       11B
  33.14810	  19.60107	  10.10364	       11B
  33.14810	  23.95558	  10.10364	       11B
  35.46302	  15.24354	   9.31213	       10B
  35.46302	  19.59804	   9.31213	       11B
  35.46302	  23.95255	   9.31213	       11B
  37.53132	  15.24593	   7.93811	       11B
  37.53132	  19.60044	   7.93811	       11B
  37.53132	  23.95495	   7.93811	       11B
  39.94320	  15.24206	   7.50003	       10B
  39.94320	  19.59657	   7.50003	       10B
  39.94320	  23.95108	   7.50003	       11B
  42.42736	  15.24287	   7.50000	       11B
  42.42736	  19.59737	   7.50000	       11B
  42.42736	  23.95188	   7.50000	       11B
  22.62669	  13.06560	   7.50000	       11B
  22.62669	  17.42011	   7.50000	       10B
  22.62669	  21.77461	   7.50000	       11B
  25.11075	  13.06539	   7.50000	       11B
  25.11075	  17.41989	   7.50000	       11B
  25.11075	  21.77440	   7.50000	       11B
  27.59653	  13.06608	   7.50100	       11B
  27.59653	  17.42058	   7.50100	       11B
  27.59653	  21.77509	   7.50100	       11B
  29.81885	  13.06532	   8.58023	       11B
  29.81885	  17.41982	   8.58023	       11B
  29.81885	  21.77433	   8.58023	       11B
  31.93263	  13.06825	   9.88198	       11B
  31.93263	  17.42276	   9.88198	       11B
  31.93263	  21.77727	   9.88198	       11B
  34.36357	  13.06825	   9.88198	       11B
  34.36357	  17.42276	   9.88198	       11B
  34.36357	  21.77727	   9.88198	       10B
  36.47735	  13.06532	   8.58023	       11B
  36.47735	  17.41982	   8.58023	       11B
  36.47735	  21.77433	   8.58023	       11B
  38.69967	  13.06608	   7.50100	       11B
  38.69967	  17.42058	   7.50100	       11B
  38.69967	  21.77509	   7.50100	       11B
  41.18545	  13.06539	   7.50000	       10B
  41.18545	  17.41989	   7.50000	       11B
  41.18545	  21.77440	   7.50000	       11B
  23.86863	  16.69098	   7.50000	       14N
  23.86863	  21.04549	   7.50000	       14N
  23.86863	  12.33647	   7.50000	       14N
  26.35237	  16.69113	   7.50003	       14N
  26.35237	  21.04564	   7.50003	       14N
  26.35237	  12.33663	   7.50003	       14N
  28.79935	  16.69244	   7.85883	       14N
  28.79935	  21.04695	   7.85883	       14N
  28.79935	  12.33793	   7.85883	       14N
  30.81301	  16.69272	   9.33296	       14N
  30.81301	  21.04723	   9.33296	       14N
  30.81301	  12.33821	   9.33296	       14N
  33.14810	  16.69301	  10.17977	       14N
  33.14810	  21.04752	  10.17977	       14N
  33.14810	  12.33850	  10.17977	       14N
  35.48319	  16.69272	   9.33296	       14N
  35.48319	  21.04723	   9.33296	       15N
  35.48319	  12.33821	   9.33296	       14N
  37.49684	  16.69244	   7.85883	       14N
  37.49684	  21.04695	   7.85883	       14N
  37.49684	  12.33793	   7.85883	       14N
  39.94382	  16.69113	   7.50003	       14N
  39.94382	  21.04564	   7.50003	       14N
  39.94382	  12.33663	   7.50003	       14N
  42.42757	  16.69098	   7.50000	       14N
  42.42757	  21.04549	   7.50000	       14N
  42.42757	  12.33647	   7.50000	       14N
  22.62669	  14.51388	   7.50000	       14N
  22.62669	  18.86839	   7.50000	       14N
  22.62669	  23.22290	   7.50000	       14N
  25.11098	  14.51363	   7.50000	       14N
  25.11098	  18.86814	   7.50000	       14N
  25.11098	  23.22265	   7.50000	       14N
  27.59774	  14.51401	   7.50100	       14N
  27.59774	  18.86852	   7.50100	       14N
  27.59774	  23.22302	   7.50100	       14N
  29.82723	  14.51509	   8.58169	       14N
  29.82723	  18.86960	   8.58169	       14N
  29.82723	  23.22411	   8.58169	       14N
  31.90953	  14.51552	   9.94327	       14N
  31.90953	  18.87003	   9.94327	       14N
  31.90953	  23.22454	   9.94327	       14N
  34.38667	  14.51552	   9.94327	       14N
  34.38667	  18.87003	   9.94327	       14N
  34.38667	  23.22454	   9.94327	       14N
  36.46897	  14.51509	   8.58169	       14N
  36.46897	  18.86960	   8.58169	       14N
  36.46897	  23.22411	   8.58169	       14N
  38.69845	  14.51401	   7.50100	       14N
  38.69845	  18.86852	   7.50100	       14N
  38.69845	  23.22302	   7.50100	       14N
  41.18521	  14.51363	   7.50000	       14N
  41.18521	  18.86814	   7.50000	       14N
  41.18521	  23.22265	   7.50000	       14N
  23.86883	  28.30639	   7.50000	       11B
  23.86883	  32.66090	   7.50000	       10B
  23.86883	  37.01541	   7.50000	       11B
  26.35300	  28.30558	   7.50003	       11B
  26.35300	  32.66009	   7.50003	       11B
  26.35300	  37.01460	   7.50003	       11B
  28.76487	  28.30946	   7.93811	       10B
  28.76487	  32.66397	   7.93811	       11B
  28.76487	  37.01847	   7.93811	       11B
  30.83318	  28.30706	   9.31213	       11B
  30.83318	  32.66157	   9.31213	       11B
  30.83318	  37.01608	   9.31213	       11B
  33.14810	  28.31009	  10.10364	       11B
  33.14810	  32.66460	  10.10364	       11B
  33.14810	  37.01911	  10.10364	       11B
  35.46302	  28.30706	   9.31213	       11B
  35.46302	  32.66157	   9.31213	       10B
  35.46302	  37.01608	   9.31213	       11B
  37.53132	  28.30946	   7.93811	       11B
  37.53132	  32.66397	   7.93811	       11B
  37.53132	  37.01847	   7.93811	       11B
  39.94320	  28.30558	   7.50003	       10B
  39.94320	  32.66009	   7.50003	       11B
  39.94320	  37.01460	   7.50003	       11B
  42.42736	  28.30639	   7.50000	       11B
  42.42736	  32.66090	   7.50000	       11B
  42.42736	  37.01541	   7.50000	       11B
  22.62669	  26.12912	   7.50000	       10B
  22.62669	  30.48363	   7.50000	       10B
  22.62669	  34.83814	   7.50000	       11B
  25.11075	  26.12891	   7.50000	       11B
  25.11075	  30.48342	   7.50000	       11B
  25.11075	  34.83793	   7.50000	       11B
  27.59653	  26.12960	   7.50100	       11B
  27.59653	  30.48411	   7.50100	       10B
  27.59653	  34.83862	   7.50100	       11B
  29.81885	  26.12884	   8.58023	       11B
  29.81885	  30.48335	   8.58023	       11B
  29.81885	  34.83786	   8.58023	       11B
  31.93263	  26.13178	   9.88198	       11B
  31.93263	  30.48629	   9.88198	       11B
  31.93263	  34.84080	   9.88198	       10B
  34.36357	  26.13178	   9.88198	       11B
  34.36357	  30.48629	   9.88198	       11B
  34.36357	  34.84080	   9.88198	       10B
  36.47735	  26.12884	   8.58023	       11B
  36.47735	  30.48335	   8.58023	       11B
  36.47735	  34.83786	   8.58023	       11B
  38.69967	  26.12960	   7.50100	       10B
  38.69967	  30.48411	   7.50100	       10B
  38.69967	  34.83862	   7.50100	       11B
  41.18545	  26.12891	   7.50000	       11B
  41.18545	  30.48342	   7.50000	       11B
  41.18545	  34.83793	   7.50000	       11B
  23.86863	  29.75450	   7.50000	       14N
  23.86863	  34.10901	   7.50000	       14N
  23.86863	  25.40000	   7.50000	       14N
  26.35237	  29.75466	   7.50003	       14N
  26.35237	  34.10917	   7.50003	       14N
  26.35237	  25.40015	   7.50003	       14N
  28.79935	  29.75597	   7.85883	       14N
  28.79935	  34.11048	   7.85883	       14N
  28.79935	  25.40146	   7.85883	       14N
  30.81301	  29.75625	   9.33296	       14N
  30.81301	  34.11075	   9.33296	       14N
  30.81301	  25.40174	   9.33296	       14N
  33.14810	  29.75653	  10.17977	       14N
  33.14810	  34.11104	  10.17977	       14N
  33.14810	  25.40202	  10.17977	       14N
  35.48319	  29.75625	   9.33296	       14N
  35.48319	  34.11075	   9.33296	       14N
  35.48319	  25.40174	   9.33296	       14N
  37.49684	  29.75597	   7.85883	       14N
  37.49684	  34.11048	   7.85883	       14N
  37.49684	  25.40146	   7.85883	       14N
  39.94382	  29.75466	   7.50003	       14N
  39.94382	  34.10917	   7.50003	       14N
  39.94382	  25.40015	   7.50003	       14N
  42.42757	  29.75450	   7.50000	       14N
  42.42757	  34.10901	   7.50000	       14N
  42.42757	  25.40000	   7.50000	       14N
  22.62669	  27.57741	   7.50000	       14N
  22.62669	  31.93192	   7.50000	       14N
  22.62669	  36.28642	   7.50000	       14N
  25.11098	  27.57716	   7.50000	       14N
  25.11098	  31.93166	   7.50000	       14N
  25.11098	  36.28617	   7.50000	       14N
  27.59774	  27.57753	   7.50100	       14N
  27.59774	  31.93204	   7.50100	       14N
  27.59774	  36.28655	   7.50100	       14N
  29.82723	  27.57861	   8.58169	       14N
  29.82723	  31.93312	   8.58169	       14N
  29.82723	  36.28763	   8.58169	       14N
  31.90953	  27.57905	   9.94327	       14N
  31.90953	  31.93355	   9.94327	       14N
  31.90953	  36.28806	   9.94327	       14N
  34.38667	  27.57905	   9.94327	       14N
  34.38667	  31.93355	   9.94327	       14N
  34.38667	  36.28806	   9.94327	       14N
  36.46897	  27.57861	   8.58169	       14N
  36.46897	  31.93312	   8.58169	       14N
  36.46897	  36.28763	   8.58169	       14N
  38.69845	  27.57753	   7.50100	       14N
  38.69845	  31.93204	   7.50100	       14N
  38.69845	  36.28655	   7.50100	       14N
  41.18521	  27.57716	   7.50000	       14N
  41.18521	  31.93166	   7.50000	       14N
  41.18521	  36.28617	   7.50000	       14N
  23.87176	  41.36567	   7.50000	       11B
  23.87329	  45.71939	   7.50000	       11B
  23.87284	  50.07245	   7.50000	       11B
  26.36027	  41.36715	   7.50003	       11B
  26.36946	  45.71932	   7.50003	       10B
  26.36314	  50.07256	   7.50003	       11B
  28.77920	  41.37533	   7.92633	       11B
  28.80974	  45.72418	   7.90146	       11B
  28.78343	  50.08007	   7.92560	       11B
  30.84915	  41.37861	   9.29696	       11B
  30.94706	  45.72387	   9.23460	       11B
  30.85394	  50.08325	   9.29186	       11B
  33.14810	  41.37726	  10.12948	       11B
  33.14810	  50.09516	  10.11880	       11B
  35.44704	  41.37861	   9.29696	       11B
  35.34914	  45.72387	   9.23460	       11B
  35.44225	  50.08325	   9.29186	       11B
  37.51699	  41.37533	   7.92633	       11B
  37.48645	  45.72418	   7.90146	       10B
  37.51276	  50.08007	   7.92560	       11B
  39.93592	  41.36715	   7.50003	       11B
  39.92673	  45.71932	   7.50003	       11B
  39.93306	  50.07256	   7.50003	       10B
  42.42444	  41.36567	   7.50000	       11B
  42.42291	  45.71939	   7.50000	       11B
  42.42335	  50.07245	   7.50000	       10B
  22.62669	  39.18608	   7.50000	       11B
  22.62669	  43.54249	   7.50000	       11B
  22.62669	  47.89578	   7.50000	       10B
  25.11577	  39.18758	   7.50000	       11B
  25.11864	  43.54387	   7.50000	       11B
  25.12153	  47.89475	   7.50000	       11B
  27.60521	  39.19112	   7.50100	       11B
  27.61278	  43.54605	   7.50100	       11B
  27.61898	  47.89656	   7.50100	       10B
  29.83440	  39.19634	   8.56301	       11B
  29.86791	  43.55289	   8.53166	       11B
  29.88323	  47.89777	   8.52482	       11B
  31.93517	  39.20310	   9.88022	       11B
  31.95754	  43.56463	   9.89780	       11B
  31.96734	  47.90127	   9.90571	       10B
  34.36102	  39.20310	   9.88022	       11B
  34.33865	  43.56463	   9.89780	       11B
  34.32886	  47.90127	   9.90571	       11B
  36.46180	  39.19634	   8.56301	       11B
  36.42828	  43.55289	   8.53166	       11B
  36.41297	  47.89777	   8.52482	       11B
  38.69099	  39.19112	   7.50100	       10B
  38.68341	  43.54605	   7.50100	       11B
  38.67722	  47.89656	   7.50100	       11B
  41.18043	  39.18758	   7.50000	       11B
  41.17755	  43.54387	   7.50000	       11B
  41.17467	  47.89475	   7.50000	       11B
  23.87087	  42.81476	   7.50000	       14N
  23.87211	  47.16839	   7.50000	       14N
  23.87022	  38.45816	   7.50000	       14N
  26.35862	  42.81651	   7.50003	       14N
  26.36411	  47.16945	   7.50003	       14N
  26.35608	  38.45983	   7.50003	       14N
  28.81362	  42.81864	   7.83772	       14N
  28.82780	  47.17530	   7.82574	       14N
  28.80653	  38.46514	   7.84634	       14N
  30.83656	  42.81733	   9.29681	       14N
  30.89775	  47.18173	   9.23900	       14N
  30.82301	  38.47107	   9.31279	       14N
  33.14810	  42.79946	  10.23173	       14N
  33.14810	  38.47778	  10.18986	       14N
  35.45964	  42.81733	   9.29681	       14N
  35.39845	  47.18173	   9.23900	       14N
  35.47319	  38.47107	   9.31279	       14N
  37.48257	  42.81864	   7.83772	       14N
  37.46840	  47.17530	   7.82574	       14N
  37.48966	  38.46514	   7.84634	       14N
  39.93758	  42.81651	   7.50003	       14N
  39.93209	  47.16945	   7.50003	       14N
  39.94012	  38.45983	   7.50003	       14N
  42.42533	  42.81476	   7.50000	       14N
  42.42409	  47.16839	   7.50000	       14N
  42.42598	  38.45816	   7.50000	       14N
  22.62669	  40.63613	   7.50000	       14N
  22.62669	  44.99168	   7.50000	       14N
  22.62669	  49.34498	   7.50000	       14N
  25.11337	  40.63695	   7.50000	       14N
  25.11762	  44.99290	   7.50000	       14N
  25.11557	  49.34455	   7.50000	       14N
  27.60100	  40.63931	   7.50100	       14N
  27.61207	  44.99456	   7.50100	       14N
  27.60574	  49.34758	   7.50100	       14N
  29.83981	  40.64348	   8.56059	       14N
  29.89570	  44.99922	   8.48889	       14N
  29.85542	  49.35359	   8.54380	       14N
  31.90652	  40.64240	   9.94842	       14N
  31.90713	  49.37240	   9.95488	       14N
  34.38968	  40.64240	   9.94842	       14N
  34.38906	  49.37240	   9.95488	       14N
  36.45639	  40.64348	   8.56059	       14N
  36.40050	  44.99922	   8.48889	       14N
  36.44078	  49.35359	   8.54380	       14N
  38.69520	  40.63931	   7.50100	       14N
  38.68413	  44.99456	   7.50100	       14N
  38.69046	  49.34758	   7.50100	       14N
  41.18282	  40.63695	   7.50000	       14N
  41.17858	  44.99290	   7.50000	       14N
  41.18063	  49.34455	   7.50000	       14N
  34.40607	  44.96080	   9.92792	       14N
  31.89012	  44.96080	   9.92792	       14N
  33.14810	  47.30509	  10.40973	       14N
  23.86883	  54.43344	   7.50000	       10B
  23.86883	  58.78795	   7.50000	       11B
  23.86883	  63.14246	   7.50000	       11B
  26.35300	  54.43263	   7.50003	       11B
  26.35300	  58.78714	   7.50003	       11B
  26.35300	  63.14165	   7.50003	       11B
  28.76487	  54.43651	   7.93811	       10B
  28.76487	  58.79102	   7.93811	       11B
  28.76487	  63.14553	   7.93811	       11B
  30.83318	  54.43411	   9.31213	       10B
  30.83318	  58.78862	   9.31213	       11B
  30.83318	  63.14313	   9.31213	       11B
  33.14810	  54.43714	  10.10364	       10B
  33.14810	  58.79165	  10.10364	       10B
  33.14810	  63.14616	  10.10364	       11B
  35.46302	  54.43411	   9.31213	       11B
  35.46302	  58.78862	   9.31213	       10B
  35.46302	  63.14313	   9.31213	       11B
  37.53132	  54.43651	   7.93811	       11B
  37.53132	  58.79102	   7.93811	       11B
  37.53132	  63.14553	   7.93811	       11B
  39.94320	  54.43263	   7.50003	       11B
  39.94320	  58.78714	   7.50003	       11B
  39.94320	  63.14165	   7.50003	       11B
  42.42736	  54.43344	   7.50000	       11B
  42.42736	  58.78795	   7.50000	       10B
  42.42736	  63.14246	   7.50000	       11B
  22.62669	  52.25617	   7.50000	       10B
  22.62669	  56.61068	   7.50000	       11B
  22.62669	  60.96519	   7.50000	       11B
  25.11075	  52.25596	   7.50000	       11B
  25.11075	  56.61047	   7.50000	       11B
  25.11075	  60.96498	   7.50000	       10B
  27.59653	  52.25665	   7.50100	       11B
  27.59653	  56.61116	   7.50100	       11B
  27.59653	  60.96567	   7.50100	       11B
  29.81885	  52.25589	   8.58023	       10B
  29.81885	  56.61040	   8.58023	       11B
  29.81885	  60.96491	   8.58023	       11B
  31.93263	  52.25883	   9.88198	       11B
  31.93263	  56.61334	   9.88198	       11B
  31.93263	  60.96785	   9.88198	       11B
  34.36357	  52.25883	   9.88198	       11B
  34.36357	  56.61334	   9.88198	       11B
  34.36357	  60.96785	   9.88198	       11B
  36.47735	  52.25589	   8.58023	       11B
  36.47735	  56.61040	   8.58023	       10B
  36.47735	  60.96491	   8.58023	       11B
  38.69967	  52.25665	   7.50100	       11B
  38.69967	  56.61116	   7.50100	       10B
  38.69967	  60.96567	   7.50100	       11B
  41.18545	  52.25596	   7.50000	       10B
  41.18545	  56.61047	   7.50000	       11B
  41.18545	  60.96498	   7.50000	       10B
  23.86863	  55.88155	   7.50000	       14N
  23.86863	  60.23606	   7.50000	       14N
  23.86863	  51.52705	   7.50000	       14N
  26.35237	  55.88171	   7.50003	       14N
  26.35237	  60.23622	   7.50003	       14N
  26.35237	  51.52720	   7.50003	       14N
  28.79935	  55.88302	   7.85883	       14N
  28.79935	  60.23753	   7.85883	       14N
  28.79935	  51.52851	   7.85883	       14N
  30.81301	  55.88330	   9.33296	       14N
  30.81301	  60.23780	   9.33296	       14N
  30.81301	  51.52879	   9.33296	       14N
  33.14810	  55.88358	  10.17977	       14N
  33.14810	  60.23809	  10.17977	       14N
  33.14810	  51.52907	  10.17977	       14N
  35.48319	  55.88330	   9.33296	       14N
  35.48319	  60.23780	   9.33296	       14N
  35.48319	  51.52879	   9.33296	       14N
  37.49684	  55.88302	   7.85883	       14N
  37.49684	  60.23753	   7.85883	       14N
  37.49684	  51.52851	   7.85883	       14N
  39.94382	  55.88171	   7.50003	       14N
  39.94382	  60.23622	   7.50003	       14N
  39.94382	  51.52720	   7.50003	       14N
  42.42757	  55.88155	   7.50000	       14N
  42.42757	  60.23606	   7.50000	       14N
  42.42757	  51.52705	   7.50000	       14N
  22.62669	  53.70446	   7.50000	       14N
  22.62669	  58.05897	   7.50000	       14N
  22.62669	  62.41348	   7.50000	       14N
  25.11098	  53.70421	   7.50000	       14N
  25.11098	  58.05872	   7.50000	       14N
  25.11098	  62.41322	   7.50000	       14N
  27.59774	  53.70458	   7.50100	       14N
  27.59774	  58.05909	   7.50100	       14N
  27.59774	  62.41360	   7.50100	       14N
  29.82723	  53.70567	   8.58169	       14N
  29.82723	  58.06017	   8.58169	       14N
  29.82723	  62.41468	   8.58169	       14N
  31.90953	  53.70610	   9.94327	       14N
  31.90953	  58.06060	   9.94327	       14N
  31.90953	  62.41511	   9.94327	       14N
  34.38667	  53.70610	   9.94327	       14N
  34.38667	  58.06060	   9.94327	       14N
  34.38667	  62.41511	   9.94327	       14N
  36.46897	  53.70567	   8.58169	       14N
  36.46897	  58.06017	   8.58169	       14N
  36.46897	  62.41468	   8.58169	       14N
  38.69845	  53.70458	   7.50100	       14N
  38.69845	  58.05909	   7.50100	       14N
  38.69845	  62.41360	   7.50100	       14N
  41.18521	  53.70421	   7.50000	       14N
  41.18521	  58.05872	   7.50000	       14N
  41.18521	  62.41322	   7.50000	       14N
  23.86883	  67.49697	   7.50000	       11B
  23.86883	  71.85148	   7.50000	       11B
  23.86883	  76.20598	   7.50000	       11B
  26.35300	  67.49616	   7.50003	       11B
  26.35300	  71.85067	   7.50003	       11B
  26.35300	  76.20518	   7.50003	       10B
  28.76487	  67.50003	   7.93811	       11B
  28.76487	  71.85454	   7.93811	       11B
  28.76487	  76.20905	   7.93811	       10B
  30.83318	  67.49764	   9.31213	       11B
  30.83318	  71.85215	   9.31213	       11B
  30.83318	  76.20665	   9.31213	       11B
  33.14810	  67.50066	  10.10364	       11B
  33.14810	  71.85517	  10.10364	       11B
  33.14810	  76.20968	  10.10364	       11B
  35.46302	  67.49764	   9.31213	       11B
  35.46302	  71.85215	   9.31213	       11B
  35.46302	  76.20665	   9.31213	       11B
  37.53132	  67.50003	   7.93811	       11B
  37.53132	  71.85454	   7.93811	       10B
  37.53132	  76.20905	   7.93811	       11B
  39.94320	  67.49616	   7.50003	       11B
  39.94320	  71.85067	   7.50003	       11B
  39.94320	  76.20518	   7.50003	       11B
  42.42736	  67.49697	   7.50000	       10B
  42.42736	  71.85148	   7.50000	       11B
  42.42736	  76.20598	   7.50000	       10B
  22.62669	  65.31970	   7.50000	       11B
  22.62669	  69.67421	   7.50000	       11B
  22.62669	  74.02872	   7.50000	       11B
  25.11075	  65.31949	   7.50000	       11B
  25.11075	  69.67400	   7.50000	       11B
  25.11075	  74.02850	   7.50000	       11B
  27.59653	  65.32018	   7.50100	       11B
  27.59653	  69.67468	   7.50100	       11B
  27.59653	  74.02919	   7.50100	       11B
  29.81885	  65.31942	   8.58023	       10B
  29.81885	  69.67392	   8.58023	       11B
  29.81885	  74.02843	   8.58023	       11B
  31.93263	  65.32235	   9.88198	       11B
  31.93263	  69.67686	   9.88198	       11B
  31.93263	  74.03137	   9.88198	       11B
  34.36357	  65.32235	   9.88198	       11B
  34.36357	  69.67686	   9.88198	       11B
  34.36357	  74.03137	   9.88198	       11B
  36.47735	  65.31942	   8.58023	       11B
  36.47735	  69.67392	   8.58023	       11B
  36.47735	  74.02843	   8.58023	       11B
  38.69967	  65.32018	   7.50100	       11B
  38.69967	  69.67468	   7.50100	       11B
  38.69967	  74.02919	   7.50100	       11B
  41.18545	  65.31949	   7.50000	       10B
  41.18545	  69.67400	   7.50000	       11B
  41.18545	  74.02850	   7.50000	       11B
  23.86863	  68.94508	   7.50000	       14N
  23.86863	  73.29959	   7.50000	       14N
  23.86863	  64.59057	   7.50000	       14N
  26.35237	  68.94523	   7.50003	       14N
  26.35237	  73.29974	   7.50003	       14N
  26.35237	  64.59073	   7.50003	       14N
  28.79935	  68.94654	   7.85883	       14N
  28.79935	  73.30105	   7.85883	       14N
  28.79935	  64.59203	   7.85883	       14N
  30.81301	  68.94682	   9.33296	       14N
  30.81301	  73.30133	   9.33296	       14N
  30.81301	  64.59231	   9.33296	       14N
  33.14810	  68.94711	  10.17977	       14N
  33.14810	  73.30162	  10.17977	       14N
  33.14810	  64.59260	  10.17977	       14N
  35.48319	  68.94682	   9.33296	       14N
  35.48319	  73.30133	   9.33296	       14N
  35.48319	  64.59231	   9.33296	       14N
  37.49684	  68.94654	   7.85883	       14N
  37.49684	  73.30105	   7.85883	       14N
  37.49684	  64.59203	   7.85883	       14N
  39.94382	  68.94523	   7.50003	       14N
  39.94382	  73.29974	   7.50003	       14N
  39.94382	  64.59073	   7.50003	       14N
  42.42757	  68.94508	   7.50000	       14N
  42.42757	  73.29959	   7.50000	       14N
  42.42757	  64.59057	   7.50000	       14N
  22.62669	  66.76798	   7.50000	       14N
  22.62669	  71.12249	   7.50000	       14N
  22.62669	  75.47700	   7.50000	       14N
  25.11098	  66.76773	   7.50000	       14N
  25.11098	  71.12224	   7.50000	       14N
  25.11098	  75.47675	   7.50000	       14N
  27.59774	  66.76811	   7.50100	       14N
  27.59774	  71.12262	   7.50100	       14N
  27.59774	  75.47713	   7.50100	       14N
  29.82723	  66.76919	   8.58169	       14N
  29.82723	  71.12370	   8.58169	       14N
  29.82723	  75.47821	   8.58169	       14N
  31.90953	  66.76962	   9.94327	       14N
  31.90953	  71.12413	   9.94327	       14N
  31.90953	  75.47864	   9.94327	       14N
  34.38667	  66.76962	   9.94327	       14N
  34.38667	  71.12413	   9.94327	       14N
  34.38667	  75.47864	   9.94327	       14N
  36.46897	  66.76919	   8.58169	       14N
  36.46897	  71.12370	   8.58169	       14N
  36.46897	  75.47821	   8.58169	       14N
  38.69845	  66.76811	   7.50100	       14N
  38.69845	  71.12262	   7.50100	       14N
  38.69845	  75.47713	   7.50100	       14N
  41.18521	  66.76773	   7.50000	       14N
  41.18521	  71.12224	   7.50000	       14N
  41.18521	  75.47675	   7.50000	       14N
  22.62669	  78.38322	   7.50000	       11B
  25.11075	  78.38301	   7.50000	       11B
  27.59653	  78.38370	   7.50100	       11B
  29.81885	  78.38294	   8.58023	       11B
  31.93263	  78.38588	   9.88198	       11B
  34.36357	  78.38588	   9.88198	       11B
  36.47735	  78.38294	   8.58023	       11B
  38.69967	  78.38370	   7.50100	       11B
  41.18545	  78.38301	   7.50000	       11B
  23.86863	  77.65410	   7.50000	       14N
  26.35237	  77.65425	   7.50003	       14N
  28.79935	  77.65556	   7.85883	       14N
  30.81301	  77.65584	   9.33296	       14N
  33.14810	  77.65612	  10.17977	       14N
  35.48319	  77.65584	   9.33296	       14N
  37.49684	  77.65556	   7.85883	       14N
  39.94382	  77.65425	   7.50003	       14N
  42.42757	  77.65410	   7.50000	       14N
  22.62669	  79.83151	   7.50000	       14N
  25.11098	  79.83126	   7.50000	       14N
  27.59774	  79.83163	   7.50100	       14N
  29.82723	  79.83272	   8.58169	       14N
  31.90953	  79.83315	   9.94327	       14N
  34.38667	  79.83315	   9.94327	       14N
  36.46897	  79.83272	   8.58169	       14N
  38.69845	  79.83163	   7.50100	       14N
  41.18521	  79.83126	   7.50000	       14N
  44.92655	   2.17825	   7.50000	       11B
  44.92655	   6.53276	   7.50000	       11B
  44.92655	  10.88727	   7.50000	       11B
  47.44062	   2.17825	   7.50000	       10B
  47.44062	   6.53276	   7.50000	       11B
  47.44062	  10.88727	   7.50000	       11B
  49.95470	   2.17825	   7.50000	       11B
  49.95470	   6.53276	   7.50000	       11B
  49.95470	  10.88727	   7.50000	       11B
  52.46878	   2.17825	   7.50000	       11B
  52.46878	   6.53276	   7.50000	       11B
  52.46878	  10.88727	   7.50000	       11B
  54.98285	   2.17825	   7.50000	       11B
  54.98285	   6.53276	   7.50000	       10B
  54.98285	  10.88727	   7.50000	       11B
  57.49693	   2.17825	   7.50000	       11B
  57.49693	   6.53276	   7.50000	       10B
  57.49693	  10.88727	   7.50000	       11B
  60.01100	   2.17825	   7.50000	       10B
  60.01100	   6.53276	   7.50000	       11B
  60.01100	  10.88727	   7.50000	       11B
  62.52508	   2.17825	   7.50000	       11B
  62.52508	   6.53276	   7.50000	       11B
  62.52508	  10.88727	   7.50000	       11B
  65.03916	   2.17825	   7.50000	       11B
  65.03916	   6.53276	   7.50000	       11B
  65.03916	  10.88727	   7.50000	       11B
  43.66951	   0.00098	   7.50000	       11B
  43.66951	   4.35549	   7.50000	       10B
  43.66951	   8.71000	   7.50000	       11B
  46.18358	   0.00098	   7.50000	       11B
  46.18358	   4.35549	   7.50000	       11B
  46.18358	   8.71000	   7.50000	       10B
  48.69766	   0.00098	   7.50000	       11B
  48.69766	   4.35549	   7.50000	       10B
  48.69766	   8.71000	   7.50000	       11B
  51.21174	   0.00098	   7.50000	       11B
  51.21174	   4.35549	   7.50000	       10B
  51.21174	   8.71000	   7.50000	       10B
  53.72581	   0.00098	   7.50000	       11B
  53.72581	   4.35549	   7.50000	       11B
  53.72581	   8.71000	   7.50000	       11B
  56.23989	   0.00098	   7.50000	       11B
  56.23989	   4.35549	   7.50000	       10B
  56.23989	   8.71000	   7.50000	       10B
  58.75397	   0.00098	   7.50000	       10B
  58.75397	   4.35549	   7.50000	       11B
  58.75397	   8.71000	   7.50000	       11B
  61.26804	   0.00098	   7.50000	       11B
  61.26804	   4.35549	   7.50000	       10B
  61.26804	   8.71000	   7.50000	       11B
  63.78212	   0.00098	   7.50000	       11B
  63.78212	   4.35549	   7.50000	       11B
  63.78212	   8.71000	   7.50000	       11B
  44.92655	   3.63024	   7.50000	       14N
  44.92655	   7.98475	   7.50000	       14N
  47.44062	   3.63024	   7.50000	       14N
  47.44062	   7.98475	   7.50000	       14N
  49.95470	   3.63024	   7.50000	       14N
  49.95470	   7.98475	   7.50000	       14N
  52.46878	   3.63024	   7.50000	       14N
  52.46878	   7.98475	   7.50000	       14N
  54.98285	   3.63024	   7.50000	       14N
  54.98285	   7.98475	   7.50000	       14N
  57.49693	   3.63024	   7.50000	       14N
  57.49693	   7.98475	   7.50000	       14N
  60.01100	   3.63024	   7.50000	       14N
  60.01100	   7.98475	   7.50000	       14N
  62.52508	   3.63024	   7.50000	       14N
  62.52508	   7.98475	   7.50000	       14N
  65.03916	   3.63024	   7.50000	       14N
  65.03916	   7.98475	   7.50000	       14N
  43.66951	   1.45298	   7.50000	       14N
  43.66951	   5.80749	   7.50000	       14N
  43.66951	  10.16200	   7.50000	       14N
  46.18358	   1.45298	   7.50000	       14N
  46.18358	   5.80749	   7.50000	       14N
  46.18358	  10.16200	   7.50000	       14N
  48.69766	   1.45298	   7.50000	       14N
  48.69766	   5.80749	   7.50000	       14N
  48.69766	  10.16200	   7.50000	       14N
  51.21174	   1.45298	   7.50000	       14N
  51.21174	   5.80749	   7.50000	       14N
  51.21174	  10.16200	   7.50000	       14N
  53.72581	   1.45298	   7.50000	       14N
  53.72581	   5.80749	   7.50000	       14N
  53.72581	  10.16200	   7.50000	       14N
  56.23989	   1.45298	   7.50000	       14N
  56.23989	   5.80749	   7.50000	       14N
  56.23989	  10.16200	   7.50000	       14N
  58.75397	   1.45298	   7.50000	       14N
  58.75397	   5.80749	   7.50000	       14N
  58.75397	  10.16200	   7.50000	       14N
  61.26804	   1.45298	   7.50000	       14N
  61.26804	   5.80749	   7.50000	       14N
  61.26804	  10.16200	   7.50000	       14N
  63.78212	   1.45298	   7.50000	       14N
  63.78212	   5.80749	   7.50000	       14N
  63.78212	  10.16200	   7.50000	       14N
  44.92655	  15.24177	   7.50000	       10B
  44.92655	  19.59628	   7.50000	       10B
  44.92655	  23.95079	   7.50000	       11B
  47.44062	  15.24177	   7.50000	       11B
  47.44062	  19.59628	   7.50000	       10B
  47.44062	  23.95079	   7.50000	       11B
  49.95470	  15.24177	   7.50000	       11B
  49.95470	  19.59628	   7.50000	       11B
  49.95470	  23.95079	   7.50000	       11B
  52.46878	  15.24177	   7.50000	       11B
  52.46878	  19.59628	   7.50000	       11B
  52.46878	  23.95079	   7.50000	       10B
  54.98285	  15.24177	   7.50000	       11B
  54.98285	  19.59628	   7.50000	       11B
  54.98285	  23.95079	   7.50000	       11B
  57.49693	  15.24177	   7.50000	       11B
  57.49693	  19.59628	   7.50000	       11B
  57.49693	  23.95079	   7.50000	       11B
  60.01100	  15.24177	   7.50000	       10B
  60.01100	  19.59628	   7.50000	       11B
  60.01100	  23.95079	   7.50000	       11B
  62.52508	  15.24177	   7.50000	       11B
  62.52508	  19.59628	   7.50000	       11B
  62.52508	  23.95079	   7.50000	       11B
  65.03916	  15.24177	   7.50000	       10B
  65.03916	  19.59628	   7.50000	       10B
  65.03916	  23.95079	   7.50000	       10B
  43.66951	  13.06450	   7.50000	       11B
  43.66951	  17.41901	   7.50000	       11B
  43.66951	  21.77352	   7.50000	       11B
  46.18358	  13.06450	   7.50000	       11B
  46.18358	  17.41901	   7.50000	       11B
  46.18358	  21.77352	   7.50000	       11B
  48.69766	  13.06450	   7.50000	       11B
  48.69766	  17.41901	   7.50000	       11B
  48.69766	  21.77352	   7.50000	       11B
  51.21174	  13.06450	   7.50000	       11B
  51.21174	  17.41901	   7.50000	       11B
  51.21174	  21.77352	   7.50000	       10B
  53.72581	  13.06450	   7.50000	       11B
  53.72581	  17.41901	   7.50000	       11B
  53.72581	  21.77352	   7.50000	       11B
  56.23989	  13.06450	   7.50000	       11B
  56.23989	  17.41901	   7.50000	       11B
  56.23989	  21.77352	   7.50000	       11B
  58.75397	  13.06450	   7.50000	       10B
  58.75397	  17.41901	   7.50000	       11B
  58.75397	  21.77352	   7.50000	       11B
  61.26804	  13.06450	   7.50000	       11B
  61.26804	  17.41901	   7.50000	       11B
  61.26804	  21.77352	   7.50000	       11B
  63.78212	  13.06450	   7.50000	       10B
  63.78212	  17.41901	   7.50000	       11B
  63.78212	  21.77352	   7.50000	       11B
  44.92655	  16.69376	   7.50000	       14N
  44.92655	  21.04827	   7.50000	       14N
  44.92655	  12.33926	   7.50000	       14N
  47.44062	  16.69376	   7.50000	       14N
  47.44062	  21.04827	   7.50000	       14N
  47.44062	  12.33926	   7.50000	       14N
  49.95470	  16.69376	   7.50000	       14N
  49.95470	  21.04827	   7.50000	       14N
  49.95470	  12.33926	   7.50000	       14N
  52.46878	  16.69376	   7.50000	       14N
  52.46878	  21.04827	   7.50000	       14N
  52.46878	  12.33926	   7.50000	       14N
  54.98285	  16.69376	   7.50000	       14N
  54.98285	  21.04827	   7.50000	       14N
  54.98285	  12.33926	   7.50000	       14N
  57.49693	  16.69376	   7.50000	       14N
  57.49693	  21.04827	   7.50000	       14N
  57.49693	  12.33926	   7.50000	       14N
  60.01100	  16.69376	   7.50000	       14N
  60.01100	  21.04827	   7.50000	       14N
  60.01100	  12.33926	   7.50000	       14N
  62.52508	  16.69376	   7.50000	       14N
  62.52508	  21.04827	   7.50000	       14N
  62.52508	  12.33926	   7.50000	       14N
  65.03916	  16.69376	   7.50000	       14N
  65.03916	  21.04827	   7.50000	       14N
  65.03916	  12.33926	   7.50000	       14N
  43.66951	  14.51651	   7.50000	       14N
  43.66951	  18.87102	   7.50000	       14N
  43.66951	  23.22552	   7.50000	       14N
  46.18358	  14.51651	   7.50000	       14N
  46.18358	  18.87102	   7.50000	       14N
  46.18358	  23.22552	   7.50000	       14N
  48.69766	  14.51651	   7.50000	       14N
  48.69766	  18.87102	   7.50000	       14N
  48.69766	  23.22552	   7.50000	       14N
  51.21174	  14.51651	   7.50000	       14N
  51.21174	  18.87102	   7.50000	       14N
  51.21174	  23.22552	   7.50000	       14N
  53.72581	  14.51651	   7.50000	       14N
  53.72581	  18.87102	   7.50000	       14N
  53.72581	  23.22552	   7.50000	       14N
  56.23989	  14.51651	   7.50000	       14N
  56.23989	  18.87102	   7.50000	       14N
  56.23989	  23.22552	   7.50000	       14N
  58.75397	  14.51651	   7.50000	       14N
  58.75397	  18.87102	   7.50000	       14N
  58.75397	  23.22552	   7.50000	       14N
  61.26804	  14.51651	   7.50000	       14N
  61.26804	  18.87102	   7.50000	       14N
  61.26804	  23.22552	   7.50000	       14N
  63.78212	  14.51651	   7.50000	       14N
  63.78212	  18.87102	   7.50000	       14N
  63.78212	  23.22552	   7.50000	       14N
  44.92655	  28.30530	   7.50000	       11B
  44.92655	  32.65981	   7.50000	       11B
  44.92655	  37.01432	   7.50000	       11B
  47.44062	  28.30530	   7.50000	       11B
  47.44062	  32.65981	   7.50000	       11B
  47.44062	  37.01432	   7.50000	       10B
  49.95470	  28.30530	   7.50000	       11B
  49.95470	  32.65981	   7.50000	       11B
  49.95470	  37.01432	   7.50000	       11B
  52.46878	  28.30530	   7.50000	       10B
  52.46878	  32.65981	   7.50000	       10B
  52.46878	  37.01432	   7.50000	       10B
  54.98285	  28.30530	   7.50000	       11B
  54.98285	  32.65981	   7.50000	       11B
  54.98285	  37.01432	   7.50000	       11B
  57.49693	  28.30530	   7.50000	       11B
  57.49693	  32.65981	   7.50000	       11B
  57.49693	  37.01432	   7.50000	       11B
  60.01100	  28.30530	   7.50000	       11B
  60.01100	  32.65981	   7.50000	       10B
  60.01100	  37.01432	   7.50000	       11B
  62.52508	  28.30530	   7.50000	       11B
  62.52508	  32.65981	   7.50000	       11B
  62.52508	  37.01432	   7.50000	       11B
  65.03916	  28.30530	   7.50000	       11B
  65.03916	  32.65981	   7.50000	       11B
  65.03916	  37.01432	   7.50000	       11B
  43.66951	  26.12803	   7.50000	       10B
  43.66951	  30.48254	   7.50000	       11B
  43.66951	  34.83705	   7.50000	       10B
  46.18358	  26.12803	   7.50000	       11B
  46.18358	  30.48254	   7.50000	       11B
  46.18358	  34.83705	   7.50000	       11B
  48.69766	  26.12803	   7.50000	       11B
  48.69766	  30.48254	   7.50000	       11B
  48.69766	  34.83705	   7.50000	       11B
  51.21174	  26.12803	   7.50000	       11B
  51.21174	  30.48254	   7.50000	       10B
  51.21174	  34.83705	   7.50000	       11B
  53.72581	  26.12803	   7.50000	       11B
  53.72581	  30.48254	   7.50000	       10B
  53.72581	  34.83705	   7.50000	       11B
  56.23989	  26.12803	   7.50000	       10B
  56.23989	  30.48254	   7.50000	       10B
  56.23989	  34.83705	   7.50000	       11B
  58.75397	  26.12803	   7.50000	       11B
  58.75397	  30.48254	   7.50000	       10B
  58.75397	  34.83705	   7.50000	       11B
  61.26804	  26.12803	   7.50000	       11B
  61.26804	  30.48254	   7.50000	       11B
  61.26804	  34.83705	   7.50000	       10B
  63.78212	  26.12803	   7.50000	       11B
  63.78212	  30.48254	   7.50000	       11B
  63.78212	  34.83705	   7.50000	       10B
  44.92655	  29.75729	   7.50000	       14N
  44.92655	  34.11180	   7.50000	       14N
  44.92655	  25.40278	   7.50000	       14N
  47.44062	  29.75729	   7.50000	       14N
  47.44062	  34.11180	   7.50000	       14N
  47.44062	  25.40278	   7.50000	       14N
  49.95470	  29.75729	   7.50000	       14N
  49.95470	  34.11180	   7.50000	       14N
  49.95470	  25.40278	   7.50000	       14N
  52.46878	  29.75729	   7.50000	       14N
  52.46878	  34.11180	   7.50000	       14N
  52.46878	  25.40278	   7.50000	       14N
  54.98285	  29.75729	   7.50000	       14N
  54.98285	  34.11180	   7.50000	       14N
  54.98285	  25.40278	   7.50000	       14N
  57.49693	  29.75729	   7.50000	       14N
  57.49693	  34.11180	   7.50000	       14N
  57.49693	  25.40278	   7.50000	       14N
  60.01100	  29.75729	   7.50000	       14N
  60.01100	  34.11180	   7.50000	       14N
  60.01100	  25.40278	   7.50000	       14N
  62.52508	  29.75729	   7.50000	       14N
  62.52508	  34.11180	   7.50000	       14N
  62.52508	  25.40278	   7.50000	       14N
  65.03916	  29.75729	   7.50000	       14N
  65.03916	  34.11180	   7.50000	       14N
  65.03916	  25.40278	   7.50000	       14N
  43.66951	  27.58003	   7.50000	       14N
  43.66951	  31.93454	   7.50000	       14N
  43.66951	  36.28905	   7.50000	       14N
  46.18358	  27.58003	   7.50000	       14N
  46.18358	  31.93454	   7.50000	       14N
  46.18358	  36.28905	   7.50000	       14N
  48.69766	  27.58003	   7.50000	       14N
  48.69766	  31.93454	   7.50000	       14N
  48.69766	  36.28905	   7.50000	       14N
  51.21174	  27.58003	   7.50000	       14N
  51.21174	  31.93454	   7.50000	       14N
  51.21174	  36.28905	   7.50000	       14N
  53.72581	  27.58003	   7.50000	       14N
  53.72581	  31.93454	   7.50000	       14N
  53.72581	  36.28905	   7.50000	       14N
  56.23989	  27.58003	   7.50000	       14N
  56.23989	  31.93454	   7.50000	       14N
  56.23989	  36.28905	   7.50000	       14N
  58.75397	  27.58003	   7.50000	       14N
  58.75397	  31.93454	   7.50000	       14N
  58.75397	  36.28905	   7.50000	       14N
  61.26804	  27.58003	   7.50000	       14N
  61.26804	  31.93454	   7.50000	       14N
  61.26804	  36.28905	   7.50000	       14N
  63.78212	  27.58003	   7.50000	       14N
  63.78212	  31.93454	   7.50000	       14N
  63.78212	  36.28905	   7.50000	       14N
  44.92655	  41.36882	   7.50000	       11B
  44.92655	  45.72333	   7.50000	       10B
  44.92655	  50.07784	   7.50000	       10B
  47.44062	  41.36882	   7.50000	       11B
  47.44062	  45.72333	   7.50000	       10B
  47.44062	  50.07784	   7.50000	       10B
  49.95470	  41.36882	   7.50000	       11B
  49.95470	  45.72333	   7.50000	       11B
  49.95470	  50.07784	   7.50000	       11B
  52.46878	  41.36882	   7.50000	       11B
  52.46878	  45.72333	   7.50000	       11B
  52.46878	  50.07784	   7.50000	       11B
  54.98285	  41.36882	   7.50000	       11B
  54.98285	  45.72333	   7.50000	       11B
  54.98285	  50.07784	   7.50000	       11B
  57.49693	  41.36882	   7.50000	       10B
  57.49693	  45.72333	   7.50000	       11B
  57.49693	  50.07784	   7.50000	       11B
  60.01100	  41.36882	   7.50000	       11B
  60.01100	  45.72333	   7.50000	       11B
  60.01100	  50.07784	   7.50000	       10B
  62.52508	  41.36882	   7.50000	       11B
  62.52508	  45.72333	   7.50000	       10B
  62.52508	  50.07784	   7.50000	       11B
  65.03916	  41.36882	   7.50000	       11B
  65.03916	  45.72333	   7.50000	       11B
  65.03916	  50.07784	   7.50000	       11B
  43.66951	  39.19155	   7.50000	       11B
  43.66951	  43.54606	   7.50000	       11B
  43.66951	  47.90057	   7.50000	       11B
  46.18358	  39.19155	   7.50000	       10B
  46.18358	  43.54606	   7.50000	       11B
  46.18358	  47.90057	   7.50000	       11B
  48.69766	  39.19155	   7.50000	       11B
  48.69766	  43.54606	   7.50000	       11B
  48.69766	  47.90057	   7.50000	       10B
  51.21174	  39.19155	   7.50000	       11B
  51.21174	  43.54606	   7.50000	       10B
  51.21174	  47.90057	   7.50000	       10B
  53.72581	  39.19155	   7.50000	       10B
  53.72581	  43.54606	   7.50000	       11B
  53.72581	  47.90057	   7.50000	       11B
  56.23989	  39.19155	   7.50000	       11B
  56.23989	  43.54606	   7.50000	       11B
  56.23989	  47.90057	   7.50000	       11B
  58.75397	  39.19155	   7.50000	       11B
  58.75397	  43.54606	   7.50000	       11B
  58.75397	  47.90057	   7.50000	       11B
  61.26804	  39.19155	   7.50000	       11B
  61.26804	  43.54606	   7.50000	       11B
  61.26804	  47.90057	   7.50000	       11B
  63.78212	  39.19155	   7.50000	       11B
  63.78212	  43.54606	   7.50000	       11B
  63.78212	  47.90057	   7.50000	       11B
  44.92655	  42.82082	   7.50000	       14N
  44.92655	  47.17532	   7.50000	       14N
  44.92655	  38.46631	   7.50000	       14N
  47.44062	  42.82082	   7.50000	       14N
  47.44062	  47.17532	   7.50000	       14N
  47.44062	  38.46631	   7.50000	       14N
  49.95470	  42.82082	   7.50000	       14N
  49.95470	  47.17532	   7.50000	       14N
  49.95470	  38.46631	   7.50000	       14N
  52.46878	  42.82082	   7.50000	       14N
  52.46878	  47.17532	   7.50000	       14N
  52.46878	  38.46631	   7.50000	       14N
  54.98285	  42.82082	   7.50000	       14N
  54.98285	  47.17532	   7.50000	       14N
  54.98285	  38.46631	   7.50000	       14N
  57.49693	  42.82082	   7.50000	       14N
  57.49693	  47.17532	   7.50000	       14N
  57.49693	  38.46631	   7.50000	       14N
  60.01100	  42.82082	   7.50000	       14N
  60.01100	  47.17532	   7.50000	       14N
  60.01100	  38.46631	   7.50000	       14N
  62.52508	  42.82082	   7.50000	       14N
  62.52508	  47.17532	   7.50000	       14N
  62.52508	  38.46631	   7.50000	       14N
  65.03916	  42.82082	   7.50000	       14N
  65.03916	  47.17532	   7.50000	       14N
  65.03916	  38.46631	   7.50000	       14N
  43.66951	  40.64356	   7.50000	       14N
  43.66951	  44.99807	   7.50000	       14N
  43.66951	  49.35257	   7.50000	       14N
  46.18358	  40.64356	   7.50000	       14N
  46.18358	  44.99807	   7.50000	       14N
  46.18358	  49.35257	   7.50000	       14N
  48.69766	  40.64356	   7.50000	       14N
  48.69766	  44.99807	   7.50000	       14N
  48.69766	  49.35257	   7.50000	       14N
  51.21174	  40.64356	   7.50000	       14N
  51.21174	  44.99807	   7.50000	       14N
  51.21174	  49.35257	   7.50000	       14N
  53.72581	  40.64356	   7.50000	       14N
  53.72581	  44.99807	   7.50000	       14N
  53.72581	  49.35257	   7.50000	       14N
  56.23989	  40.64356	   7.50000	       14N
  56.23989	  44.99807	   7.50000	       14N
  56.23989	  49.35257	   7.50000	       14N
  58.75397	  40.64356	   7.50000	       14N
  58.75397	  44.99807	   7.50000	       14N
  58.75397	  49.35257	   7.50000	       14N
  61.26804	  40.64356	   7.50000	       14N
  61.26804	  44.99807	   7.50000	       14N
  61.26804	  49.35257	   7.50000	       14N
  63.78212	  40.64356	   7.50000	       14N
  63.78212	  44.99807	   7.50000	       14N
  63.78212	  49.35257	   7.50000	       14N
  44.92655	  54.43235	   7.50000	       11B
  44.92655	  58.78686	   7.50000	       11B
  44.92655	  63.14137	   7.50000	       11B
  47.44062	  54.43235	   7.50000	       11B
  47.44062	  58.78686	   7.50000	       11B
  47.44062	  63.14137	   7.50000	       11B
  49.95470	  54.43235	   7.50000	       10B
  49.95470	  58.78686	   7.50000	       11B
  49.95470	  63.14137	   7.50000	       11B
  52.46878	  54.43235	   7.50000	       11B
  52.46878	  58.78686	   7.50000	       11B
  52.46878	  63.14137	   7.50000	       10B
  54.98285	  54.43235	   7.50000	       10B
  54.98285	  58.78686	   7.50000	       10B
  54.98285	  63.14137	   7.50000	       11B
  57.49693	  54.43235	   7.50000	       10B
  57.49693	  58.78686	   7.50000	       11B
  57.49693	  63.14137	   7.50000	       11B
  60.01100	  54.43235	   7.50000	       11B
  60.01100	  58.78686	   7.50000	       11B
  60.01100	  63.14137	   7.50000	       11B
  62.52508	  54.43235	   7.50000	       11B
  62.52508	  58.78686	   7.50000	       11B
  62.52508	  63.14137	   7.50000	       10B
  65.03916	  54.43235	   7.50000	       11B
  65.03916	  58.78686	   7.50000	       10B
  65.03916	  63.14137	   7.50000	       11B
  43.66951	  52.25508	   7.50000	       11B
  43.66951	  56.60959	   7.50000	       11B
  43.66951	  60.96410	   7.50000	       11B
  46.18358	  52.25508	   7.50000	       10B
  46.18358	  56.60959	   7.50000	       10B
  46.18358	  60.96410	   7.50000	       11B
  48.69766	  52.25508	   7.50000	       11B
  48.69766	  56.60959	   7.50000	       11B
  48.69766	  60.96410	   7.50000	       11B
  51.21174	  52.25508	   7.50000	       10B
  51.21174	  56.60959	   7.50000	       11B
  51.21174	  60.96410	   7.50000	       11B
  53.72581	  52.25508	   7.50000	       11B
  53.72581	  56.60959	   7.50000	       11B
  53.72581	  60.96410	   7.50000	       11B
  56.23989	  52.25508	   7.50000	       11B
  56.23989	  56.60959	   7.50000	       11B
  56.23989	  60.96410	   7.50000	       11B
  58.75397	  52.25508	   7.50000	       11B
  58.75397	  56.60959	   7.50000	       11B
  58.75397	  60.96410	   7.50000	       11B
  61.26804	  52.25508	   7.50000	       10B
  61.26804	  56.60959	   7.50000	       11B
  61.26804	  60.96410	   7.50000	       10B
  63.78212	  52.25508	   7.50000	       11B
  63.78212	  56.60959	   7.50000	       11B
  63.78212	  60.96410	   7.50000	       11B
  44.92655	  55.88434	   7.50000	       14N
  44.92655	  60.23885	   7.50000	       14N
  44.92655	  51.52983	   7.50000	       14N
  47.44062	  55.88434	   7.50000	       14N
  47.44062	  60.23885	   7.50000	       14N
  47.44062	  51.52983	   7.50000	       14N
  49.95470	  55.88434	   7.50000	       14N
  49.95470	  60.23885	   7.50000	       14N
  49.95470	  51.52983	   7.50000	       14N
  52.46878	  55.88434	   7.50000	       14N
  52.46878	  60.23885	   7.50000	       14N
  52.46878	  51.52983	   7.50000	       14N
  54.98285	  55.88434	   7.50000	       14N
  54.98285	  60.23885	   7.50000	       14N
  54.98285	  51.52983	   7.50000	       14N
  57.49693	  55.88434	   7.50000	       14N
  57.49693	  60.23885	   7.50000	       14N
  57.49693	  51.52983	   7.50000	       14N
  60.01100	  55.88434	   7.50000	       14N
  60.01100	  60.23885	   7.50000	       14N
  60.01100	  51.52983	   7.50000	       14N
  62.52508	  55.88434	   7.50000	       14N
  62.52508	  60.23885	   7.50000	       14N
  62.52508	  51.52983	   7.50000	       14N
  65.03916	  55.88434	   7.50000	       14N
  65.03916	  60.23885	   7.50000	       14N
  65.03916	  51.52983	   7.50000	       14N
  43.66951	  53.70708	   7.50000	       14N
  43.66951	  58.06159	   7.50000	       14N
  43.66951	  62.41610	   7.50000	       14N
  46.18358	  53.70708	   7.50000	       14N
  46.18358	  58.06159	   7.50000	       14N
  46.18358	  62.41610	   7.50000	       14N
  48.69766	  53.70708	   7.50000	       14N
  48.69766	  58.06159	   7.50000	       14N
  48.69766	  62.41610	   7.50000	       14N
  51.21174	  53.70708	   7.50000	       14N
  51.21174	  58.06159	   7.50000	       14N
  51.21174	  62.41610	   7.50000	       14N
  53.72581	  53.70708	   7.50000	       14N
  53.72581	  58.06159	   7.50000	       14N
  53.72581	  62.41610	   7.50000	       14N
  56.23989	  53.70708	   7.50000	       14N
  56.23989	  58.06159	   7.50000	       14N
  56.23989	  62.41610	   7.50000	       14N
  58.75397	  53.70708	   7.50000	       14N
  58.75397	  58.06159	   7.50000	       14N
  58.75397	  62.41610	   7.50000	       14N
  61.26804	  53.70708	   7.50000	       14N
  61.26804	  58.06159	   7.50000	       14N
  61.26804	  62.41610	   7.50000	       14N
  63.78212	  53.70708	   7.50000	       14N
  63.78212	  58.06159	   7.50000	       14N
  63.78212	  62.41610	   7.50000	       14N
  44.92655	  67.49587	   7.50000	       10B
  44.92655	  71.85038	   7.50000	       11B
  44.92655	  76.20489	   7.50000	       10B
  47.44062	  67.49587	   7.50000	       11B
  47.44062	  71.85038	   7.50000	       11B
  47.44062	  76.20489	   7.50000	       11B
  49.95470	  67.49587	   7.50000	       11B
  49.95470	  71.85038	   7.50000	       11B
  49.95470	  76.20489	   7.50000	       11B
  52.46878	  67.49587	   7.50000	       11B
  52.46878	  71.85038	   7.50000	       11B
  52.46878	  76.20489	   7.50000	       11B
  54.98285	  67.49587	   7.50000	       10B
  54.98285	  71.85038	   7.50000	       11B
  54.98285	  76.20489	   7.50000	       11B
  57.49693	  67.49587	   7.50000	       11B
  57.49693	  71.85038	   7.50000	       11B
  57.49693	  76.20489	   7.50000	       11B
  60.01100	  67.49587	   7.50000	       11B
  60.01100	  71.85038	   7.50000	       11B
  60.01100	  76.20489	   7.50000	       11B
  62.52508	  67.49587	   7.50000	       11B
  62.52508	  71.85038	   7.50000	       11B
  62.52508	  76.20489	   7.50000	       11B
  65.03916	  67.49587	   7.50000	       11B
  65.03916	  71.85038	   7.50000	       10B
  65.03916	  76.20489	   7.50000	       11B
  43.66951	  65.31860	   7.50000	       11B
  43.66951	  69.67311	   7.50000	       10B
  43.66951	  74.02762	   7.50000	       11B
  46.18358	  65.31860	   7.50000	       11B
  46.18358	  69.67311	   7.50000	       10B
  46.18358	  74.02762	   7.50000	       11B
  48.69766	  65.31860	   7.50000	       11B
  48.69766	  69.67311	   7.50000	       10B
  48.69766	  74.02762	   7.50000	       11B
  51.21174	  65.31860	   7.50000	       11B
  51.21174	  69.67311	   7.50000	       11B
  51.21174	  74.02762	   7.50000	       11B
  53.72581	  65.31860	   7.50000	       10B
  53.72581	  69.67311	   7.50000	       10B
  53.72581	  74.02762	   7.50000	       11B
  56.23989	  65.31860	   7.50000	       10B
  56.23989	  69.67311	   7.50000	       11B
  56.23989	  74.02762	   7.50000	       11B
  58.75397	  65.31860	   7.50000	       10B
  58.75397	  69.67311	   7.50000	       10B
  58.75397	  74.02762	   7.50000	       11B
  61.26804	  65.31860	   7.50000	       11B
  61.26804	  69.67311	   7.50000	       11B
  61.26804	  74.02762	   7.50000	       11B
  63.78212	  65.31860	   7.50000	       11B
  63.78212	  69.67311	   7.50000	       11B
  63.78212	  74.02762	   7.50000	       11B
  44.92655	  68.94787	   7.50000	       14N
  44.92655	  73.30237	   7.50000	       14N
  44.92655	  64.59336	   7.50000	       14N
  47.44062	  68.94787	   7.50000	       14N
  47.44062	  73.30237	   7.50000	       14N
  47.44062	  64.59336	   7.50000	       14N
  49.95470	  68.94787	   7.50000	       14N
  49.95470	  73.30237	   7.50000	       14N
  49.95470	  64.59336	   7.50000	       14N
  52.46878	  68.94787	   7.50000	       14N
  52.46878	  73.30237	   7.50000	       14N
  52.46878	  64.59336	   7.50000	       14N
  54.98285	  68.94787	   7.50000	       14N
  54.98285	  73.30237	   7.50000	       14N
  54.98285	  64.59336	   7.50000	       14N
  57.49693	  68.94787	   7.50000	       14N
  57.49693	  73.30237	   7.50000	       14N
  57.49693	  64.59336	   7.50000	       14N
  60.01100	  68.94787	   7.50000	       14N
  60.01100	  73.30237	   7.50000	       14N
  60.01100	  64.59336	   7.50000	       14N
  62.52508	  68.94787	   7.50000	       14N
  62.52508	  73.30237	   7.50000	       14N
  62.52508	  64.59336	   7.50000	       14N
  65.03916	  68.94787	   7.50000	       14N
  65.03916	  73.30237	   7.50000	       14N
  65.03916	  64.59336	   7.50000	       14N
  43.66951	  66.77061	   7.50000	       14N
  43.66951	  71.12512	   7.50000	       14N
  43.66951	  75.47963	   7.50000	       14N
  46.18358	  66.77061	   7.50000	       14N
  46.18358	  71.12512	   7.50000	       14N
  46.18358	  75.47963	   7.50000	       14N
  48.69766	  66.77061	   7.50000	       14N
  48.69766	  71.12512	   7.50000	       14N
  48.69766	  75.47963	   7.50000	       14N
  51.21174	  66.77061	   7.50000	       14N
  51.21174	  71.12512	   7.50000	       14N
  51.21174	  75.47963	   7.50000	       14N
  53.72581	  66.77061	   7.50000	       14N
  53.72581	  71.12512	   7.50000	       14N
  53.72581	  75.47963	   7.50000	       14N
  56.23989	  66.77061	   7.50000	       14N
  56.23989	  71.12512	   7.50000	       14N
  56.23989	  75.47963	   7.50000	       14N
  58.75397	  66.77061	   7.50000	       14N
  58.75397	  71.12512	   7.50000	       14N
  58.75397	  75.47963	   7.50000	       14N
  61.26804	  66.77061	   7.50000	       14N
  61.26804	  71.12512	   7.50000	       14N
  61.26804	  75.47963	   7.50000	       14N
  63.78212	  66.77061	   7.50000	       14N
  63.78212	  71.12512	   7.50000	       14N
  63.78212	  75.47963	   7.50000	       14N
  43.66951	  78.38213	   7.50000	       11B
  46.18358	  78.38213	   7.50000	       11B
  48.69766	  78.38213	   7.50000	       11B
  51.21174	  78.38213	   7.50000	       11B
  53.72581	  78.38213	   7.50000	       11B
  56.23989	  78.38213	   7.50000	       11B
  58.75397	  78.38213	   7.50000	       10B
  61.26804	  78.38213	   7.50000	       11B
  63.78212	  78.38213	   7.50000	       11B
  44.92655	  77.65688	   7.50000	       14N
  47.44062	  77.65688	   7.50000	       14N
  49.95470	  77.65688	   7.50000	       14N
  52.46878	  77.65688	   7.50000	       14N
  54.98285	  77.65688	   7.50000	       14N
  57.49693	  77.65688	   7.50000	       14N
  60.01100	  77.65688	   7.50000	       14N
  62.52508	  77.65688	   7.50000	       14N
  65.03916	  77.65688	   7.50000	       14N
  43.66951	  79.83413	   7.50000	       14N
  46.18358	  79.83413	   7.50000	       14N
  48.69766	  79.83413	   7.50000	       14N
  51.21174	  79.83413	   7.50000	       14N
  53.72581	  79.83413	   7.50000	       14N
  56.23989	  79.83413	   7.50000	       14N
  58.75397	  79.83413	   7.50000	       14N
  61.26804	  79.83413	   7.50000	       14N
  63.78212	  79.83413	   7.50000	       14N
  67.55323	   2.17825	   7.50000	       11B
  67.55323	   6.53276	   7.50000	       11B
  67.55323	  10.88727	   7.50000	       11B
  70.06731	   2.17825	   7.50000	       11B
  70.06731	   6.53276	   7.50000	       11B
  70.06731	  10.88727	   7.50000	       11B
  72.58139	   2.17825	   7.50000	       11B
  72.58139	   6.53276	   7.50000	       11B
  72.58139	  10.88727	   7.50000	       10B
  75.09546	   2.17825	   7.50000	       11B
  75.09546	   6.53276	   7.50000	       10B
  75.09546	  10.88727	   7.50000	       11B
  77.60954	   2.17825	   7.50000	       11B
  77.60954	   6.53276	   7.50000	       11B
  77.60954	  10.88727	   7.50000	       11B
  66.29620	   0.00098	   7.50000	       11B
  66.29620	   4.35549	   7.50000	       10B
  66.29620	   8.71000	   7.50000	       10B
  68.81027	   0.00098	   7.50000	       11B
  68.81027	   4.35549	   7.50000	       10B
  68.81027	   8.71000	   7.50000	       11B
  71.32435	   0.00098	   7.50000	       10B
  71.32435	   4.35549	   7.50000	       11B
  71.32435	   8.71000	   7.50000	       10B
  73.83843	   0.00098	   7.50000	       11B
  73.83843	   4.35549	   7.50000	       11B
  73.83843	   8.71000	   7.50000	       10B
  76.35250	   0.00098	   7.50000	       11B
  76.35250	   4.35549	   7.50000	       10B
  76.35250	   8.71000	   7.50000	       11B
  78.86658	   0.00098	   7.50000	       10B
  78.86658	   4.35549	   7.50000	       11B
  78.86658	   8.71000	   7.50000	       11B
  67.55323	   3.63024	   7.50000	       14N
  67.55323	   7.98475	   7.50000	       14N
  70.06731	   3.63024	   7.50000	       14N
  70.06731	   7.98475	   7.50000	       14N
  72.58139	   3.63024	   7.50000	       14N
  72.58139	   7.98475	   7.50000	       14N
  75.09546	   3.63024	   7.50000	       14N
  75.09546	   7.98475	   7.50000	       14N
  77.60954	   3.63024	   7.50000	       14N
  77.60954	   7.98475	   7.50000	       14N
  66.29620	   1.45298	   7.50000	       14N
  66.29620	   5.80749	   7.50000	       14N
  66.29620	  10.16200	   7.50000	       14N
  68.81027	   1.45298	   7.50000	       14N
  68.81027	   5.80749	   7.50000	       14N
  68.81027	  10.16200	   7.50000	       14N
  71.32435	   1.45298	   7.50000	       14N
  71.32435	   5.80749	   7.50000	       14N
  71.32435	  10.16200	   7.50000	       14N
  73.83843	   1.45298	   7.50000	       14N
  73.83843	   5.80749	   7.50000	       14N
  73.83843	  10.16200	   7.50000	       14N
  76.35250	   1.45298	   7.50000	       14N
  76.35250	   5.80749	   7.50000	       14N
  76.35250	  10.16200	   7.50000	       14N
  78.86658	   1.45298	   7.50000	       14N
  78.86658	   5.80749	   7.50000	       14N
  78.86658	  10.16200	   7.50000	       14N
  67.55323	  15.24177	   7.50000	       11B
  67.55323	  19.59628	   7.50000	       10B
  67.55323	  23.95079	   7.50000	       11B
  70.06731	  15.24177	   7.50000	       11B
  70.06731	  19.59628	   7.50000	       11B
  70.06731	  23.95079	   7.50000	       11B
  72.58139	  15.24177	   7.50000	       11B
  72.58139	  19.59628	   7.50000	       11B
  72.58139	  23.95079	   7.50000	       11B
  75.09546	  15.24177	   7.50000	       11B
  75.09546	  19.59628	   7.50000	       11B
  75.09546	  23.95079	   7.50000	       11B
  77.60954	  15.24177	   7.50000	       11B
  77.60954	  19.59628	   7.50000	       11B
  77.60954	  23.95079	   7.50000	       11B
  66.29620	  13.06450	   7.50000	       11B
  66.29620	  17.41901	   7.50000	       11B
  66.29620	  21.77352	   7.50000	       11B
  68.81027	  13.06450	   7.50000	       11B
  68.81027	  17.41901	   7.50000	       11B
  68.81027	  21.77352	   7.50000	       11B
  71.32435	  13.06450	   7.50000	       11B
  71.32435	  17.41901	   7.50000	       11B
  71.32435	  21.77352	   7.50000	       11B
  73.83843	  13.06450	   7.50000	       11B
  73.83843	  17.41901	   7.50000	       11B
  73.83843	  21.77352	   7.50000	       10B
  76.35250	  13.06450	   7.50000	       11B
  76.35250	  17.41901	   7.50000	       11B
  76.35250	  21.77352	   7.50000	       10B
  78.86658	  13.06450	   7.50000	       11B
  78.86658	  17.41901	   7.50000	       10B
  78.86658	  21.77352	   7.50000	       11B
  67.55323	  16.69376	   7.50000	       14N
  67.55323	  21.04827	   7.50000	       14N
  67.55323	  12.33926	   7.50000	       14N
  70.06731	  16.69376	   7.50000	       14N
  70.06731	  21.04827	   7.50000	       14N
  70.06731	  12.33926	   7.50000	       14N
  72.58139	  16.69376	   7.50000	       14N
  72.58139	  21.04827	   7.50000	       14N
  72.58139	  12.33926	   7.50000	       14N
  75.09546	  16.69376	   7.50000	       14N
  75.09546	  21.04827	   7.50000	       14N
  75.09546	  12.33926	   7.50000	       14N
  77.60954	  16.69376	   7.50000	       14N
  77.60954	  21.04827	   7.50000	       14N
  77.60954	  12.33926	   7.50000	       14N
  66.29620	  14.51651	   7.50000	       14N
  66.29620	  18.87102	   7.50000	       14N
  66.29620	  23.22552	   7.50000	       14N
  68.81027	  14.51651	   7.50000	       14N
  68.81027	  18.87102	   7.50000	       14N
  68.81027	  23.22552	   7.50000	       14N
  71.32435	  14.51651	   7.50000	       14N
  71.32435	  18.87102	   7.50000	       14N
  71.32435	  23.22552	   7.50000	       14N
  73.83843	  14.51651	   7.50000	       14N
  73.83843	  18.87102	   7.50000	       14N
  73.83843	  23.22552	   7.50000	       14N
  76.35250	  14.51651	   7.50000	       14N
  76.35250	  18.87102	   7.50000	       14N
  76.35250	  23.22552	   7.50000	       14N
  78.86658	  14.51651	   7.50000	       14N
  78.86658	  18.87102	   7.50000	       14N
  78.86658	  23.22552	   7.50000	       14N
  67.55323	  28.30530	   7.50000	       11B
  67.55323	  32.65981	   7.50000	       11B
  67.55323	  37.01432	   7.50000	       10B
  70.06731	  28.30530	   7.50000	       11B
  70.06731	  32.65981	   7.50000	       11B
  70.06731	  37.01432	   7.50000	       10B
  72.58139	  28.30530	   7.50000	       10B
  72.58139	  32.65981	   7.50000	       11B
  72.58139	  37.01432	   7.50000	       11B
  75.09546	  28.30530	   7.50000	       11B
  75.09546	  32.65981	   7.50000	       11B
  75.09546	  37.01432	   7.50000	       11B
  77.60954	  28.30530	   7.50000	       11B
  77.60954	  32.65981	   7.50000	       11B
  77.60954	  37.01432	   7.50000	       11B
  66.29620	  26.12803	   7.50000	       11B
  66.29620	  30.48254	   7.50000	       11B
  66.29620	  34.83705	   7.50000	       10B
  68.81027	  26.12803	   7.50000	       10B
  68.81027	  30.48254	   7.50000	       11B
  68.81027	  34.83705	   7.50000	       10B
  71.32435	  26.12803	   7.50000	       11B
  71.32435	  30.48254	   7.50000	       11B
  71.32435	  34.83705	   7.50000	       11B
  73.83843	  26.12803	   7.50000	       11B
  73.83843	  30.48254	   7.50000	       10B
  73.83843	  34.83705	   7.50000	       11B
  76.35250	  26.12803	   7.50000	       11B
  76.35250	  30.48254	   7.50000	       11B
  76.35250	  34.83705	   7.50000	       11B
  78.86658	  26.12803	   7.50000	       11B
  78.86658	  30.48254	   7.50000	       11B
  78.86658	  34.83705	   7.50000	       11B
  67.55323	  29.75729	   7.50000	       14N
  67.55323	  34.11180	   7.50000	       14N
  67.55323	  25.40278	   7.50000	       14N
  70.06731	  29.75729	   7.50000	       14N
  70.06731	  34.11180	   7.50000	       14N
  70.06731	  25.40278	   7.50000	       14N
  72.58139	  29.75729	   7.50000	       14N
  72.58139	  34.11180	   7.50000	       14N
  72.58139	  25.40278	   7.50000	       14N
  75.09546	  29.75729	   7.50000	       14N
  75.09546	  34.11180	   7.50000	       14N
  75.09546	  25.40278	   7.50000	       14N
  77.60954	  29.75729	   7.50000	       14N
  77.60954	  34.11180	   7.50000	       14N
  77.60954	  25.40278	   7.50000	       14N
  66.29620	  27.58003	   7.50000	       14N
  66.29620	  31.93454	   7.50000	       14N
  66.29620	  36.28905	   7.50000	       14N
  68.81027	  27.58003	   7.50000	       14N
  68.81027	  31.93454	   7.50000	       14N
  68.81027	  36.28905	   7.50000	       14N
  71.32435	  27.58003	   7.50000	       14N
  71.32435	  31.93454	   7.50000	       14N
  71.32435	  36.28905	   7.50000	       14N
  73.83843	  27.58003	   7.50000	       14N
  73.83843	  31.93454	   7.50000	       14N
  73.83843	  36.28905	   7.50000	       14N
  76.35250	  27.58003	   7.50000	       14N
  76.35250	  31.93454	   7.50000	       14N
  76.35250	  36.28905	   7.50000	       14N
  78.86658	  27.58003	   7.50000	       14N
  78.86658	  31.93454	   7.50000	       14N
  78.86658	  36.28905	   7.50000	       14N
  67.55323	  41.36882	   7.50000	       11B
  67.55323	  45.72333	   7.50000	       11B
  67.55323	  50.07784	   7.50000	       11B
  70.06731	  41.36882	   7.50000	       11B
  70.06731	  45.72333	   7.50000	       11B
  70.06731	  50.07784	   7.50000	       11B
  72.58139	  41.36882	   7.50000	       11B
  72.58139	  45.72333	   7.50000	       11B
  72.58139	  50.07784	   7.50000	       11B
  75.09546	  41.36882	   7.50000	       11B
  75.09546	  45.72333	   7.50000	       11B
  75.09546	  50.07784	   7.50000	       11B
  77.60954	  41.36882	   7.50000	       11B
  77.60954	  45.72333	   7.50000	       11B
  77.60954	  50.07784	   7.50000	       11B
  66.29620	  39.19155	   7.50000	       11B
  66.29620	  43.54606	   7.50000	       10B
  66.29620	  47.90057	   7.50000	       11B
  68.81027	  39.19155	   7.50000	       10B
  68.81027	  43.54606	   7.50000	       11B
  68.81027	  47.90057	   7.50000	       11B
  71.32435	  39.19155	   7.50000	       11B
  71.32435	  43.54606	   7.50000	       11B
  71.32435	  47.90057	   7.50000	       11B
  73.83843	  39.19155	   7.50000	       11B
  73.83843	  43.54606	   7.50000	       10B
  73.83843	  47.90057	   7.50000	       11B
  76.35250	  39.19155	   7.50000	       11B
  76.35250	  43.54606	   7.50000	       11B
  76.35250	  47.90057	   7.50000	       11B
  78.86658	  39.19155	   7.50000	       11B
  78.86658	  43.54606	   7.50000	       11B
  78.86658	  47.90057	   7.50000	       11B
  67.55323	  42.82082	   7.50000	       14N
  67.55323	  47.17532	   7.50000	       14N
  67.55323	  38.46631	   7.50000	       14N
  70.06731	  42.82082	   7.50000	       14N
  70.06731	  47.17532	   7.50000	       14N
  70.06731	  38.46631	   7.50000	       14N
  72.58139	  42.82082	   7.50000	       14N
  72.58139	  47.17532	   7.50000	       14N
  72.58139	  38.46631	   7.50000	       14N
  75.09546	  42.82082	   7.50000	       14N
  75.09546	  47.17532	   7.50000	       14N
  75.09546	  38.46631	   7.50000	       14N
  77.60954	  42.82082	   7.50000	       14N
  77.60954	  47.17532	   7.50000	       14N
  77.60954	  38.46631	   7.50000	       14N
  66.29620	  40.64356	   7.50000	       14N
  66.29620	  44.99807	   7.50000	       14N
  66.29620	  49.35257	   7.50000	       14N
  68.81027	  40.64356	   7.50000	       14N
  68.81027	  44.99807	   7.50000	       14N
  68.81027	  49.35257	   7.50000	       14N
  71.32435	  40.64356	   7.50000	       14N
  71.32435	  44.99807	   7.50000	       14N
  71.32435	  49.35257	   7.50000	       14N
  73.83843	  40.64356	   7.50000	       14N
  73.83843	  44.99807	   7.50000	       14N
  73.83843	  49.35257	   7.50000	       14N
  76.35250	  40.64356	   7.50000	       14N
  76.35250	  44.99807	   7.50000	       14N
  76.35250	  49.35257	   7.50000	       14N
  78.86658	  40.64356	   7.50000	       14N
  78.86658	  44.99807	   7.50000	       14N
  78.86658	  49.35257	   7.50000	       14N
  67.55323	  54.43235	   7.50000	       11B
  67.55323	  58.78686	   7.50000	       11B
  67.55323	  63.14137	   7.50000	       11B
  70.06731	  54.43235	   7.50000	       11B
  70.06731	  58.78686	   7.50000	       11B
  70.06731	  63.14137	   7.50000	       10B
  72.58139	  54.43235	   7.50000	       10B
  72.58139	  58.78686	   7.50000	       11B
  72.58139	  63.14137	   7.50000	       11B
  75.09546	  54.43235	   7.50000	       11B
  75.09546	  58.78686	   7.50000	       11B
  75.09546	  63.14137	   7.50000	       10B
  77.60954	  54.43235	   7.50000	       11B
  77.60954	  58.78686	   7.50000	       11B
  77.60954	  63.14137	   7.50000	       11B
  66.29620	  52.25508	   7.50000	       11B
  66.29620	  56.60959	   7.50000	       10B
  66.29620	  60.96410	   7.50000	       10B
  68.81027	  52.25508	   7.50000	       11B
  68.81027	  56.60959	   7.50000	       11B
  68.81027	  60.96410	   7.50000	       11B
  71.32435	  52.25508	   7.50000	       11B
  71.32435	  56.60959	   7.50000	       11B
  71.32435	  60.96410	   7.50000	       10B
  73.83843	  52.25508	   7.50000	       11B
  73.83843	  56.60959	   7.50000	       11B
  73.83843	  60.96410	   7.50000	       11B
  76.35250	  52.25508	   7.50000	       11B
  76.35250	  56.60959	   7.50000	       11B
  76.35250	  60.96410	   7.50000	       11B
  78.86658	  52.25508	   7.50000	       10B
  78.86658	  56.60959	   7.50000	       10B
  78.86658	  60.96410	   7.50000	       11B
  67.55323	  55.88434	   7.50000	       14N
  67.55323	  60.23885	   7.50000	       14N
  67.55323	  51.52983	   7.50000	       14N
  70.06731	  55.88434	   7.50000	       14N
  70.06731	  60.23885	   7.50000	       14N
  70.06731	  51.52983	   7.50000	       14N
  72.58139	  55.88434	   7.50000	       14N
  72.58139	  60.23885	   7.50000	       14N
  72.58139	  51.52983	   7.50000	       14N
  75.09546	  55.88434	   7.50000	       14N
  75.09546	  60.23885	   7.50000	       14N
  75.09546	  51.52983	   7.50000	       14N
  77.60954	  55.88434	   7.50000	       14N
  77.60954	  60.23885	   7.50000	       14N
  77.60954	  51.52983	   7.50000	       14N
  66.29620	  53.70708	   7.50000	       14N
  66.29620	  58.06159	   7.50000	       14N
  66.29620	  62.41610	   7.50000	       14N
  68.81027	  53.70708	   7.50000	       14N
  68.81027	  58.06159	   7.50000	       14N
  68.81027	  62.41610	   7.50000	       14N
  71.32435	  53.70708	   7.50000	       14N
  71.32435	  58.06159	   7.50000	       14N
  71.32435	  62.41610	   7.50000	       14N
  73.83843	  53.70708	   7.50000	       14N
  73.83843	  58.06159	   7.50000	       14N
  73.83843	  62.41610	   7.50000	       14N
  76.35250	  53.70708	   7.50000	       14N
  76.35250	  58.06159	   7.50000	       14N
  76.35250	  62.41610	   7.50000	       14N
  78.86658	  53.70708	   7.50000	       14N
  78.86658	  58.06159	   7.50000	       14N
  78.86658	  62.41610	   7.50000	       14N
  67.55323	  67.49587	   7.50000	       11B
  67.55323	  71.85038	   7.50000	       10B
  67.55323	  76.20489	   7.50000	       10B
  70.06731	  67.49587	   7.50000	       11B
  70.06731	  71.85038	   7.50000	       11B
  70.06731	  76.20489	   7.50000	       11B
  72.58139	  67.49587	   7.50000	       11B
  72.58139	  71.85038	   7.50000	       11B
  72.58139	  76.20489	   7.50000	       11B
  75.09546	  67.49587	   7.50000	       11B
  75.09546	  71.85038	   7.50000	       11B
  75.09546	  76.20489	   7.50000	       11B
  77.60954	  67.49587	   7.50000	       11B
  77.60954	  71.85038	   7.50000	       11B
  77.60954	  76.20489	   7.50000	       11B
  66.29620	  65.31860	   7.50000	       11B
  66.29620	  69.67311	   7.50000	       11B
  66.29620	  74.02762	   7.50000	       10B
  68.81027	  65.31860	   7.50000	       11B
  68.81027	  69.67311	   7.50000	       11B
  68.81027	  74.02762	   7.50000	       11B
  71.32435	  65.31860	   7.50000	       10B
  71.32435	  69.67311	   7.50000	       11B
  71.32435	  74.02762	   7.50000	       10B
  73.83843	  65.31860	   7.50000	       11B
  73.83843	  69.67311	   7.50000	       11B
  73.83843	  74.02762	   7.50000	       11B
  76.35250	  65.31860	   7.50000	       11B
  76.35250	  69.67311	   7.50000	       11B
  76.35250	  74.02762	   7.50000	       11B
  78.86658	  65.31860	   7.50000	       11B
  78.86658	  69.67311	   7.50000	       11B
  78.86658	  74.02762	   7.50000	       11B
  67.55323	  68.94787	   7.50000	       14N
  67.55323	  73.30237	   7.50000	       14N
  67.55323	  64.59336	   7.50000	       14N
  70.06731	  68.94787	   7.50000	       14N
  70.06731	  73.30237	   7.50000	       14N
  70.06731	  64.59336	   7.50000	       14N
  72.58139	  68.94787	   7.50000	       14N
  72.58139	  73.30237	   7.50000	       14N
  72.58139	  64.59336	   7.50000	       14N
  75.09546	  68.94787	   7.50000	       14N
  75.09546	  73.30237	   7.50000	       14N
  75.09546	  64.59336	   7.50000	       14N
  77.60954	  68.94787	   7.50000	       14N
  77.60954	  73.30237	   7.50000	       14N
  77.60954	  64.59336	   7.50000	       14N
  66.29620	  66.77061	   7.50000	       14N
  66.29620	  71.12512	   7.50000	       14N
  66.29620	  75.47963	   7.50000	       14N
  68.81027	  66.77061	   7.50000	       14N
  68.81027	  71.12512	   7.50000	       14N
  68.81027	  75.47963	   7.50000	       14N
  71.32435	  66.77061	   7.50000	       14N
  71.32435	  71.12512	   7.50000	       14N
  71.32435	  75.47963	   7.50000	       14N
  73.83843	  66.77061	   7.50000	       14N
  73.83843	  71.12512	   7.50000	       15N
  73.83843	  75.47963	   7.50000	       14N
  76.35250	  66.77061	   7.50000	       14N
  76.35250	  71.12512	   7.50000	       14N
  76.35250	  75.47963	   7.50000	       14N
  78.86658	  66.77061	   7.50000	       14N
  78.86658	  71.12512	   7.50000	       14N
  78.86658	  75.47963	   7.50000	       14N
  66.29620	  78.38213	   7.50000	       11B
  68.81027	  78.38213	   7.50000	       10B
  71.32435	  78.38213	   7.50000	       11B
  73.83843	  78.38213	   7.50000	       11B
  76.35250	  78.38213	   7.50000	       10B
  78.86658	  78.38213	   7.50000	       11B
  67.55323	  77.65688	   7.50000	       14N
  70.06731	  77.65688	   7.50000	       14N
  72.58139	  77.65688	   7.50000	       14N
  75.09546	  77.65688	   7.50000	       14N
  77.60954	  77.65688	   7.50000	       14N
  66.29620	  79.83413	   7.50000	       14N
  68.81027	  79.83413	   7.50000	       14N
  71.32435	  79.83413	   7.50000	       14N
  73.83843	  79.83413	   7.50000	       14N
  76.35250	  79.83413	   7.50000	       14N
  78.86658	  79.83413	   7.50000	       14N
