2442.00000	   0.00000	   0.00000	   0.00000
   1.25704	   2.17825	   7.50000	       11B
   1.25704	   6.53276	   7.50000	       11B
   1.25704	  10.88727	   7.50000	       11B
   3.77111	   2.17825	   7.50000	       10B
   3.77111	   6.53276	   7.50000	       10B
   3.77111	  10.88727	   7.50000	       10B
   6.28519	   2.17825	   7.50000	       11B
   6.28519	   6.53276	   7.50000	       11B
   6.28519	  10.88727	   7.50000	       11B
   8.79927	   2.17825	   7.50000	       11B
   8.79927	   6.53276	   7.50000	       11B
   8.79927	  10.88727	   7.50000	       11B
  11.31334	   2.17825	   7.50000	       11B
  11.31334	   6.53276	   7.50000	       11B
  11.31334	  10.88727	   7.50000	       11B
  13.82742	   2.17825	   7.50000	       11B
  13.82742	   6.53276	   7.50000	       11B
  13.82742	  10.88727	   7.50000	       11B
  16.34150	   2.17825	   7.50000	       11B
  16.34150	   6.53276	   7.50000	       11B
  16.34150	  10.88727	   7.50000	       11B
  18.85557	   2.17825	   7.50000	       11B
  18.85557	   6.53276	   7.50000	       11B
  18.85557	  10.88727	   7.50000	       11B
  21.36965	   2.17825	   7.50000	       11B
  21.36965	   6.53276	   7.50000	       11B
  21.36965	  10.88727	   7.50000	       11B
   0.00000	   0.00098	   7.50000	       11B
   0.00000	   4.35549	   7.50000	       11B
   0.00000	   8.71000	   7.50000	       11B
   2.51408	   0.00098	   7.50000	       11B
   2.51408	   4.35549	   7.50000	       10B
   2.51408	   8.71000	   7.50000	       11B
   5.02815	   0.00098	   7.50000	       10B
   5.02815	   4.35549	   7.50000	       11B
   5.02815	   8.71000	   7.50000	       11B
   7.54223	   0.00098	   7.50000	       11B
   7.54223	   4.35549	   7.50000	       11B
   7.54223	   8.71000	   7.50000	       11B
  10.05631	   0.00098	   7.50000	       10B
  10.05631	   4.35549	   7.50000	       10B
  10.05631	   8.71000	   7.50000	       11B
  12.57038	   0.00098	   7.50000	       10B
  12.57038	   4.35549	   7.50000	       11B
  12.57038	   8.71000	   7.50000	       11B
  15.08446	   0.00098	   7.50000	       11B
  15.08446	   4.35549	   7.50000	       11B
  15.08446	   8.71000	   7.50000	       11B
  17.59854	   0.00098	   7.50000	       11B
  17.59854	   4.35549	   7.50000	       11B
  17.59854	   8.71000	   7.50000	       11B
  20.11261	   0.00098	   7.50000	       11B
  20.11261	   4.35549	   7.50000	       11B
  20.11261	   8.71000	   7.50000	       11B
   1.25704	   3.63024	   7.50000	       14N
   1.25704	   7.98475	   7.50000	       14N
   3.77111	   3.63024	   7.50000	       14N
   3.77111	   7.98475	   7.50000	       14N
   6.28519	   3.63024	   7.50000	       14N
   6.28519	   7.98475	   7.50000	       14N
   8.79927	   3.63024	   7.50000	       14N
   8.79927	   7.98475	   7.50000	       14N
  11.31334	   3.63024	   7.50000	       14N
  11.31334	   7.98475	   7.50000	       14N
  13.82742	   3.63024	   7.50000	       14N
  13.82742	   7.98475	   7.50000	       14N
  16.34150	   3.63024	   7.50000	       14N
  16.34150	   7.98475	   7.50000	       14N
  18.85557	   3.63024	   7.50000	       14N
  18.85557	   7.98475	   7.50000	       14N
  21.36965	   3.63024	   7.50000	       14N
  21.36965	   7.98475	   7.50000	       14N
   0.00000	   1.45298	   7.50000	       14N
   0.00000	   5.80749	   7.50000	       14N
   0.00000	  10.16200	   7.50000	       14N
   2.51408	   1.45298	   7.50000	       14N
   2.51408	   5.80749	   7.50000	       14N
   2.51408	  10.16200	   7.50000	       14N
   5.02815	   1.45298	   7.50000	       14N
   5.02815	   5.80749	   7.50000	       14N
   5.02815	  10.16200	   7.50000	       14N
   7.54223	   1.45298	   7.50000	       14N
   7.54223	   5.80749	   7.50000	       14N
   7.54223	  10.16200	   7.50000	       14N
  10.05631	   1.45298	   7.50000	       14N
  10.05631	   5.80749	   7.50000	       14N
  10.05631	  10.16200	   7.50000	       14N
  12.57038	   1.45298	   7.50000	       14N
  12.57038	   5.80749	   7.50000	       14N
  12.57038	  10.16200	   7.50000	       14N
  15.08446	   1.45298	   7.50000	       14N
  15.08446	   5.80749	   7.50000	       14N
  15.08446	  10.16200	   7.50000	       14N
  17.59854	   1.45298	   7.50000	       14N
  17.59854	   5.80749	   7.50000	       14N
  17.59854	  10.16200	   7.50000	       14N
  20.11261	   1.45298	   7.50000	       14N
  20.11261	   5.80749	   7.50000	       14N
  20.11261	  10.16200	   7.50000	       14N
   1.25704	  15.24177	   7.50000	       11B
   1.25704	  19.59628	   7.50000	       11B
   1.25704	  23.95079	   7.50000	       10B
   3.77111	  15.24177	   7.50000	       11B
   3.77111	  19.59628	   7.50000	       11B
   3.77111	  23.95079	   7.50000	       11B
   6.28519	  15.24177	   7.50000	       11B
   6.28519	  19.59628	   7.50000	       11B
   6.28519	  23.95079	   7.50000	       11B
   8.79927	  15.24177	   7.50000	       11B
   8.79927	  19.59628	   7.50000	       10B
   8.79927	  23.95079	   7.50000	       11B
  11.31334	  15.24177	   7.50000	       11B
  11.31334	  19.59628	   7.50000	       11B
  11.31334	  23.95079	   7.50000	       11B
  13.82742	  15.24177	   7.50000	       11B
  13.82742	  19.59628	   7.50000	       11B
  13.82742	  23.95079	   7.50000	       11B
  16.34150	  15.24177	   7.50000	       11B
  16.34150	  19.59628	   7.50000	       11B
  16.34150	  23.95079	   7.50000	       11B
  18.85557	  15.24177	   7.50000	       11B
  18.85557	  19.59628	   7.50000	       11B
  18.85557	  23.95079	   7.50000	       11B
  21.36965	  15.24177	   7.50000	       11B
  21.36965	  19.59628	   7.50000	       10B
  21.36965	  23.95079	   7.50000	       11B
   0.00000	  13.06450	   7.50000	       11B
   0.00000	  17.41901	   7.50000	       11B
   0.00000	  21.77352	   7.50000	       11B
   2.51408	  13.06450	   7.50000	       11B
   2.51408	  17.41901	   7.50000	       10B
   2.51408	  21.77352	   7.50000	       11B
   5.02815	  13.06450	   7.50000	       11B
   5.02815	  17.41901	   7.50000	       11B
   5.02815	  21.77352	   7.50000	       11B
   7.54223	  13.06450	   7.50000	       11B
   7.54223	  17.41901	   7.50000	       11B
   7.54223	  21.77352	   7.50000	       11B
  10.05631	  13.06450	   7.50000	       10B
  10.05631	  17.41901	   7.50000	       11B
  10.05631	  21.77352	   7.50000	       11B
  12.57038	  13.06450	   7.50000	       11B
  12.57038	  17.41901	   7.50000	       11B
  12.57038	  21.77352	   7.50000	       11B
  15.08446	  13.06450	   7.50000	       11B
  15.08446	  17.41901	   7.50000	       11B
  15.08446	  21.77352	   7.50000	       11B
  17.59854	  13.06450	   7.50000	       11B
  17.59854	  17.41901	   7.50000	       10B
  17.59854	  21.77352	   7.50000	       10B
  20.11261	  13.06450	   7.50000	       11B
  20.11261	  17.41901	   7.50000	       11B
  20.11261	  21.77352	   7.50000	       11B
   1.25704	  16.69376	   7.50000	       14N
   1.25704	  21.04827	   7.50000	       14N
   1.25704	  12.33926	   7.50000	       14N
   3.77111	  16.69376	   7.50000	       14N
   3.77111	  21.04827	   7.50000	       14N
   3.77111	  12.33926	   7.50000	       14N
   6.28519	  16.69376	   7.50000	       14N
   6.28519	  21.04827	   7.50000	       14N
   6.28519	  12.33926	   7.50000	       14N
   8.79927	  16.69376	   7.50000	       14N
   8.79927	  21.04827	   7.50000	       14N
   8.79927	  12.33926	   7.50000	       14N
  11.31334	  16.69376	   7.50000	       14N
  11.31334	  21.04827	   7.50000	       14N
  11.31334	  12.33926	   7.50000	       14N
  13.82742	  16.69376	   7.50000	       14N
  13.82742	  21.04827	   7.50000	       14N
  13.82742	  12.33926	   7.50000	       14N
  16.34150	  16.69376	   7.50000	       14N
  16.34150	  21.04827	   7.50000	       14N
  16.34150	  12.33926	   7.50000	       14N
  18.85557	  16.69376	   7.50000	       14N
  18.85557	  21.04827	   7.50000	       14N
  18.85557	  12.33926	   7.50000	       14N
  21.36965	  16.69376	   7.50000	       14N
  21.36965	  21.04827	   7.50000	       14N
  21.36965	  12.33926	   7.50000	       14N
   0.00000	  14.51651	   7.50000	       14N
   0.00000	  18.87102	   7.50000	       14N
   0.00000	  23.22552	   7.50000	       14N
   2.51408	  14.51651	   7.50000	       14N
   2.51408	  18.87102	   7.50000	       14N
   2.51408	  23.22552	   7.50000	       14N
   5.02815	  14.51651	   7.50000	       14N
   5.02815	  18.87102	   7.50000	       14N
   5.02815	  23.22552	   7.50000	       14N
   7.54223	  14.51651	   7.50000	       14N
   7.54223	  18.87102	   7.50000	       14N
   7.54223	  23.22552	   7.50000	       14N
  10.05631	  14.51651	   7.50000	       14N
  10.05631	  18.87102	   7.50000	       14N
  10.05631	  23.22552	   7.50000	       14N
  12.57038	  14.51651	   7.50000	       14N
  12.57038	  18.87102	   7.50000	       14N
  12.57038	  23.22552	   7.50000	       14N
  15.08446	  14.51651	   7.50000	       14N
  15.08446	  18.87102	   7.50000	       14N
  15.08446	  23.22552	   7.50000	       14N
  17.59854	  14.51651	   7.50000	       14N
  17.59854	  18.87102	   7.50000	       14N
  17.59854	  23.22552	   7.50000	       14N
  20.11261	  14.51651	   7.50000	       14N
  20.11261	  18.87102	   7.50000	       14N
  20.11261	  23.22552	   7.50000	       14N
   1.25704	  28.30530	   7.50000	       11B
   1.25704	  32.65981	   7.50000	       11B
   1.25704	  37.01432	   7.50000	       10B
   3.77111	  28.30530	   7.50000	       11B
   3.77111	  32.65981	   7.50000	       11B
   3.77111	  37.01432	   7.50000	       11B
   6.28519	  28.30530	   7.50000	       11B
   6.28519	  32.65981	   7.50000	       11B
   6.28519	  37.01432	   7.50000	       10B
   8.79927	  28.30530	   7.50000	       10B
   8.79927	  32.65981	   7.50000	       11B
   8.79927	  37.01432	   7.50000	       10B
  11.31334	  28.30530	   7.50000	       10B
  11.31334	  32.65981	   7.50000	       11B
  11.31334	  37.01432	   7.50000	       11B
  13.82742	  28.30530	   7.50000	       11B
  13.82742	  32.65981	   7.50000	       11B
  13.82742	  37.01432	   7.50000	       11B
  16.34150	  28.30530	   7.50000	       11B
  16.34150	  32.65981	   7.50000	       10B
  16.34150	  37.01432	   7.50000	       11B
  18.85557	  28.30530	   7.50000	       11B
  18.85557	  32.65981	   7.50000	       11B
  18.85557	  37.01432	   7.50000	       10B
  21.36965	  28.30530	   7.50000	       10B
  21.36965	  32.65981	   7.50000	       11B
  21.36965	  37.01432	   7.50000	       10B
   0.00000	  26.12803	   7.50000	       11B
   0.00000	  30.48254	   7.50000	       10B
   0.00000	  34.83705	   7.50000	       10B
   2.51408	  26.12803	   7.50000	       11B
   2.51408	  30.48254	   7.50000	       10B
   2.51408	  34.83705	   7.50000	       11B
   5.02815	  26.12803	   7.50000	       11B
   5.02815	  30.48254	   7.50000	       10B
   5.02815	  34.83705	   7.50000	       11B
   7.54223	  26.12803	   7.50000	       10B
   7.54223	  30.48254	   7.50000	       10B
   7.54223	  34.83705	   7.50000	       11B
  10.05631	  26.12803	   7.50000	       11B
  10.05631	  30.48254	   7.50000	       10B
  10.05631	  34.83705	   7.50000	       11B
  12.57038	  26.12803	   7.50000	       11B
  12.57038	  30.48254	   7.50000	       11B
  12.57038	  34.83705	   7.50000	       11B
  15.08446	  26.12803	   7.50000	       11B
  15.08446	  30.48254	   7.50000	       10B
  15.08446	  34.83705	   7.50000	       11B
  17.59854	  26.12803	   7.50000	       11B
  17.59854	  30.48254	   7.50000	       11B
  17.59854	  34.83705	   7.50000	       11B
  20.11261	  26.12803	   7.50000	       11B
  20.11261	  30.48254	   7.50000	       11B
  20.11261	  34.83705	   7.50000	       11B
   1.25704	  29.75729	   7.50000	       14N
   1.25704	  34.11180	   7.50000	       14N
   1.25704	  25.40278	   7.50000	       14N
   3.77111	  29.75729	   7.50000	       14N
   3.77111	  34.11180	   7.50000	       14N
   3.77111	  25.40278	   7.50000	       14N
   6.28519	  29.75729	   7.50000	       14N
   6.28519	  34.11180	   7.50000	       14N
   6.28519	  25.40278	   7.50000	       14N
   8.79927	  29.75729	   7.50000	       14N
   8.79927	  34.11180	   7.50000	       14N
   8.79927	  25.40278	   7.50000	       14N
  11.31334	  29.75729	   7.50000	       14N
  11.31334	  34.11180	   7.50000	       14N
  11.31334	  25.40278	   7.50000	       14N
  13.82742	  29.75729	   7.50000	       14N
  13.82742	  34.11180	   7.50000	       14N
  13.82742	  25.40278	   7.50000	       14N
  16.34150	  29.75729	   7.50000	       14N
  16.34150	  34.11180	   7.50000	       14N
  16.34150	  25.40278	   7.50000	       14N
  18.85557	  29.75729	   7.50000	       14N
  18.85557	  34.11180	   7.50000	       14N
  18.85557	  25.40278	   7.50000	       14N
  21.36965	  29.75729	   7.50000	       14N
  21.36965	  34.11180	   7.50000	       14N
  21.36965	  25.40278	   7.50000	       14N
   0.00000	  27.58003	   7.50000	       14N
   0.00000	  31.93454	   7.50000	       14N
   0.00000	  36.28905	   7.50000	       14N
   2.51408	  27.58003	   7.50000	       14N
   2.51408	  31.93454	   7.50000	       14N
   2.51408	  36.28905	   7.50000	       14N
   5.02815	  27.58003	   7.50000	       14N
   5.02815	  31.93454	   7.50000	       14N
   5.02815	  36.28905	   7.50000	       14N
   7.54223	  27.58003	   7.50000	       14N
   7.54223	  31.93454	   7.50000	       14N
   7.54223	  36.28905	   7.50000	       15N
  10.05631	  27.58003	   7.50000	       14N
  10.05631	  31.93454	   7.50000	       14N
  10.05631	  36.28905	   7.50000	       14N
  12.57038	  27.58003	   7.50000	       14N
  12.57038	  31.93454	   7.50000	       14N
  12.57038	  36.28905	   7.50000	       14N
  15.08446	  27.58003	   7.50000	       14N
  15.08446	  31.93454	   7.50000	       14N
  15.08446	  36.28905	   7.50000	       14N
  17.59854	  27.58003	   7.50000	       14N
  17.59854	  31.93454	   7.50000	       14N
  17.59854	  36.28905	   7.50000	       14N
  20.11261	  27.58003	   7.50000	       14N
  20.11261	  31.93454	   7.50000	       14N
  20.11261	  36.28905	   7.50000	       14N
   1.25704	  41.36882	   7.50000	       11B
   1.25704	  45.72333	   7.50000	       11B
   1.25704	  50.07784	   7.50000	       11B
   3.77111	  41.36882	   7.50000	       11B
   3.77111	  45.72333	   7.50000	       11B
   3.77111	  50.07784	   7.50000	       11B
   6.28519	  41.36882	   7.50000	       11B
   6.28519	  45.72333	   7.50000	       11B
   6.28519	  50.07784	   7.50000	       11B
   8.79927	  41.36882	   7.50000	       10B
   8.79927	  45.72333	   7.50000	       11B
   8.79927	  50.07784	   7.50000	       11B
  11.31334	  41.36882	   7.50000	       10B
  11.31334	  45.72333	   7.50000	       11B
  11.31334	  50.07784	   7.50000	       11B
  13.82742	  41.36882	   7.50000	       11B
  13.82742	  45.72333	   7.50000	       11B
  13.82742	  50.07784	   7.50000	       10B
  16.34150	  41.36882	   7.50000	       11B
  16.34150	  45.72333	   7.50000	       11B
  16.34150	  50.07784	   7.50000	       11B
  18.85557	  41.36882	   7.50000	       11B
  18.85557	  45.72333	   7.50000	       11B
  18.85557	  50.07784	   7.50000	       10B
  21.36965	  41.36882	   7.50000	       11B
  21.36965	  45.72333	   7.50000	       11B
  21.36965	  50.07784	   7.50000	       11B
   0.00000	  39.19155	   7.50000	       11B
   0.00000	  43.54606	   7.50000	       11B
   0.00000	  47.90057	   7.50000	       10B
   2.51408	  39.19155	   7.50000	       11B
   2.51408	  43.54606	   7.50000	       11B
   2.51408	  47.90057	   7.50000	       11B
   5.02815	  39.19155	   7.50000	       11B
   5.02815	  43.54606	   7.50000	       11B
   5.02815	  47.90057	   7.50000	       11B
   7.54223	  39.19155	   7.50000	       11B
   7.54223	  43.54606	   7.50000	       11B
   7.54223	  47.90057	   7.50000	       11B
  10.05631	  39.19155	   7.50000	       11B
  10.05631	  43.54606	   7.50000	       11B
  10.05631	  47.90057	   7.50000	       11B
  12.57038	  39.19155	   7.50000	       10B
  12.57038	  43.54606	   7.50000	       10B
  12.57038	  47.90057	   7.50000	       11B
  15.08446	  39.19155	   7.50000	       11B
  15.08446	  43.54606	   7.50000	       11B
  15.08446	  47.90057	   7.50000	       11B
  17.59854	  39.19155	   7.50000	       10B
  17.59854	  43.54606	   7.50000	       11B
  17.59854	  47.90057	   7.50000	       11B
  20.11261	  39.19155	   7.50000	       11B
  20.11261	  43.54606	   7.50000	       11B
  20.11261	  47.90057	   7.50000	       10B
   1.25704	  42.82082	   7.50000	       14N
   1.25704	  47.17532	   7.50000	       14N
   1.25704	  38.46631	   7.50000	       14N
   3.77111	  42.82082	   7.50000	       14N
   3.77111	  47.17532	   7.50000	       14N
   3.77111	  38.46631	   7.50000	       14N
   6.28519	  42.82082	   7.50000	       14N
   6.28519	  47.17532	   7.50000	       14N
   6.28519	  38.46631	   7.50000	       14N
   8.79927	  42.82082	   7.50000	       14N
   8.79927	  47.17532	   7.50000	       14N
   8.79927	  38.46631	   7.50000	       14N
  11.31334	  42.82082	   7.50000	       14N
  11.31334	  47.17532	   7.50000	       14N
  11.31334	  38.46631	   7.50000	       14N
  13.82742	  42.82082	   7.50000	       14N
  13.82742	  47.17532	   7.50000	       14N
  13.82742	  38.46631	   7.50000	       14N
  16.34150	  42.82082	   7.50000	       14N
  16.34150	  47.17532	   7.50000	       14N
  16.34150	  38.46631	   7.50000	       14N
  18.85557	  42.82082	   7.50000	       14N
  18.85557	  47.17532	   7.50000	       14N
  18.85557	  38.46631	   7.50000	       14N
  21.36965	  42.82082	   7.50000	       14N
  21.36965	  47.17532	   7.50000	       14N
  21.36965	  38.46631	   7.50000	       14N
   0.00000	  40.64356	   7.50000	       14N
   0.00000	  44.99807	   7.50000	       14N
   0.00000	  49.35257	   7.50000	       14N
   2.51408	  40.64356	   7.50000	       14N
   2.51408	  44.99807	   7.50000	       14N
   2.51408	  49.35257	   7.50000	       14N
   5.02815	  40.64356	   7.50000	       14N
   5.02815	  44.99807	   7.50000	       14N
   5.02815	  49.35257	   7.50000	       14N
   7.54223	  40.64356	   7.50000	       14N
   7.54223	  44.99807	   7.50000	       14N
   7.54223	  49.35257	   7.50000	       14N
  10.05631	  40.64356	   7.50000	       14N
  10.05631	  44.99807	   7.50000	       14N
  10.05631	  49.35257	   7.50000	       14N
  12.57038	  40.64356	   7.50000	       14N
  12.57038	  44.99807	   7.50000	       14N
  12.57038	  49.35257	   7.50000	       14N
  15.08446	  40.64356	   7.50000	       14N
  15.08446	  44.99807	   7.50000	       14N
  15.08446	  49.35257	   7.50000	       14N
  17.59854	  40.64356	   7.50000	       14N
  17.59854	  44.99807	   7.50000	       14N
  17.59854	  49.35257	   7.50000	       14N
  20.11261	  40.64356	   7.50000	       14N
  20.11261	  44.99807	   7.50000	       14N
  20.11261	  49.35257	   7.50000	       14N
   1.25704	  54.43235	   7.50000	       11B
   1.25704	  58.78686	   7.50000	       11B
   1.25704	  63.14137	   7.50000	       11B
   3.77111	  54.43235	   7.50000	       11B
   3.77111	  58.78686	   7.50000	       11B
   3.77111	  63.14137	   7.50000	       11B
   6.28519	  54.43235	   7.50000	       11B
   6.28519	  58.78686	   7.50000	       11B
   6.28519	  63.14137	   7.50000	       10B
   8.79927	  54.43235	   7.50000	       10B
   8.79927	  58.78686	   7.50000	       11B
   8.79927	  63.14137	   7.50000	       11B
  11.31334	  54.43235	   7.50000	       11B
  11.31334	  58.78686	   7.50000	       11B
  11.31334	  63.14137	   7.50000	       11B
  13.82742	  54.43235	   7.50000	       10B
  13.82742	  58.78686	   7.50000	       11B
  13.82742	  63.14137	   7.50000	       11B
  16.34150	  54.43235	   7.50000	       11B
  16.34150	  58.78686	   7.50000	       11B
  16.34150	  63.14137	   7.50000	       11B
  18.85557	  54.43235	   7.50000	       11B
  18.85557	  58.78686	   7.50000	       11B
  18.85557	  63.14137	   7.50000	       11B
  21.36965	  54.43235	   7.50000	       11B
  21.36965	  58.78686	   7.50000	       11B
  21.36965	  63.14137	   7.50000	       11B
   0.00000	  52.25508	   7.50000	       11B
   0.00000	  56.60959	   7.50000	       11B
   0.00000	  60.96410	   7.50000	       10B
   2.51408	  52.25508	   7.50000	       11B
   2.51408	  56.60959	   7.50000	       10B
   2.51408	  60.96410	   7.50000	       11B
   5.02815	  52.25508	   7.50000	       11B
   5.02815	  56.60959	   7.50000	       11B
   5.02815	  60.96410	   7.50000	       11B
   7.54223	  52.25508	   7.50000	       11B
   7.54223	  56.60959	   7.50000	       11B
   7.54223	  60.96410	   7.50000	       11B
  10.05631	  52.25508	   7.50000	       10B
  10.05631	  56.60959	   7.50000	       11B
  10.05631	  60.96410	   7.50000	       11B
  12.57038	  52.25508	   7.50000	       11B
  12.57038	  56.60959	   7.50000	       11B
  12.57038	  60.96410	   7.50000	       11B
  15.08446	  52.25508	   7.50000	       10B
  15.08446	  56.60959	   7.50000	       11B
  15.08446	  60.96410	   7.50000	       10B
  17.59854	  52.25508	   7.50000	       11B
  17.59854	  56.60959	   7.50000	       11B
  17.59854	  60.96410	   7.50000	       11B
  20.11261	  52.25508	   7.50000	       11B
  20.11261	  56.60959	   7.50000	       10B
  20.11261	  60.96410	   7.50000	       11B
   1.25704	  55.88434	   7.50000	       14N
   1.25704	  60.23885	   7.50000	       14N
   1.25704	  51.52983	   7.50000	       14N
   3.77111	  55.88434	   7.50000	       14N
   3.77111	  60.23885	   7.50000	       14N
   3.77111	  51.52983	   7.50000	       14N
   6.28519	  55.88434	   7.50000	       14N
   6.28519	  60.23885	   7.50000	       14N
   6.28519	  51.52983	   7.50000	       14N
   8.79927	  55.88434	   7.50000	       14N
   8.79927	  60.23885	   7.50000	       14N
   8.79927	  51.52983	   7.50000	       14N
  11.31334	  55.88434	   7.50000	       14N
  11.31334	  60.23885	   7.50000	       14N
  11.31334	  51.52983	   7.50000	       14N
  13.82742	  55.88434	   7.50000	       14N
  13.82742	  60.23885	   7.50000	       14N
  13.82742	  51.52983	   7.50000	       14N
  16.34150	  55.88434	   7.50000	       14N
  16.34150	  60.23885	   7.50000	       14N
  16.34150	  51.52983	   7.50000	       14N
  18.85557	  55.88434	   7.50000	       14N
  18.85557	  60.23885	   7.50000	       14N
  18.85557	  51.52983	   7.50000	       14N
  21.36965	  55.88434	   7.50000	       14N
  21.36965	  60.23885	   7.50000	       14N
  21.36965	  51.52983	   7.50000	       14N
   0.00000	  53.70708	   7.50000	       14N
   0.00000	  58.06159	   7.50000	       14N
   0.00000	  62.41610	   7.50000	       14N
   2.51408	  53.70708	   7.50000	       14N
   2.51408	  58.06159	   7.50000	       14N
   2.51408	  62.41610	   7.50000	       14N
   5.02815	  53.70708	   7.50000	       14N
   5.02815	  58.06159	   7.50000	       14N
   5.02815	  62.41610	   7.50000	       14N
   7.54223	  53.70708	   7.50000	       14N
   7.54223	  58.06159	   7.50000	       14N
   7.54223	  62.41610	   7.50000	       14N
  10.05631	  53.70708	   7.50000	       14N
  10.05631	  58.06159	   7.50000	       14N
  10.05631	  62.41610	   7.50000	       14N
  12.57038	  53.70708	   7.50000	       14N
  12.57038	  58.06159	   7.50000	       14N
  12.57038	  62.41610	   7.50000	       14N
  15.08446	  53.70708	   7.50000	       14N
  15.08446	  58.06159	   7.50000	       14N
  15.08446	  62.41610	   7.50000	       14N
  17.59854	  53.70708	   7.50000	       14N
  17.59854	  58.06159	   7.50000	       14N
  17.59854	  62.41610	   7.50000	       14N
  20.11261	  53.70708	   7.50000	       14N
  20.11261	  58.06159	   7.50000	       14N
  20.11261	  62.41610	   7.50000	       14N
   1.25704	  67.49587	   7.50000	       11B
   1.25704	  71.85038	   7.50000	       11B
   1.25704	  76.20489	   7.50000	       11B
   3.77111	  67.49587	   7.50000	       10B
   3.77111	  71.85038	   7.50000	       11B
   3.77111	  76.20489	   7.50000	       11B
   6.28519	  67.49587	   7.50000	       10B
   6.28519	  71.85038	   7.50000	       10B
   6.28519	  76.20489	   7.50000	       11B
   8.79927	  67.49587	   7.50000	       11B
   8.79927	  71.85038	   7.50000	       11B
   8.79927	  76.20489	   7.50000	       11B
  11.31334	  67.49587	   7.50000	       11B
  11.31334	  71.85038	   7.50000	       11B
  11.31334	  76.20489	   7.50000	       11B
  13.82742	  67.49587	   7.50000	       11B
  13.82742	  71.85038	   7.50000	       11B
  13.82742	  76.20489	   7.50000	       11B
  16.34150	  67.49587	   7.50000	       11B
  16.34150	  71.85038	   7.50000	       10B
  16.34150	  76.20489	   7.50000	       11B
  18.85557	  67.49587	   7.50000	       11B
  18.85557	  71.85038	   7.50000	       11B
  18.85557	  76.20489	   7.50000	       11B
  21.36965	  67.49587	   7.50000	       10B
  21.36965	  71.85038	   7.50000	       11B
  21.36965	  76.20489	   7.50000	       11B
   0.00000	  65.31860	   7.50000	       11B
   0.00000	  69.67311	   7.50000	       11B
   0.00000	  74.02762	   7.50000	       11B
   2.51408	  65.31860	   7.50000	       11B
   2.51408	  69.67311	   7.50000	       10B
   2.51408	  74.02762	   7.50000	       11B
   5.02815	  65.31860	   7.50000	       11B
   5.02815	  69.67311	   7.50000	       10B
   5.02815	  74.02762	   7.50000	       11B
   7.54223	  65.31860	   7.50000	       11B
   7.54223	  69.67311	   7.50000	       11B
   7.54223	  74.02762	   7.50000	       10B
  10.05631	  65.31860	   7.50000	       11B
  10.05631	  69.67311	   7.50000	       11B
  10.05631	  74.02762	   7.50000	       10B
  12.57038	  65.31860	   7.50000	       11B
  12.57038	  69.67311	   7.50000	       11B
  12.57038	  74.02762	   7.50000	       11B
  15.08446	  65.31860	   7.50000	       11B
  15.08446	  69.67311	   7.50000	       10B
  15.08446	  74.02762	   7.50000	       11B
  17.59854	  65.31860	   7.50000	       11B
  17.59854	  69.67311	   7.50000	       11B
  17.59854	  74.02762	   7.50000	       11B
  20.11261	  65.31860	   7.50000	       11B
  20.11261	  69.67311	   7.50000	       11B
  20.11261	  74.02762	   7.50000	       11B
   1.25704	  68.94787	   7.50000	       14N
   1.25704	  73.30237	   7.50000	       14N
   1.25704	  64.59336	   7.50000	       14N
   3.77111	  68.94787	   7.50000	       14N
   3.77111	  73.30237	   7.50000	       14N
   3.77111	  64.59336	   7.50000	       14N
   6.28519	  68.94787	   7.50000	       14N
   6.28519	  73.30237	   7.50000	       14N
   6.28519	  64.59336	   7.50000	       14N
   8.79927	  68.94787	   7.50000	       14N
   8.79927	  73.30237	   7.50000	       14N
   8.79927	  64.59336	   7.50000	       14N
  11.31334	  68.94787	   7.50000	       14N
  11.31334	  73.30237	   7.50000	       14N
  11.31334	  64.59336	   7.50000	       14N
  13.82742	  68.94787	   7.50000	       14N
  13.82742	  73.30237	   7.50000	       14N
  13.82742	  64.59336	   7.50000	       14N
  16.34150	  68.94787	   7.50000	       14N
  16.34150	  73.30237	   7.50000	       14N
  16.34150	  64.59336	   7.50000	       14N
  18.85557	  68.94787	   7.50000	       14N
  18.85557	  73.30237	   7.50000	       14N
  18.85557	  64.59336	   7.50000	       14N
  21.36965	  68.94787	   7.50000	       14N
  21.36965	  73.30237	   7.50000	       14N
  21.36965	  64.59336	   7.50000	       14N
   0.00000	  66.77061	   7.50000	       14N
   0.00000	  71.12512	   7.50000	       14N
   0.00000	  75.47963	   7.50000	       14N
   2.51408	  66.77061	   7.50000	       14N
   2.51408	  71.12512	   7.50000	       14N
   2.51408	  75.47963	   7.50000	       14N
   5.02815	  66.77061	   7.50000	       14N
   5.02815	  71.12512	   7.50000	       14N
   5.02815	  75.47963	   7.50000	       14N
   7.54223	  66.77061	   7.50000	       14N
   7.54223	  71.12512	   7.50000	       14N
   7.54223	  75.47963	   7.50000	       14N
  10.05631	  66.77061	   7.50000	       14N
  10.05631	  71.12512	   7.50000	       14N
  10.05631	  75.47963	   7.50000	       14N
  12.57038	  66.77061	   7.50000	       14N
  12.57038	  71.12512	   7.50000	       14N
  12.57038	  75.47963	   7.50000	       14N
  15.08446	  66.77061	   7.50000	       14N
  15.08446	  71.12512	   7.50000	       14N
  15.08446	  75.47963	   7.50000	       14N
  17.59854	  66.77061	   7.50000	       14N
  17.59854	  71.12512	   7.50000	       14N
  17.59854	  75.47963	   7.50000	       14N
  20.11261	  66.77061	   7.50000	       14N
  20.11261	  71.12512	   7.50000	       14N
  20.11261	  75.47963	   7.50000	       14N
   0.00000	  78.38213	   7.50000	       11B
   2.51408	  78.38213	   7.50000	       11B
   5.02815	  78.38213	   7.50000	       11B
   7.54223	  78.38213	   7.50000	       11B
  10.05631	  78.38213	   7.50000	       11B
  12.57038	  78.38213	   7.50000	       10B
  15.08446	  78.38213	   7.50000	       11B
  17.59854	  78.38213	   7.50000	       11B
  20.11261	  78.38213	   7.50000	       11B
   1.25704	  77.65688	   7.50000	       14N
   3.77111	  77.65688	   7.50000	       14N
   6.28519	  77.65688	   7.50000	       14N
   8.79927	  77.65688	   7.50000	       14N
  11.31334	  77.65688	   7.50000	       14N
  13.82742	  77.65688	   7.50000	       14N
  16.34150	  77.65688	   7.50000	       14N
  18.85557	  77.65688	   7.50000	       14N
  21.36965	  77.65688	   7.50000	       14N
   0.00000	  79.83413	   7.50000	       14N
   2.51408	  79.83413	   7.50000	       14N
   5.02815	  79.83413	   7.50000	       14N
   7.54223	  79.83413	   7.50000	       14N
  10.05631	  79.83413	   7.50000	       14N
  12.57038	  79.83413	   7.50000	       14N
  15.08446	  79.83413	   7.50000	       14N
  17.59854	  79.83413	   7.50000	       14N
  20.11261	  79.83413	   7.50000	       14N
  23.86809	   2.17924	   7.50000	       11B
  23.86809	   6.53374	   7.50000	       11B
  23.86809	  10.88825	   7.50000	       10B
  26.35163	   2.17841	   7.50003	       11B
  26.35163	   6.53292	   7.50003	       11B
  26.35163	  10.88742	   7.50003	       11B
  28.72675	   2.18428	   8.03143	       11B
  28.72675	   6.53879	   8.03143	       11B
  28.72675	  10.89330	   8.03143	       11B
  30.58733	   2.17909	   9.67484	       10B
  30.58733	   6.53360	   9.67484	       11B
  30.58733	  10.88811	   9.67484	       11B
  32.80870	   2.18348	  10.64775	       10B
  32.80870	   6.53799	  10.64775	       11B
  32.80870	  10.89250	  10.64775	       11B
  35.03007	   2.17909	   9.67484	       11B
  35.03007	   6.53360	   9.67484	       10B
  35.03007	  10.88811	   9.67484	       11B
  36.89065	   2.18428	   8.03143	       11B
  36.89065	   6.53879	   8.03143	       11B
  36.89065	  10.89330	   8.03143	       11B
  39.26576	   2.17841	   7.50003	       11B
  39.26576	   6.53292	   7.50003	       11B
  39.26576	  10.88742	   7.50003	       11B
  41.74931	   2.17924	   7.50000	       11B
  41.74931	   6.53374	   7.50000	       11B
  41.74931	  10.88825	   7.50000	       11B
  22.62669	   0.00179	   7.50000	       10B
  22.62669	   4.35630	   7.50000	       11B
  22.62669	   8.71081	   7.50000	       11B
  25.11000	   0.00178	   7.50000	       11B
  25.11000	   4.35629	   7.50000	       11B
  25.11000	   8.71080	   7.50000	       11B
  27.59581	   0.00287	   7.50100	       11B
  27.59581	   4.35738	   7.50100	       11B
  27.59581	   8.71189	   7.50100	       11B
  29.68863	   0.00146	   8.79939	       10B
  29.68863	   4.35596	   8.79939	       11B
  29.68863	   8.71047	   8.79939	       11B
  31.60961	   0.00456	  10.36924	       10B
  31.60961	   4.35907	  10.36924	       11B
  31.60961	   8.71358	  10.36924	       10B
  34.00778	   0.00456	  10.36924	       11B
  34.00778	   4.35907	  10.36924	       11B
  34.00778	   8.71358	  10.36924	       11B
  35.92876	   0.00146	   8.79939	       11B
  35.92876	   4.35596	   8.79939	       11B
  35.92876	   8.71047	   8.79939	       11B
  38.02159	   0.00287	   7.50100	       11B
  38.02159	   4.35738	   7.50100	       11B
  38.02159	   8.71189	   7.50100	       11B
  40.50739	   0.00178	   7.50000	       11B
  40.50739	   4.35629	   7.50000	       11B
  40.50739	   8.71080	   7.50000	       10B
  23.86822	   3.62720	   7.50000	       14N
  23.86822	   7.98170	   7.50000	       14N
  26.35091	   3.62770	   7.50003	       14N
  26.35091	   7.98220	   7.50003	       14N
  28.77775	   3.62958	   7.94021	       14N
  28.77775	   7.98409	   7.94021	       14N
  30.55926	   3.62893	   9.69389	       14N
  30.55926	   7.98344	   9.69389	       14N
  32.80870	   3.62881	  10.74388	       14N
  32.80870	   7.98331	  10.74388	       14N
  35.05813	   3.62893	   9.69389	       14N
  35.05813	   7.98344	   9.69389	       14N
  36.83964	   3.62958	   7.94021	       14N
  36.83964	   7.98409	   7.94021	       14N
  39.26649	   3.62770	   7.50003	       14N
  39.26649	   7.98220	   7.50003	       14N
  41.74918	   3.62720	   7.50000	       14N
  41.74918	   7.98170	   7.50000	       14N
  22.62669	   1.45005	   7.50000	       14N
  22.62669	   5.80456	   7.50000	       14N
  22.62669	  10.15907	   7.50000	       14N
  25.11018	   1.44996	   7.50000	       14N
  25.11018	   5.80447	   7.50000	       14N
  25.11018	  10.15898	   7.50000	       14N
  27.59746	   1.45062	   7.50100	       14N
  27.59746	   5.80513	   7.50100	       14N
  27.59746	  10.15964	   7.50100	       14N
  29.70038	   1.45189	   8.80289	       14N
  29.70038	   5.80640	   8.80289	       14N
  29.70038	  10.16091	   8.80289	       14N
  31.57249	   1.45139	  10.44509	       14N
  31.57249	   5.80589	  10.44509	       14N
  31.57249	  10.16040	  10.44509	       14N
  34.04490	   1.45139	  10.44509	       14N
  34.04490	   5.80589	  10.44509	       14N
  34.04490	  10.16040	  10.44509	       14N
  35.91702	   1.45189	   8.80289	       14N
  35.91702	   5.80640	   8.80289	       14N
  35.91702	  10.16091	   8.80289	       14N
  38.01994	   1.45062	   7.50100	       14N
  38.01994	   5.80513	   7.50100	       14N
  38.01994	  10.15964	   7.50100	       14N
  40.50721	   1.44996	   7.50000	       14N
  40.50721	   5.80447	   7.50000	       14N
  40.50721	  10.15898	   7.50000	       14N
  23.86809	  15.24276	   7.50000	       10B
  23.86809	  19.59727	   7.50000	       11B
  23.86809	  23.95178	   7.50000	       11B
  26.35163	  15.24193	   7.50003	       11B
  26.35163	  19.59644	   7.50003	       11B
  26.35163	  23.95095	   7.50003	       11B
  28.72675	  15.24781	   8.03143	       10B
  28.72675	  19.60232	   8.03143	       10B
  28.72675	  23.95682	   8.03143	       11B
  30.58733	  15.24262	   9.67484	       10B
  30.58733	  19.59713	   9.67484	       11B
  30.58733	  23.95164	   9.67484	       11B
  32.80870	  15.24701	  10.64775	       11B
  32.80870	  19.60152	  10.64775	       10B
  32.80870	  23.95603	  10.64775	       10B
  35.03007	  15.24262	   9.67484	       11B
  35.03007	  19.59713	   9.67484	       11B
  35.03007	  23.95164	   9.67484	       10B
  36.89065	  15.24781	   8.03143	       11B
  36.89065	  19.60232	   8.03143	       10B
  36.89065	  23.95682	   8.03143	       11B
  39.26576	  15.24193	   7.50003	       11B
  39.26576	  19.59644	   7.50003	       11B
  39.26576	  23.95095	   7.50003	       10B
  41.74931	  15.24276	   7.50000	       11B
  41.74931	  19.59727	   7.50000	       11B
  41.74931	  23.95178	   7.50000	       11B
  22.62669	  13.06532	   7.50000	       11B
  22.62669	  17.41982	   7.50000	       11B
  22.62669	  21.77433	   7.50000	       11B
  25.11000	  13.06531	   7.50000	       10B
  25.11000	  17.41982	   7.50000	       11B
  25.11000	  21.77433	   7.50000	       11B
  27.59581	  13.06639	   7.50100	       11B
  27.59581	  17.42090	   7.50100	       11B
  27.59581	  21.77541	   7.50100	       11B
  29.68863	  13.06498	   8.79939	       11B
  29.68863	  17.41949	   8.79939	       11B
  29.68863	  21.77400	   8.79939	       11B
  31.60961	  13.06809	  10.36924	       11B
  31.60961	  17.42260	  10.36924	       11B
  31.60961	  21.77711	  10.36924	       11B
  34.00778	  13.06809	  10.36924	       11B
  34.00778	  17.42260	  10.36924	       11B
  34.00778	  21.77711	  10.36924	       11B
  35.92876	  13.06498	   8.79939	       11B
  35.92876	  17.41949	   8.79939	       11B
  35.92876	  21.77400	   8.79939	       11B
  38.02159	  13.06639	   7.50100	       11B
  38.02159	  17.42090	   7.50100	       11B
  38.02159	  21.77541	   7.50100	       11B
  40.50739	  13.06531	   7.50000	       10B
  40.50739	  17.41982	   7.50000	       11B
  40.50739	  21.77433	   7.50000	       11B
  23.86822	  16.69072	   7.50000	       14N
  23.86822	  21.04523	   7.50000	       14N
  23.86822	  12.33621	   7.50000	       14N
  26.35091	  16.69122	   7.50003	       14N
  26.35091	  21.04573	   7.50003	       14N
  26.35091	  12.33671	   7.50003	       14N
  28.77775	  16.69311	   7.94021	       14N
  28.77775	  21.04762	   7.94021	       14N
  28.77775	  12.33860	   7.94021	       14N
  30.55926	  16.69246	   9.69389	       14N
  30.55926	  21.04696	   9.69389	       14N
  30.55926	  12.33795	   9.69389	       14N
  32.80870	  16.69233	  10.74388	       14N
  32.80870	  21.04684	  10.74388	       14N
  32.80870	  12.33782	  10.74388	       14N
  35.05813	  16.69246	   9.69389	       14N
  35.05813	  21.04696	   9.69389	       14N
  35.05813	  12.33795	   9.69389	       14N
  36.83964	  16.69311	   7.94021	       14N
  36.83964	  21.04762	   7.94021	       14N
  36.83964	  12.33860	   7.94021	       14N
  39.26649	  16.69122	   7.50003	       14N
  39.26649	  21.04573	   7.50003	       14N
  39.26649	  12.33671	   7.50003	       14N
  41.74918	  16.69072	   7.50000	       14N
  41.74918	  21.04523	   7.50000	       14N
  41.74918	  12.33621	   7.50000	       14N
  22.62669	  14.51358	   7.50000	       14N
  22.62669	  18.86809	   7.50000	       14N
  22.62669	  23.22259	   7.50000	       14N
  25.11018	  14.51349	   7.50000	       14N
  25.11018	  18.86799	   7.50000	       14N
  25.11018	  23.22250	   7.50000	       14N
  27.59746	  14.51415	   7.50100	       14N
  27.59746	  18.86866	   7.50100	       14N
  27.59746	  23.22317	   7.50100	       14N
  29.70038	  14.51542	   8.80289	       14N
  29.70038	  18.86993	   8.80289	       14N
  29.70038	  23.22443	   8.80289	       14N
  31.57249	  14.51491	  10.44509	       14N
  31.57249	  18.86942	  10.44509	       14N
  31.57249	  23.22393	  10.44509	       14N
  34.04490	  14.51491	  10.44509	       14N
  34.04490	  18.86942	  10.44509	       14N
  34.04490	  23.22393	  10.44509	       14N
  35.91702	  14.51542	   8.80289	       14N
  35.91702	  18.86993	   8.80289	       14N
  35.91702	  23.22443	   8.80289	       14N
  38.01994	  14.51415	   7.50100	       14N
  38.01994	  18.86866	   7.50100	       14N
  38.01994	  23.22317	   7.50100	       14N
  40.50721	  14.51349	   7.50000	       14N
  40.50721	  18.86799	   7.50000	       14N
  40.50721	  23.22250	   7.50000	       14N
  23.86809	  28.30629	   7.50000	       11B
  23.86809	  32.66079	   7.50000	       11B
  23.86809	  37.01530	   7.50000	       11B
  26.35163	  28.30546	   7.50003	       10B
  26.35163	  32.65997	   7.50003	       11B
  26.35163	  37.01447	   7.50003	       11B
  28.72675	  28.31133	   8.03143	       11B
  28.72675	  32.66584	   8.03143	       10B
  28.72675	  37.02035	   8.03143	       11B
  30.58733	  28.30615	   9.67484	       11B
  30.58733	  32.66065	   9.67484	       10B
  30.58733	  37.01516	   9.67484	       11B
  32.80870	  28.31053	  10.64775	       11B
  32.80870	  32.66504	  10.64775	       11B
  32.80870	  37.01955	  10.64775	       11B
  35.03007	  28.30615	   9.67484	       11B
  35.03007	  32.66065	   9.67484	       11B
  35.03007	  37.01516	   9.67484	       11B
  36.89065	  28.31133	   8.03143	       10B
  36.89065	  32.66584	   8.03143	       11B
  36.89065	  37.02035	   8.03143	       11B
  39.26576	  28.30546	   7.50003	       10B
  39.26576	  32.65997	   7.50003	       11B
  39.26576	  37.01447	   7.50003	       11B
  41.74931	  28.30629	   7.50000	       11B
  41.74931	  32.66079	   7.50000	       11B
  41.74931	  37.01530	   7.50000	       11B
  22.62669	  26.12884	   7.50000	       11B
  22.62669	  30.48335	   7.50000	       10B
  22.62669	  34.83786	   7.50000	       11B
  25.11000	  26.12883	   7.50000	       11B
  25.11000	  30.48334	   7.50000	       11B
  25.11000	  34.83785	   7.50000	       11B
  27.59581	  26.12992	   7.50100	       11B
  27.59581	  30.48443	   7.50100	       11B
  27.59581	  34.83894	   7.50100	       11B
  29.68863	  26.12851	   8.79939	       11B
  29.68863	  30.48301	   8.79939	       11B
  29.68863	  34.83752	   8.79939	       11B
  31.60961	  26.13161	  10.36924	       11B
  31.60961	  30.48612	  10.36924	       11B
  31.60961	  34.84063	  10.36924	       11B
  34.00778	  26.13161	  10.36924	       11B
  34.00778	  30.48612	  10.36924	       11B
  34.00778	  34.84063	  10.36924	       11B
  35.92876	  26.12851	   8.79939	       11B
  35.92876	  30.48301	   8.79939	       11B
  35.92876	  34.83752	   8.79939	       10B
  38.02159	  26.12992	   7.50100	       10B
  38.02159	  30.48443	   7.50100	       11B
  38.02159	  34.83894	   7.50100	       11B
  40.50739	  26.12883	   7.50000	       11B
  40.50739	  30.48334	   7.50000	       10B
  40.50739	  34.83785	   7.50000	       10B
  23.86822	  29.75425	   7.50000	       14N
  23.86822	  34.10875	   7.50000	       14N
  23.86822	  25.39974	   7.50000	       14N
  26.35091	  29.75475	   7.50003	       14N
  26.35091	  34.10925	   7.50003	       14N
  26.35091	  25.40024	   7.50003	       14N
  28.77775	  29.75663	   7.94021	       14N
  28.77775	  34.11114	   7.94021	       14N
  28.77775	  25.40212	   7.94021	       14N
  30.55926	  29.75598	   9.69389	       14N
  30.55926	  34.11049	   9.69389	       14N
  30.55926	  25.40147	   9.69389	       14N
  32.80870	  29.75586	  10.74388	       14N
  32.80870	  34.11036	  10.74388	       14N
  32.80870	  25.40135	  10.74388	       14N
  35.05813	  29.75598	   9.69389	       14N
  35.05813	  34.11049	   9.69389	       14N
  35.05813	  25.40147	   9.69389	       14N
  36.83964	  29.75663	   7.94021	       14N
  36.83964	  34.11114	   7.94021	       14N
  36.83964	  25.40212	   7.94021	       14N
  39.26649	  29.75475	   7.50003	       14N
  39.26649	  34.10925	   7.50003	       14N
  39.26649	  25.40024	   7.50003	       14N
  41.74918	  29.75425	   7.50000	       14N
  41.74918	  34.10875	   7.50000	       14N
  41.74918	  25.39974	   7.50000	       14N
  22.62669	  27.57710	   7.50000	       14N
  22.62669	  31.93161	   7.50000	       14N
  22.62669	  36.28612	   7.50000	       14N
  25.11018	  27.57701	   7.50000	       14N
  25.11018	  31.93152	   7.50000	       14N
  25.11018	  36.28603	   7.50000	       14N
  27.59746	  27.57767	   7.50100	       14N
  27.59746	  31.93218	   7.50100	       14N
  27.59746	  36.28669	   7.50100	       14N
  29.70038	  27.57894	   8.80289	       14N
  29.70038	  31.93345	   8.80289	       14N
  29.70038	  36.28796	   8.80289	       14N
  31.57249	  27.57844	  10.44509	       14N
  31.57249	  31.93294	  10.44509	       14N
  31.57249	  36.28745	  10.44509	       14N
  34.04490	  27.57844	  10.44509	       14N
  34.04490	  31.93294	  10.44509	       14N
  34.04490	  36.28745	  10.44509	       14N
  35.91702	  27.57894	   8.80289	       14N
  35.91702	  31.93345	   8.80289	       14N
  35.91702	  36.28796	   8.80289	       14N
  38.01994	  27.57767	   7.50100	       14N
  38.01994	  31.93218	   7.50100	       14N
  38.01994	  36.28669	   7.50100	       14N
  40.50721	  27.57701	   7.50000	       14N
  40.50721	  31.93152	   7.50000	       14N
  40.50721	  36.28603	   7.50000	       14N
  23.86989	  41.36677	   7.50000	       10B
  23.87475	  45.71930	   7.50000	       11B
  23.87153	  50.07135	   7.50000	       10B
  26.35821	  41.36646	   7.50003	       11B
  26.36957	  45.71764	   7.50003	       11B
  26.36210	  50.07195	   7.50003	       10B
  28.74144	  41.37730	   8.01995	       11B
  28.78114	  45.72467	   7.99174	       10B
  28.74641	  50.08064	   8.02083	       10B
  30.60487	  41.37676	   9.66078	       11B
  30.72498	  45.71964	   9.59332	       11B
  30.60825	  50.08371	   9.65733	       10B
  32.80870	  41.37949	  10.67419	       11B
  32.80870	  50.09882	  10.66055	       11B
  35.01252	  41.37676	   9.66078	       11B
  34.89241	  45.71964	   9.59332	       11B
  35.00915	  50.08371	   9.65733	       11B
  36.87595	  41.37730	   8.01995	       10B
  36.83625	  45.72467	   7.99174	       11B
  36.87099	  50.08064	   8.02083	       11B
  39.25919	  41.36646	   7.50003	       11B
  39.24782	  45.71764	   7.50003	       11B
  39.25530	  50.07195	   7.50003	       11B
  41.74751	  41.36677	   7.50000	       11B
  41.74265	  45.71930	   7.50000	       11B
  41.74587	  50.07135	   7.50000	       11B
  22.62669	  39.18640	   7.50000	       11B
  22.62669	  43.54456	   7.50000	       11B
  22.62669	  47.89332	   7.50000	       11B
  25.11446	  39.18747	   7.50000	       10B
  25.11748	  43.54309	   7.50000	       11B
  25.12184	  47.89453	   7.50000	       11B
  27.60417	  39.19104	   7.50100	       10B
  27.61244	  43.54603	   7.50100	       11B
  27.61977	  47.89524	   7.50100	       11B
  29.70329	  39.19630	   8.78592	       11B
  29.74826	  43.55112	   8.74827	       11B
  29.76742	  47.89744	   8.74220	       11B
  31.61121	  39.20465	  10.36991	       11B
  31.63404	  43.56348	  10.38471	       11B
  31.65271	  47.90614	  10.38141	       10B
  34.00619	  39.20465	  10.36991	       11B
  33.98336	  43.56348	  10.38471	       11B
  33.96469	  47.90614	  10.38141	       10B
  35.91411	  39.19630	   8.78592	       11B
  35.86914	  43.55112	   8.74827	       11B
  35.84998	  47.89744	   8.74220	       11B
  38.01323	  39.19104	   7.50100	       11B
  38.00496	  43.54603	   7.50100	       11B
  37.99762	  47.89524	   7.50100	       11B
  40.50293	  39.18747	   7.50000	       10B
  40.49992	  43.54309	   7.50000	       10B
  40.49555	  47.89453	   7.50000	       11B
  23.86983	  42.81546	   7.50000	       14N
  23.87273	  47.16772	   7.50000	       14N
  23.86938	  38.45744	   7.50000	       14N
  26.35721	  42.81629	   7.50003	       14N
  26.36395	  47.16839	   7.50003	       14N
  26.35428	  38.45951	   7.50003	       14N
  28.79405	  42.81838	   7.91681	       14N
  28.81182	  47.17579	   7.90583	       14N
  28.78488	  38.46505	   7.92930	       14N
  30.58948	  42.81592	   9.65476	       14N
  30.67548	  47.17985	   9.58971	       14N
  30.56766	  38.47209	   9.67945	       14N
  32.80870	  42.79942	  10.79497	       14N
  32.80870	  38.47953	  10.75438	       14N
  35.02792	  42.81592	   9.65476	       14N
  34.94192	  47.17985	   9.58971	       14N
  35.04974	  38.47209	   9.67945	       14N
  36.82334	  42.81838	   7.91681	       14N
  36.80557	  47.17579	   7.90583	       14N
  36.83252	  38.46505	   7.92930	       14N
  39.26019	  42.81629	   7.50003	       14N
  39.25344	  47.16839	   7.50003	       14N
  39.26311	  38.45951	   7.50003	       14N
  41.74757	  42.81546	   7.50000	       14N
  41.74467	  47.16772	   7.50000	       14N
  41.74801	  38.45744	   7.50000	       14N
  22.62669	  40.63629	   7.50000	       14N
  22.62669	  44.99299	   7.50000	       14N
  22.62669	  49.34303	   7.50000	       14N
  25.11156	  40.63709	   7.50000	       14N
  25.11795	  44.99194	   7.50000	       14N
  25.11506	  49.34418	   7.50000	       14N
  27.60012	  40.63893	   7.50100	       14N
  27.61421	  44.99442	   7.50100	       14N
  27.60618	  49.34656	   7.50100	       14N
  29.71427	  40.64354	   8.78285	       14N
  29.79232	  44.99824	   8.70082	       14N
  29.73525	  49.35353	   8.76610	       14N
  31.56901	  40.64303	  10.45052	       14N
  31.56845	  49.37516	  10.45457	       14N
  34.04838	  40.64303	  10.45052	       14N
  34.04895	  49.37516	  10.45457	       14N
  35.90313	  40.64354	   8.78285	       14N
  35.82508	  44.99824	   8.70082	       14N
  35.88215	  49.35353	   8.76610	       14N
  38.01728	  40.63893	   7.50100	       14N
  38.00319	  44.99442	   7.50100	       14N
  38.01122	  49.34656	   7.50100	       14N
  40.50584	  40.63709	   7.50000	       14N
  40.49944	  44.99194	   7.50000	       14N
  40.50234	  49.34418	   7.50000	       14N
  34.06574	  44.95843	  10.42701	       14N
  31.55165	  44.95843	  10.42701	       14N
  32.80870	  47.32201	  10.96725	       14N
  23.86809	  54.43334	   7.50000	       11B
  23.86809	  58.78784	   7.50000	       11B
  23.86809	  63.14235	   7.50000	       11B
  26.35163	  54.43251	   7.50003	       11B
  26.35163	  58.78702	   7.50003	       10B
  26.35163	  63.14152	   7.50003	       11B
  28.72675	  54.43838	   8.03143	       11B
  28.72675	  58.79289	   8.03143	       10B
  28.72675	  63.14740	   8.03143	       11B
  30.58733	  54.43320	   9.67484	       11B
  30.58733	  58.78770	   9.67484	       11B
  30.58733	  63.14221	   9.67484	       11B
  32.80870	  54.43758	  10.64775	       11B
  32.80870	  58.79209	  10.64775	       11B
  32.80870	  63.14660	  10.64775	       11B
  35.03007	  54.43320	   9.67484	       11B
  35.03007	  58.78770	   9.67484	       11B
  35.03007	  63.14221	   9.67484	       11B
  36.89065	  54.43838	   8.03143	       11B
  36.89065	  58.79289	   8.03143	       11B
  36.89065	  63.14740	   8.03143	       11B
  39.26576	  54.43251	   7.50003	       10B
  39.26576	  58.78702	   7.50003	       11B
  39.26576	  63.14152	   7.50003	       11B
  41.74931	  54.43334	   7.50000	       11B
  41.74931	  58.78784	   7.50000	       11B
  41.74931	  63.14235	   7.50000	       11B
  22.62669	  52.25589	   7.50000	       10B
  22.62669	  56.61040	   7.50000	       11B
  22.62669	  60.96491	   7.50000	       11B
  25.11000	  52.25588	   7.50000	       11B
  25.11000	  56.61039	   7.50000	       11B
  25.11000	  60.96490	   7.50000	       11B
  27.59581	  52.25697	   7.50100	       11B
  27.59581	  56.61148	   7.50100	       11B
  27.59581	  60.96599	   7.50100	       11B
  29.68863	  52.25556	   8.79939	       10B
  29.68863	  56.61006	   8.79939	       11B
  29.68863	  60.96457	   8.79939	       11B
  31.60961	  52.25866	  10.36924	       11B
  31.60961	  56.61317	  10.36924	       11B
  31.60961	  60.96768	  10.36924	       11B
  34.00778	  52.25866	  10.36924	       11B
  34.00778	  56.61317	  10.36924	       10B
  34.00778	  60.96768	  10.36924	       11B
  35.92876	  52.25556	   8.79939	       11B
  35.92876	  56.61006	   8.79939	       11B
  35.92876	  60.96457	   8.79939	       11B
  38.02159	  52.25697	   7.50100	       11B
  38.02159	  56.61148	   7.50100	       11B
  38.02159	  60.96599	   7.50100	       11B
  40.50739	  52.25588	   7.50000	       10B
  40.50739	  56.61039	   7.50000	       11B
  40.50739	  60.96490	   7.50000	       10B
  23.86822	  55.88130	   7.50000	       14N
  23.86822	  60.23580	   7.50000	       14N
  23.86822	  51.52679	   7.50000	       14N
  26.35091	  55.88180	   7.50003	       14N
  26.35091	  60.23630	   7.50003	       14N
  26.35091	  51.52729	   7.50003	       14N
  28.77775	  55.88368	   7.94021	       14N
  28.77775	  60.23819	   7.94021	       14N
  28.77775	  51.52917	   7.94021	       14N
  30.55926	  55.88303	   9.69389	       14N
  30.55926	  60.23754	   9.69389	       14N
  30.55926	  51.52852	   9.69389	       14N
  32.80870	  55.88291	  10.74388	       14N
  32.80870	  60.23741	  10.74388	       14N
  32.80870	  51.52840	  10.74388	       14N
  35.05813	  55.88303	   9.69389	       14N
  35.05813	  60.23754	   9.69389	       14N
  35.05813	  51.52852	   9.69389	       14N
  36.83964	  55.88368	   7.94021	       14N
  36.83964	  60.23819	   7.94021	       14N
  36.83964	  51.52917	   7.94021	       14N
  39.26649	  55.88180	   7.50003	       14N
  39.26649	  60.23630	   7.50003	       14N
  39.26649	  51.52729	   7.50003	       14N
  41.74918	  55.88130	   7.50000	       14N
  41.74918	  60.23580	   7.50000	       14N
  41.74918	  51.52679	   7.50000	       14N
  22.62669	  53.70415	   7.50000	       14N
  22.62669	  58.05866	   7.50000	       14N
  22.62669	  62.41317	   7.50000	       14N
  25.11018	  53.70406	   7.50000	       14N
  25.11018	  58.05857	   7.50000	       14N
  25.11018	  62.41308	   7.50000	       14N
  27.59746	  53.70472	   7.50100	       14N
  27.59746	  58.05923	   7.50100	       14N
  27.59746	  62.41374	   7.50100	       14N
  29.70038	  53.70599	   8.80289	       14N
  29.70038	  58.06050	   8.80289	       14N
  29.70038	  62.41501	   8.80289	       14N
  31.57249	  53.70549	  10.44509	       14N
  31.57249	  58.05999	  10.44509	       14N
  31.57249	  62.41450	  10.44509	       14N
  34.04490	  53.70549	  10.44509	       14N
  34.04490	  58.05999	  10.44509	       14N
  34.04490	  62.41450	  10.44509	       14N
  35.91702	  53.70599	   8.80289	       14N
  35.91702	  58.06050	   8.80289	       14N
  35.91702	  62.41501	   8.80289	       14N
  38.01994	  53.70472	   7.50100	       14N
  38.01994	  58.05923	   7.50100	       14N
  38.01994	  62.41374	   7.50100	       14N
  40.50721	  53.70406	   7.50000	       14N
  40.50721	  58.05857	   7.50000	       14N
  40.50721	  62.41308	   7.50000	       14N
  23.86809	  67.49686	   7.50000	       11B
  23.86809	  71.85137	   7.50000	       11B
  23.86809	  76.20588	   7.50000	       11B
  26.35163	  67.49603	   7.50003	       11B
  26.35163	  71.85054	   7.50003	       10B
  26.35163	  76.20505	   7.50003	       11B
  28.72675	  67.50191	   8.03143	       10B
  28.72675	  71.85642	   8.03143	       11B
  28.72675	  76.21093	   8.03143	       11B
  30.58733	  67.49672	   9.67484	       11B
  30.58733	  71.85123	   9.67484	       11B
  30.58733	  76.20574	   9.67484	       11B
  32.80870	  67.50111	  10.64775	       10B
  32.80870	  71.85562	  10.64775	       11B
  32.80870	  76.21013	  10.64775	       11B
  35.03007	  67.49672	   9.67484	       11B
  35.03007	  71.85123	   9.67484	       11B
  35.03007	  76.20574	   9.67484	       11B
  36.89065	  67.50191	   8.03143	       11B
  36.89065	  71.85642	   8.03143	       11B
  36.89065	  76.21093	   8.03143	       11B
  39.26576	  67.49603	   7.50003	       10B
  39.26576	  71.85054	   7.50003	       10B
  39.26576	  76.20505	   7.50003	       10B
  41.74931	  67.49686	   7.50000	       11B
  41.74931	  71.85137	   7.50000	       11B
  41.74931	  76.20588	   7.50000	       11B
  22.62669	  65.31942	   7.50000	       11B
  22.62669	  69.67392	   7.50000	       11B
  22.62669	  74.02843	   7.50000	       11B
  25.11000	  65.31941	   7.50000	       11B
  25.11000	  69.67392	   7.50000	       10B
  25.11000	  74.02843	   7.50000	       11B
  27.59581	  65.32050	   7.50100	       10B
  27.59581	  69.67500	   7.50100	       10B
  27.59581	  74.02951	   7.50100	       11B
  29.68863	  65.31908	   8.79939	       11B
  29.68863	  69.67359	   8.79939	       11B
  29.68863	  74.02810	   8.79939	       10B
  31.60961	  65.32219	  10.36924	       11B
  31.60961	  69.67670	  10.36924	       11B
  31.60961	  74.03121	  10.36924	       11B
  34.00778	  65.32219	  10.36924	       11B
  34.00778	  69.67670	  10.36924	       11B
  34.00778	  74.03121	  10.36924	       11B
  35.92876	  65.31908	   8.79939	       10B
  35.92876	  69.67359	   8.79939	       10B
  35.92876	  74.02810	   8.79939	       11B
  38.02159	  65.32050	   7.50100	       11B
  38.02159	  69.67500	   7.50100	       11B
  38.02159	  74.02951	   7.50100	       11B
  40.50739	  65.31941	   7.50000	       11B
  40.50739	  69.67392	   7.50000	       11B
  40.50739	  74.02843	   7.50000	       11B
  23.86822	  68.94482	   7.50000	       14N
  23.86822	  73.29933	   7.50000	       14N
  23.86822	  64.59031	   7.50000	       14N
  26.35091	  68.94532	   7.50003	       14N
  26.35091	  73.29983	   7.50003	       14N
  26.35091	  64.59081	   7.50003	       14N
  28.77775	  68.94721	   7.94021	       14N
  28.77775	  73.30172	   7.94021	       14N
  28.77775	  64.59270	   7.94021	       14N
  30.55926	  68.94656	   9.69389	       14N
  30.55926	  73.30107	   9.69389	       14N
  30.55926	  64.59205	   9.69389	       14N
  32.80870	  68.94643	  10.74388	       14N
  32.80870	  73.30094	  10.74388	       14N
  32.80870	  64.59192	  10.74388	       14N
  35.05813	  68.94656	   9.69389	       14N
  35.05813	  73.30107	   9.69389	       14N
  35.05813	  64.59205	   9.69389	       14N
  36.83964	  68.94721	   7.94021	       14N
  36.83964	  73.30172	   7.94021	       14N
  36.83964	  64.59270	   7.94021	       14N
  39.26649	  68.94532	   7.50003	       14N
  39.26649	  73.29983	   7.50003	       14N
  39.26649	  64.59081	   7.50003	       14N
  41.74918	  68.94482	   7.50000	       14N
  41.74918	  73.29933	   7.50000	       14N
  41.74918	  64.59031	   7.50000	       14N
  22.62669	  66.76768	   7.50000	       14N
  22.62669	  71.12219	   7.50000	       14N
  22.62669	  75.47669	   7.50000	       14N
  25.11018	  66.76759	   7.50000	       14N
  25.11018	  71.12210	   7.50000	       14N
  25.11018	  75.47660	   7.50000	       14N
  27.59746	  66.76825	   7.50100	       14N
  27.59746	  71.12276	   7.50100	       14N
  27.59746	  75.47727	   7.50100	       14N
  29.70038	  66.76952	   8.80289	       14N
  29.70038	  71.12403	   8.80289	       14N
  29.70038	  75.47853	   8.80289	       14N
  31.57249	  66.76901	  10.44509	       14N
  31.57249	  71.12352	  10.44509	       14N
  31.57249	  75.47803	  10.44509	       14N
  34.04490	  66.76901	  10.44509	       14N
  34.04490	  71.12352	  10.44509	       14N
  34.04490	  75.47803	  10.44509	       14N
  35.91702	  66.76952	   8.80289	       14N
  35.91702	  71.12403	   8.80289	       14N
  35.91702	  75.47853	   8.80289	       14N
  38.01994	  66.76825	   7.50100	       14N
  38.01994	  71.12276	   7.50100	       14N
  38.01994	  75.47727	   7.50100	       14N
  40.50721	  66.76759	   7.50000	       14N
  40.50721	  71.12210	   7.50000	       14N
  40.50721	  75.47660	   7.50000	       14N
  22.62669	  78.38294	   7.50000	       11B
  25.11000	  78.38293	   7.50000	       11B
  27.59581	  78.38402	   7.50100	       11B
  29.68863	  78.38261	   8.79939	       10B
  31.60961	  78.38571	  10.36924	       11B
  34.00778	  78.38571	  10.36924	       11B
  35.92876	  78.38261	   8.79939	       11B
  38.02159	  78.38402	   7.50100	       11B
  40.50739	  78.38293	   7.50000	       11B
  23.86822	  77.65384	   7.50000	       14N
  26.35091	  77.65434	   7.50003	       14N
  28.77775	  77.65623	   7.94021	       14N
  30.55926	  77.65557	   9.69389	       14N
  32.80870	  77.65545	  10.74388	       14N
  35.05813	  77.65557	   9.69389	       14N
  36.83964	  77.65623	   7.94021	       14N
  39.26649	  77.65434	   7.50003	       14N
  41.74918	  77.65384	   7.50000	       14N
  22.62669	  79.83120	   7.50000	       14N
  25.11018	  79.83111	   7.50000	       14N
  27.59746	  79.83177	   7.50100	       14N
  29.70038	  79.83304	   8.80289	       14N
  31.57249	  79.83254	  10.44509	       14N
  34.04490	  79.83254	  10.44509	       14N
  35.91702	  79.83304	   8.80289	       14N
  38.01994	  79.83177	   7.50100	       14N
  40.50721	  79.83111	   7.50000	       14N
  44.24775	   2.17825	   7.50000	       10B
  44.24775	   6.53276	   7.50000	       11B
  44.24775	  10.88727	   7.50000	       10B
  46.76182	   2.17825	   7.50000	       10B
  46.76182	   6.53276	   7.50000	       11B
  46.76182	  10.88727	   7.50000	       11B
  49.27590	   2.17825	   7.50000	       11B
  49.27590	   6.53276	   7.50000	       11B
  49.27590	  10.88727	   7.50000	       11B
  51.78997	   2.17825	   7.50000	       11B
  51.78997	   6.53276	   7.50000	       11B
  51.78997	  10.88727	   7.50000	       11B
  54.30405	   2.17825	   7.50000	       11B
  54.30405	   6.53276	   7.50000	       11B
  54.30405	  10.88727	   7.50000	       10B
  56.81813	   2.17825	   7.50000	       11B
  56.81813	   6.53276	   7.50000	       11B
  56.81813	  10.88727	   7.50000	       11B
  59.33220	   2.17825	   7.50000	       11B
  59.33220	   6.53276	   7.50000	       10B
  59.33220	  10.88727	   7.50000	       10B
  61.84628	   2.17825	   7.50000	       11B
  61.84628	   6.53276	   7.50000	       11B
  61.84628	  10.88727	   7.50000	       11B
  64.36036	   2.17825	   7.50000	       11B
  64.36036	   6.53276	   7.50000	       11B
  64.36036	  10.88727	   7.50000	       11B
  42.99071	   0.00098	   7.50000	       11B
  42.99071	   4.35549	   7.50000	       11B
  42.99071	   8.71000	   7.50000	       11B
  45.50478	   0.00098	   7.50000	       11B
  45.50478	   4.35549	   7.50000	       11B
  45.50478	   8.71000	   7.50000	       11B
  48.01886	   0.00098	   7.50000	       11B
  48.01886	   4.35549	   7.50000	       11B
  48.01886	   8.71000	   7.50000	       10B
  50.53294	   0.00098	   7.50000	       11B
  50.53294	   4.35549	   7.50000	       11B
  50.53294	   8.71000	   7.50000	       11B
  53.04701	   0.00098	   7.50000	       11B
  53.04701	   4.35549	   7.50000	       11B
  53.04701	   8.71000	   7.50000	       10B
  55.56109	   0.00098	   7.50000	       10B
  55.56109	   4.35549	   7.50000	       11B
  55.56109	   8.71000	   7.50000	       11B
  58.07517	   0.00098	   7.50000	       10B
  58.07517	   4.35549	   7.50000	       11B
  58.07517	   8.71000	   7.50000	       11B
  60.58924	   0.00098	   7.50000	       11B
  60.58924	   4.35549	   7.50000	       11B
  60.58924	   8.71000	   7.50000	       10B
  63.10332	   0.00098	   7.50000	       10B
  63.10332	   4.35549	   7.50000	       11B
  63.10332	   8.71000	   7.50000	       11B
  44.24775	   3.63024	   7.50000	       14N
  44.24775	   7.98475	   7.50000	       14N
  46.76182	   3.63024	   7.50000	       14N
  46.76182	   7.98475	   7.50000	       14N
  49.27590	   3.63024	   7.50000	       14N
  49.27590	   7.98475	   7.50000	       14N
  51.78997	   3.63024	   7.50000	       14N
  51.78997	   7.98475	   7.50000	       14N
  54.30405	   3.63024	   7.50000	       14N
  54.30405	   7.98475	   7.50000	       14N
  56.81813	   3.63024	   7.50000	       14N
  56.81813	   7.98475	   7.50000	       14N
  59.33220	   3.63024	   7.50000	       14N
  59.33220	   7.98475	   7.50000	       14N
  61.84628	   3.63024	   7.50000	       14N
  61.84628	   7.98475	   7.50000	       14N
  64.36036	   3.63024	   7.50000	       14N
  64.36036	   7.98475	   7.50000	       14N
  42.99071	   1.45298	   7.50000	       14N
  42.99071	   5.80749	   7.50000	       14N
  42.99071	  10.16200	   7.50000	       14N
  45.50478	   1.45298	   7.50000	       14N
  45.50478	   5.80749	   7.50000	       14N
  45.50478	  10.16200	   7.50000	       14N
  48.01886	   1.45298	   7.50000	       14N
  48.01886	   5.80749	   7.50000	       14N
  48.01886	  10.16200	   7.50000	       14N
  50.53294	   1.45298	   7.50000	       14N
  50.53294	   5.80749	   7.50000	       14N
  50.53294	  10.16200	   7.50000	       14N
  53.04701	   1.45298	   7.50000	       14N
  53.04701	   5.80749	   7.50000	       14N
  53.04701	  10.16200	   7.50000	       14N
  55.56109	   1.45298	   7.50000	       14N
  55.56109	   5.80749	   7.50000	       14N
  55.56109	  10.16200	   7.50000	       14N
  58.07517	   1.45298	   7.50000	       14N
  58.07517	   5.80749	   7.50000	       14N
  58.07517	  10.16200	   7.50000	       14N
  60.58924	   1.45298	   7.50000	       14N
  60.58924	   5.80749	   7.50000	       14N
  60.58924	  10.16200	   7.50000	       14N
  63.10332	   1.45298	   7.50000	       14N
  63.10332	   5.80749	   7.50000	       14N
  63.10332	  10.16200	   7.50000	       14N
  44.24775	  15.24177	   7.50000	       11B
  44.24775	  19.59628	   7.50000	       11B
  44.24775	  23.95079	   7.50000	       11B
  46.76182	  15.24177	   7.50000	       11B
  46.76182	  19.59628	   7.50000	       11B
  46.76182	  23.95079	   7.50000	       10B
  49.27590	  15.24177	   7.50000	       11B
  49.27590	  19.59628	   7.50000	       11B
  49.27590	  23.95079	   7.50000	       11B
  51.78997	  15.24177	   7.50000	       11B
  51.78997	  19.59628	   7.50000	       11B
  51.78997	  23.95079	   7.50000	       11B
  54.30405	  15.24177	   7.50000	       11B
  54.30405	  19.59628	   7.50000	       11B
  54.30405	  23.95079	   7.50000	       11B
  56.81813	  15.24177	   7.50000	       11B
  56.81813	  19.59628	   7.50000	       10B
  56.81813	  23.95079	   7.50000	       11B
  59.33220	  15.24177	   7.50000	       11B
  59.33220	  19.59628	   7.50000	       11B
  59.33220	  23.95079	   7.50000	       11B
  61.84628	  15.24177	   7.50000	       11B
  61.84628	  19.59628	   7.50000	       11B
  61.84628	  23.95079	   7.50000	       11B
  64.36036	  15.24177	   7.50000	       11B
  64.36036	  19.59628	   7.50000	       11B
  64.36036	  23.95079	   7.50000	       10B
  42.99071	  13.06450	   7.50000	       11B
  42.99071	  17.41901	   7.50000	       11B
  42.99071	  21.77352	   7.50000	       11B
  45.50478	  13.06450	   7.50000	       11B
  45.50478	  17.41901	   7.50000	       10B
  45.50478	  21.77352	   7.50000	       11B
  48.01886	  13.06450	   7.50000	       10B
  48.01886	  17.41901	   7.50000	       11B
  48.01886	  21.77352	   7.50000	       11B
  50.53294	  13.06450	   7.50000	       10B
  50.53294	  17.41901	   7.50000	       11B
  50.53294	  21.77352	   7.50000	       11B
  53.04701	  13.06450	   7.50000	       11B
  53.04701	  17.41901	   7.50000	       10B
  53.04701	  21.77352	   7.50000	       11B
  55.56109	  13.06450	   7.50000	       11B
  55.56109	  17.41901	   7.50000	       10B
  55.56109	  21.77352	   7.50000	       11B
  58.07517	  13.06450	   7.50000	       10B
  58.07517	  17.41901	   7.50000	       11B
  58.07517	  21.77352	   7.50000	       11B
  60.58924	  13.06450	   7.50000	       11B
  60.58924	  17.41901	   7.50000	       11B
  60.58924	  21.77352	   7.50000	       11B
  63.10332	  13.06450	   7.50000	       11B
  63.10332	  17.41901	   7.50000	       10B
  63.10332	  21.77352	   7.50000	       11B
  44.24775	  16.69376	   7.50000	       14N
  44.24775	  21.04827	   7.50000	       14N
  44.24775	  12.33926	   7.50000	       14N
  46.76182	  16.69376	   7.50000	       14N
  46.76182	  21.04827	   7.50000	       14N
  46.76182	  12.33926	   7.50000	       14N
  49.27590	  16.69376	   7.50000	       14N
  49.27590	  21.04827	   7.50000	       14N
  49.27590	  12.33926	   7.50000	       14N
  51.78997	  16.69376	   7.50000	       14N
  51.78997	  21.04827	   7.50000	       14N
  51.78997	  12.33926	   7.50000	       14N
  54.30405	  16.69376	   7.50000	       14N
  54.30405	  21.04827	   7.50000	       14N
  54.30405	  12.33926	   7.50000	       14N
  56.81813	  16.69376	   7.50000	       14N
  56.81813	  21.04827	   7.50000	       14N
  56.81813	  12.33926	   7.50000	       14N
  59.33220	  16.69376	   7.50000	       14N
  59.33220	  21.04827	   7.50000	       14N
  59.33220	  12.33926	   7.50000	       14N
  61.84628	  16.69376	   7.50000	       14N
  61.84628	  21.04827	   7.50000	       14N
  61.84628	  12.33926	   7.50000	       14N
  64.36036	  16.69376	   7.50000	       14N
  64.36036	  21.04827	   7.50000	       14N
  64.36036	  12.33926	   7.50000	       14N
  42.99071	  14.51651	   7.50000	       14N
  42.99071	  18.87102	   7.50000	       14N
  42.99071	  23.22552	   7.50000	       14N
  45.50478	  14.51651	   7.50000	       14N
  45.50478	  18.87102	   7.50000	       14N
  45.50478	  23.22552	   7.50000	       14N
  48.01886	  14.51651	   7.50000	       14N
  48.01886	  18.87102	   7.50000	       14N
  48.01886	  23.22552	   7.50000	       14N
  50.53294	  14.51651	   7.50000	       14N
  50.53294	  18.87102	   7.50000	       14N
  50.53294	  23.22552	   7.50000	       14N
  53.04701	  14.51651	   7.50000	       14N
  53.04701	  18.87102	   7.50000	       14N
  53.04701	  23.22552	   7.50000	       14N
  55.56109	  14.51651	   7.50000	       14N
  55.56109	  18.87102	   7.50000	       14N
  55.56109	  23.22552	   7.50000	       14N
  58.07517	  14.51651	   7.50000	       14N
  58.07517	  18.87102	   7.50000	       14N
  58.07517	  23.22552	   7.50000	       14N
  60.58924	  14.51651	   7.50000	       14N
  60.58924	  18.87102	   7.50000	       14N
  60.58924	  23.22552	   7.50000	       14N
  63.10332	  14.51651	   7.50000	       14N
  63.10332	  18.87102	   7.50000	       14N
  63.10332	  23.22552	   7.50000	       14N
  44.24775	  28.30530	   7.50000	       11B
  44.24775	  32.65981	   7.50000	       10B
  44.24775	  37.01432	   7.50000	       10B
  46.76182	  28.30530	   7.50000	       11B
  46.76182	  32.65981	   7.50000	       11B
  46.76182	  37.01432	   7.50000	       11B
  49.27590	  28.30530	   7.50000	       11B
  49.27590	  32.65981	   7.50000	       11B
  49.27590	  37.01432	   7.50000	       11B
  51.78997	  28.30530	   7.50000	       11B
  51.78997	  32.65981	   7.50000	       11B
  51.78997	  37.01432	   7.50000	       10B
  54.30405	  28.30530	   7.50000	       11B
  54.30405	  32.65981	   7.50000	       11B
  54.30405	  37.01432	   7.50000	       10B
  56.81813	  28.30530	   7.50000	       11B
  56.81813	  32.65981	   7.50000	       10B
  56.81813	  37.01432	   7.50000	       11B
  59.33220	  28.30530	   7.50000	       11B
  59.33220	  32.65981	   7.50000	       11B
  59.33220	  37.01432	   7.50000	       11B
  61.84628	  28.30530	   7.50000	       11B
  61.84628	  32.65981	   7.50000	       11B
  61.84628	  37.01432	   7.50000	       11B
  64.36036	  28.30530	   7.50000	       11B
  64.36036	  32.65981	   7.50000	       11B
  64.36036	  37.01432	   7.50000	       11B
  42.99071	  26.12803	   7.50000	       11B
  42.99071	  30.48254	   7.50000	       11B
  42.99071	  34.83705	   7.50000	       11B
  45.50478	  26.12803	   7.50000	       10B
  45.50478	  30.48254	   7.50000	       11B
  45.50478	  34.83705	   7.50000	       10B
  48.01886	  26.12803	   7.50000	       10B
  48.01886	  30.48254	   7.50000	       11B
  48.01886	  34.83705	   7.50000	       10B
  50.53294	  26.12803	   7.50000	       11B
  50.53294	  30.48254	   7.50000	       11B
  50.53294	  34.83705	   7.50000	       10B
  53.04701	  26.12803	   7.50000	       10B
  53.04701	  30.48254	   7.50000	       11B
  53.04701	  34.83705	   7.50000	       10B
  55.56109	  26.12803	   7.50000	       11B
  55.56109	  30.48254	   7.50000	       10B
  55.56109	  34.83705	   7.50000	       11B
  58.07517	  26.12803	   7.50000	       11B
  58.07517	  30.48254	   7.50000	       11B
  58.07517	  34.83705	   7.50000	       10B
  60.58924	  26.12803	   7.50000	       10B
  60.58924	  30.48254	   7.50000	       10B
  60.58924	  34.83705	   7.50000	       10B
  63.10332	  26.12803	   7.50000	       11B
  63.10332	  30.48254	   7.50000	       11B
  63.10332	  34.83705	   7.50000	       11B
  44.24775	  29.75729	   7.50000	       14N
  44.24775	  34.11180	   7.50000	       14N
  44.24775	  25.40278	   7.50000	       14N
  46.76182	  29.75729	   7.50000	       14N
  46.76182	  34.11180	   7.50000	       14N
  46.76182	  25.40278	   7.50000	       14N
  49.27590	  29.75729	   7.50000	       14N
  49.27590	  34.11180	   7.50000	       14N
  49.27590	  25.40278	   7.50000	       14N
  51.78997	  29.75729	   7.50000	       14N
  51.78997	  34.11180	   7.50000	       14N
  51.78997	  25.40278	   7.50000	       14N
  54.30405	  29.75729	   7.50000	       14N
  54.30405	  34.11180	   7.50000	       14N
  54.30405	  25.40278	   7.50000	       14N
  56.81813	  29.75729	   7.50000	       14N
  56.81813	  34.11180	   7.50000	       14N
  56.81813	  25.40278	   7.50000	       14N
  59.33220	  29.75729	   7.50000	       14N
  59.33220	  34.11180	   7.50000	       14N
  59.33220	  25.40278	   7.50000	       14N
  61.84628	  29.75729	   7.50000	       14N
  61.84628	  34.11180	   7.50000	       14N
  61.84628	  25.40278	   7.50000	       14N
  64.36036	  29.75729	   7.50000	       14N
  64.36036	  34.11180	   7.50000	       14N
  64.36036	  25.40278	   7.50000	       14N
  42.99071	  27.58003	   7.50000	       14N
  42.99071	  31.93454	   7.50000	       14N
  42.99071	  36.28905	   7.50000	       14N
  45.50478	  27.58003	   7.50000	       14N
  45.50478	  31.93454	   7.50000	       14N
  45.50478	  36.28905	   7.50000	       14N
  48.01886	  27.58003	   7.50000	       14N
  48.01886	  31.93454	   7.50000	       14N
  48.01886	  36.28905	   7.50000	       14N
  50.53294	  27.58003	   7.50000	       14N
  50.53294	  31.93454	   7.50000	       14N
  50.53294	  36.28905	   7.50000	       14N
  53.04701	  27.58003	   7.50000	       14N
  53.04701	  31.93454	   7.50000	       14N
  53.04701	  36.28905	   7.50000	       14N
  55.56109	  27.58003	   7.50000	       14N
  55.56109	  31.93454	   7.50000	       14N
  55.56109	  36.28905	   7.50000	       14N
  58.07517	  27.58003	   7.50000	       14N
  58.07517	  31.93454	   7.50000	       14N
  58.07517	  36.28905	   7.50000	       14N
  60.58924	  27.58003	   7.50000	       14N
  60.58924	  31.93454	   7.50000	       14N
  60.58924	  36.28905	   7.50000	       14N
  63.10332	  27.58003	   7.50000	       14N
  63.10332	  31.93454	   7.50000	       14N
  63.10332	  36.28905	   7.50000	       14N
  44.24775	  41.36882	   7.50000	       11B
  44.24775	  45.72333	   7.50000	       11B
  44.24775	  50.07784	   7.50000	       10B
  46.76182	  41.36882	   7.50000	       11B
  46.76182	  45.72333	   7.50000	       11B
  46.76182	  50.07784	   7.50000	       11B
  49.27590	  41.36882	   7.50000	       11B
  49.27590	  45.72333	   7.50000	       11B
  49.27590	  50.07784	   7.50000	       11B
  51.78997	  41.36882	   7.50000	       11B
  51.78997	  45.72333	   7.50000	       11B
  51.78997	  50.07784	   7.50000	       11B
  54.30405	  41.36882	   7.50000	       11B
  54.30405	  45.72333	   7.50000	       11B
  54.30405	  50.07784	   7.50000	       10B
  56.81813	  41.36882	   7.50000	       11B
  56.81813	  45.72333	   7.50000	       11B
  56.81813	  50.07784	   7.50000	       11B
  59.33220	  41.36882	   7.50000	       11B
  59.33220	  45.72333	   7.50000	       11B
  59.33220	  50.07784	   7.50000	       11B
  61.84628	  41.36882	   7.50000	       11B
  61.84628	  45.72333	   7.50000	       11B
  61.84628	  50.07784	   7.50000	       11B
  64.36036	  41.36882	   7.50000	       10B
  64.36036	  45.72333	   7.50000	       11B
  64.36036	  50.07784	   7.50000	       11B
  42.99071	  39.19155	   7.50000	       11B
  42.99071	  43.54606	   7.50000	       11B
  42.99071	  47.90057	   7.50000	       10B
  45.50478	  39.19155	   7.50000	       11B
  45.50478	  43.54606	   7.50000	       11B
  45.50478	  47.90057	   7.50000	       11B
  48.01886	  39.19155	   7.50000	       11B
  48.01886	  43.54606	   7.50000	       11B
  48.01886	  47.90057	   7.50000	       11B
  50.53294	  39.19155	   7.50000	       11B
  50.53294	  43.54606	   7.50000	       11B
  50.53294	  47.90057	   7.50000	       11B
  53.04701	  39.19155	   7.50000	       11B
  53.04701	  43.54606	   7.50000	       11B
  53.04701	  47.90057	   7.50000	       11B
  55.56109	  39.19155	   7.50000	       11B
  55.56109	  43.54606	   7.50000	       11B
  55.56109	  47.90057	   7.50000	       11B
  58.07517	  39.19155	   7.50000	       10B
  58.07517	  43.54606	   7.50000	       11B
  58.07517	  47.90057	   7.50000	       11B
  60.58924	  39.19155	   7.50000	       11B
  60.58924	  43.54606	   7.50000	       11B
  60.58924	  47.90057	   7.50000	       11B
  63.10332	  39.19155	   7.50000	       11B
  63.10332	  43.54606	   7.50000	       11B
  63.10332	  47.90057	   7.50000	       11B
  44.24775	  42.82082	   7.50000	       14N
  44.24775	  47.17532	   7.50000	       14N
  44.24775	  38.46631	   7.50000	       14N
  46.76182	  42.82082	   7.50000	       14N
  46.76182	  47.17532	   7.50000	       14N
  46.76182	  38.46631	   7.50000	       14N
  49.27590	  42.82082	   7.50000	       14N
  49.27590	  47.17532	   7.50000	       14N
  49.27590	  38.46631	   7.50000	       14N
  51.78997	  42.82082	   7.50000	       14N
  51.78997	  47.17532	   7.50000	       14N
  51.78997	  38.46631	   7.50000	       14N
  54.30405	  42.82082	   7.50000	       14N
  54.30405	  47.17532	   7.50000	       14N
  54.30405	  38.46631	   7.50000	       14N
  56.81813	  42.82082	   7.50000	       14N
  56.81813	  47.17532	   7.50000	       14N
  56.81813	  38.46631	   7.50000	       14N
  59.33220	  42.82082	   7.50000	       14N
  59.33220	  47.17532	   7.50000	       14N
  59.33220	  38.46631	   7.50000	       14N
  61.84628	  42.82082	   7.50000	       14N
  61.84628	  47.17532	   7.50000	       14N
  61.84628	  38.46631	   7.50000	       14N
  64.36036	  42.82082	   7.50000	       14N
  64.36036	  47.17532	   7.50000	       14N
  64.36036	  38.46631	   7.50000	       14N
  42.99071	  40.64356	   7.50000	       14N
  42.99071	  44.99807	   7.50000	       14N
  42.99071	  49.35257	   7.50000	       14N
  45.50478	  40.64356	   7.50000	       14N
  45.50478	  44.99807	   7.50000	       14N
  45.50478	  49.35257	   7.50000	       14N
  48.01886	  40.64356	   7.50000	       14N
  48.01886	  44.99807	   7.50000	       14N
  48.01886	  49.35257	   7.50000	       14N
  50.53294	  40.64356	   7.50000	       14N
  50.53294	  44.99807	   7.50000	       14N
  50.53294	  49.35257	   7.50000	       14N
  53.04701	  40.64356	   7.50000	       14N
  53.04701	  44.99807	   7.50000	       14N
  53.04701	  49.35257	   7.50000	       14N
  55.56109	  40.64356	   7.50000	       14N
  55.56109	  44.99807	   7.50000	       14N
  55.56109	  49.35257	   7.50000	       14N
  58.07517	  40.64356	   7.50000	       14N
  58.07517	  44.99807	   7.50000	       14N
  58.07517	  49.35257	   7.50000	       14N
  60.58924	  40.64356	   7.50000	       14N
  60.58924	  44.99807	   7.50000	       14N
  60.58924	  49.35257	   7.50000	       14N
  63.10332	  40.64356	   7.50000	       14N
  63.10332	  44.99807	   7.50000	       14N
  63.10332	  49.35257	   7.50000	       14N
  44.24775	  54.43235	   7.50000	       10B
  44.24775	  58.78686	   7.50000	       11B
  44.24775	  63.14137	   7.50000	       11B
  46.76182	  54.43235	   7.50000	       11B
  46.76182	  58.78686	   7.50000	       11B
  46.76182	  63.14137	   7.50000	       11B
  49.27590	  54.43235	   7.50000	       11B
  49.27590	  58.78686	   7.50000	       11B
  49.27590	  63.14137	   7.50000	       11B
  51.78997	  54.43235	   7.50000	       11B
  51.78997	  58.78686	   7.50000	       11B
  51.78997	  63.14137	   7.50000	       11B
  54.30405	  54.43235	   7.50000	       11B
  54.30405	  58.78686	   7.50000	       11B
  54.30405	  63.14137	   7.50000	       11B
  56.81813	  54.43235	   7.50000	       11B
  56.81813	  58.78686	   7.50000	       11B
  56.81813	  63.14137	   7.50000	       11B
  59.33220	  54.43235	   7.50000	       11B
  59.33220	  58.78686	   7.50000	       10B
  59.33220	  63.14137	   7.50000	       11B
  61.84628	  54.43235	   7.50000	       11B
  61.84628	  58.78686	   7.50000	       11B
  61.84628	  63.14137	   7.50000	       11B
  64.36036	  54.43235	   7.50000	       11B
  64.36036	  58.78686	   7.50000	       11B
  64.36036	  63.14137	   7.50000	       11B
  42.99071	  52.25508	   7.50000	       11B
  42.99071	  56.60959	   7.50000	       11B
  42.99071	  60.96410	   7.50000	       11B
  45.50478	  52.25508	   7.50000	       10B
  45.50478	  56.60959	   7.50000	       11B
  45.50478	  60.96410	   7.50000	       11B
  48.01886	  52.25508	   7.50000	       11B
  48.01886	  56.60959	   7.50000	       11B
  48.01886	  60.96410	   7.50000	       11B
  50.53294	  52.25508	   7.50000	       11B
  50.53294	  56.60959	   7.50000	       10B
  50.53294	  60.96410	   7.50000	       11B
  53.04701	  52.25508	   7.50000	       10B
  53.04701	  56.60959	   7.50000	       11B
  53.04701	  60.96410	   7.50000	       11B
  55.56109	  52.25508	   7.50000	       10B
  55.56109	  56.60959	   7.50000	       10B
  55.56109	  60.96410	   7.50000	       11B
  58.07517	  52.25508	   7.50000	       11B
  58.07517	  56.60959	   7.50000	       10B
  58.07517	  60.96410	   7.50000	       11B
  60.58924	  52.25508	   7.50000	       11B
  60.58924	  56.60959	   7.50000	       10B
  60.58924	  60.96410	   7.50000	       11B
  63.10332	  52.25508	   7.50000	       10B
  63.10332	  56.60959	   7.50000	       10B
  63.10332	  60.96410	   7.50000	       11B
  44.24775	  55.88434	   7.50000	       14N
  44.24775	  60.23885	   7.50000	       14N
  44.24775	  51.52983	   7.50000	       14N
  46.76182	  55.88434	   7.50000	       14N
  46.76182	  60.23885	   7.50000	       14N
  46.76182	  51.52983	   7.50000	       14N
  49.27590	  55.88434	   7.50000	       14N
  49.27590	  60.23885	   7.50000	       14N
  49.27590	  51.52983	   7.50000	       14N
  51.78997	  55.88434	   7.50000	       14N
  51.78997	  60.23885	   7.50000	       14N
  51.78997	  51.52983	   7.50000	       14N
  54.30405	  55.88434	   7.50000	       14N
  54.30405	  60.23885	   7.50000	       14N
  54.30405	  51.52983	   7.50000	       14N
  56.81813	  55.88434	   7.50000	       14N
  56.81813	  60.23885	   7.50000	       14N
  56.81813	  51.52983	   7.50000	       14N
  59.33220	  55.88434	   7.50000	       14N
  59.33220	  60.23885	   7.50000	       14N
  59.33220	  51.52983	   7.50000	       14N
  61.84628	  55.88434	   7.50000	       14N
  61.84628	  60.23885	   7.50000	       14N
  61.84628	  51.52983	   7.50000	       14N
  64.36036	  55.88434	   7.50000	       14N
  64.36036	  60.23885	   7.50000	       14N
  64.36036	  51.52983	   7.50000	       14N
  42.99071	  53.70708	   7.50000	       14N
  42.99071	  58.06159	   7.50000	       14N
  42.99071	  62.41610	   7.50000	       14N
  45.50478	  53.70708	   7.50000	       14N
  45.50478	  58.06159	   7.50000	       14N
  45.50478	  62.41610	   7.50000	       14N
  48.01886	  53.70708	   7.50000	       14N
  48.01886	  58.06159	   7.50000	       14N
  48.01886	  62.41610	   7.50000	       14N
  50.53294	  53.70708	   7.50000	       14N
  50.53294	  58.06159	   7.50000	       14N
  50.53294	  62.41610	   7.50000	       14N
  53.04701	  53.70708	   7.50000	       14N
  53.04701	  58.06159	   7.50000	       14N
  53.04701	  62.41610	   7.50000	       14N
  55.56109	  53.70708	   7.50000	       14N
  55.56109	  58.06159	   7.50000	       14N
  55.56109	  62.41610	   7.50000	       14N
  58.07517	  53.70708	   7.50000	       14N
  58.07517	  58.06159	   7.50000	       14N
  58.07517	  62.41610	   7.50000	       14N
  60.58924	  53.70708	   7.50000	       14N
  60.58924	  58.06159	   7.50000	       14N
  60.58924	  62.41610	   7.50000	       14N
  63.10332	  53.70708	   7.50000	       14N
  63.10332	  58.06159	   7.50000	       14N
  63.10332	  62.41610	   7.50000	       14N
  44.24775	  67.49587	   7.50000	       11B
  44.24775	  71.85038	   7.50000	       10B
  44.24775	  76.20489	   7.50000	       11B
  46.76182	  67.49587	   7.50000	       10B
  46.76182	  71.85038	   7.50000	       11B
  46.76182	  76.20489	   7.50000	       10B
  49.27590	  67.49587	   7.50000	       10B
  49.27590	  71.85038	   7.50000	       11B
  49.27590	  76.20489	   7.50000	       11B
  51.78997	  67.49587	   7.50000	       11B
  51.78997	  71.85038	   7.50000	       11B
  51.78997	  76.20489	   7.50000	       11B
  54.30405	  67.49587	   7.50000	       11B
  54.30405	  71.85038	   7.50000	       11B
  54.30405	  76.20489	   7.50000	       10B
  56.81813	  67.49587	   7.50000	       10B
  56.81813	  71.85038	   7.50000	       11B
  56.81813	  76.20489	   7.50000	       11B
  59.33220	  67.49587	   7.50000	       11B
  59.33220	  71.85038	   7.50000	       11B
  59.33220	  76.20489	   7.50000	       11B
  61.84628	  67.49587	   7.50000	       11B
  61.84628	  71.85038	   7.50000	       10B
  61.84628	  76.20489	   7.50000	       11B
  64.36036	  67.49587	   7.50000	       11B
  64.36036	  71.85038	   7.50000	       11B
  64.36036	  76.20489	   7.50000	       10B
  42.99071	  65.31860	   7.50000	       11B
  42.99071	  69.67311	   7.50000	       10B
  42.99071	  74.02762	   7.50000	       11B
  45.50478	  65.31860	   7.50000	       11B
  45.50478	  69.67311	   7.50000	       11B
  45.50478	  74.02762	   7.50000	       11B
  48.01886	  65.31860	   7.50000	       10B
  48.01886	  69.67311	   7.50000	       11B
  48.01886	  74.02762	   7.50000	       11B
  50.53294	  65.31860	   7.50000	       10B
  50.53294	  69.67311	   7.50000	       11B
  50.53294	  74.02762	   7.50000	       11B
  53.04701	  65.31860	   7.50000	       11B
  53.04701	  69.67311	   7.50000	       11B
  53.04701	  74.02762	   7.50000	       11B
  55.56109	  65.31860	   7.50000	       11B
  55.56109	  69.67311	   7.50000	       11B
  55.56109	  74.02762	   7.50000	       11B
  58.07517	  65.31860	   7.50000	       11B
  58.07517	  69.67311	   7.50000	       11B
  58.07517	  74.02762	   7.50000	       11B
  60.58924	  65.31860	   7.50000	       10B
  60.58924	  69.67311	   7.50000	       11B
  60.58924	  74.02762	   7.50000	       11B
  63.10332	  65.31860	   7.50000	       11B
  63.10332	  69.67311	   7.50000	       11B
  63.10332	  74.02762	   7.50000	       11B
  44.24775	  68.94787	   7.50000	       14N
  44.24775	  73.30237	   7.50000	       14N
  44.24775	  64.59336	   7.50000	       14N
  46.76182	  68.94787	   7.50000	       14N
  46.76182	  73.30237	   7.50000	       14N
  46.76182	  64.59336	   7.50000	       14N
  49.27590	  68.94787	   7.50000	       14N
  49.27590	  73.30237	   7.50000	       14N
  49.27590	  64.59336	   7.50000	       14N
  51.78997	  68.94787	   7.50000	       14N
  51.78997	  73.30237	   7.50000	       14N
  51.78997	  64.59336	   7.50000	       14N
  54.30405	  68.94787	   7.50000	       14N
  54.30405	  73.30237	   7.50000	       14N
  54.30405	  64.59336	   7.50000	       14N
  56.81813	  68.94787	   7.50000	       14N
  56.81813	  73.30237	   7.50000	       14N
  56.81813	  64.59336	   7.50000	       14N
  59.33220	  68.94787	   7.50000	       14N
  59.33220	  73.30237	   7.50000	       14N
  59.33220	  64.59336	   7.50000	       14N
  61.84628	  68.94787	   7.50000	       14N
  61.84628	  73.30237	   7.50000	       14N
  61.84628	  64.59336	   7.50000	       14N
  64.36036	  68.94787	   7.50000	       14N
  64.36036	  73.30237	   7.50000	       14N
  64.36036	  64.59336	   7.50000	       14N
  42.99071	  66.77061	   7.50000	       14N
  42.99071	  71.12512	   7.50000	       14N
  42.99071	  75.47963	   7.50000	       14N
  45.50478	  66.77061	   7.50000	       14N
  45.50478	  71.12512	   7.50000	       14N
  45.50478	  75.47963	   7.50000	       14N
  48.01886	  66.77061	   7.50000	       14N
  48.01886	  71.12512	   7.50000	       14N
  48.01886	  75.47963	   7.50000	       14N
  50.53294	  66.77061	   7.50000	       14N
  50.53294	  71.12512	   7.50000	       14N
  50.53294	  75.47963	   7.50000	       14N
  53.04701	  66.77061	   7.50000	       14N
  53.04701	  71.12512	   7.50000	       14N
  53.04701	  75.47963	   7.50000	       14N
  55.56109	  66.77061	   7.50000	       14N
  55.56109	  71.12512	   7.50000	       14N
  55.56109	  75.47963	   7.50000	       14N
  58.07517	  66.77061	   7.50000	       14N
  58.07517	  71.12512	   7.50000	       14N
  58.07517	  75.47963	   7.50000	       14N
  60.58924	  66.77061	   7.50000	       14N
  60.58924	  71.12512	   7.50000	       14N
  60.58924	  75.47963	   7.50000	       14N
  63.10332	  66.77061	   7.50000	       14N
  63.10332	  71.12512	   7.50000	       14N
  63.10332	  75.47963	   7.50000	       14N
  42.99071	  78.38213	   7.50000	       11B
  45.50478	  78.38213	   7.50000	       11B
  48.01886	  78.38213	   7.50000	       11B
  50.53294	  78.38213	   7.50000	       11B
  53.04701	  78.38213	   7.50000	       11B
  55.56109	  78.38213	   7.50000	       11B
  58.07517	  78.38213	   7.50000	       11B
  60.58924	  78.38213	   7.50000	       10B
  63.10332	  78.38213	   7.50000	       11B
  44.24775	  77.65688	   7.50000	       14N
  46.76182	  77.65688	   7.50000	       14N
  49.27590	  77.65688	   7.50000	       14N
  51.78997	  77.65688	   7.50000	       14N
  54.30405	  77.65688	   7.50000	       14N
  56.81813	  77.65688	   7.50000	       14N
  59.33220	  77.65688	   7.50000	       14N
  61.84628	  77.65688	   7.50000	       14N
  64.36036	  77.65688	   7.50000	       14N
  42.99071	  79.83413	   7.50000	       14N
  45.50478	  79.83413	   7.50000	       14N
  48.01886	  79.83413	   7.50000	       14N
  50.53294	  79.83413	   7.50000	       14N
  53.04701	  79.83413	   7.50000	       14N
  55.56109	  79.83413	   7.50000	       14N
  58.07517	  79.83413	   7.50000	       14N
  60.58924	  79.83413	   7.50000	       14N
  63.10332	  79.83413	   7.50000	       14N
  66.87443	   2.17825	   7.50000	       11B
  66.87443	   6.53276	   7.50000	       11B
  66.87443	  10.88727	   7.50000	       11B
  69.38851	   2.17825	   7.50000	       11B
  69.38851	   6.53276	   7.50000	       11B
  69.38851	  10.88727	   7.50000	       11B
  71.90259	   2.17825	   7.50000	       11B
  71.90259	   6.53276	   7.50000	       11B
  71.90259	  10.88727	   7.50000	       11B
  74.41666	   2.17825	   7.50000	       10B
  74.41666	   6.53276	   7.50000	       11B
  74.41666	  10.88727	   7.50000	       11B
  76.93074	   2.17825	   7.50000	       10B
  76.93074	   6.53276	   7.50000	       11B
  76.93074	  10.88727	   7.50000	       11B
  79.44482	   2.17825	   7.50000	       11B
  79.44482	   6.53276	   7.50000	       11B
  79.44482	  10.88727	   7.50000	       11B
  65.61740	   0.00098	   7.50000	       11B
  65.61740	   4.35549	   7.50000	       10B
  65.61740	   8.71000	   7.50000	       11B
  68.13147	   0.00098	   7.50000	       11B
  68.13147	   4.35549	   7.50000	       10B
  68.13147	   8.71000	   7.50000	       11B
  70.64555	   0.00098	   7.50000	       11B
  70.64555	   4.35549	   7.50000	       11B
  70.64555	   8.71000	   7.50000	       11B
  73.15962	   0.00098	   7.50000	       10B
  73.15962	   4.35549	   7.50000	       11B
  73.15962	   8.71000	   7.50000	       11B
  75.67370	   0.00098	   7.50000	       11B
  75.67370	   4.35549	   7.50000	       11B
  75.67370	   8.71000	   7.50000	       11B
  78.18778	   0.00098	   7.50000	       11B
  78.18778	   4.35549	   7.50000	       11B
  78.18778	   8.71000	   7.50000	       10B
  66.87443	   3.63024	   7.50000	       14N
  66.87443	   7.98475	   7.50000	       14N
  69.38851	   3.63024	   7.50000	       14N
  69.38851	   7.98475	   7.50000	       14N
  71.90259	   3.63024	   7.50000	       14N
  71.90259	   7.98475	   7.50000	       14N
  74.41666	   3.63024	   7.50000	       14N
  74.41666	   7.98475	   7.50000	       14N
  76.93074	   3.63024	   7.50000	       14N
  76.93074	   7.98475	   7.50000	       14N
  79.44482	   3.63024	   7.50000	       14N
  79.44482	   7.98475	   7.50000	       14N
  65.61740	   1.45298	   7.50000	       14N
  65.61740	   5.80749	   7.50000	       14N
  65.61740	  10.16200	   7.50000	       14N
  68.13147	   1.45298	   7.50000	       14N
  68.13147	   5.80749	   7.50000	       14N
  68.13147	  10.16200	   7.50000	       14N
  70.64555	   1.45298	   7.50000	       14N
  70.64555	   5.80749	   7.50000	       14N
  70.64555	  10.16200	   7.50000	       14N
  73.15962	   1.45298	   7.50000	       14N
  73.15962	   5.80749	   7.50000	       14N
  73.15962	  10.16200	   7.50000	       14N
  75.67370	   1.45298	   7.50000	       14N
  75.67370	   5.80749	   7.50000	       14N
  75.67370	  10.16200	   7.50000	       14N
  78.18778	   1.45298	   7.50000	       14N
  78.18778	   5.80749	   7.50000	       14N
  78.18778	  10.16200	   7.50000	       14N
  66.87443	  15.24177	   7.50000	       11B
  66.87443	  19.59628	   7.50000	       11B
  66.87443	  23.95079	   7.50000	       11B
  69.38851	  15.24177	   7.50000	       11B
  69.38851	  19.59628	   7.50000	       11B
  69.38851	  23.95079	   7.50000	       11B
  71.90259	  15.24177	   7.50000	       11B
  71.90259	  19.59628	   7.50000	       10B
  71.90259	  23.95079	   7.50000	       10B
  74.41666	  15.24177	   7.50000	       11B
  74.41666	  19.59628	   7.50000	       11B
  74.41666	  23.95079	   7.50000	       11B
  76.93074	  15.24177	   7.50000	       11B
  76.93074	  19.59628	   7.50000	       11B
  76.93074	  23.95079	   7.50000	       11B
  79.44482	  15.24177	   7.50000	       11B
  79.44482	  19.59628	   7.50000	       11B
  79.44482	  23.95079	   7.50000	       11B
  65.61740	  13.06450	   7.50000	       11B
  65.61740	  17.41901	   7.50000	       11B
  65.61740	  21.77352	   7.50000	       11B
  68.13147	  13.06450	   7.50000	       11B
  68.13147	  17.41901	   7.50000	       11B
  68.13147	  21.77352	   7.50000	       10B
  70.64555	  13.06450	   7.50000	       11B
  70.64555	  17.41901	   7.50000	       11B
  70.64555	  21.77352	   7.50000	       10B
  73.15962	  13.06450	   7.50000	       10B
  73.15962	  17.41901	   7.50000	       11B
  73.15962	  21.77352	   7.50000	       11B
  75.67370	  13.06450	   7.50000	       11B
  75.67370	  17.41901	   7.50000	       11B
  75.67370	  21.77352	   7.50000	       11B
  78.18778	  13.06450	   7.50000	       11B
  78.18778	  17.41901	   7.50000	       11B
  78.18778	  21.77352	   7.50000	       11B
  66.87443	  16.69376	   7.50000	       14N
  66.87443	  21.04827	   7.50000	       14N
  66.87443	  12.33926	   7.50000	       14N
  69.38851	  16.69376	   7.50000	       14N
  69.38851	  21.04827	   7.50000	       14N
  69.38851	  12.33926	   7.50000	       14N
  71.90259	  16.69376	   7.50000	       14N
  71.90259	  21.04827	   7.50000	       14N
  71.90259	  12.33926	   7.50000	       14N
  74.41666	  16.69376	   7.50000	       14N
  74.41666	  21.04827	   7.50000	       14N
  74.41666	  12.33926	   7.50000	       14N
  76.93074	  16.69376	   7.50000	       14N
  76.93074	  21.04827	   7.50000	       14N
  76.93074	  12.33926	   7.50000	       14N
  79.44482	  16.69376	   7.50000	       14N
  79.44482	  21.04827	   7.50000	       14N
  79.44482	  12.33926	   7.50000	       14N
  65.61740	  14.51651	   7.50000	       14N
  65.61740	  18.87102	   7.50000	       14N
  65.61740	  23.22552	   7.50000	       14N
  68.13147	  14.51651	   7.50000	       14N
  68.13147	  18.87102	   7.50000	       14N
  68.13147	  23.22552	   7.50000	       14N
  70.64555	  14.51651	   7.50000	       14N
  70.64555	  18.87102	   7.50000	       14N
  70.64555	  23.22552	   7.50000	       14N
  73.15962	  14.51651	   7.50000	       14N
  73.15962	  18.87102	   7.50000	       14N
  73.15962	  23.22552	   7.50000	       14N
  75.67370	  14.51651	   7.50000	       14N
  75.67370	  18.87102	   7.50000	       14N
  75.67370	  23.22552	   7.50000	       14N
  78.18778	  14.51651	   7.50000	       14N
  78.18778	  18.87102	   7.50000	       14N
  78.18778	  23.22552	   7.50000	       14N
  66.87443	  28.30530	   7.50000	       11B
  66.87443	  32.65981	   7.50000	       11B
  66.87443	  37.01432	   7.50000	       11B
  69.38851	  28.30530	   7.50000	       11B
  69.38851	  32.65981	   7.50000	       11B
  69.38851	  37.01432	   7.50000	       11B
  71.90259	  28.30530	   7.50000	       11B
  71.90259	  32.65981	   7.50000	       11B
  71.90259	  37.01432	   7.50000	       11B
  74.41666	  28.30530	   7.50000	       11B
  74.41666	  32.65981	   7.50000	       11B
  74.41666	  37.01432	   7.50000	       11B
  76.93074	  28.30530	   7.50000	       11B
  76.93074	  32.65981	   7.50000	       10B
  76.93074	  37.01432	   7.50000	       10B
  79.44482	  28.30530	   7.50000	       11B
  79.44482	  32.65981	   7.50000	       11B
  79.44482	  37.01432	   7.50000	       11B
  65.61740	  26.12803	   7.50000	       11B
  65.61740	  30.48254	   7.50000	       11B
  65.61740	  34.83705	   7.50000	       11B
  68.13147	  26.12803	   7.50000	       11B
  68.13147	  30.48254	   7.50000	       10B
  68.13147	  34.83705	   7.50000	       11B
  70.64555	  26.12803	   7.50000	       10B
  70.64555	  30.48254	   7.50000	       11B
  70.64555	  34.83705	   7.50000	       11B
  73.15962	  26.12803	   7.50000	       11B
  73.15962	  30.48254	   7.50000	       11B
  73.15962	  34.83705	   7.50000	       11B
  75.67370	  26.12803	   7.50000	       11B
  75.67370	  30.48254	   7.50000	       11B
  75.67370	  34.83705	   7.50000	       11B
  78.18778	  26.12803	   7.50000	       11B
  78.18778	  30.48254	   7.50000	       11B
  78.18778	  34.83705	   7.50000	       11B
  66.87443	  29.75729	   7.50000	       14N
  66.87443	  34.11180	   7.50000	       14N
  66.87443	  25.40278	   7.50000	       14N
  69.38851	  29.75729	   7.50000	       14N
  69.38851	  34.11180	   7.50000	       14N
  69.38851	  25.40278	   7.50000	       14N
  71.90259	  29.75729	   7.50000	       14N
  71.90259	  34.11180	   7.50000	       14N
  71.90259	  25.40278	   7.50000	       14N
  74.41666	  29.75729	   7.50000	       14N
  74.41666	  34.11180	   7.50000	       14N
  74.41666	  25.40278	   7.50000	       14N
  76.93074	  29.75729	   7.50000	       14N
  76.93074	  34.11180	   7.50000	       14N
  76.93074	  25.40278	   7.50000	       14N
  79.44482	  29.75729	   7.50000	       14N
  79.44482	  34.11180	   7.50000	       14N
  79.44482	  25.40278	   7.50000	       14N
  65.61740	  27.58003	   7.50000	       14N
  65.61740	  31.93454	   7.50000	       14N
  65.61740	  36.28905	   7.50000	       14N
  68.13147	  27.58003	   7.50000	       14N
  68.13147	  31.93454	   7.50000	       14N
  68.13147	  36.28905	   7.50000	       14N
  70.64555	  27.58003	   7.50000	       14N
  70.64555	  31.93454	   7.50000	       14N
  70.64555	  36.28905	   7.50000	       14N
  73.15962	  27.58003	   7.50000	       14N
  73.15962	  31.93454	   7.50000	       14N
  73.15962	  36.28905	   7.50000	       14N
  75.67370	  27.58003	   7.50000	       14N
  75.67370	  31.93454	   7.50000	       14N
  75.67370	  36.28905	   7.50000	       14N
  78.18778	  27.58003	   7.50000	       14N
  78.18778	  31.93454	   7.50000	       14N
  78.18778	  36.28905	   7.50000	       14N
  66.87443	  41.36882	   7.50000	       11B
  66.87443	  45.72333	   7.50000	       10B
  66.87443	  50.07784	   7.50000	       11B
  69.38851	  41.36882	   7.50000	       10B
  69.38851	  45.72333	   7.50000	       11B
  69.38851	  50.07784	   7.50000	       11B
  71.90259	  41.36882	   7.50000	       11B
  71.90259	  45.72333	   7.50000	       11B
  71.90259	  50.07784	   7.50000	       10B
  74.41666	  41.36882	   7.50000	       11B
  74.41666	  45.72333	   7.50000	       11B
  74.41666	  50.07784	   7.50000	       11B
  76.93074	  41.36882	   7.50000	       10B
  76.93074	  45.72333	   7.50000	       11B
  76.93074	  50.07784	   7.50000	       10B
  79.44482	  41.36882	   7.50000	       11B
  79.44482	  45.72333	   7.50000	       10B
  79.44482	  50.07784	   7.50000	       11B
  65.61740	  39.19155	   7.50000	       10B
  65.61740	  43.54606	   7.50000	       11B
  65.61740	  47.90057	   7.50000	       11B
  68.13147	  39.19155	   7.50000	       11B
  68.13147	  43.54606	   7.50000	       11B
  68.13147	  47.90057	   7.50000	       11B
  70.64555	  39.19155	   7.50000	       11B
  70.64555	  43.54606	   7.50000	       11B
  70.64555	  47.90057	   7.50000	       11B
  73.15962	  39.19155	   7.50000	       10B
  73.15962	  43.54606	   7.50000	       10B
  73.15962	  47.90057	   7.50000	       10B
  75.67370	  39.19155	   7.50000	       11B
  75.67370	  43.54606	   7.50000	       11B
  75.67370	  47.90057	   7.50000	       11B
  78.18778	  39.19155	   7.50000	       11B
  78.18778	  43.54606	   7.50000	       11B
  78.18778	  47.90057	   7.50000	       11B
  66.87443	  42.82082	   7.50000	       14N
  66.87443	  47.17532	   7.50000	       14N
  66.87443	  38.46631	   7.50000	       14N
  69.38851	  42.82082	   7.50000	       14N
  69.38851	  47.17532	   7.50000	       14N
  69.38851	  38.46631	   7.50000	       14N
  71.90259	  42.82082	   7.50000	       14N
  71.90259	  47.17532	   7.50000	       14N
  71.90259	  38.46631	   7.50000	       14N
  74.41666	  42.82082	   7.50000	       14N
  74.41666	  47.17532	   7.50000	       14N
  74.41666	  38.46631	   7.50000	       14N
  76.93074	  42.82082	   7.50000	       14N
  76.93074	  47.17532	   7.50000	       14N
  76.93074	  38.46631	   7.50000	       14N
  79.44482	  42.82082	   7.50000	       14N
  79.44482	  47.17532	   7.50000	       14N
  79.44482	  38.46631	   7.50000	       14N
  65.61740	  40.64356	   7.50000	       14N
  65.61740	  44.99807	   7.50000	       14N
  65.61740	  49.35257	   7.50000	       14N
  68.13147	  40.64356	   7.50000	       14N
  68.13147	  44.99807	   7.50000	       14N
  68.13147	  49.35257	   7.50000	       14N
  70.64555	  40.64356	   7.50000	       14N
  70.64555	  44.99807	   7.50000	       14N
  70.64555	  49.35257	   7.50000	       14N
  73.15962	  40.64356	   7.50000	       14N
  73.15962	  44.99807	   7.50000	       14N
  73.15962	  49.35257	   7.50000	       14N
  75.67370	  40.64356	   7.50000	       14N
  75.67370	  44.99807	   7.50000	       14N
  75.67370	  49.35257	   7.50000	       14N
  78.18778	  40.64356	   7.50000	       14N
  78.18778	  44.99807	   7.50000	       14N
  78.18778	  49.35257	   7.50000	       14N
  66.87443	  54.43235	   7.50000	       11B
  66.87443	  58.78686	   7.50000	       10B
  66.87443	  63.14137	   7.50000	       11B
  69.38851	  54.43235	   7.50000	       11B
  69.38851	  58.78686	   7.50000	       11B
  69.38851	  63.14137	   7.50000	       11B
  71.90259	  54.43235	   7.50000	       11B
  71.90259	  58.78686	   7.50000	       11B
  71.90259	  63.14137	   7.50000	       11B
  74.41666	  54.43235	   7.50000	       11B
  74.41666	  58.78686	   7.50000	       11B
  74.41666	  63.14137	   7.50000	       11B
  76.93074	  54.43235	   7.50000	       10B
  76.93074	  58.78686	   7.50000	       11B
  76.93074	  63.14137	   7.50000	       10B
  79.44482	  54.43235	   7.50000	       11B
  79.44482	  58.78686	   7.50000	       11B
  79.44482	  63.14137	   7.50000	       11B
  65.61740	  52.25508	   7.50000	       11B
  65.61740	  56.60959	   7.50000	       11B
  65.61740	  60.96410	   7.50000	       11B
  68.13147	  52.25508	   7.50000	       11B
  68.13147	  56.60959	   7.50000	       11B
  68.13147	  60.96410	   7.50000	       10B
  70.64555	  52.25508	   7.50000	       11B
  70.64555	  56.60959	   7.50000	       11B
  70.64555	  60.96410	   7.50000	       11B
  73.15962	  52.25508	   7.50000	       11B
  73.15962	  56.60959	   7.50000	       11B
  73.15962	  60.96410	   7.50000	       11B
  75.67370	  52.25508	   7.50000	       11B
  75.67370	  56.60959	   7.50000	       11B
  75.67370	  60.96410	   7.50000	       11B
  78.18778	  52.25508	   7.50000	       11B
  78.18778	  56.60959	   7.50000	       11B
  78.18778	  60.96410	   7.50000	       11B
  66.87443	  55.88434	   7.50000	       14N
  66.87443	  60.23885	   7.50000	       14N
  66.87443	  51.52983	   7.50000	       14N
  69.38851	  55.88434	   7.50000	       14N
  69.38851	  60.23885	   7.50000	       14N
  69.38851	  51.52983	   7.50000	       14N
  71.90259	  55.88434	   7.50000	       14N
  71.90259	  60.23885	   7.50000	       14N
  71.90259	  51.52983	   7.50000	       14N
  74.41666	  55.88434	   7.50000	       14N
  74.41666	  60.23885	   7.50000	       14N
  74.41666	  51.52983	   7.50000	       14N
  76.93074	  55.88434	   7.50000	       14N
  76.93074	  60.23885	   7.50000	       14N
  76.93074	  51.52983	   7.50000	       14N
  79.44482	  55.88434	   7.50000	       14N
  79.44482	  60.23885	   7.50000	       14N
  79.44482	  51.52983	   7.50000	       14N
  65.61740	  53.70708	   7.50000	       14N
  65.61740	  58.06159	   7.50000	       14N
  65.61740	  62.41610	   7.50000	       14N
  68.13147	  53.70708	   7.50000	       14N
  68.13147	  58.06159	   7.50000	       14N
  68.13147	  62.41610	   7.50000	       14N
  70.64555	  53.70708	   7.50000	       14N
  70.64555	  58.06159	   7.50000	       14N
  70.64555	  62.41610	   7.50000	       14N
  73.15962	  53.70708	   7.50000	       14N
  73.15962	  58.06159	   7.50000	       14N
  73.15962	  62.41610	   7.50000	       14N
  75.67370	  53.70708	   7.50000	       14N
  75.67370	  58.06159	   7.50000	       14N
  75.67370	  62.41610	   7.50000	       14N
  78.18778	  53.70708	   7.50000	       14N
  78.18778	  58.06159	   7.50000	       14N
  78.18778	  62.41610	   7.50000	       14N
  66.87443	  67.49587	   7.50000	       11B
  66.87443	  71.85038	   7.50000	       11B
  66.87443	  76.20489	   7.50000	       11B
  69.38851	  67.49587	   7.50000	       10B
  69.38851	  71.85038	   7.50000	       11B
  69.38851	  76.20489	   7.50000	       11B
  71.90259	  67.49587	   7.50000	       10B
  71.90259	  71.85038	   7.50000	       11B
  71.90259	  76.20489	   7.50000	       11B
  74.41666	  67.49587	   7.50000	       11B
  74.41666	  71.85038	   7.50000	       11B
  74.41666	  76.20489	   7.50000	       10B
  76.93074	  67.49587	   7.50000	       10B
  76.93074	  71.85038	   7.50000	       11B
  76.93074	  76.20489	   7.50000	       11B
  79.44482	  67.49587	   7.50000	       11B
  79.44482	  71.85038	   7.50000	       11B
  79.44482	  76.20489	   7.50000	       11B
  65.61740	  65.31860	   7.50000	       11B
  65.61740	  69.67311	   7.50000	       11B
  65.61740	  74.02762	   7.50000	       11B
  68.13147	  65.31860	   7.50000	       10B
  68.13147	  69.67311	   7.50000	       11B
  68.13147	  74.02762	   7.50000	       11B
  70.64555	  65.31860	   7.50000	       10B
  70.64555	  69.67311	   7.50000	       11B
  70.64555	  74.02762	   7.50000	       10B
  73.15962	  65.31860	   7.50000	       11B
  73.15962	  69.67311	   7.50000	       11B
  73.15962	  74.02762	   7.50000	       11B
  75.67370	  65.31860	   7.50000	       10B
  75.67370	  69.67311	   7.50000	       11B
  75.67370	  74.02762	   7.50000	       11B
  78.18778	  65.31860	   7.50000	       11B
  78.18778	  69.67311	   7.50000	       11B
  78.18778	  74.02762	   7.50000	       11B
  66.87443	  68.94787	   7.50000	       14N
  66.87443	  73.30237	   7.50000	       14N
  66.87443	  64.59336	   7.50000	       14N
  69.38851	  68.94787	   7.50000	       14N
  69.38851	  73.30237	   7.50000	       14N
  69.38851	  64.59336	   7.50000	       14N
  71.90259	  68.94787	   7.50000	       14N
  71.90259	  73.30237	   7.50000	       15N
  71.90259	  64.59336	   7.50000	       14N
  74.41666	  68.94787	   7.50000	       14N
  74.41666	  73.30237	   7.50000	       14N
  74.41666	  64.59336	   7.50000	       14N
  76.93074	  68.94787	   7.50000	       14N
  76.93074	  73.30237	   7.50000	       14N
  76.93074	  64.59336	   7.50000	       14N
  79.44482	  68.94787	   7.50000	       14N
  79.44482	  73.30237	   7.50000	       14N
  79.44482	  64.59336	   7.50000	       14N
  65.61740	  66.77061	   7.50000	       14N
  65.61740	  71.12512	   7.50000	       14N
  65.61740	  75.47963	   7.50000	       14N
  68.13147	  66.77061	   7.50000	       14N
  68.13147	  71.12512	   7.50000	       14N
  68.13147	  75.47963	   7.50000	       14N
  70.64555	  66.77061	   7.50000	       14N
  70.64555	  71.12512	   7.50000	       14N
  70.64555	  75.47963	   7.50000	       14N
  73.15962	  66.77061	   7.50000	       14N
  73.15962	  71.12512	   7.50000	       14N
  73.15962	  75.47963	   7.50000	       14N
  75.67370	  66.77061	   7.50000	       14N
  75.67370	  71.12512	   7.50000	       14N
  75.67370	  75.47963	   7.50000	       14N
  78.18778	  66.77061	   7.50000	       14N
  78.18778	  71.12512	   7.50000	       14N
  78.18778	  75.47963	   7.50000	       15N
  65.61740	  78.38213	   7.50000	       11B
  68.13147	  78.38213	   7.50000	       11B
  70.64555	  78.38213	   7.50000	       11B
  73.15962	  78.38213	   7.50000	       11B
  75.67370	  78.38213	   7.50000	       10B
  78.18778	  78.38213	   7.50000	       11B
  66.87443	  77.65688	   7.50000	       14N
  69.38851	  77.65688	   7.50000	       14N
  71.90259	  77.65688	   7.50000	       14N
  74.41666	  77.65688	   7.50000	       14N
  76.93074	  77.65688	   7.50000	       14N
  79.44482	  77.65688	   7.50000	       14N
  65.61740	  79.83413	   7.50000	       14N
  68.13147	  79.83413	   7.50000	       14N
  70.64555	  79.83413	   7.50000	       14N
  73.15962	  79.83413	   7.50000	       14N
  75.67370	  79.83413	   7.50000	       14N
  78.18778	  79.83413	   7.50000	       14N
