2294.00000	   0.00000	   0.00000	   0.00000
   1.29475	   2.15707	   7.50000	       11B
   1.29475	   6.47956	   7.50000	       11B
   1.29475	  10.80205	   7.50000	       11B
   3.88425	   2.15707	   7.50000	       11B
   3.88425	   6.47956	   7.50000	       11B
   3.88425	  10.80205	   7.50000	       11B
   6.47375	   2.15707	   7.50000	       11B
   6.47375	   6.47956	   7.50000	       11B
   6.47375	  10.80205	   7.50000	       11B
   9.06325	   2.15707	   7.50000	       11B
   9.06325	   6.47956	   7.50000	       11B
   9.06325	  10.80205	   7.50000	       11B
  11.65275	   2.15707	   7.50000	       11B
  11.65275	   6.47956	   7.50000	       11B
  11.65275	  10.80205	   7.50000	       10B
  14.24224	   2.15707	   7.50000	       10B
  14.24224	   6.47956	   7.50000	       11B
  14.24224	  10.80205	   7.50000	       11B
  16.83174	   2.15707	   7.50000	       11B
  16.83174	   6.47956	   7.50000	       11B
  16.83174	  10.80205	   7.50000	       10B
  19.42124	   2.15707	   7.50000	       11B
  19.42124	   6.47956	   7.50000	       11B
  19.42124	  10.80205	   7.50000	       11B
  22.01074	   2.15707	   7.50000	       11B
  22.01074	   6.47956	   7.50000	       11B
  22.01074	  10.80205	   7.50000	       11B
   0.00000	   4.31831	   7.50000	       11B
   0.00000	   8.64080	   7.50000	       11B
   0.00000	  12.96329	   7.50000	       11B
   2.58950	   4.31831	   7.50000	       11B
   2.58950	   8.64080	   7.50000	       11B
   2.58950	  12.96329	   7.50000	       11B
   5.17900	   4.31831	   7.50000	       11B
   5.17900	   8.64080	   7.50000	       11B
   5.17900	  12.96329	   7.50000	       11B
   7.76850	   4.31831	   7.50000	       11B
   7.76850	   8.64080	   7.50000	       11B
   7.76850	  12.96329	   7.50000	       11B
  10.35800	   4.31831	   7.50000	       11B
  10.35800	   8.64080	   7.50000	       11B
  10.35800	  12.96329	   7.50000	       11B
  12.94749	   4.31831	   7.50000	       10B
  12.94749	   8.64080	   7.50000	       11B
  12.94749	  12.96329	   7.50000	       11B
  15.53699	   4.31831	   7.50000	       11B
  15.53699	   8.64080	   7.50000	       10B
  15.53699	  12.96329	   7.50000	       10B
  18.12649	   4.31831	   7.50000	       11B
  18.12649	   8.64080	   7.50000	       11B
  18.12649	  12.96329	   7.50000	       10B
  20.71599	   4.31831	   7.50000	       10B
  20.71599	   8.64080	   7.50000	       11B
  20.71599	  12.96329	   7.50000	       11B
   1.29475	   3.60870	   7.50000	       14N
   1.29475	   7.93119	   7.50000	       14N
   1.29475	  12.25368	   7.50000	       14N
   3.88425	   3.60870	   7.50000	       14N
   3.88425	   7.93119	   7.50000	       14N
   3.88425	  12.25368	   7.50000	       14N
   6.47375	   3.60870	   7.50000	       14N
   6.47375	   7.93119	   7.50000	       14N
   6.47375	  12.25368	   7.50000	       14N
   9.06325	   3.60870	   7.50000	       14N
   9.06325	   7.93119	   7.50000	       14N
   9.06325	  12.25368	   7.50000	       14N
  11.65275	   3.60870	   7.50000	       14N
  11.65275	   7.93119	   7.50000	       14N
  11.65275	  12.25368	   7.50000	       14N
  14.24224	   3.60870	   7.50000	       14N
  14.24224	   7.93119	   7.50000	       14N
  14.24224	  12.25368	   7.50000	       14N
  16.83174	   3.60870	   7.50000	       14N
  16.83174	   7.93119	   7.50000	       14N
  16.83174	  12.25368	   7.50000	       14N
  19.42124	   3.60870	   7.50000	       14N
  19.42124	   7.93119	   7.50000	       14N
  19.42124	  12.25368	   7.50000	       14N
  22.01074	   3.60870	   7.50000	       14N
  22.01074	   7.93119	   7.50000	       14N
  22.01074	  12.25368	   7.50000	       14N
   0.00000	   1.44746	   7.50000	       14N
   0.00000	   5.76994	   7.50000	       14N
   0.00000	  10.09243	   7.50000	       14N
   2.58950	   1.44746	   7.50000	       14N
   2.58950	   5.76994	   7.50000	       14N
   2.58950	  10.09243	   7.50000	       14N
   5.17900	   1.44746	   7.50000	       14N
   5.17900	   5.76994	   7.50000	       14N
   5.17900	  10.09243	   7.50000	       14N
   7.76850	   1.44746	   7.50000	       14N
   7.76850	   5.76994	   7.50000	       14N
   7.76850	  10.09243	   7.50000	       14N
  10.35800	   1.44746	   7.50000	       14N
  10.35800	   5.76994	   7.50000	       14N
  10.35800	  10.09243	   7.50000	       14N
  12.94749	   1.44746	   7.50000	       14N
  12.94749	   5.76994	   7.50000	       14N
  12.94749	  10.09243	   7.50000	       14N
  15.53699	   1.44746	   7.50000	       14N
  15.53699	   5.76994	   7.50000	       14N
  15.53699	  10.09243	   7.50000	       14N
  18.12649	   1.44746	   7.50000	       14N
  18.12649	   5.76994	   7.50000	       14N
  18.12649	  10.09243	   7.50000	       14N
  20.71599	   1.44746	   7.50000	       14N
  20.71599	   5.76994	   7.50000	       14N
  20.71599	  10.09243	   7.50000	       14N
   1.29475	  15.12453	   7.50000	       11B
   1.29475	  19.44702	   7.50000	       11B
   1.29475	  23.76951	   7.50000	       11B
   3.88425	  15.12453	   7.50000	       11B
   3.88425	  19.44702	   7.50000	       10B
   3.88425	  23.76951	   7.50000	       10B
   6.47375	  15.12453	   7.50000	       11B
   6.47375	  19.44702	   7.50000	       11B
   6.47375	  23.76951	   7.50000	       11B
   9.06325	  15.12453	   7.50000	       11B
   9.06325	  19.44702	   7.50000	       11B
   9.06325	  23.76951	   7.50000	       11B
  11.65275	  15.12453	   7.50000	       10B
  11.65275	  19.44702	   7.50000	       11B
  11.65275	  23.76951	   7.50000	       11B
  14.24224	  15.12453	   7.50000	       11B
  14.24224	  19.44702	   7.50000	       10B
  14.24224	  23.76951	   7.50000	       10B
  16.83174	  15.12453	   7.50000	       11B
  16.83174	  19.44702	   7.50000	       10B
  16.83174	  23.76951	   7.50000	       11B
  19.42124	  15.12453	   7.50000	       10B
  19.42124	  19.44702	   7.50000	       11B
  19.42124	  23.76951	   7.50000	       10B
  22.01074	  15.12453	   7.50000	       11B
  22.01074	  19.44702	   7.50000	       11B
  22.01074	  23.76951	   7.50000	       10B
   0.00000	  17.28577	   7.50000	       11B
   0.00000	  21.60826	   7.50000	       11B
   0.00000	  25.93075	   7.50000	       11B
   2.58950	  17.28577	   7.50000	       10B
   2.58950	  21.60826	   7.50000	       11B
   2.58950	  25.93075	   7.50000	       11B
   5.17900	  17.28577	   7.50000	       11B
   5.17900	  21.60826	   7.50000	       10B
   5.17900	  25.93075	   7.50000	       11B
   7.76850	  17.28577	   7.50000	       11B
   7.76850	  21.60826	   7.50000	       11B
   7.76850	  25.93075	   7.50000	       11B
  10.35800	  17.28577	   7.50000	       11B
  10.35800	  21.60826	   7.50000	       10B
  10.35800	  25.93075	   7.50000	       11B
  12.94749	  17.28577	   7.50000	       10B
  12.94749	  21.60826	   7.50000	       11B
  12.94749	  25.93075	   7.50000	       11B
  15.53699	  17.28577	   7.50000	       11B
  15.53699	  21.60826	   7.50000	       11B
  15.53699	  25.93075	   7.50000	       11B
  18.12649	  17.28577	   7.50000	       11B
  18.12649	  21.60826	   7.50000	       11B
  18.12649	  25.93075	   7.50000	       10B
  20.71599	  17.28577	   7.50000	       11B
  20.71599	  21.60826	   7.50000	       11B
  20.71599	  25.93075	   7.50000	       11B
   1.29475	  16.57617	   7.50000	       14N
   1.29475	  20.89865	   7.50000	       14N
   1.29475	  25.22114	   7.50000	       14N
   3.88425	  16.57617	   7.50000	       14N
   3.88425	  20.89865	   7.50000	       14N
   3.88425	  25.22114	   7.50000	       14N
   6.47375	  16.57617	   7.50000	       14N
   6.47375	  20.89865	   7.50000	       14N
   6.47375	  25.22114	   7.50000	       14N
   9.06325	  16.57617	   7.50000	       14N
   9.06325	  20.89865	   7.50000	       14N
   9.06325	  25.22114	   7.50000	       14N
  11.65275	  16.57617	   7.50000	       14N
  11.65275	  20.89865	   7.50000	       14N
  11.65275	  25.22114	   7.50000	       14N
  14.24224	  16.57617	   7.50000	       14N
  14.24224	  20.89865	   7.50000	       14N
  14.24224	  25.22114	   7.50000	       14N
  16.83174	  16.57617	   7.50000	       14N
  16.83174	  20.89865	   7.50000	       14N
  16.83174	  25.22114	   7.50000	       14N
  19.42124	  16.57617	   7.50000	       14N
  19.42124	  20.89865	   7.50000	       14N
  19.42124	  25.22114	   7.50000	       14N
  22.01074	  16.57617	   7.50000	       14N
  22.01074	  20.89865	   7.50000	       14N
  22.01074	  25.22114	   7.50000	       14N
   0.00000	  14.41492	   7.50000	       14N
   0.00000	  18.73741	   7.50000	       14N
   0.00000	  23.05990	   7.50000	       14N
   2.58950	  14.41492	   7.50000	       14N
   2.58950	  18.73741	   7.50000	       14N
   2.58950	  23.05990	   7.50000	       14N
   5.17900	  14.41492	   7.50000	       14N
   5.17900	  18.73741	   7.50000	       14N
   5.17900	  23.05990	   7.50000	       14N
   7.76850	  14.41492	   7.50000	       14N
   7.76850	  18.73741	   7.50000	       14N
   7.76850	  23.05990	   7.50000	       14N
  10.35800	  14.41492	   7.50000	       14N
  10.35800	  18.73741	   7.50000	       14N
  10.35800	  23.05990	   7.50000	       14N
  12.94749	  14.41492	   7.50000	       14N
  12.94749	  18.73741	   7.50000	       14N
  12.94749	  23.05990	   7.50000	       14N
  15.53699	  14.41492	   7.50000	       14N
  15.53699	  18.73741	   7.50000	       14N
  15.53699	  23.05990	   7.50000	       14N
  18.12649	  14.41492	   7.50000	       15N
  18.12649	  18.73741	   7.50000	       14N
  18.12649	  23.05990	   7.50000	       14N
  20.71599	  14.41492	   7.50000	       14N
  20.71599	  18.73741	   7.50000	       14N
  20.71599	  23.05990	   7.50000	       14N
   1.29475	  28.09200	   7.50000	       11B
   1.29475	  32.41449	   7.50000	       11B
   1.29475	  36.73698	   7.50000	       11B
   3.88425	  28.09200	   7.50000	       11B
   3.88425	  32.41449	   7.50000	       10B
   3.88425	  36.73698	   7.50000	       11B
   6.47375	  28.09200	   7.50000	       11B
   6.47375	  32.41449	   7.50000	       11B
   6.47375	  36.73698	   7.50000	       10B
   9.06325	  28.09200	   7.50000	       11B
   9.06325	  32.41449	   7.50000	       11B
   9.06325	  36.73698	   7.50000	       11B
  11.65275	  28.09200	   7.50000	       11B
  11.65275	  32.41449	   7.50000	       11B
  11.65275	  36.73698	   7.50000	       11B
  14.24224	  28.09200	   7.50000	       11B
  14.24224	  32.41449	   7.50000	       11B
  14.24224	  36.73698	   7.50000	       11B
  16.83174	  28.09200	   7.50000	       10B
  16.83174	  32.41449	   7.50000	       11B
  16.83174	  36.73698	   7.50000	       11B
  19.42124	  28.09200	   7.50000	       11B
  19.42124	  32.41449	   7.50000	       11B
  19.42124	  36.73698	   7.50000	       11B
  22.01074	  28.09200	   7.50000	       10B
  22.01074	  32.41449	   7.50000	       11B
  22.01074	  36.73698	   7.50000	       11B
   0.00000	  30.25324	   7.50000	       11B
   0.00000	  34.57573	   7.50000	       11B
   0.00000	  38.89822	   7.50000	       11B
   2.58950	  30.25324	   7.50000	       11B
   2.58950	  34.57573	   7.50000	       10B
   2.58950	  38.89822	   7.50000	       10B
   5.17900	  30.25324	   7.50000	       11B
   5.17900	  34.57573	   7.50000	       11B
   5.17900	  38.89822	   7.50000	       11B
   7.76850	  30.25324	   7.50000	       10B
   7.76850	  34.57573	   7.50000	       11B
   7.76850	  38.89822	   7.50000	       11B
  10.35800	  30.25324	   7.50000	       11B
  10.35800	  34.57573	   7.50000	       11B
  10.35800	  38.89822	   7.50000	       10B
  12.94749	  30.25324	   7.50000	       11B
  12.94749	  34.57573	   7.50000	       11B
  12.94749	  38.89822	   7.50000	       11B
  15.53699	  30.25324	   7.50000	       10B
  15.53699	  34.57573	   7.50000	       11B
  15.53699	  38.89822	   7.50000	       10B
  18.12649	  30.25324	   7.50000	       10B
  18.12649	  34.57573	   7.50000	       11B
  18.12649	  38.89822	   7.50000	       11B
  20.71599	  30.25324	   7.50000	       11B
  20.71599	  34.57573	   7.50000	       11B
  20.71599	  38.89822	   7.50000	       10B
   1.29475	  29.54363	   7.50000	       14N
   1.29475	  33.86612	   7.50000	       14N
   1.29475	  38.18861	   7.50000	       14N
   3.88425	  29.54363	   7.50000	       14N
   3.88425	  33.86612	   7.50000	       14N
   3.88425	  38.18861	   7.50000	       14N
   6.47375	  29.54363	   7.50000	       14N
   6.47375	  33.86612	   7.50000	       14N
   6.47375	  38.18861	   7.50000	       14N
   9.06325	  29.54363	   7.50000	       14N
   9.06325	  33.86612	   7.50000	       14N
   9.06325	  38.18861	   7.50000	       15N
  11.65275	  29.54363	   7.50000	       14N
  11.65275	  33.86612	   7.50000	       14N
  11.65275	  38.18861	   7.50000	       14N
  14.24224	  29.54363	   7.50000	       14N
  14.24224	  33.86612	   7.50000	       14N
  14.24224	  38.18861	   7.50000	       14N
  16.83174	  29.54363	   7.50000	       14N
  16.83174	  33.86612	   7.50000	       14N
  16.83174	  38.18861	   7.50000	       14N
  19.42124	  29.54363	   7.50000	       14N
  19.42124	  33.86612	   7.50000	       14N
  19.42124	  38.18861	   7.50000	       14N
  22.01074	  29.54363	   7.50000	       14N
  22.01074	  33.86612	   7.50000	       14N
  22.01074	  38.18861	   7.50000	       14N
   0.00000	  27.38239	   7.50000	       14N
   0.00000	  31.70487	   7.50000	       14N
   0.00000	  36.02736	   7.50000	       14N
   2.58950	  27.38239	   7.50000	       14N
   2.58950	  31.70487	   7.50000	       14N
   2.58950	  36.02736	   7.50000	       14N
   5.17900	  27.38239	   7.50000	       14N
   5.17900	  31.70487	   7.50000	       14N
   5.17900	  36.02736	   7.50000	       14N
   7.76850	  27.38239	   7.50000	       14N
   7.76850	  31.70487	   7.50000	       14N
   7.76850	  36.02736	   7.50000	       14N
  10.35800	  27.38239	   7.50000	       14N
  10.35800	  31.70487	   7.50000	       14N
  10.35800	  36.02736	   7.50000	       14N
  12.94749	  27.38239	   7.50000	       14N
  12.94749	  31.70487	   7.50000	       14N
  12.94749	  36.02736	   7.50000	       14N
  15.53699	  27.38239	   7.50000	       14N
  15.53699	  31.70487	   7.50000	       14N
  15.53699	  36.02736	   7.50000	       14N
  18.12649	  27.38239	   7.50000	       14N
  18.12649	  31.70487	   7.50000	       14N
  18.12649	  36.02736	   7.50000	       14N
  20.71599	  27.38239	   7.50000	       14N
  20.71599	  31.70487	   7.50000	       14N
  20.71599	  36.02736	   7.50000	       14N
   1.29475	  41.05946	   7.50000	       11B
   1.29475	  45.38195	   7.50000	       11B
   1.29475	  49.70444	   7.50000	       11B
   3.88425	  41.05946	   7.50000	       11B
   3.88425	  45.38195	   7.50000	       11B
   3.88425	  49.70444	   7.50000	       11B
   6.47375	  41.05946	   7.50000	       11B
   6.47375	  45.38195	   7.50000	       11B
   6.47375	  49.70444	   7.50000	       11B
   9.06325	  41.05946	   7.50000	       11B
   9.06325	  45.38195	   7.50000	       11B
   9.06325	  49.70444	   7.50000	       11B
  11.65275	  41.05946	   7.50000	       11B
  11.65275	  45.38195	   7.50000	       11B
  11.65275	  49.70444	   7.50000	       11B
  14.24224	  41.05946	   7.50000	       11B
  14.24224	  45.38195	   7.50000	       10B
  14.24224	  49.70444	   7.50000	       11B
  16.83174	  41.05946	   7.50000	       10B
  16.83174	  45.38195	   7.50000	       11B
  16.83174	  49.70444	   7.50000	       11B
  19.42124	  41.05946	   7.50000	       10B
  19.42124	  45.38195	   7.50000	       10B
  19.42124	  49.70444	   7.50000	       10B
  22.01074	  41.05946	   7.50000	       11B
  22.01074	  45.38195	   7.50000	       11B
  22.01074	  49.70444	   7.50000	       11B
   0.00000	  43.22070	   7.50000	       11B
   0.00000	  47.54319	   7.50000	       11B
   0.00000	  51.86568	   7.50000	       11B
   2.58950	  43.22070	   7.50000	       11B
   2.58950	  47.54319	   7.50000	       11B
   2.58950	  51.86568	   7.50000	       11B
   5.17900	  43.22070	   7.50000	       11B
   5.17900	  47.54319	   7.50000	       11B
   5.17900	  51.86568	   7.50000	       11B
   7.76850	  43.22070	   7.50000	       10B
   7.76850	  47.54319	   7.50000	       11B
   7.76850	  51.86568	   7.50000	       11B
  10.35800	  43.22070	   7.50000	       10B
  10.35800	  47.54319	   7.50000	       11B
  10.35800	  51.86568	   7.50000	       11B
  12.94749	  43.22070	   7.50000	       11B
  12.94749	  47.54319	   7.50000	       10B
  12.94749	  51.86568	   7.50000	       11B
  15.53699	  43.22070	   7.50000	       11B
  15.53699	  47.54319	   7.50000	       11B
  15.53699	  51.86568	   7.50000	       10B
  18.12649	  43.22070	   7.50000	       10B
  18.12649	  47.54319	   7.50000	       11B
  18.12649	  51.86568	   7.50000	       11B
  20.71599	  43.22070	   7.50000	       10B
  20.71599	  47.54319	   7.50000	       10B
  20.71599	  51.86568	   7.50000	       11B
   1.29475	  42.51110	   7.50000	       14N
   1.29475	  46.83359	   7.50000	       14N
   1.29475	  51.15607	   7.50000	       14N
   3.88425	  42.51110	   7.50000	       14N
   3.88425	  46.83359	   7.50000	       14N
   3.88425	  51.15607	   7.50000	       14N
   6.47375	  42.51110	   7.50000	       14N
   6.47375	  46.83359	   7.50000	       14N
   6.47375	  51.15607	   7.50000	       14N
   9.06325	  42.51110	   7.50000	       14N
   9.06325	  46.83359	   7.50000	       14N
   9.06325	  51.15607	   7.50000	       14N
  11.65275	  42.51110	   7.50000	       14N
  11.65275	  46.83359	   7.50000	       14N
  11.65275	  51.15607	   7.50000	       14N
  14.24224	  42.51110	   7.50000	       14N
  14.24224	  46.83359	   7.50000	       14N
  14.24224	  51.15607	   7.50000	       14N
  16.83174	  42.51110	   7.50000	       14N
  16.83174	  46.83359	   7.50000	       14N
  16.83174	  51.15607	   7.50000	       14N
  19.42124	  42.51110	   7.50000	       14N
  19.42124	  46.83359	   7.50000	       14N
  19.42124	  51.15607	   7.50000	       14N
  22.01074	  42.51110	   7.50000	       14N
  22.01074	  46.83359	   7.50000	       14N
  22.01074	  51.15607	   7.50000	       14N
   0.00000	  40.34985	   7.50000	       14N
   0.00000	  44.67234	   7.50000	       14N
   0.00000	  48.99483	   7.50000	       14N
   2.58950	  40.34985	   7.50000	       14N
   2.58950	  44.67234	   7.50000	       14N
   2.58950	  48.99483	   7.50000	       14N
   5.17900	  40.34985	   7.50000	       14N
   5.17900	  44.67234	   7.50000	       14N
   5.17900	  48.99483	   7.50000	       14N
   7.76850	  40.34985	   7.50000	       14N
   7.76850	  44.67234	   7.50000	       14N
   7.76850	  48.99483	   7.50000	       14N
  10.35800	  40.34985	   7.50000	       14N
  10.35800	  44.67234	   7.50000	       14N
  10.35800	  48.99483	   7.50000	       14N
  12.94749	  40.34985	   7.50000	       14N
  12.94749	  44.67234	   7.50000	       14N
  12.94749	  48.99483	   7.50000	       14N
  15.53699	  40.34985	   7.50000	       14N
  15.53699	  44.67234	   7.50000	       14N
  15.53699	  48.99483	   7.50000	       14N
  18.12649	  40.34985	   7.50000	       14N
  18.12649	  44.67234	   7.50000	       14N
  18.12649	  48.99483	   7.50000	       14N
  20.71599	  40.34985	   7.50000	       14N
  20.71599	  44.67234	   7.50000	       14N
  20.71599	  48.99483	   7.50000	       14N
   1.29475	  54.02693	   7.50000	       11B
   1.29475	  58.34942	   7.50000	       11B
   1.29475	  62.67191	   7.50000	       11B
   3.88425	  54.02693	   7.50000	       11B
   3.88425	  58.34942	   7.50000	       11B
   3.88425	  62.67191	   7.50000	       11B
   6.47375	  54.02693	   7.50000	       11B
   6.47375	  58.34942	   7.50000	       11B
   6.47375	  62.67191	   7.50000	       11B
   9.06325	  54.02693	   7.50000	       10B
   9.06325	  58.34942	   7.50000	       11B
   9.06325	  62.67191	   7.50000	       11B
  11.65275	  54.02693	   7.50000	       10B
  11.65275	  58.34942	   7.50000	       11B
  11.65275	  62.67191	   7.50000	       11B
  14.24224	  54.02693	   7.50000	       11B
  14.24224	  58.34942	   7.50000	       11B
  14.24224	  62.67191	   7.50000	       11B
  16.83174	  54.02693	   7.50000	       11B
  16.83174	  58.34942	   7.50000	       11B
  16.83174	  62.67191	   7.50000	       11B
  19.42124	  54.02693	   7.50000	       10B
  19.42124	  58.34942	   7.50000	       11B
  19.42124	  62.67191	   7.50000	       11B
  22.01074	  54.02693	   7.50000	       11B
  22.01074	  58.34942	   7.50000	       11B
  22.01074	  62.67191	   7.50000	       11B
   0.00000	  56.18817	   7.50000	       11B
   0.00000	  60.51066	   7.50000	       11B
   0.00000	  64.83315	   7.50000	       11B
   2.58950	  56.18817	   7.50000	       11B
   2.58950	  60.51066	   7.50000	       11B
   2.58950	  64.83315	   7.50000	       11B
   5.17900	  56.18817	   7.50000	       10B
   5.17900	  60.51066	   7.50000	       10B
   5.17900	  64.83315	   7.50000	       11B
   7.76850	  56.18817	   7.50000	       10B
   7.76850	  60.51066	   7.50000	       11B
   7.76850	  64.83315	   7.50000	       11B
  10.35800	  56.18817	   7.50000	       11B
  10.35800	  60.51066	   7.50000	       11B
  10.35800	  64.83315	   7.50000	       11B
  12.94749	  56.18817	   7.50000	       11B
  12.94749	  60.51066	   7.50000	       11B
  12.94749	  64.83315	   7.50000	       11B
  15.53699	  56.18817	   7.50000	       11B
  15.53699	  60.51066	   7.50000	       11B
  15.53699	  64.83315	   7.50000	       11B
  18.12649	  56.18817	   7.50000	       11B
  18.12649	  60.51066	   7.50000	       11B
  18.12649	  64.83315	   7.50000	       11B
  20.71599	  56.18817	   7.50000	       11B
  20.71599	  60.51066	   7.50000	       11B
  20.71599	  64.83315	   7.50000	       11B
   1.29475	  55.47856	   7.50000	       14N
   1.29475	  59.80105	   7.50000	       14N
   1.29475	  64.12354	   7.50000	       14N
   3.88425	  55.47856	   7.50000	       14N
   3.88425	  59.80105	   7.50000	       14N
   3.88425	  64.12354	   7.50000	       14N
   6.47375	  55.47856	   7.50000	       14N
   6.47375	  59.80105	   7.50000	       14N
   6.47375	  64.12354	   7.50000	       14N
   9.06325	  55.47856	   7.50000	       14N
   9.06325	  59.80105	   7.50000	       14N
   9.06325	  64.12354	   7.50000	       14N
  11.65275	  55.47856	   7.50000	       14N
  11.65275	  59.80105	   7.50000	       14N
  11.65275	  64.12354	   7.50000	       14N
  14.24224	  55.47856	   7.50000	       14N
  14.24224	  59.80105	   7.50000	       14N
  14.24224	  64.12354	   7.50000	       14N
  16.83174	  55.47856	   7.50000	       14N
  16.83174	  59.80105	   7.50000	       15N
  16.83174	  64.12354	   7.50000	       14N
  19.42124	  55.47856	   7.50000	       14N
  19.42124	  59.80105	   7.50000	       14N
  19.42124	  64.12354	   7.50000	       14N
  22.01074	  55.47856	   7.50000	       14N
  22.01074	  59.80105	   7.50000	       14N
  22.01074	  64.12354	   7.50000	       14N
   0.00000	  53.31732	   7.50000	       14N
   0.00000	  57.63980	   7.50000	       14N
   0.00000	  61.96229	   7.50000	       14N
   2.58950	  53.31732	   7.50000	       14N
   2.58950	  57.63980	   7.50000	       14N
   2.58950	  61.96229	   7.50000	       14N
   5.17900	  53.31732	   7.50000	       14N
   5.17900	  57.63980	   7.50000	       14N
   5.17900	  61.96229	   7.50000	       14N
   7.76850	  53.31732	   7.50000	       14N
   7.76850	  57.63980	   7.50000	       14N
   7.76850	  61.96229	   7.50000	       14N
  10.35800	  53.31732	   7.50000	       14N
  10.35800	  57.63980	   7.50000	       14N
  10.35800	  61.96229	   7.50000	       14N
  12.94749	  53.31732	   7.50000	       14N
  12.94749	  57.63980	   7.50000	       14N
  12.94749	  61.96229	   7.50000	       14N
  15.53699	  53.31732	   7.50000	       14N
  15.53699	  57.63980	   7.50000	       14N
  15.53699	  61.96229	   7.50000	       14N
  18.12649	  53.31732	   7.50000	       14N
  18.12649	  57.63980	   7.50000	       14N
  18.12649	  61.96229	   7.50000	       14N
  20.71599	  53.31732	   7.50000	       14N
  20.71599	  57.63980	   7.50000	       14N
  20.71599	  61.96229	   7.50000	       14N
   1.29475	  66.99439	   7.50000	       11B
   1.29475	  71.31688	   7.50000	       10B
   1.29475	  75.63937	   7.50000	       10B
   3.88425	  66.99439	   7.50000	       11B
   3.88425	  71.31688	   7.50000	       11B
   3.88425	  75.63937	   7.50000	       11B
   6.47375	  66.99439	   7.50000	       11B
   6.47375	  71.31688	   7.50000	       11B
   6.47375	  75.63937	   7.50000	       11B
   9.06325	  66.99439	   7.50000	       11B
   9.06325	  71.31688	   7.50000	       11B
   9.06325	  75.63937	   7.50000	       11B
  11.65275	  66.99439	   7.50000	       11B
  11.65275	  71.31688	   7.50000	       11B
  11.65275	  75.63937	   7.50000	       11B
  14.24224	  66.99439	   7.50000	       11B
  14.24224	  71.31688	   7.50000	       11B
  14.24224	  75.63937	   7.50000	       11B
  16.83174	  66.99439	   7.50000	       11B
  16.83174	  71.31688	   7.50000	       10B
  16.83174	  75.63937	   7.50000	       11B
  19.42124	  66.99439	   7.50000	       11B
  19.42124	  71.31688	   7.50000	       11B
  19.42124	  75.63937	   7.50000	       11B
  22.01074	  66.99439	   7.50000	       11B
  22.01074	  71.31688	   7.50000	       11B
  22.01074	  75.63937	   7.50000	       11B
   0.00000	  69.15564	   7.50000	       11B
   0.00000	  73.47812	   7.50000	       10B
   0.00000	  77.80061	   7.50000	       11B
   2.58950	  69.15564	   7.50000	       11B
   2.58950	  73.47812	   7.50000	       11B
   2.58950	  77.80061	   7.50000	       11B
   5.17900	  69.15564	   7.50000	       11B
   5.17900	  73.47812	   7.50000	       11B
   5.17900	  77.80061	   7.50000	       11B
   7.76850	  69.15564	   7.50000	       11B
   7.76850	  73.47812	   7.50000	       11B
   7.76850	  77.80061	   7.50000	       10B
  10.35800	  69.15564	   7.50000	       11B
  10.35800	  73.47812	   7.50000	       10B
  10.35800	  77.80061	   7.50000	       10B
  12.94749	  69.15564	   7.50000	       11B
  12.94749	  73.47812	   7.50000	       11B
  12.94749	  77.80061	   7.50000	       11B
  15.53699	  69.15564	   7.50000	       11B
  15.53699	  73.47812	   7.50000	       11B
  15.53699	  77.80061	   7.50000	       11B
  18.12649	  69.15564	   7.50000	       11B
  18.12649	  73.47812	   7.50000	       11B
  18.12649	  77.80061	   7.50000	       11B
  20.71599	  69.15564	   7.50000	       11B
  20.71599	  73.47812	   7.50000	       11B
  20.71599	  77.80061	   7.50000	       11B
   1.29475	  68.44603	   7.50000	       14N
   1.29475	  72.76852	   7.50000	       14N
   1.29475	  77.09100	   7.50000	       14N
   3.88425	  68.44603	   7.50000	       14N
   3.88425	  72.76852	   7.50000	       14N
   3.88425	  77.09100	   7.50000	       14N
   6.47375	  68.44603	   7.50000	       14N
   6.47375	  72.76852	   7.50000	       14N
   6.47375	  77.09100	   7.50000	       14N
   9.06325	  68.44603	   7.50000	       14N
   9.06325	  72.76852	   7.50000	       14N
   9.06325	  77.09100	   7.50000	       14N
  11.65275	  68.44603	   7.50000	       14N
  11.65275	  72.76852	   7.50000	       14N
  11.65275	  77.09100	   7.50000	       14N
  14.24224	  68.44603	   7.50000	       14N
  14.24224	  72.76852	   7.50000	       14N
  14.24224	  77.09100	   7.50000	       14N
  16.83174	  68.44603	   7.50000	       14N
  16.83174	  72.76852	   7.50000	       14N
  16.83174	  77.09100	   7.50000	       14N
  19.42124	  68.44603	   7.50000	       14N
  19.42124	  72.76852	   7.50000	       14N
  19.42124	  77.09100	   7.50000	       14N
  22.01074	  68.44603	   7.50000	       14N
  22.01074	  72.76852	   7.50000	       14N
  22.01074	  77.09100	   7.50000	       14N
   0.00000	  66.28478	   7.50000	       14N
   0.00000	  70.60727	   7.50000	       14N
   0.00000	  74.92976	   7.50000	       14N
   2.58950	  66.28478	   7.50000	       14N
   2.58950	  70.60727	   7.50000	       14N
   2.58950	  74.92976	   7.50000	       14N
   5.17900	  66.28478	   7.50000	       14N
   5.17900	  70.60727	   7.50000	       14N
   5.17900	  74.92976	   7.50000	       14N
   7.76850	  66.28478	   7.50000	       14N
   7.76850	  70.60727	   7.50000	       14N
   7.76850	  74.92976	   7.50000	       14N
  10.35800	  66.28478	   7.50000	       14N
  10.35800	  70.60727	   7.50000	       14N
  10.35800	  74.92976	   7.50000	       14N
  12.94749	  66.28478	   7.50000	       14N
  12.94749	  70.60727	   7.50000	       14N
  12.94749	  74.92976	   7.50000	       14N
  15.53699	  66.28478	   7.50000	       14N
  15.53699	  70.60727	   7.50000	       14N
  15.53699	  74.92976	   7.50000	       14N
  18.12649	  66.28478	   7.50000	       14N
  18.12649	  70.60727	   7.50000	       14N
  18.12649	  74.92976	   7.50000	       14N
  20.71599	  66.28478	   7.50000	       14N
  20.71599	  70.60727	   7.50000	       14N
  20.71599	  74.92976	   7.50000	       14N
   1.29475	  79.96186	   7.50000	       11B
   3.88425	  79.96186	   7.50000	       11B
   6.47375	  79.96186	   7.50000	       11B
   9.06325	  79.96186	   7.50000	       11B
  11.65275	  79.96186	   7.50000	       11B
  14.24224	  79.96186	   7.50000	       10B
  16.83174	  79.96186	   7.50000	       10B
  19.42124	  79.96186	   7.50000	       11B
  22.01074	  79.96186	   7.50000	       11B
   0.00000	  79.25225	   7.50000	       14N
   2.58950	  79.25225	   7.50000	       14N
   5.17900	  79.25225	   7.50000	       14N
   7.76850	  79.25225	   7.50000	       14N
  10.35800	  79.25225	   7.50000	       14N
  12.94749	  79.25225	   7.50000	       14N
  15.53699	  79.25225	   7.50000	       14N
  18.12649	  79.25225	   7.50000	       14N
  20.71599	  79.25225	   7.50000	       14N
  24.60024	   2.15707	   7.50000	       11B
  24.60024	   6.47956	   7.50000	       11B
  24.60024	  10.80205	   7.50000	       10B
  27.18974	   2.15707	   7.50000	       11B
  27.18974	   6.47956	   7.50000	       10B
  27.18974	  10.80205	   7.50000	       11B
  29.77924	   2.15707	   7.50000	       10B
  29.77924	   6.47956	   7.50000	       11B
  29.77924	  10.80205	   7.50000	       10B
  32.36874	   2.15707	   7.50000	       10B
  32.36874	   6.47956	   7.50000	       10B
  32.36874	  10.80205	   7.50000	       11B
  34.95824	   2.15707	   7.50000	       11B
  34.95824	   6.47956	   7.50000	       11B
  34.95824	  10.80205	   7.50000	       11B
  37.54773	   2.15707	   7.50000	       11B
  37.54773	   6.47956	   7.50000	       11B
  37.54773	  10.80205	   7.50000	       11B
  40.13723	   2.15707	   7.50000	       11B
  40.13723	   6.47956	   7.50000	       11B
  40.13723	  10.80205	   7.50000	       11B
  42.72673	   2.15707	   7.50000	       11B
  42.72673	   6.47956	   7.50000	       11B
  42.72673	  10.80205	   7.50000	       11B
  45.31623	   2.15707	   7.50000	       11B
  45.31623	   6.47956	   7.50000	       11B
  45.31623	  10.80205	   7.50000	       11B
  23.30549	   4.31831	   7.50000	       11B
  23.30549	   8.64080	   7.50000	       11B
  23.30549	  12.96329	   7.50000	       11B
  25.89499	   4.31831	   7.50000	       11B
  25.89499	   8.64080	   7.50000	       11B
  25.89499	  12.96329	   7.50000	       11B
  28.48449	   4.31831	   7.50000	       10B
  28.48449	   8.64080	   7.50000	       11B
  28.48449	  12.96329	   7.50000	       10B
  31.07399	   4.31831	   7.50000	       11B
  31.07399	   8.64080	   7.50000	       11B
  31.07399	  12.96329	   7.50000	       11B
  33.66349	   4.31831	   7.50000	       11B
  33.66349	   8.64080	   7.50000	       11B
  33.66349	  12.96329	   7.50000	       11B
  36.25298	   4.31831	   7.50000	       11B
  36.25298	   8.64080	   7.50000	       10B
  36.25298	  12.96329	   7.50000	       11B
  38.84248	   4.31831	   7.50000	       11B
  38.84248	   8.64080	   7.50000	       11B
  38.84248	  12.96329	   7.50000	       11B
  41.43198	   4.31831	   7.50000	       11B
  41.43198	   8.64080	   7.50000	       10B
  41.43198	  12.96329	   7.50000	       11B
  44.02148	   4.31831	   7.50000	       11B
  44.02148	   8.64080	   7.50000	       11B
  44.02148	  12.96329	   7.50000	       11B
  24.60024	   3.60870	   7.50000	       14N
  24.60024	   7.93119	   7.50000	       14N
  24.60024	  12.25368	   7.50000	       14N
  27.18974	   3.60870	   7.50000	       14N
  27.18974	   7.93119	   7.50000	       14N
  27.18974	  12.25368	   7.50000	       14N
  29.77924	   3.60870	   7.50000	       14N
  29.77924	   7.93119	   7.50000	       14N
  29.77924	  12.25368	   7.50000	       14N
  32.36874	   3.60870	   7.50000	       14N
  32.36874	   7.93119	   7.50000	       14N
  32.36874	  12.25368	   7.50000	       14N
  34.95824	   3.60870	   7.50000	       14N
  34.95824	   7.93119	   7.50000	       14N
  34.95824	  12.25368	   7.50000	       14N
  37.54773	   3.60870	   7.50000	       14N
  37.54773	   7.93119	   7.50000	       14N
  37.54773	  12.25368	   7.50000	       14N
  40.13723	   3.60870	   7.50000	       14N
  40.13723	   7.93119	   7.50000	       14N
  40.13723	  12.25368	   7.50000	       14N
  42.72673	   3.60870	   7.50000	       14N
  42.72673	   7.93119	   7.50000	       14N
  42.72673	  12.25368	   7.50000	       14N
  45.31623	   3.60870	   7.50000	       14N
  45.31623	   7.93119	   7.50000	       14N
  45.31623	  12.25368	   7.50000	       14N
  23.30549	   1.44746	   7.50000	       14N
  23.30549	   5.76994	   7.50000	       14N
  23.30549	  10.09243	   7.50000	       14N
  25.89499	   1.44746	   7.50000	       14N
  25.89499	   5.76994	   7.50000	       14N
  25.89499	  10.09243	   7.50000	       14N
  28.48449	   1.44746	   7.50000	       14N
  28.48449	   5.76994	   7.50000	       14N
  28.48449	  10.09243	   7.50000	       14N
  31.07399	   1.44746	   7.50000	       14N
  31.07399	   5.76994	   7.50000	       14N
  31.07399	  10.09243	   7.50000	       14N
  33.66349	   1.44746	   7.50000	       14N
  33.66349	   5.76994	   7.50000	       14N
  33.66349	  10.09243	   7.50000	       14N
  36.25298	   1.44746	   7.50000	       14N
  36.25298	   5.76994	   7.50000	       14N
  36.25298	  10.09243	   7.50000	       14N
  38.84248	   1.44746	   7.50000	       14N
  38.84248	   5.76994	   7.50000	       14N
  38.84248	  10.09243	   7.50000	       14N
  41.43198	   1.44746	   7.50000	       14N
  41.43198	   5.76994	   7.50000	       14N
  41.43198	  10.09243	   7.50000	       14N
  44.02148	   1.44746	   7.50000	       14N
  44.02148	   5.76994	   7.50000	       14N
  44.02148	  10.09243	   7.50000	       14N
  24.60024	  15.12453	   7.50000	       11B
  24.60024	  19.44702	   7.50000	       10B
  24.60024	  23.76951	   7.50000	       11B
  27.18974	  15.12453	   7.50000	       11B
  27.18974	  19.44702	   7.50000	       10B
  27.18974	  23.76951	   7.50000	       10B
  29.77924	  15.12453	   7.50000	       11B
  29.77924	  19.44702	   7.50000	       10B
  29.77924	  23.76951	   7.50000	       10B
  32.36874	  15.12453	   7.50000	       11B
  32.36874	  19.44702	   7.50000	       10B
  32.36874	  23.76951	   7.50000	       11B
  34.95824	  15.12453	   7.50000	       11B
  34.95824	  19.44702	   7.50000	       11B
  34.95824	  23.76951	   7.50000	       10B
  37.54773	  15.12453	   7.50000	       11B
  37.54773	  19.44702	   7.50000	       11B
  37.54773	  23.76951	   7.50000	       11B
  40.13723	  15.12453	   7.50000	       11B
  40.13723	  19.44702	   7.50000	       11B
  40.13723	  23.76951	   7.50000	       11B
  42.72673	  15.12453	   7.50000	       11B
  42.72673	  19.44702	   7.50000	       11B
  42.72673	  23.76951	   7.50000	       11B
  45.31623	  15.12453	   7.50000	       11B
  45.31623	  19.44702	   7.50000	       11B
  45.31623	  23.76951	   7.50000	       11B
  23.30549	  17.28577	   7.50000	       11B
  23.30549	  21.60826	   7.50000	       11B
  23.30549	  25.93075	   7.50000	       11B
  25.89499	  17.28577	   7.50000	       11B
  25.89499	  21.60826	   7.50000	       11B
  25.89499	  25.93075	   7.50000	       11B
  28.48449	  17.28577	   7.50000	       11B
  28.48449	  21.60826	   7.50000	       11B
  28.48449	  25.93075	   7.50000	       10B
  31.07399	  17.28577	   7.50000	       10B
  31.07399	  21.60826	   7.50000	       11B
  31.07399	  25.93075	   7.50000	       11B
  33.66349	  17.28577	   7.50000	       10B
  33.66349	  21.60826	   7.50000	       11B
  33.66349	  25.93075	   7.50000	       11B
  36.25298	  17.28577	   7.50000	       11B
  36.25298	  21.60826	   7.50000	       11B
  36.25298	  25.93075	   7.50000	       11B
  38.84248	  17.28577	   7.50000	       11B
  38.84248	  21.60826	   7.50000	       11B
  38.84248	  25.93075	   7.50000	       11B
  41.43198	  17.28577	   7.50000	       11B
  41.43198	  21.60826	   7.50000	       11B
  41.43198	  25.93075	   7.50000	       11B
  44.02148	  17.28577	   7.50000	       11B
  44.02148	  21.60826	   7.50000	       11B
  44.02148	  25.93075	   7.50000	       11B
  24.60024	  16.57617	   7.50000	       14N
  24.60024	  20.89865	   7.50000	       14N
  24.60024	  25.22114	   7.50000	       14N
  27.18974	  16.57617	   7.50000	       14N
  27.18974	  20.89865	   7.50000	       14N
  27.18974	  25.22114	   7.50000	       14N
  29.77924	  16.57617	   7.50000	       14N
  29.77924	  20.89865	   7.50000	       14N
  29.77924	  25.22114	   7.50000	       14N
  32.36874	  16.57617	   7.50000	       14N
  32.36874	  20.89865	   7.50000	       14N
  32.36874	  25.22114	   7.50000	       14N
  34.95824	  16.57617	   7.50000	       14N
  34.95824	  20.89865	   7.50000	       14N
  34.95824	  25.22114	   7.50000	       14N
  37.54773	  16.57617	   7.50000	       14N
  37.54773	  20.89865	   7.50000	       14N
  37.54773	  25.22114	   7.50000	       14N
  40.13723	  16.57617	   7.50000	       14N
  40.13723	  20.89865	   7.50000	       14N
  40.13723	  25.22114	   7.50000	       14N
  42.72673	  16.57617	   7.50000	       14N
  42.72673	  20.89865	   7.50000	       14N
  42.72673	  25.22114	   7.50000	       14N
  45.31623	  16.57617	   7.50000	       14N
  45.31623	  20.89865	   7.50000	       14N
  45.31623	  25.22114	   7.50000	       14N
  23.30549	  14.41492	   7.50000	       14N
  23.30549	  18.73741	   7.50000	       14N
  23.30549	  23.05990	   7.50000	       14N
  25.89499	  14.41492	   7.50000	       14N
  25.89499	  18.73741	   7.50000	       14N
  25.89499	  23.05990	   7.50000	       14N
  28.48449	  14.41492	   7.50000	       14N
  28.48449	  18.73741	   7.50000	       14N
  28.48449	  23.05990	   7.50000	       14N
  31.07399	  14.41492	   7.50000	       14N
  31.07399	  18.73741	   7.50000	       14N
  31.07399	  23.05990	   7.50000	       14N
  33.66349	  14.41492	   7.50000	       14N
  33.66349	  18.73741	   7.50000	       14N
  33.66349	  23.05990	   7.50000	       14N
  36.25298	  14.41492	   7.50000	       14N
  36.25298	  18.73741	   7.50000	       14N
  36.25298	  23.05990	   7.50000	       14N
  38.84248	  14.41492	   7.50000	       14N
  38.84248	  18.73741	   7.50000	       14N
  38.84248	  23.05990	   7.50000	       14N
  41.43198	  14.41492	   7.50000	       14N
  41.43198	  18.73741	   7.50000	       14N
  41.43198	  23.05990	   7.50000	       14N
  44.02148	  14.41492	   7.50000	       14N
  44.02148	  18.73741	   7.50000	       14N
  44.02148	  23.05990	   7.50000	       14N
  24.60024	  28.09200	   7.50000	       10B
  24.60024	  32.41449	   7.50000	       11B
  24.60024	  36.73698	   7.50000	       11B
  27.18974	  28.09200	   7.50000	       11B
  27.18974	  32.41449	   7.50000	       11B
  27.18974	  36.73698	   7.50000	       11B
  29.77924	  28.09200	   7.50000	       11B
  29.77924	  32.41449	   7.50000	       11B
  29.77924	  36.73698	   7.50000	       10B
  32.36874	  28.09200	   7.50000	       11B
  32.36874	  32.41449	   7.50000	       11B
  32.36874	  36.73698	   7.50000	       10B
  34.95824	  28.09200	   7.50000	       11B
  34.95824	  32.41449	   7.50000	       11B
  34.95824	  36.73698	   7.50000	       11B
  37.54773	  28.09200	   7.50000	       11B
  37.54773	  32.41449	   7.50000	       11B
  37.54773	  36.73698	   7.50000	       11B
  40.13723	  28.09200	   7.50000	       11B
  40.13723	  32.41449	   7.50000	       11B
  40.13723	  36.73698	   7.50000	       11B
  42.72673	  28.09200	   7.50000	       11B
  42.72673	  32.41449	   7.50000	       11B
  42.72673	  36.73698	   7.50000	       11B
  45.31623	  28.09200	   7.50000	       11B
  45.31623	  32.41449	   7.50000	       11B
  45.31623	  36.73698	   7.50000	       11B
  23.30549	  30.25324	   7.50000	       10B
  23.30549	  34.57573	   7.50000	       11B
  23.30549	  38.89822	   7.50000	       11B
  25.89499	  30.25324	   7.50000	       11B
  25.89499	  34.57573	   7.50000	       10B
  25.89499	  38.89822	   7.50000	       11B
  28.48449	  30.25324	   7.50000	       10B
  28.48449	  34.57573	   7.50000	       11B
  28.48449	  38.89822	   7.50000	       11B
  31.07399	  30.25324	   7.50000	       11B
  31.07399	  34.57573	   7.50000	       11B
  31.07399	  38.89822	   7.50000	       11B
  33.66349	  30.25324	   7.50000	       10B
  33.66349	  34.57573	   7.50000	       11B
  33.66349	  38.89822	   7.50000	       11B
  36.25298	  30.25324	   7.50000	       11B
  36.25298	  34.57573	   7.50000	       11B
  36.25298	  38.89822	   7.50000	       10B
  38.84248	  30.25324	   7.50000	       11B
  38.84248	  34.57573	   7.50000	       10B
  38.84248	  38.89822	   7.50000	       11B
  41.43198	  30.25324	   7.50000	       11B
  41.43198	  34.57573	   7.50000	       11B
  41.43198	  38.89822	   7.50000	       11B
  44.02148	  30.25324	   7.50000	       10B
  44.02148	  34.57573	   7.50000	       11B
  44.02148	  38.89822	   7.50000	       11B
  24.60024	  29.54363	   7.50000	       14N
  24.60024	  33.86612	   7.50000	       14N
  24.60024	  38.18861	   7.50000	       14N
  27.18974	  29.54363	   7.50000	       14N
  27.18974	  33.86612	   7.50000	       14N
  27.18974	  38.18861	   7.50000	       14N
  29.77924	  29.54363	   7.50000	       14N
  29.77924	  33.86612	   7.50000	       14N
  29.77924	  38.18861	   7.50000	       14N
  32.36874	  29.54363	   7.50000	       14N
  32.36874	  33.86612	   7.50000	       14N
  32.36874	  38.18861	   7.50000	       14N
  34.95824	  29.54363	   7.50000	       14N
  34.95824	  33.86612	   7.50000	       14N
  34.95824	  38.18861	   7.50000	       14N
  37.54773	  29.54363	   7.50000	       14N
  37.54773	  33.86612	   7.50000	       14N
  37.54773	  38.18861	   7.50000	       14N
  40.13723	  29.54363	   7.50000	       14N
  40.13723	  33.86612	   7.50000	       14N
  40.13723	  38.18861	   7.50000	       14N
  42.72673	  29.54363	   7.50000	       14N
  42.72673	  33.86612	   7.50000	       14N
  42.72673	  38.18861	   7.50000	       14N
  45.31623	  29.54363	   7.50000	       14N
  45.31623	  33.86612	   7.50000	       14N
  45.31623	  38.18861	   7.50000	       14N
  23.30549	  27.38239	   7.50000	       14N
  23.30549	  31.70487	   7.50000	       14N
  23.30549	  36.02736	   7.50000	       14N
  25.89499	  27.38239	   7.50000	       14N
  25.89499	  31.70487	   7.50000	       14N
  25.89499	  36.02736	   7.50000	       14N
  28.48449	  27.38239	   7.50000	       14N
  28.48449	  31.70487	   7.50000	       14N
  28.48449	  36.02736	   7.50000	       14N
  31.07399	  27.38239	   7.50000	       14N
  31.07399	  31.70487	   7.50000	       14N
  31.07399	  36.02736	   7.50000	       14N
  33.66349	  27.38239	   7.50000	       14N
  33.66349	  31.70487	   7.50000	       14N
  33.66349	  36.02736	   7.50000	       14N
  36.25298	  27.38239	   7.50000	       15N
  36.25298	  31.70487	   7.50000	       14N
  36.25298	  36.02736	   7.50000	       14N
  38.84248	  27.38239	   7.50000	       14N
  38.84248	  31.70487	   7.50000	       14N
  38.84248	  36.02736	   7.50000	       14N
  41.43198	  27.38239	   7.50000	       14N
  41.43198	  31.70487	   7.50000	       14N
  41.43198	  36.02736	   7.50000	       14N
  44.02148	  27.38239	   7.50000	       14N
  44.02148	  31.70487	   7.50000	       14N
  44.02148	  36.02736	   7.50000	       14N
  24.59782	  41.05233	   7.50000	       11B
  24.59633	  45.37599	   7.50000	       10B
  24.59911	  49.69809	   7.50000	       10B
  27.18435	  41.05456	   7.50000	       11B
  27.17814	  45.37827	   7.50000	       11B
  27.18747	  49.70039	   7.50000	       11B
  29.77127	  41.05853	   7.50000	       11B
  29.75463	  45.38343	   7.50000	       11B
  29.77756	  49.70601	   7.50000	       10B
  32.36258	  41.06734	   7.50000	       11B
  32.33303	  45.39455	   7.50000	       10B
  32.37226	  49.70806	   7.50000	       11B
  34.95824	  41.08523	   7.50000	       11B
  34.95824	  49.70622	   7.50000	       10B
  37.55389	  41.06734	   7.50000	       11B
  37.58344	  45.39455	   7.50000	       10B
  37.54421	  49.70806	   7.50000	       11B
  40.14520	  41.05853	   7.50000	       11B
  40.16184	  45.38343	   7.50000	       11B
  40.13891	  49.70601	   7.50000	       11B
  42.73212	  41.05456	   7.50000	       11B
  42.73833	  45.37827	   7.50000	       11B
  42.72900	  49.70039	   7.50000	       11B
  45.31865	  41.05233	   7.50000	       11B
  45.32014	  45.37599	   7.50000	       11B
  45.31736	  49.69809	   7.50000	       10B
  23.30549	  43.21349	   7.50000	       10B
  23.30549	  47.53679	   7.50000	       11B
  23.30549	  51.85799	   7.50000	       11B
  25.88896	  43.21563	   7.50000	       11B
  25.89139	  47.53907	   7.50000	       11B
  25.89281	  51.85982	   7.50000	       11B
  28.47319	  43.21685	   7.50000	       11B
  28.47834	  47.54267	   7.50000	       11B
  28.48107	  51.86284	   7.50000	       11B
  31.05879	  43.22382	   7.50000	       11B
  31.06867	  47.54842	   7.50000	       11B
  31.07243	  51.86810	   7.50000	       11B
  33.66207	  43.24802	   7.50000	       11B
  33.67187	  47.52179	   7.50000	       11B
  33.66531	  51.87872	   7.50000	       10B
  36.25441	  43.24802	   7.50000	       11B
  36.24460	  47.52179	   7.50000	       11B
  36.25116	  51.87872	   7.50000	       10B
  38.85768	  43.22382	   7.50000	       10B
  38.84780	  47.54842	   7.50000	       11B
  38.84404	  51.86810	   7.50000	       11B
  41.44328	  43.21685	   7.50000	       11B
  41.43814	  47.54267	   7.50000	       11B
  41.43540	  51.86284	   7.50000	       10B
  44.02751	  43.21563	   7.50000	       11B
  44.02508	  47.53907	   7.50000	       11B
  44.02366	  51.85982	   7.50000	       11B
  24.59570	  42.50320	   7.50000	       14N
  24.59632	  46.82743	   7.50000	       14N
  24.59752	  51.14915	   7.50000	       14N
  27.17623	  42.50455	   7.50000	       14N
  27.17762	  46.83039	   7.50000	       14N
  27.18235	  51.15184	   7.50000	       14N
  29.75773	  42.50601	   7.50000	       14N
  29.75858	  46.83716	   7.50000	       14N
  29.77041	  51.15788	   7.50000	       14N
  32.34348	  42.50751	   7.50000	       14N
  32.33986	  46.84844	   7.50000	       14N
  32.36492	  51.16480	   7.50000	       14N
  34.95824	  42.52559	   7.50000	       14N
  34.95824	  51.16668	   7.50000	       14N
  37.57299	  42.50751	   7.50000	       14N
  37.57661	  46.84844	   7.50000	       14N
  37.55155	  51.16480	   7.50000	       14N
  40.15874	  42.50601	   7.50000	       14N
  40.15789	  46.83716	   7.50000	       14N
  40.14606	  51.15788	   7.50000	       14N
  42.74024	  42.50455	   7.50000	       14N
  42.73885	  46.83039	   7.50000	       14N
  42.73412	  51.15184	   7.50000	       14N
  45.32077	  42.50320	   7.50000	       14N
  45.32015	  46.82743	   7.50000	       14N
  45.31895	  51.14915	   7.50000	       14N
  23.30549	  40.34154	   7.50000	       14N
  23.30549	  44.66459	   7.50000	       14N
  23.30549	  48.98815	   7.50000	       14N
  25.88837	  40.34292	   7.50000	       14N
  25.88357	  44.66615	   7.50000	       14N
  25.88941	  48.99031	   7.50000	       14N
  28.47261	  40.34535	   7.50000	       14N
  28.45861	  44.66782	   7.50000	       14N
  28.47463	  48.99542	   7.50000	       14N
  31.06157	  40.34995	   7.50000	       14N
  31.02235	  44.67125	   7.50000	       14N
  31.06295	  49.00480	   7.50000	       14N
  33.66020	  40.36067	   7.50000	       14N
  33.65813	  49.00592	   7.50000	       14N
  36.25627	  40.36067	   7.50000	       14N
  36.25834	  49.00592	   7.50000	       14N
  38.85490	  40.34995	   7.50000	       14N
  38.89412	  44.67125	   7.50000	       14N
  38.85352	  49.00480	   7.50000	       14N
  41.44386	  40.34535	   7.50000	       14N
  41.45786	  44.66782	   7.50000	       14N
  41.44184	  48.99542	   7.50000	       14N
  44.02810	  40.34292	   7.50000	       14N
  44.03290	  44.66615	   7.50000	       14N
  44.02706	  48.99031	   7.50000	       14N
  36.40165	  44.63567	   7.50000	       14N
  33.51482	  44.63567	   7.50000	       14N
  34.95824	  46.91495	   7.50000	       14N
  24.60024	  54.02693	   7.50000	       11B
  24.60024	  58.34942	   7.50000	       11B
  24.60024	  62.67191	   7.50000	       11B
  27.18974	  54.02693	   7.50000	       11B
  27.18974	  58.34942	   7.50000	       11B
  27.18974	  62.67191	   7.50000	       11B
  29.77924	  54.02693	   7.50000	       11B
  29.77924	  58.34942	   7.50000	       11B
  29.77924	  62.67191	   7.50000	       11B
  32.36874	  54.02693	   7.50000	       11B
  32.36874	  58.34942	   7.50000	       11B
  32.36874	  62.67191	   7.50000	       11B
  34.95824	  54.02693	   7.50000	       10B
  34.95824	  58.34942	   7.50000	       10B
  34.95824	  62.67191	   7.50000	       11B
  37.54773	  54.02693	   7.50000	       11B
  37.54773	  58.34942	   7.50000	       11B
  37.54773	  62.67191	   7.50000	       11B
  40.13723	  54.02693	   7.50000	       11B
  40.13723	  58.34942	   7.50000	       11B
  40.13723	  62.67191	   7.50000	       11B
  42.72673	  54.02693	   7.50000	       11B
  42.72673	  58.34942	   7.50000	       11B
  42.72673	  62.67191	   7.50000	       11B
  45.31623	  54.02693	   7.50000	       10B
  45.31623	  58.34942	   7.50000	       11B
  45.31623	  62.67191	   7.50000	       10B
  23.30549	  56.18817	   7.50000	       10B
  23.30549	  60.51066	   7.50000	       11B
  23.30549	  64.83315	   7.50000	       10B
  25.89499	  56.18817	   7.50000	       11B
  25.89499	  60.51066	   7.50000	       11B
  25.89499	  64.83315	   7.50000	       11B
  28.48449	  56.18817	   7.50000	       11B
  28.48449	  60.51066	   7.50000	       11B
  28.48449	  64.83315	   7.50000	       11B
  31.07399	  56.18817	   7.50000	       11B
  31.07399	  60.51066	   7.50000	       11B
  31.07399	  64.83315	   7.50000	       11B
  33.66349	  56.18817	   7.50000	       11B
  33.66349	  60.51066	   7.50000	       10B
  33.66349	  64.83315	   7.50000	       11B
  36.25298	  56.18817	   7.50000	       11B
  36.25298	  60.51066	   7.50000	       10B
  36.25298	  64.83315	   7.50000	       11B
  38.84248	  56.18817	   7.50000	       11B
  38.84248	  60.51066	   7.50000	       11B
  38.84248	  64.83315	   7.50000	       11B
  41.43198	  56.18817	   7.50000	       11B
  41.43198	  60.51066	   7.50000	       11B
  41.43198	  64.83315	   7.50000	       11B
  44.02148	  56.18817	   7.50000	       10B
  44.02148	  60.51066	   7.50000	       11B
  44.02148	  64.83315	   7.50000	       11B
  24.60024	  55.47856	   7.50000	       14N
  24.60024	  59.80105	   7.50000	       14N
  24.60024	  64.12354	   7.50000	       14N
  27.18974	  55.47856	   7.50000	       14N
  27.18974	  59.80105	   7.50000	       14N
  27.18974	  64.12354	   7.50000	       14N
  29.77924	  55.47856	   7.50000	       14N
  29.77924	  59.80105	   7.50000	       14N
  29.77924	  64.12354	   7.50000	       14N
  32.36874	  55.47856	   7.50000	       14N
  32.36874	  59.80105	   7.50000	       14N
  32.36874	  64.12354	   7.50000	       14N
  34.95824	  55.47856	   7.50000	       14N
  34.95824	  59.80105	   7.50000	       14N
  34.95824	  64.12354	   7.50000	       14N
  37.54773	  55.47856	   7.50000	       14N
  37.54773	  59.80105	   7.50000	       14N
  37.54773	  64.12354	   7.50000	       14N
  40.13723	  55.47856	   7.50000	       14N
  40.13723	  59.80105	   7.50000	       14N
  40.13723	  64.12354	   7.50000	       14N
  42.72673	  55.47856	   7.50000	       14N
  42.72673	  59.80105	   7.50000	       14N
  42.72673	  64.12354	   7.50000	       14N
  45.31623	  55.47856	   7.50000	       14N
  45.31623	  59.80105	   7.50000	       14N
  45.31623	  64.12354	   7.50000	       14N
  23.30549	  53.31732	   7.50000	       14N
  23.30549	  57.63980	   7.50000	       14N
  23.30549	  61.96229	   7.50000	       14N
  25.89499	  53.31732	   7.50000	       14N
  25.89499	  57.63980	   7.50000	       14N
  25.89499	  61.96229	   7.50000	       14N
  28.48449	  53.31732	   7.50000	       14N
  28.48449	  57.63980	   7.50000	       14N
  28.48449	  61.96229	   7.50000	       14N
  31.07399	  53.31732	   7.50000	       14N
  31.07399	  57.63980	   7.50000	       14N
  31.07399	  61.96229	   7.50000	       14N
  33.66349	  53.31732	   7.50000	       14N
  33.66349	  57.63980	   7.50000	       14N
  33.66349	  61.96229	   7.50000	       14N
  36.25298	  53.31732	   7.50000	       14N
  36.25298	  57.63980	   7.50000	       14N
  36.25298	  61.96229	   7.50000	       14N
  38.84248	  53.31732	   7.50000	       14N
  38.84248	  57.63980	   7.50000	       14N
  38.84248	  61.96229	   7.50000	       14N
  41.43198	  53.31732	   7.50000	       14N
  41.43198	  57.63980	   7.50000	       14N
  41.43198	  61.96229	   7.50000	       14N
  44.02148	  53.31732	   7.50000	       14N
  44.02148	  57.63980	   7.50000	       14N
  44.02148	  61.96229	   7.50000	       14N
  24.60024	  66.99439	   7.50000	       11B
  24.60024	  71.31688	   7.50000	       10B
  24.60024	  75.63937	   7.50000	       11B
  27.18974	  66.99439	   7.50000	       11B
  27.18974	  71.31688	   7.50000	       11B
  27.18974	  75.63937	   7.50000	       11B
  29.77924	  66.99439	   7.50000	       10B
  29.77924	  71.31688	   7.50000	       11B
  29.77924	  75.63937	   7.50000	       11B
  32.36874	  66.99439	   7.50000	       11B
  32.36874	  71.31688	   7.50000	       11B
  32.36874	  75.63937	   7.50000	       11B
  34.95824	  66.99439	   7.50000	       11B
  34.95824	  71.31688	   7.50000	       11B
  34.95824	  75.63937	   7.50000	       11B
  37.54773	  66.99439	   7.50000	       11B
  37.54773	  71.31688	   7.50000	       11B
  37.54773	  75.63937	   7.50000	       11B
  40.13723	  66.99439	   7.50000	       11B
  40.13723	  71.31688	   7.50000	       11B
  40.13723	  75.63937	   7.50000	       10B
  42.72673	  66.99439	   7.50000	       11B
  42.72673	  71.31688	   7.50000	       11B
  42.72673	  75.63937	   7.50000	       11B
  45.31623	  66.99439	   7.50000	       10B
  45.31623	  71.31688	   7.50000	       11B
  45.31623	  75.63937	   7.50000	       11B
  23.30549	  69.15564	   7.50000	       10B
  23.30549	  73.47812	   7.50000	       11B
  23.30549	  77.80061	   7.50000	       11B
  25.89499	  69.15564	   7.50000	       10B
  25.89499	  73.47812	   7.50000	       11B
  25.89499	  77.80061	   7.50000	       11B
  28.48449	  69.15564	   7.50000	       11B
  28.48449	  73.47812	   7.50000	       11B
  28.48449	  77.80061	   7.50000	       11B
  31.07399	  69.15564	   7.50000	       10B
  31.07399	  73.47812	   7.50000	       11B
  31.07399	  77.80061	   7.50000	       11B
  33.66349	  69.15564	   7.50000	       11B
  33.66349	  73.47812	   7.50000	       10B
  33.66349	  77.80061	   7.50000	       10B
  36.25298	  69.15564	   7.50000	       11B
  36.25298	  73.47812	   7.50000	       11B
  36.25298	  77.80061	   7.50000	       11B
  38.84248	  69.15564	   7.50000	       11B
  38.84248	  73.47812	   7.50000	       11B
  38.84248	  77.80061	   7.50000	       10B
  41.43198	  69.15564	   7.50000	       11B
  41.43198	  73.47812	   7.50000	       11B
  41.43198	  77.80061	   7.50000	       11B
  44.02148	  69.15564	   7.50000	       11B
  44.02148	  73.47812	   7.50000	       10B
  44.02148	  77.80061	   7.50000	       10B
  24.60024	  68.44603	   7.50000	       14N
  24.60024	  72.76852	   7.50000	       14N
  24.60024	  77.09100	   7.50000	       14N
  27.18974	  68.44603	   7.50000	       14N
  27.18974	  72.76852	   7.50000	       14N
  27.18974	  77.09100	   7.50000	       14N
  29.77924	  68.44603	   7.50000	       14N
  29.77924	  72.76852	   7.50000	       14N
  29.77924	  77.09100	   7.50000	       14N
  32.36874	  68.44603	   7.50000	       14N
  32.36874	  72.76852	   7.50000	       14N
  32.36874	  77.09100	   7.50000	       14N
  34.95824	  68.44603	   7.50000	       14N
  34.95824	  72.76852	   7.50000	       14N
  34.95824	  77.09100	   7.50000	       14N
  37.54773	  68.44603	   7.50000	       14N
  37.54773	  72.76852	   7.50000	       14N
  37.54773	  77.09100	   7.50000	       14N
  40.13723	  68.44603	   7.50000	       14N
  40.13723	  72.76852	   7.50000	       14N
  40.13723	  77.09100	   7.50000	       14N
  42.72673	  68.44603	   7.50000	       14N
  42.72673	  72.76852	   7.50000	       14N
  42.72673	  77.09100	   7.50000	       14N
  45.31623	  68.44603	   7.50000	       14N
  45.31623	  72.76852	   7.50000	       14N
  45.31623	  77.09100	   7.50000	       14N
  23.30549	  66.28478	   7.50000	       14N
  23.30549	  70.60727	   7.50000	       14N
  23.30549	  74.92976	   7.50000	       14N
  25.89499	  66.28478	   7.50000	       14N
  25.89499	  70.60727	   7.50000	       14N
  25.89499	  74.92976	   7.50000	       14N
  28.48449	  66.28478	   7.50000	       14N
  28.48449	  70.60727	   7.50000	       14N
  28.48449	  74.92976	   7.50000	       14N
  31.07399	  66.28478	   7.50000	       14N
  31.07399	  70.60727	   7.50000	       14N
  31.07399	  74.92976	   7.50000	       14N
  33.66349	  66.28478	   7.50000	       14N
  33.66349	  70.60727	   7.50000	       14N
  33.66349	  74.92976	   7.50000	       14N
  36.25298	  66.28478	   7.50000	       14N
  36.25298	  70.60727	   7.50000	       14N
  36.25298	  74.92976	   7.50000	       14N
  38.84248	  66.28478	   7.50000	       14N
  38.84248	  70.60727	   7.50000	       14N
  38.84248	  74.92976	   7.50000	       14N
  41.43198	  66.28478	   7.50000	       14N
  41.43198	  70.60727	   7.50000	       14N
  41.43198	  74.92976	   7.50000	       14N
  44.02148	  66.28478	   7.50000	       14N
  44.02148	  70.60727	   7.50000	       14N
  44.02148	  74.92976	   7.50000	       14N
  24.60024	  79.96186	   7.50000	       11B
  27.18974	  79.96186	   7.50000	       11B
  29.77924	  79.96186	   7.50000	       11B
  32.36874	  79.96186	   7.50000	       10B
  34.95824	  79.96186	   7.50000	       11B
  37.54773	  79.96186	   7.50000	       11B
  40.13723	  79.96186	   7.50000	       11B
  42.72673	  79.96186	   7.50000	       11B
  45.31623	  79.96186	   7.50000	       10B
  23.30549	  79.25225	   7.50000	       14N
  25.89499	  79.25225	   7.50000	       14N
  28.48449	  79.25225	   7.50000	       14N
  31.07399	  79.25225	   7.50000	       14N
  33.66349	  79.25225	   7.50000	       14N
  36.25298	  79.25225	   7.50000	       14N
  38.84248	  79.25225	   7.50000	       14N
  41.43198	  79.25225	   7.50000	       14N
  44.02148	  79.25225	   7.50000	       14N
  47.90573	   2.15707	   7.50000	       11B
  47.90573	   6.47956	   7.50000	       11B
  47.90573	  10.80205	   7.50000	       11B
  50.49523	   2.15707	   7.50000	       11B
  50.49523	   6.47956	   7.50000	       11B
  50.49523	  10.80205	   7.50000	       11B
  53.08473	   2.15707	   7.50000	       11B
  53.08473	   6.47956	   7.50000	       11B
  53.08473	  10.80205	   7.50000	       11B
  55.67423	   2.15707	   7.50000	       10B
  55.67423	   6.47956	   7.50000	       11B
  55.67423	  10.80205	   7.50000	       10B
  58.26373	   2.15707	   7.50000	       10B
  58.26373	   6.47956	   7.50000	       11B
  58.26373	  10.80205	   7.50000	       10B
  60.85322	   2.15707	   7.50000	       11B
  60.85322	   6.47956	   7.50000	       11B
  60.85322	  10.80205	   7.50000	       11B
  63.44272	   2.15707	   7.50000	       11B
  63.44272	   6.47956	   7.50000	       11B
  63.44272	  10.80205	   7.50000	       10B
  66.03222	   2.15707	   7.50000	       11B
  66.03222	   6.47956	   7.50000	       11B
  66.03222	  10.80205	   7.50000	       11B
  68.62172	   2.15707	   7.50000	       11B
  68.62172	   6.47956	   7.50000	       11B
  68.62172	  10.80205	   7.50000	       11B
  46.61098	   4.31831	   7.50000	       11B
  46.61098	   8.64080	   7.50000	       11B
  46.61098	  12.96329	   7.50000	       11B
  49.20048	   4.31831	   7.50000	       11B
  49.20048	   8.64080	   7.50000	       11B
  49.20048	  12.96329	   7.50000	       11B
  51.78998	   4.31831	   7.50000	       11B
  51.78998	   8.64080	   7.50000	       11B
  51.78998	  12.96329	   7.50000	       11B
  54.37948	   4.31831	   7.50000	       11B
  54.37948	   8.64080	   7.50000	       11B
  54.37948	  12.96329	   7.50000	       11B
  56.96898	   4.31831	   7.50000	       11B
  56.96898	   8.64080	   7.50000	       11B
  56.96898	  12.96329	   7.50000	       11B
  59.55847	   4.31831	   7.50000	       11B
  59.55847	   8.64080	   7.50000	       10B
  59.55847	  12.96329	   7.50000	       11B
  62.14797	   4.31831	   7.50000	       10B
  62.14797	   8.64080	   7.50000	       11B
  62.14797	  12.96329	   7.50000	       10B
  64.73747	   4.31831	   7.50000	       10B
  64.73747	   8.64080	   7.50000	       11B
  64.73747	  12.96329	   7.50000	       11B
  67.32697	   4.31831	   7.50000	       11B
  67.32697	   8.64080	   7.50000	       11B
  67.32697	  12.96329	   7.50000	       11B
  47.90573	   3.60870	   7.50000	       14N
  47.90573	   7.93119	   7.50000	       14N
  47.90573	  12.25368	   7.50000	       14N
  50.49523	   3.60870	   7.50000	       14N
  50.49523	   7.93119	   7.50000	       14N
  50.49523	  12.25368	   7.50000	       14N
  53.08473	   3.60870	   7.50000	       14N
  53.08473	   7.93119	   7.50000	       14N
  53.08473	  12.25368	   7.50000	       14N
  55.67423	   3.60870	   7.50000	       14N
  55.67423	   7.93119	   7.50000	       14N
  55.67423	  12.25368	   7.50000	       14N
  58.26373	   3.60870	   7.50000	       14N
  58.26373	   7.93119	   7.50000	       14N
  58.26373	  12.25368	   7.50000	       14N
  60.85322	   3.60870	   7.50000	       14N
  60.85322	   7.93119	   7.50000	       14N
  60.85322	  12.25368	   7.50000	       14N
  63.44272	   3.60870	   7.50000	       14N
  63.44272	   7.93119	   7.50000	       14N
  63.44272	  12.25368	   7.50000	       14N
  66.03222	   3.60870	   7.50000	       14N
  66.03222	   7.93119	   7.50000	       14N
  66.03222	  12.25368	   7.50000	       14N
  68.62172	   3.60870	   7.50000	       14N
  68.62172	   7.93119	   7.50000	       14N
  68.62172	  12.25368	   7.50000	       14N
  46.61098	   1.44746	   7.50000	       14N
  46.61098	   5.76994	   7.50000	       14N
  46.61098	  10.09243	   7.50000	       14N
  49.20048	   1.44746	   7.50000	       14N
  49.20048	   5.76994	   7.50000	       14N
  49.20048	  10.09243	   7.50000	       14N
  51.78998	   1.44746	   7.50000	       14N
  51.78998	   5.76994	   7.50000	       14N
  51.78998	  10.09243	   7.50000	       14N
  54.37948	   1.44746	   7.50000	       14N
  54.37948	   5.76994	   7.50000	       14N
  54.37948	  10.09243	   7.50000	       14N
  56.96898	   1.44746	   7.50000	       14N
  56.96898	   5.76994	   7.50000	       14N
  56.96898	  10.09243	   7.50000	       14N
  59.55847	   1.44746	   7.50000	       14N
  59.55847	   5.76994	   7.50000	       14N
  59.55847	  10.09243	   7.50000	       14N
  62.14797	   1.44746	   7.50000	       14N
  62.14797	   5.76994	   7.50000	       14N
  62.14797	  10.09243	   7.50000	       14N
  64.73747	   1.44746	   7.50000	       14N
  64.73747	   5.76994	   7.50000	       14N
  64.73747	  10.09243	   7.50000	       14N
  67.32697	   1.44746	   7.50000	       14N
  67.32697	   5.76994	   7.50000	       14N
  67.32697	  10.09243	   7.50000	       14N
  47.90573	  15.12453	   7.50000	       11B
  47.90573	  19.44702	   7.50000	       11B
  47.90573	  23.76951	   7.50000	       10B
  50.49523	  15.12453	   7.50000	       11B
  50.49523	  19.44702	   7.50000	       11B
  50.49523	  23.76951	   7.50000	       11B
  53.08473	  15.12453	   7.50000	       10B
  53.08473	  19.44702	   7.50000	       11B
  53.08473	  23.76951	   7.50000	       10B
  55.67423	  15.12453	   7.50000	       11B
  55.67423	  19.44702	   7.50000	       10B
  55.67423	  23.76951	   7.50000	       11B
  58.26373	  15.12453	   7.50000	       11B
  58.26373	  19.44702	   7.50000	       11B
  58.26373	  23.76951	   7.50000	       11B
  60.85322	  15.12453	   7.50000	       11B
  60.85322	  19.44702	   7.50000	       11B
  60.85322	  23.76951	   7.50000	       10B
  63.44272	  15.12453	   7.50000	       11B
  63.44272	  19.44702	   7.50000	       11B
  63.44272	  23.76951	   7.50000	       11B
  66.03222	  15.12453	   7.50000	       11B
  66.03222	  19.44702	   7.50000	       10B
  66.03222	  23.76951	   7.50000	       11B
  68.62172	  15.12453	   7.50000	       11B
  68.62172	  19.44702	   7.50000	       11B
  68.62172	  23.76951	   7.50000	       11B
  46.61098	  17.28577	   7.50000	       11B
  46.61098	  21.60826	   7.50000	       11B
  46.61098	  25.93075	   7.50000	       11B
  49.20048	  17.28577	   7.50000	       11B
  49.20048	  21.60826	   7.50000	       11B
  49.20048	  25.93075	   7.50000	       11B
  51.78998	  17.28577	   7.50000	       11B
  51.78998	  21.60826	   7.50000	       11B
  51.78998	  25.93075	   7.50000	       11B
  54.37948	  17.28577	   7.50000	       11B
  54.37948	  21.60826	   7.50000	       10B
  54.37948	  25.93075	   7.50000	       11B
  56.96898	  17.28577	   7.50000	       11B
  56.96898	  21.60826	   7.50000	       11B
  56.96898	  25.93075	   7.50000	       11B
  59.55847	  17.28577	   7.50000	       11B
  59.55847	  21.60826	   7.50000	       11B
  59.55847	  25.93075	   7.50000	       11B
  62.14797	  17.28577	   7.50000	       11B
  62.14797	  21.60826	   7.50000	       11B
  62.14797	  25.93075	   7.50000	       11B
  64.73747	  17.28577	   7.50000	       10B
  64.73747	  21.60826	   7.50000	       11B
  64.73747	  25.93075	   7.50000	       11B
  67.32697	  17.28577	   7.50000	       11B
  67.32697	  21.60826	   7.50000	       11B
  67.32697	  25.93075	   7.50000	       11B
  47.90573	  16.57617	   7.50000	       14N
  47.90573	  20.89865	   7.50000	       14N
  47.90573	  25.22114	   7.50000	       14N
  50.49523	  16.57617	   7.50000	       14N
  50.49523	  20.89865	   7.50000	       14N
  50.49523	  25.22114	   7.50000	       14N
  53.08473	  16.57617	   7.50000	       14N
  53.08473	  20.89865	   7.50000	       14N
  53.08473	  25.22114	   7.50000	       14N
  55.67423	  16.57617	   7.50000	       14N
  55.67423	  20.89865	   7.50000	       14N
  55.67423	  25.22114	   7.50000	       14N
  58.26373	  16.57617	   7.50000	       14N
  58.26373	  20.89865	   7.50000	       14N
  58.26373	  25.22114	   7.50000	       14N
  60.85322	  16.57617	   7.50000	       14N
  60.85322	  20.89865	   7.50000	       14N
  60.85322	  25.22114	   7.50000	       14N
  63.44272	  16.57617	   7.50000	       14N
  63.44272	  20.89865	   7.50000	       14N
  63.44272	  25.22114	   7.50000	       14N
  66.03222	  16.57617	   7.50000	       14N
  66.03222	  20.89865	   7.50000	       14N
  66.03222	  25.22114	   7.50000	       14N
  68.62172	  16.57617	   7.50000	       14N
  68.62172	  20.89865	   7.50000	       14N
  68.62172	  25.22114	   7.50000	       14N
  46.61098	  14.41492	   7.50000	       14N
  46.61098	  18.73741	   7.50000	       14N
  46.61098	  23.05990	   7.50000	       14N
  49.20048	  14.41492	   7.50000	       14N
  49.20048	  18.73741	   7.50000	       14N
  49.20048	  23.05990	   7.50000	       14N
  51.78998	  14.41492	   7.50000	       14N
  51.78998	  18.73741	   7.50000	       14N
  51.78998	  23.05990	   7.50000	       14N
  54.37948	  14.41492	   7.50000	       14N
  54.37948	  18.73741	   7.50000	       14N
  54.37948	  23.05990	   7.50000	       14N
  56.96898	  14.41492	   7.50000	       14N
  56.96898	  18.73741	   7.50000	       14N
  56.96898	  23.05990	   7.50000	       14N
  59.55847	  14.41492	   7.50000	       14N
  59.55847	  18.73741	   7.50000	       14N
  59.55847	  23.05990	   7.50000	       14N
  62.14797	  14.41492	   7.50000	       14N
  62.14797	  18.73741	   7.50000	       14N
  62.14797	  23.05990	   7.50000	       14N
  64.73747	  14.41492	   7.50000	       14N
  64.73747	  18.73741	   7.50000	       14N
  64.73747	  23.05990	   7.50000	       14N
  67.32697	  14.41492	   7.50000	       14N
  67.32697	  18.73741	   7.50000	       14N
  67.32697	  23.05990	   7.50000	       14N
  47.90573	  28.09200	   7.50000	       11B
  47.90573	  32.41449	   7.50000	       11B
  47.90573	  36.73698	   7.50000	       10B
  50.49523	  28.09200	   7.50000	       11B
  50.49523	  32.41449	   7.50000	       10B
  50.49523	  36.73698	   7.50000	       10B
  53.08473	  28.09200	   7.50000	       11B
  53.08473	  32.41449	   7.50000	       10B
  53.08473	  36.73698	   7.50000	       11B
  55.67423	  28.09200	   7.50000	       11B
  55.67423	  32.41449	   7.50000	       11B
  55.67423	  36.73698	   7.50000	       11B
  58.26373	  28.09200	   7.50000	       11B
  58.26373	  32.41449	   7.50000	       10B
  58.26373	  36.73698	   7.50000	       10B
  60.85322	  28.09200	   7.50000	       10B
  60.85322	  32.41449	   7.50000	       11B
  60.85322	  36.73698	   7.50000	       11B
  63.44272	  28.09200	   7.50000	       11B
  63.44272	  32.41449	   7.50000	       11B
  63.44272	  36.73698	   7.50000	       11B
  66.03222	  28.09200	   7.50000	       11B
  66.03222	  32.41449	   7.50000	       10B
  66.03222	  36.73698	   7.50000	       11B
  68.62172	  28.09200	   7.50000	       10B
  68.62172	  32.41449	   7.50000	       11B
  68.62172	  36.73698	   7.50000	       11B
  46.61098	  30.25324	   7.50000	       11B
  46.61098	  34.57573	   7.50000	       11B
  46.61098	  38.89822	   7.50000	       11B
  49.20048	  30.25324	   7.50000	       11B
  49.20048	  34.57573	   7.50000	       10B
  49.20048	  38.89822	   7.50000	       11B
  51.78998	  30.25324	   7.50000	       10B
  51.78998	  34.57573	   7.50000	       11B
  51.78998	  38.89822	   7.50000	       11B
  54.37948	  30.25324	   7.50000	       11B
  54.37948	  34.57573	   7.50000	       10B
  54.37948	  38.89822	   7.50000	       11B
  56.96898	  30.25324	   7.50000	       11B
  56.96898	  34.57573	   7.50000	       11B
  56.96898	  38.89822	   7.50000	       11B
  59.55847	  30.25324	   7.50000	       11B
  59.55847	  34.57573	   7.50000	       11B
  59.55847	  38.89822	   7.50000	       11B
  62.14797	  30.25324	   7.50000	       11B
  62.14797	  34.57573	   7.50000	       11B
  62.14797	  38.89822	   7.50000	       10B
  64.73747	  30.25324	   7.50000	       11B
  64.73747	  34.57573	   7.50000	       11B
  64.73747	  38.89822	   7.50000	       11B
  67.32697	  30.25324	   7.50000	       10B
  67.32697	  34.57573	   7.50000	       11B
  67.32697	  38.89822	   7.50000	       10B
  47.90573	  29.54363	   7.50000	       14N
  47.90573	  33.86612	   7.50000	       14N
  47.90573	  38.18861	   7.50000	       14N
  50.49523	  29.54363	   7.50000	       14N
  50.49523	  33.86612	   7.50000	       14N
  50.49523	  38.18861	   7.50000	       14N
  53.08473	  29.54363	   7.50000	       14N
  53.08473	  33.86612	   7.50000	       14N
  53.08473	  38.18861	   7.50000	       14N
  55.67423	  29.54363	   7.50000	       14N
  55.67423	  33.86612	   7.50000	       14N
  55.67423	  38.18861	   7.50000	       14N
  58.26373	  29.54363	   7.50000	       14N
  58.26373	  33.86612	   7.50000	       14N
  58.26373	  38.18861	   7.50000	       14N
  60.85322	  29.54363	   7.50000	       14N
  60.85322	  33.86612	   7.50000	       14N
  60.85322	  38.18861	   7.50000	       14N
  63.44272	  29.54363	   7.50000	       14N
  63.44272	  33.86612	   7.50000	       14N
  63.44272	  38.18861	   7.50000	       14N
  66.03222	  29.54363	   7.50000	       14N
  66.03222	  33.86612	   7.50000	       14N
  66.03222	  38.18861	   7.50000	       14N
  68.62172	  29.54363	   7.50000	       14N
  68.62172	  33.86612	   7.50000	       14N
  68.62172	  38.18861	   7.50000	       14N
  46.61098	  27.38239	   7.50000	       14N
  46.61098	  31.70487	   7.50000	       14N
  46.61098	  36.02736	   7.50000	       14N
  49.20048	  27.38239	   7.50000	       14N
  49.20048	  31.70487	   7.50000	       14N
  49.20048	  36.02736	   7.50000	       14N
  51.78998	  27.38239	   7.50000	       14N
  51.78998	  31.70487	   7.50000	       14N
  51.78998	  36.02736	   7.50000	       14N
  54.37948	  27.38239	   7.50000	       14N
  54.37948	  31.70487	   7.50000	       14N
  54.37948	  36.02736	   7.50000	       14N
  56.96898	  27.38239	   7.50000	       14N
  56.96898	  31.70487	   7.50000	       14N
  56.96898	  36.02736	   7.50000	       14N
  59.55847	  27.38239	   7.50000	       14N
  59.55847	  31.70487	   7.50000	       14N
  59.55847	  36.02736	   7.50000	       14N
  62.14797	  27.38239	   7.50000	       14N
  62.14797	  31.70487	   7.50000	       14N
  62.14797	  36.02736	   7.50000	       14N
  64.73747	  27.38239	   7.50000	       14N
  64.73747	  31.70487	   7.50000	       14N
  64.73747	  36.02736	   7.50000	       14N
  67.32697	  27.38239	   7.50000	       14N
  67.32697	  31.70487	   7.50000	       14N
  67.32697	  36.02736	   7.50000	       14N
  47.90573	  41.05946	   7.50000	       11B
  47.90573	  45.38195	   7.50000	       11B
  47.90573	  49.70444	   7.50000	       11B
  50.49523	  41.05946	   7.50000	       10B
  50.49523	  45.38195	   7.50000	       11B
  50.49523	  49.70444	   7.50000	       11B
  53.08473	  41.05946	   7.50000	       11B
  53.08473	  45.38195	   7.50000	       11B
  53.08473	  49.70444	   7.50000	       11B
  55.67423	  41.05946	   7.50000	       11B
  55.67423	  45.38195	   7.50000	       11B
  55.67423	  49.70444	   7.50000	       10B
  58.26373	  41.05946	   7.50000	       11B
  58.26373	  45.38195	   7.50000	       11B
  58.26373	  49.70444	   7.50000	       11B
  60.85322	  41.05946	   7.50000	       10B
  60.85322	  45.38195	   7.50000	       11B
  60.85322	  49.70444	   7.50000	       11B
  63.44272	  41.05946	   7.50000	       11B
  63.44272	  45.38195	   7.50000	       11B
  63.44272	  49.70444	   7.50000	       11B
  66.03222	  41.05946	   7.50000	       11B
  66.03222	  45.38195	   7.50000	       11B
  66.03222	  49.70444	   7.50000	       11B
  68.62172	  41.05946	   7.50000	       11B
  68.62172	  45.38195	   7.50000	       11B
  68.62172	  49.70444	   7.50000	       11B
  46.61098	  43.22070	   7.50000	       10B
  46.61098	  47.54319	   7.50000	       10B
  46.61098	  51.86568	   7.50000	       11B
  49.20048	  43.22070	   7.50000	       10B
  49.20048	  47.54319	   7.50000	       11B
  49.20048	  51.86568	   7.50000	       11B
  51.78998	  43.22070	   7.50000	       10B
  51.78998	  47.54319	   7.50000	       11B
  51.78998	  51.86568	   7.50000	       11B
  54.37948	  43.22070	   7.50000	       11B
  54.37948	  47.54319	   7.50000	       11B
  54.37948	  51.86568	   7.50000	       11B
  56.96898	  43.22070	   7.50000	       11B
  56.96898	  47.54319	   7.50000	       11B
  56.96898	  51.86568	   7.50000	       11B
  59.55847	  43.22070	   7.50000	       11B
  59.55847	  47.54319	   7.50000	       10B
  59.55847	  51.86568	   7.50000	       11B
  62.14797	  43.22070	   7.50000	       11B
  62.14797	  47.54319	   7.50000	       11B
  62.14797	  51.86568	   7.50000	       10B
  64.73747	  43.22070	   7.50000	       11B
  64.73747	  47.54319	   7.50000	       11B
  64.73747	  51.86568	   7.50000	       11B
  67.32697	  43.22070	   7.50000	       10B
  67.32697	  47.54319	   7.50000	       11B
  67.32697	  51.86568	   7.50000	       11B
  47.90573	  42.51110	   7.50000	       14N
  47.90573	  46.83359	   7.50000	       14N
  47.90573	  51.15607	   7.50000	       14N
  50.49523	  42.51110	   7.50000	       14N
  50.49523	  46.83359	   7.50000	       14N
  50.49523	  51.15607	   7.50000	       14N
  53.08473	  42.51110	   7.50000	       14N
  53.08473	  46.83359	   7.50000	       14N
  53.08473	  51.15607	   7.50000	       14N
  55.67423	  42.51110	   7.50000	       14N
  55.67423	  46.83359	   7.50000	       14N
  55.67423	  51.15607	   7.50000	       14N
  58.26373	  42.51110	   7.50000	       14N
  58.26373	  46.83359	   7.50000	       14N
  58.26373	  51.15607	   7.50000	       14N
  60.85322	  42.51110	   7.50000	       14N
  60.85322	  46.83359	   7.50000	       14N
  60.85322	  51.15607	   7.50000	       14N
  63.44272	  42.51110	   7.50000	       14N
  63.44272	  46.83359	   7.50000	       14N
  63.44272	  51.15607	   7.50000	       14N
  66.03222	  42.51110	   7.50000	       14N
  66.03222	  46.83359	   7.50000	       14N
  66.03222	  51.15607	   7.50000	       14N
  68.62172	  42.51110	   7.50000	       14N
  68.62172	  46.83359	   7.50000	       14N
  68.62172	  51.15607	   7.50000	       14N
  46.61098	  40.34985	   7.50000	       14N
  46.61098	  44.67234	   7.50000	       14N
  46.61098	  48.99483	   7.50000	       14N
  49.20048	  40.34985	   7.50000	       14N
  49.20048	  44.67234	   7.50000	       14N
  49.20048	  48.99483	   7.50000	       14N
  51.78998	  40.34985	   7.50000	       14N
  51.78998	  44.67234	   7.50000	       14N
  51.78998	  48.99483	   7.50000	       14N
  54.37948	  40.34985	   7.50000	       14N
  54.37948	  44.67234	   7.50000	       14N
  54.37948	  48.99483	   7.50000	       14N
  56.96898	  40.34985	   7.50000	       14N
  56.96898	  44.67234	   7.50000	       14N
  56.96898	  48.99483	   7.50000	       14N
  59.55847	  40.34985	   7.50000	       14N
  59.55847	  44.67234	   7.50000	       14N
  59.55847	  48.99483	   7.50000	       14N
  62.14797	  40.34985	   7.50000	       14N
  62.14797	  44.67234	   7.50000	       14N
  62.14797	  48.99483	   7.50000	       14N
  64.73747	  40.34985	   7.50000	       14N
  64.73747	  44.67234	   7.50000	       14N
  64.73747	  48.99483	   7.50000	       14N
  67.32697	  40.34985	   7.50000	       14N
  67.32697	  44.67234	   7.50000	       14N
  67.32697	  48.99483	   7.50000	       14N
  47.90573	  54.02693	   7.50000	       11B
  47.90573	  58.34942	   7.50000	       11B
  47.90573	  62.67191	   7.50000	       11B
  50.49523	  54.02693	   7.50000	       11B
  50.49523	  58.34942	   7.50000	       11B
  50.49523	  62.67191	   7.50000	       11B
  53.08473	  54.02693	   7.50000	       11B
  53.08473	  58.34942	   7.50000	       11B
  53.08473	  62.67191	   7.50000	       11B
  55.67423	  54.02693	   7.50000	       11B
  55.67423	  58.34942	   7.50000	       11B
  55.67423	  62.67191	   7.50000	       11B
  58.26373	  54.02693	   7.50000	       11B
  58.26373	  58.34942	   7.50000	       11B
  58.26373	  62.67191	   7.50000	       11B
  60.85322	  54.02693	   7.50000	       11B
  60.85322	  58.34942	   7.50000	       10B
  60.85322	  62.67191	   7.50000	       11B
  63.44272	  54.02693	   7.50000	       11B
  63.44272	  58.34942	   7.50000	       11B
  63.44272	  62.67191	   7.50000	       11B
  66.03222	  54.02693	   7.50000	       11B
  66.03222	  58.34942	   7.50000	       10B
  66.03222	  62.67191	   7.50000	       11B
  68.62172	  54.02693	   7.50000	       11B
  68.62172	  58.34942	   7.50000	       11B
  68.62172	  62.67191	   7.50000	       11B
  46.61098	  56.18817	   7.50000	       11B
  46.61098	  60.51066	   7.50000	       11B
  46.61098	  64.83315	   7.50000	       11B
  49.20048	  56.18817	   7.50000	       10B
  49.20048	  60.51066	   7.50000	       11B
  49.20048	  64.83315	   7.50000	       11B
  51.78998	  56.18817	   7.50000	       11B
  51.78998	  60.51066	   7.50000	       11B
  51.78998	  64.83315	   7.50000	       11B
  54.37948	  56.18817	   7.50000	       11B
  54.37948	  60.51066	   7.50000	       10B
  54.37948	  64.83315	   7.50000	       10B
  56.96898	  56.18817	   7.50000	       11B
  56.96898	  60.51066	   7.50000	       11B
  56.96898	  64.83315	   7.50000	       11B
  59.55847	  56.18817	   7.50000	       11B
  59.55847	  60.51066	   7.50000	       10B
  59.55847	  64.83315	   7.50000	       11B
  62.14797	  56.18817	   7.50000	       11B
  62.14797	  60.51066	   7.50000	       11B
  62.14797	  64.83315	   7.50000	       11B
  64.73747	  56.18817	   7.50000	       10B
  64.73747	  60.51066	   7.50000	       11B
  64.73747	  64.83315	   7.50000	       11B
  67.32697	  56.18817	   7.50000	       11B
  67.32697	  60.51066	   7.50000	       11B
  67.32697	  64.83315	   7.50000	       10B
  47.90573	  55.47856	   7.50000	       14N
  47.90573	  59.80105	   7.50000	       14N
  47.90573	  64.12354	   7.50000	       14N
  50.49523	  55.47856	   7.50000	       14N
  50.49523	  59.80105	   7.50000	       14N
  50.49523	  64.12354	   7.50000	       14N
  53.08473	  55.47856	   7.50000	       14N
  53.08473	  59.80105	   7.50000	       14N
  53.08473	  64.12354	   7.50000	       14N
  55.67423	  55.47856	   7.50000	       14N
  55.67423	  59.80105	   7.50000	       14N
  55.67423	  64.12354	   7.50000	       14N
  58.26373	  55.47856	   7.50000	       14N
  58.26373	  59.80105	   7.50000	       14N
  58.26373	  64.12354	   7.50000	       14N
  60.85322	  55.47856	   7.50000	       14N
  60.85322	  59.80105	   7.50000	       14N
  60.85322	  64.12354	   7.50000	       14N
  63.44272	  55.47856	   7.50000	       14N
  63.44272	  59.80105	   7.50000	       14N
  63.44272	  64.12354	   7.50000	       14N
  66.03222	  55.47856	   7.50000	       14N
  66.03222	  59.80105	   7.50000	       14N
  66.03222	  64.12354	   7.50000	       14N
  68.62172	  55.47856	   7.50000	       14N
  68.62172	  59.80105	   7.50000	       14N
  68.62172	  64.12354	   7.50000	       14N
  46.61098	  53.31732	   7.50000	       14N
  46.61098	  57.63980	   7.50000	       14N
  46.61098	  61.96229	   7.50000	       14N
  49.20048	  53.31732	   7.50000	       14N
  49.20048	  57.63980	   7.50000	       14N
  49.20048	  61.96229	   7.50000	       14N
  51.78998	  53.31732	   7.50000	       14N
  51.78998	  57.63980	   7.50000	       14N
  51.78998	  61.96229	   7.50000	       14N
  54.37948	  53.31732	   7.50000	       14N
  54.37948	  57.63980	   7.50000	       14N
  54.37948	  61.96229	   7.50000	       14N
  56.96898	  53.31732	   7.50000	       14N
  56.96898	  57.63980	   7.50000	       14N
  56.96898	  61.96229	   7.50000	       15N
  59.55847	  53.31732	   7.50000	       14N
  59.55847	  57.63980	   7.50000	       14N
  59.55847	  61.96229	   7.50000	       14N
  62.14797	  53.31732	   7.50000	       14N
  62.14797	  57.63980	   7.50000	       14N
  62.14797	  61.96229	   7.50000	       14N
  64.73747	  53.31732	   7.50000	       14N
  64.73747	  57.63980	   7.50000	       14N
  64.73747	  61.96229	   7.50000	       14N
  67.32697	  53.31732	   7.50000	       14N
  67.32697	  57.63980	   7.50000	       14N
  67.32697	  61.96229	   7.50000	       14N
  47.90573	  66.99439	   7.50000	       11B
  47.90573	  71.31688	   7.50000	       11B
  47.90573	  75.63937	   7.50000	       11B
  50.49523	  66.99439	   7.50000	       11B
  50.49523	  71.31688	   7.50000	       11B
  50.49523	  75.63937	   7.50000	       10B
  53.08473	  66.99439	   7.50000	       11B
  53.08473	  71.31688	   7.50000	       11B
  53.08473	  75.63937	   7.50000	       11B
  55.67423	  66.99439	   7.50000	       11B
  55.67423	  71.31688	   7.50000	       11B
  55.67423	  75.63937	   7.50000	       11B
  58.26373	  66.99439	   7.50000	       11B
  58.26373	  71.31688	   7.50000	       11B
  58.26373	  75.63937	   7.50000	       11B
  60.85322	  66.99439	   7.50000	       11B
  60.85322	  71.31688	   7.50000	       11B
  60.85322	  75.63937	   7.50000	       11B
  63.44272	  66.99439	   7.50000	       11B
  63.44272	  71.31688	   7.50000	       10B
  63.44272	  75.63937	   7.50000	       11B
  66.03222	  66.99439	   7.50000	       11B
  66.03222	  71.31688	   7.50000	       11B
  66.03222	  75.63937	   7.50000	       11B
  68.62172	  66.99439	   7.50000	       11B
  68.62172	  71.31688	   7.50000	       11B
  68.62172	  75.63937	   7.50000	       11B
  46.61098	  69.15564	   7.50000	       10B
  46.61098	  73.47812	   7.50000	       11B
  46.61098	  77.80061	   7.50000	       10B
  49.20048	  69.15564	   7.50000	       11B
  49.20048	  73.47812	   7.50000	       11B
  49.20048	  77.80061	   7.50000	       11B
  51.78998	  69.15564	   7.50000	       11B
  51.78998	  73.47812	   7.50000	       11B
  51.78998	  77.80061	   7.50000	       11B
  54.37948	  69.15564	   7.50000	       11B
  54.37948	  73.47812	   7.50000	       11B
  54.37948	  77.80061	   7.50000	       11B
  56.96898	  69.15564	   7.50000	       10B
  56.96898	  73.47812	   7.50000	       11B
  56.96898	  77.80061	   7.50000	       11B
  59.55847	  69.15564	   7.50000	       11B
  59.55847	  73.47812	   7.50000	       11B
  59.55847	  77.80061	   7.50000	       11B
  62.14797	  69.15564	   7.50000	       11B
  62.14797	  73.47812	   7.50000	       10B
  62.14797	  77.80061	   7.50000	       11B
  64.73747	  69.15564	   7.50000	       11B
  64.73747	  73.47812	   7.50000	       11B
  64.73747	  77.80061	   7.50000	       10B
  67.32697	  69.15564	   7.50000	       11B
  67.32697	  73.47812	   7.50000	       11B
  67.32697	  77.80061	   7.50000	       11B
  47.90573	  68.44603	   7.50000	       14N
  47.90573	  72.76852	   7.50000	       14N
  47.90573	  77.09100	   7.50000	       14N
  50.49523	  68.44603	   7.50000	       14N
  50.49523	  72.76852	   7.50000	       14N
  50.49523	  77.09100	   7.50000	       14N
  53.08473	  68.44603	   7.50000	       14N
  53.08473	  72.76852	   7.50000	       14N
  53.08473	  77.09100	   7.50000	       14N
  55.67423	  68.44603	   7.50000	       14N
  55.67423	  72.76852	   7.50000	       14N
  55.67423	  77.09100	   7.50000	       14N
  58.26373	  68.44603	   7.50000	       14N
  58.26373	  72.76852	   7.50000	       14N
  58.26373	  77.09100	   7.50000	       14N
  60.85322	  68.44603	   7.50000	       14N
  60.85322	  72.76852	   7.50000	       14N
  60.85322	  77.09100	   7.50000	       14N
  63.44272	  68.44603	   7.50000	       14N
  63.44272	  72.76852	   7.50000	       14N
  63.44272	  77.09100	   7.50000	       14N
  66.03222	  68.44603	   7.50000	       14N
  66.03222	  72.76852	   7.50000	       14N
  66.03222	  77.09100	   7.50000	       14N
  68.62172	  68.44603	   7.50000	       14N
  68.62172	  72.76852	   7.50000	       14N
  68.62172	  77.09100	   7.50000	       14N
  46.61098	  66.28478	   7.50000	       14N
  46.61098	  70.60727	   7.50000	       14N
  46.61098	  74.92976	   7.50000	       14N
  49.20048	  66.28478	   7.50000	       14N
  49.20048	  70.60727	   7.50000	       14N
  49.20048	  74.92976	   7.50000	       14N
  51.78998	  66.28478	   7.50000	       14N
  51.78998	  70.60727	   7.50000	       14N
  51.78998	  74.92976	   7.50000	       14N
  54.37948	  66.28478	   7.50000	       14N
  54.37948	  70.60727	   7.50000	       14N
  54.37948	  74.92976	   7.50000	       14N
  56.96898	  66.28478	   7.50000	       14N
  56.96898	  70.60727	   7.50000	       14N
  56.96898	  74.92976	   7.50000	       14N
  59.55847	  66.28478	   7.50000	       14N
  59.55847	  70.60727	   7.50000	       14N
  59.55847	  74.92976	   7.50000	       14N
  62.14797	  66.28478	   7.50000	       14N
  62.14797	  70.60727	   7.50000	       14N
  62.14797	  74.92976	   7.50000	       14N
  64.73747	  66.28478	   7.50000	       14N
  64.73747	  70.60727	   7.50000	       14N
  64.73747	  74.92976	   7.50000	       14N
  67.32697	  66.28478	   7.50000	       14N
  67.32697	  70.60727	   7.50000	       14N
  67.32697	  74.92976	   7.50000	       14N
  47.90573	  79.96186	   7.50000	       11B
  50.49523	  79.96186	   7.50000	       11B
  53.08473	  79.96186	   7.50000	       11B
  55.67423	  79.96186	   7.50000	       11B
  58.26373	  79.96186	   7.50000	       11B
  60.85322	  79.96186	   7.50000	       10B
  63.44272	  79.96186	   7.50000	       10B
  66.03222	  79.96186	   7.50000	       11B
  68.62172	  79.96186	   7.50000	       11B
  46.61098	  79.25225	   7.50000	       14N
  49.20048	  79.25225	   7.50000	       14N
  51.78998	  79.25225	   7.50000	       14N
  54.37948	  79.25225	   7.50000	       14N
  56.96898	  79.25225	   7.50000	       14N
  59.55847	  79.25225	   7.50000	       14N
  62.14797	  79.25225	   7.50000	       14N
  64.73747	  79.25225	   7.50000	       14N
  67.32697	  79.25225	   7.50000	       14N
  71.21122	   2.15707	   7.50000	       11B
  71.21122	   6.47956	   7.50000	       10B
  71.21122	  10.80205	   7.50000	       10B
  73.80072	   2.15707	   7.50000	       10B
  73.80072	   6.47956	   7.50000	       10B
  73.80072	  10.80205	   7.50000	       11B
  76.39022	   2.15707	   7.50000	       11B
  76.39022	   6.47956	   7.50000	       11B
  76.39022	  10.80205	   7.50000	       11B
  78.97972	   2.15707	   7.50000	       11B
  78.97972	   6.47956	   7.50000	       10B
  78.97972	  10.80205	   7.50000	       11B
  69.91647	   4.31831	   7.50000	       11B
  69.91647	   8.64080	   7.50000	       11B
  69.91647	  12.96329	   7.50000	       11B
  72.50597	   4.31831	   7.50000	       11B
  72.50597	   8.64080	   7.50000	       11B
  72.50597	  12.96329	   7.50000	       11B
  75.09547	   4.31831	   7.50000	       11B
  75.09547	   8.64080	   7.50000	       11B
  75.09547	  12.96329	   7.50000	       11B
  77.68497	   4.31831	   7.50000	       10B
  77.68497	   8.64080	   7.50000	       11B
  77.68497	  12.96329	   7.50000	       11B
  71.21122	   3.60870	   7.50000	       14N
  71.21122	   7.93119	   7.50000	       14N
  71.21122	  12.25368	   7.50000	       14N
  73.80072	   3.60870	   7.50000	       14N
  73.80072	   7.93119	   7.50000	       14N
  73.80072	  12.25368	   7.50000	       14N
  76.39022	   3.60870	   7.50000	       14N
  76.39022	   7.93119	   7.50000	       14N
  76.39022	  12.25368	   7.50000	       14N
  78.97972	   3.60870	   7.50000	       14N
  78.97972	   7.93119	   7.50000	       14N
  78.97972	  12.25368	   7.50000	       14N
  69.91647	   1.44746	   7.50000	       14N
  69.91647	   5.76994	   7.50000	       14N
  69.91647	  10.09243	   7.50000	       14N
  72.50597	   1.44746	   7.50000	       14N
  72.50597	   5.76994	   7.50000	       14N
  72.50597	  10.09243	   7.50000	       14N
  75.09547	   1.44746	   7.50000	       14N
  75.09547	   5.76994	   7.50000	       14N
  75.09547	  10.09243	   7.50000	       15N
  77.68497	   1.44746	   7.50000	       14N
  77.68497	   5.76994	   7.50000	       14N
  77.68497	  10.09243	   7.50000	       14N
  71.21122	  15.12453	   7.50000	       10B
  71.21122	  19.44702	   7.50000	       10B
  71.21122	  23.76951	   7.50000	       11B
  73.80072	  15.12453	   7.50000	       11B
  73.80072	  19.44702	   7.50000	       11B
  73.80072	  23.76951	   7.50000	       11B
  76.39022	  15.12453	   7.50000	       11B
  76.39022	  19.44702	   7.50000	       11B
  76.39022	  23.76951	   7.50000	       10B
  78.97972	  15.12453	   7.50000	       11B
  78.97972	  19.44702	   7.50000	       11B
  78.97972	  23.76951	   7.50000	       11B
  69.91647	  17.28577	   7.50000	       11B
  69.91647	  21.60826	   7.50000	       11B
  69.91647	  25.93075	   7.50000	       10B
  72.50597	  17.28577	   7.50000	       10B
  72.50597	  21.60826	   7.50000	       11B
  72.50597	  25.93075	   7.50000	       10B
  75.09547	  17.28577	   7.50000	       11B
  75.09547	  21.60826	   7.50000	       10B
  75.09547	  25.93075	   7.50000	       10B
  77.68497	  17.28577	   7.50000	       11B
  77.68497	  21.60826	   7.50000	       11B
  77.68497	  25.93075	   7.50000	       11B
  71.21122	  16.57617	   7.50000	       14N
  71.21122	  20.89865	   7.50000	       14N
  71.21122	  25.22114	   7.50000	       14N
  73.80072	  16.57617	   7.50000	       14N
  73.80072	  20.89865	   7.50000	       14N
  73.80072	  25.22114	   7.50000	       14N
  76.39022	  16.57617	   7.50000	       14N
  76.39022	  20.89865	   7.50000	       14N
  76.39022	  25.22114	   7.50000	       14N
  78.97972	  16.57617	   7.50000	       14N
  78.97972	  20.89865	   7.50000	       14N
  78.97972	  25.22114	   7.50000	       14N
  69.91647	  14.41492	   7.50000	       14N
  69.91647	  18.73741	   7.50000	       14N
  69.91647	  23.05990	   7.50000	       14N
  72.50597	  14.41492	   7.50000	       14N
  72.50597	  18.73741	   7.50000	       14N
  72.50597	  23.05990	   7.50000	       14N
  75.09547	  14.41492	   7.50000	       14N
  75.09547	  18.73741	   7.50000	       14N
  75.09547	  23.05990	   7.50000	       14N
  77.68497	  14.41492	   7.50000	       14N
  77.68497	  18.73741	   7.50000	       14N
  77.68497	  23.05990	   7.50000	       14N
  71.21122	  28.09200	   7.50000	       11B
  71.21122	  32.41449	   7.50000	       11B
  71.21122	  36.73698	   7.50000	       11B
  73.80072	  28.09200	   7.50000	       11B
  73.80072	  32.41449	   7.50000	       11B
  73.80072	  36.73698	   7.50000	       11B
  76.39022	  28.09200	   7.50000	       11B
  76.39022	  32.41449	   7.50000	       10B
  76.39022	  36.73698	   7.50000	       11B
  78.97972	  28.09200	   7.50000	       11B
  78.97972	  32.41449	   7.50000	       11B
  78.97972	  36.73698	   7.50000	       11B
  69.91647	  30.25324	   7.50000	       10B
  69.91647	  34.57573	   7.50000	       10B
  69.91647	  38.89822	   7.50000	       10B
  72.50597	  30.25324	   7.50000	       11B
  72.50597	  34.57573	   7.50000	       10B
  72.50597	  38.89822	   7.50000	       11B
  75.09547	  30.25324	   7.50000	       11B
  75.09547	  34.57573	   7.50000	       10B
  75.09547	  38.89822	   7.50000	       11B
  77.68497	  30.25324	   7.50000	       11B
  77.68497	  34.57573	   7.50000	       11B
  77.68497	  38.89822	   7.50000	       11B
  71.21122	  29.54363	   7.50000	       14N
  71.21122	  33.86612	   7.50000	       14N
  71.21122	  38.18861	   7.50000	       14N
  73.80072	  29.54363	   7.50000	       14N
  73.80072	  33.86612	   7.50000	       14N
  73.80072	  38.18861	   7.50000	       14N
  76.39022	  29.54363	   7.50000	       14N
  76.39022	  33.86612	   7.50000	       14N
  76.39022	  38.18861	   7.50000	       14N
  78.97972	  29.54363	   7.50000	       14N
  78.97972	  33.86612	   7.50000	       14N
  78.97972	  38.18861	   7.50000	       14N
  69.91647	  27.38239	   7.50000	       14N
  69.91647	  31.70487	   7.50000	       14N
  69.91647	  36.02736	   7.50000	       14N
  72.50597	  27.38239	   7.50000	       14N
  72.50597	  31.70487	   7.50000	       14N
  72.50597	  36.02736	   7.50000	       14N
  75.09547	  27.38239	   7.50000	       14N
  75.09547	  31.70487	   7.50000	       14N
  75.09547	  36.02736	   7.50000	       14N
  77.68497	  27.38239	   7.50000	       14N
  77.68497	  31.70487	   7.50000	       14N
  77.68497	  36.02736	   7.50000	       14N
  71.21122	  41.05946	   7.50000	       11B
  71.21122	  45.38195	   7.50000	       11B
  71.21122	  49.70444	   7.50000	       10B
  73.80072	  41.05946	   7.50000	       11B
  73.80072	  45.38195	   7.50000	       10B
  73.80072	  49.70444	   7.50000	       10B
  76.39022	  41.05946	   7.50000	       10B
  76.39022	  45.38195	   7.50000	       11B
  76.39022	  49.70444	   7.50000	       11B
  78.97972	  41.05946	   7.50000	       10B
  78.97972	  45.38195	   7.50000	       10B
  78.97972	  49.70444	   7.50000	       11B
  69.91647	  43.22070	   7.50000	       10B
  69.91647	  47.54319	   7.50000	       11B
  69.91647	  51.86568	   7.50000	       11B
  72.50597	  43.22070	   7.50000	       11B
  72.50597	  47.54319	   7.50000	       11B
  72.50597	  51.86568	   7.50000	       11B
  75.09547	  43.22070	   7.50000	       11B
  75.09547	  47.54319	   7.50000	       11B
  75.09547	  51.86568	   7.50000	       11B
  77.68497	  43.22070	   7.50000	       11B
  77.68497	  47.54319	   7.50000	       11B
  77.68497	  51.86568	   7.50000	       11B
  71.21122	  42.51110	   7.50000	       14N
  71.21122	  46.83359	   7.50000	       14N
  71.21122	  51.15607	   7.50000	       14N
  73.80072	  42.51110	   7.50000	       14N
  73.80072	  46.83359	   7.50000	       14N
  73.80072	  51.15607	   7.50000	       14N
  76.39022	  42.51110	   7.50000	       14N
  76.39022	  46.83359	   7.50000	       14N
  76.39022	  51.15607	   7.50000	       14N
  78.97972	  42.51110	   7.50000	       14N
  78.97972	  46.83359	   7.50000	       14N
  78.97972	  51.15607	   7.50000	       14N
  69.91647	  40.34985	   7.50000	       14N
  69.91647	  44.67234	   7.50000	       14N
  69.91647	  48.99483	   7.50000	       14N
  72.50597	  40.34985	   7.50000	       14N
  72.50597	  44.67234	   7.50000	       14N
  72.50597	  48.99483	   7.50000	       14N
  75.09547	  40.34985	   7.50000	       14N
  75.09547	  44.67234	   7.50000	       14N
  75.09547	  48.99483	   7.50000	       14N
  77.68497	  40.34985	   7.50000	       14N
  77.68497	  44.67234	   7.50000	       14N
  77.68497	  48.99483	   7.50000	       14N
  71.21122	  54.02693	   7.50000	       11B
  71.21122	  58.34942	   7.50000	       11B
  71.21122	  62.67191	   7.50000	       11B
  73.80072	  54.02693	   7.50000	       10B
  73.80072	  58.34942	   7.50000	       11B
  73.80072	  62.67191	   7.50000	       11B
  76.39022	  54.02693	   7.50000	       11B
  76.39022	  58.34942	   7.50000	       10B
  76.39022	  62.67191	   7.50000	       11B
  78.97972	  54.02693	   7.50000	       11B
  78.97972	  58.34942	   7.50000	       11B
  78.97972	  62.67191	   7.50000	       10B
  69.91647	  56.18817	   7.50000	       10B
  69.91647	  60.51066	   7.50000	       11B
  69.91647	  64.83315	   7.50000	       11B
  72.50597	  56.18817	   7.50000	       11B
  72.50597	  60.51066	   7.50000	       11B
  72.50597	  64.83315	   7.50000	       10B
  75.09547	  56.18817	   7.50000	       11B
  75.09547	  60.51066	   7.50000	       10B
  75.09547	  64.83315	   7.50000	       11B
  77.68497	  56.18817	   7.50000	       10B
  77.68497	  60.51066	   7.50000	       11B
  77.68497	  64.83315	   7.50000	       11B
  71.21122	  55.47856	   7.50000	       14N
  71.21122	  59.80105	   7.50000	       14N
  71.21122	  64.12354	   7.50000	       14N
  73.80072	  55.47856	   7.50000	       14N
  73.80072	  59.80105	   7.50000	       14N
  73.80072	  64.12354	   7.50000	       14N
  76.39022	  55.47856	   7.50000	       14N
  76.39022	  59.80105	   7.50000	       14N
  76.39022	  64.12354	   7.50000	       14N
  78.97972	  55.47856	   7.50000	       14N
  78.97972	  59.80105	   7.50000	       14N
  78.97972	  64.12354	   7.50000	       14N
  69.91647	  53.31732	   7.50000	       14N
  69.91647	  57.63980	   7.50000	       14N
  69.91647	  61.96229	   7.50000	       14N
  72.50597	  53.31732	   7.50000	       14N
  72.50597	  57.63980	   7.50000	       14N
  72.50597	  61.96229	   7.50000	       14N
  75.09547	  53.31732	   7.50000	       14N
  75.09547	  57.63980	   7.50000	       14N
  75.09547	  61.96229	   7.50000	       14N
  77.68497	  53.31732	   7.50000	       14N
  77.68497	  57.63980	   7.50000	       14N
  77.68497	  61.96229	   7.50000	       14N
  71.21122	  66.99439	   7.50000	       10B
  71.21122	  71.31688	   7.50000	       11B
  71.21122	  75.63937	   7.50000	       11B
  73.80072	  66.99439	   7.50000	       11B
  73.80072	  71.31688	   7.50000	       11B
  73.80072	  75.63937	   7.50000	       11B
  76.39022	  66.99439	   7.50000	       11B
  76.39022	  71.31688	   7.50000	       11B
  76.39022	  75.63937	   7.50000	       10B
  78.97972	  66.99439	   7.50000	       11B
  78.97972	  71.31688	   7.50000	       11B
  78.97972	  75.63937	   7.50000	       11B
  69.91647	  69.15564	   7.50000	       11B
  69.91647	  73.47812	   7.50000	       11B
  69.91647	  77.80061	   7.50000	       11B
  72.50597	  69.15564	   7.50000	       11B
  72.50597	  73.47812	   7.50000	       11B
  72.50597	  77.80061	   7.50000	       11B
  75.09547	  69.15564	   7.50000	       11B
  75.09547	  73.47812	   7.50000	       11B
  75.09547	  77.80061	   7.50000	       10B
  77.68497	  69.15564	   7.50000	       10B
  77.68497	  73.47812	   7.50000	       10B
  77.68497	  77.80061	   7.50000	       11B
  71.21122	  68.44603	   7.50000	       14N
  71.21122	  72.76852	   7.50000	       14N
  71.21122	  77.09100	   7.50000	       14N
  73.80072	  68.44603	   7.50000	       14N
  73.80072	  72.76852	   7.50000	       14N
  73.80072	  77.09100	   7.50000	       14N
  76.39022	  68.44603	   7.50000	       14N
  76.39022	  72.76852	   7.50000	       14N
  76.39022	  77.09100	   7.50000	       14N
  78.97972	  68.44603	   7.50000	       14N
  78.97972	  72.76852	   7.50000	       14N
  78.97972	  77.09100	   7.50000	       14N
  69.91647	  66.28478	   7.50000	       14N
  69.91647	  70.60727	   7.50000	       14N
  69.91647	  74.92976	   7.50000	       14N
  72.50597	  66.28478	   7.50000	       14N
  72.50597	  70.60727	   7.50000	       14N
  72.50597	  74.92976	   7.50000	       14N
  75.09547	  66.28478	   7.50000	       14N
  75.09547	  70.60727	   7.50000	       14N
  75.09547	  74.92976	   7.50000	       14N
  77.68497	  66.28478	   7.50000	       14N
  77.68497	  70.60727	   7.50000	       14N
  77.68497	  74.92976	   7.50000	       14N
  71.21122	  79.96186	   7.50000	       11B
  73.80072	  79.96186	   7.50000	       11B
  76.39022	  79.96186	   7.50000	       11B
  78.97972	  79.96186	   7.50000	       11B
  69.91647	  79.25225	   7.50000	       14N
  72.50597	  79.25225	   7.50000	       14N
  75.09547	  79.25225	   7.50000	       14N
  77.68497	  79.25225	   7.50000	       14N
