{
    // qubitfile : "qubit.json" // if this key exist, DO NOT read "Qubit" section
    "Qubit": {
        "nqubit": 3,
        "qubit": [
        {
            "name": "qubit1",
            "spin": 1.0,
            "gyro": -17608.597050,
            "xyz": [1.0, 11.0, 1123.123],
            "alpha": [0.0],
            "beta": [1.0],
            "detuning": [0.0]
        },
        {
            "name": "qubit2",
            "spin": 1.0,
            "gyro": -17608.597050,
            "xyz": [2.0, 22.0, 2246.246],
            "alpha": [0.0],
            "beta": [1.0],
            "detuning": [0.0]
        },
        {
            "name": "qubit3",
            "spin": 1.0,
            "gyro": -17608.597050,
            "xyz": [3.0, 33.0, 3346.246],
            "alpha": [0.0],
            "beta": [1.0],
            "detuning": [0.0]
        }
        ],
        "intmap": [
        {
            "between": ["qubit1", "qubit1"],
            "tensor": [
                [1.123123, 2.123123, 3.123123],
                [4.123123, 5.123123, 6.123123],
                [7.123123, 8.123123, 9.123123]
            ]
        },
        {
            "between": ["qubit1", "qubit2"],
            "tensor": [
            [1.0, 2.0, 3.0],
            [4.0, 5.0, 6.0],
            [7.0, 8.0, 9.0]
            ]
        }
        ],
        "psia": [1.0, 4.0, 7.0,1.0, 4.0, 7.0,1.0, 4.0, 7.0,1.0, 4.0, 7.0,1.0, 4.0, 7.0,1.0, 4.0, 7.0,1.0, 4.0, 7.0,1.0, 4.0, 7.0,1.0, 4.0, 7.0],
        "psib": [2.0, 5.0, 8.0,7.0,1.0, 4.0,7.0,1.0, 4.0,1.0, 4.0, 7.0,1.0, 4.0, 7.0,1.0, 4.0, 7.0,1.0, 4.0, 7.0,1.0, 4.0, 7.0,1.0, 4.0, 7.0],
        "psi0": [3.0, 6.0, 9.0,7.0,1.0, 4.0,7.0,1.0, 4.0,1.0, 4.0, 7.0,1.0, 4.0, 7.0,1.0, 4.0, 7.0,1.0, 4.0, 7.0,1.0, 4.0, 7.0,1.0, 4.0, 7.0],
        "overhaus" : true,
        "alphaidx" : 0,
        "betaidx" : 1
    },
    
}
