2368.00000	   0.00000	   0.00000	   0.00000
   1.25704	   2.17825	   7.50000	       10B
   1.25704	   6.53276	   7.50000	       11B
   1.25704	  10.88727	   7.50000	       10B
   3.77111	   2.17825	   7.50000	       11B
   3.77111	   6.53276	   7.50000	       11B
   3.77111	  10.88727	   7.50000	       11B
   6.28519	   2.17825	   7.50000	       11B
   6.28519	   6.53276	   7.50000	       10B
   6.28519	  10.88727	   7.50000	       11B
   8.79927	   2.17825	   7.50000	       11B
   8.79927	   6.53276	   7.50000	       10B
   8.79927	  10.88727	   7.50000	       11B
  11.31334	   2.17825	   7.50000	       11B
  11.31334	   6.53276	   7.50000	       10B
  11.31334	  10.88727	   7.50000	       11B
  13.82742	   2.17825	   7.50000	       11B
  13.82742	   6.53276	   7.50000	       11B
  13.82742	  10.88727	   7.50000	       11B
  16.34150	   2.17825	   7.50000	       10B
  16.34150	   6.53276	   7.50000	       10B
  16.34150	  10.88727	   7.50000	       10B
  18.85557	   2.17825	   7.50000	       11B
  18.85557	   6.53276	   7.50000	       11B
  18.85557	  10.88727	   7.50000	       11B
  21.36965	   2.17825	   7.50000	       11B
  21.36965	   6.53276	   7.50000	       11B
  21.36965	  10.88727	   7.50000	       11B
   0.00000	   0.00098	   7.50000	       11B
   0.00000	   4.35549	   7.50000	       10B
   0.00000	   8.71000	   7.50000	       11B
   2.51408	   0.00098	   7.50000	       10B
   2.51408	   4.35549	   7.50000	       10B
   2.51408	   8.71000	   7.50000	       11B
   5.02815	   0.00098	   7.50000	       10B
   5.02815	   4.35549	   7.50000	       11B
   5.02815	   8.71000	   7.50000	       11B
   7.54223	   0.00098	   7.50000	       11B
   7.54223	   4.35549	   7.50000	       11B
   7.54223	   8.71000	   7.50000	       11B
  10.05631	   0.00098	   7.50000	       10B
  10.05631	   4.35549	   7.50000	       11B
  10.05631	   8.71000	   7.50000	       11B
  12.57038	   0.00098	   7.50000	       11B
  12.57038	   4.35549	   7.50000	       11B
  12.57038	   8.71000	   7.50000	       11B
  15.08446	   0.00098	   7.50000	       11B
  15.08446	   4.35549	   7.50000	       11B
  15.08446	   8.71000	   7.50000	       11B
  17.59854	   0.00098	   7.50000	       11B
  17.59854	   4.35549	   7.50000	       11B
  17.59854	   8.71000	   7.50000	       11B
  20.11261	   0.00098	   7.50000	       11B
  20.11261	   4.35549	   7.50000	       10B
  20.11261	   8.71000	   7.50000	       10B
   1.25704	   3.63024	   7.50000	       14N
   1.25704	   7.98475	   7.50000	       14N
   3.77111	   3.63024	   7.50000	       14N
   3.77111	   7.98475	   7.50000	       14N
   6.28519	   3.63024	   7.50000	       14N
   6.28519	   7.98475	   7.50000	       14N
   8.79927	   3.63024	   7.50000	       14N
   8.79927	   7.98475	   7.50000	       14N
  11.31334	   3.63024	   7.50000	       14N
  11.31334	   7.98475	   7.50000	       14N
  13.82742	   3.63024	   7.50000	       14N
  13.82742	   7.98475	   7.50000	       14N
  16.34150	   3.63024	   7.50000	       14N
  16.34150	   7.98475	   7.50000	       14N
  18.85557	   3.63024	   7.50000	       14N
  18.85557	   7.98475	   7.50000	       14N
  21.36965	   3.63024	   7.50000	       14N
  21.36965	   7.98475	   7.50000	       14N
   0.00000	   1.45298	   7.50000	       14N
   0.00000	   5.80749	   7.50000	       14N
   0.00000	  10.16200	   7.50000	       14N
   2.51408	   1.45298	   7.50000	       14N
   2.51408	   5.80749	   7.50000	       14N
   2.51408	  10.16200	   7.50000	       14N
   5.02815	   1.45298	   7.50000	       14N
   5.02815	   5.80749	   7.50000	       14N
   5.02815	  10.16200	   7.50000	       14N
   7.54223	   1.45298	   7.50000	       14N
   7.54223	   5.80749	   7.50000	       14N
   7.54223	  10.16200	   7.50000	       14N
  10.05631	   1.45298	   7.50000	       14N
  10.05631	   5.80749	   7.50000	       14N
  10.05631	  10.16200	   7.50000	       14N
  12.57038	   1.45298	   7.50000	       14N
  12.57038	   5.80749	   7.50000	       14N
  12.57038	  10.16200	   7.50000	       14N
  15.08446	   1.45298	   7.50000	       14N
  15.08446	   5.80749	   7.50000	       14N
  15.08446	  10.16200	   7.50000	       14N
  17.59854	   1.45298	   7.50000	       14N
  17.59854	   5.80749	   7.50000	       14N
  17.59854	  10.16200	   7.50000	       14N
  20.11261	   1.45298	   7.50000	       14N
  20.11261	   5.80749	   7.50000	       14N
  20.11261	  10.16200	   7.50000	       14N
   1.25704	  15.24177	   7.50000	       11B
   1.25704	  19.59628	   7.50000	       11B
   1.25704	  23.95079	   7.50000	       10B
   3.77111	  15.24177	   7.50000	       10B
   3.77111	  19.59628	   7.50000	       11B
   3.77111	  23.95079	   7.50000	       10B
   6.28519	  15.24177	   7.50000	       11B
   6.28519	  19.59628	   7.50000	       10B
   6.28519	  23.95079	   7.50000	       11B
   8.79927	  15.24177	   7.50000	       10B
   8.79927	  19.59628	   7.50000	       11B
   8.79927	  23.95079	   7.50000	       11B
  11.31334	  15.24177	   7.50000	       11B
  11.31334	  19.59628	   7.50000	       11B
  11.31334	  23.95079	   7.50000	       11B
  13.82742	  15.24177	   7.50000	       11B
  13.82742	  19.59628	   7.50000	       11B
  13.82742	  23.95079	   7.50000	       11B
  16.34150	  15.24177	   7.50000	       11B
  16.34150	  19.59628	   7.50000	       11B
  16.34150	  23.95079	   7.50000	       11B
  18.85557	  15.24177	   7.50000	       11B
  18.85557	  19.59628	   7.50000	       11B
  18.85557	  23.95079	   7.50000	       11B
  21.36965	  15.24177	   7.50000	       11B
  21.36965	  19.59628	   7.50000	       11B
  21.36965	  23.95079	   7.50000	       11B
   0.00000	  13.06450	   7.50000	       10B
   0.00000	  17.41901	   7.50000	       11B
   0.00000	  21.77352	   7.50000	       11B
   2.51408	  13.06450	   7.50000	       11B
   2.51408	  17.41901	   7.50000	       11B
   2.51408	  21.77352	   7.50000	       11B
   5.02815	  13.06450	   7.50000	       11B
   5.02815	  17.41901	   7.50000	       10B
   5.02815	  21.77352	   7.50000	       11B
   7.54223	  13.06450	   7.50000	       11B
   7.54223	  17.41901	   7.50000	       11B
   7.54223	  21.77352	   7.50000	       11B
  10.05631	  13.06450	   7.50000	       11B
  10.05631	  17.41901	   7.50000	       11B
  10.05631	  21.77352	   7.50000	       11B
  12.57038	  13.06450	   7.50000	       11B
  12.57038	  17.41901	   7.50000	       11B
  12.57038	  21.77352	   7.50000	       10B
  15.08446	  13.06450	   7.50000	       11B
  15.08446	  17.41901	   7.50000	       10B
  15.08446	  21.77352	   7.50000	       11B
  17.59854	  13.06450	   7.50000	       10B
  17.59854	  17.41901	   7.50000	       11B
  17.59854	  21.77352	   7.50000	       11B
  20.11261	  13.06450	   7.50000	       10B
  20.11261	  17.41901	   7.50000	       10B
  20.11261	  21.77352	   7.50000	       11B
   1.25704	  16.69376	   7.50000	       14N
   1.25704	  21.04827	   7.50000	       14N
   1.25704	  12.33926	   7.50000	       14N
   3.77111	  16.69376	   7.50000	       14N
   3.77111	  21.04827	   7.50000	       14N
   3.77111	  12.33926	   7.50000	       14N
   6.28519	  16.69376	   7.50000	       14N
   6.28519	  21.04827	   7.50000	       14N
   6.28519	  12.33926	   7.50000	       14N
   8.79927	  16.69376	   7.50000	       14N
   8.79927	  21.04827	   7.50000	       14N
   8.79927	  12.33926	   7.50000	       14N
  11.31334	  16.69376	   7.50000	       14N
  11.31334	  21.04827	   7.50000	       14N
  11.31334	  12.33926	   7.50000	       14N
  13.82742	  16.69376	   7.50000	       14N
  13.82742	  21.04827	   7.50000	       14N
  13.82742	  12.33926	   7.50000	       14N
  16.34150	  16.69376	   7.50000	       14N
  16.34150	  21.04827	   7.50000	       14N
  16.34150	  12.33926	   7.50000	       14N
  18.85557	  16.69376	   7.50000	       14N
  18.85557	  21.04827	   7.50000	       14N
  18.85557	  12.33926	   7.50000	       14N
  21.36965	  16.69376	   7.50000	       14N
  21.36965	  21.04827	   7.50000	       14N
  21.36965	  12.33926	   7.50000	       14N
   0.00000	  14.51651	   7.50000	       14N
   0.00000	  18.87102	   7.50000	       14N
   0.00000	  23.22552	   7.50000	       14N
   2.51408	  14.51651	   7.50000	       14N
   2.51408	  18.87102	   7.50000	       14N
   2.51408	  23.22552	   7.50000	       14N
   5.02815	  14.51651	   7.50000	       14N
   5.02815	  18.87102	   7.50000	       14N
   5.02815	  23.22552	   7.50000	       14N
   7.54223	  14.51651	   7.50000	       14N
   7.54223	  18.87102	   7.50000	       14N
   7.54223	  23.22552	   7.50000	       14N
  10.05631	  14.51651	   7.50000	       14N
  10.05631	  18.87102	   7.50000	       14N
  10.05631	  23.22552	   7.50000	       14N
  12.57038	  14.51651	   7.50000	       14N
  12.57038	  18.87102	   7.50000	       14N
  12.57038	  23.22552	   7.50000	       14N
  15.08446	  14.51651	   7.50000	       14N
  15.08446	  18.87102	   7.50000	       14N
  15.08446	  23.22552	   7.50000	       14N
  17.59854	  14.51651	   7.50000	       14N
  17.59854	  18.87102	   7.50000	       14N
  17.59854	  23.22552	   7.50000	       14N
  20.11261	  14.51651	   7.50000	       14N
  20.11261	  18.87102	   7.50000	       14N
  20.11261	  23.22552	   7.50000	       14N
   1.25704	  28.30530	   7.50000	       10B
   1.25704	  32.65981	   7.50000	       11B
   1.25704	  37.01432	   7.50000	       11B
   3.77111	  28.30530	   7.50000	       11B
   3.77111	  32.65981	   7.50000	       11B
   3.77111	  37.01432	   7.50000	       11B
   6.28519	  28.30530	   7.50000	       11B
   6.28519	  32.65981	   7.50000	       11B
   6.28519	  37.01432	   7.50000	       10B
   8.79927	  28.30530	   7.50000	       11B
   8.79927	  32.65981	   7.50000	       11B
   8.79927	  37.01432	   7.50000	       11B
  11.31334	  28.30530	   7.50000	       11B
  11.31334	  32.65981	   7.50000	       10B
  11.31334	  37.01432	   7.50000	       11B
  13.82742	  28.30530	   7.50000	       10B
  13.82742	  32.65981	   7.50000	       11B
  13.82742	  37.01432	   7.50000	       10B
  16.34150	  28.30530	   7.50000	       11B
  16.34150	  32.65981	   7.50000	       10B
  16.34150	  37.01432	   7.50000	       11B
  18.85557	  28.30530	   7.50000	       11B
  18.85557	  32.65981	   7.50000	       11B
  18.85557	  37.01432	   7.50000	       10B
  21.36965	  28.30530	   7.50000	       11B
  21.36965	  32.65981	   7.50000	       11B
  21.36965	  37.01432	   7.50000	       11B
   0.00000	  26.12803	   7.50000	       11B
   0.00000	  30.48254	   7.50000	       11B
   0.00000	  34.83705	   7.50000	       11B
   2.51408	  26.12803	   7.50000	       11B
   2.51408	  30.48254	   7.50000	       11B
   2.51408	  34.83705	   7.50000	       10B
   5.02815	  26.12803	   7.50000	       11B
   5.02815	  30.48254	   7.50000	       11B
   5.02815	  34.83705	   7.50000	       11B
   7.54223	  26.12803	   7.50000	       11B
   7.54223	  30.48254	   7.50000	       11B
   7.54223	  34.83705	   7.50000	       11B
  10.05631	  26.12803	   7.50000	       11B
  10.05631	  30.48254	   7.50000	       11B
  10.05631	  34.83705	   7.50000	       11B
  12.57038	  26.12803	   7.50000	       11B
  12.57038	  30.48254	   7.50000	       11B
  12.57038	  34.83705	   7.50000	       11B
  15.08446	  26.12803	   7.50000	       11B
  15.08446	  30.48254	   7.50000	       10B
  15.08446	  34.83705	   7.50000	       11B
  17.59854	  26.12803	   7.50000	       11B
  17.59854	  30.48254	   7.50000	       11B
  17.59854	  34.83705	   7.50000	       11B
  20.11261	  26.12803	   7.50000	       11B
  20.11261	  30.48254	   7.50000	       11B
  20.11261	  34.83705	   7.50000	       11B
   1.25704	  29.75729	   7.50000	       14N
   1.25704	  34.11180	   7.50000	       14N
   1.25704	  25.40278	   7.50000	       14N
   3.77111	  29.75729	   7.50000	       14N
   3.77111	  34.11180	   7.50000	       14N
   3.77111	  25.40278	   7.50000	       14N
   6.28519	  29.75729	   7.50000	       14N
   6.28519	  34.11180	   7.50000	       14N
   6.28519	  25.40278	   7.50000	       14N
   8.79927	  29.75729	   7.50000	       14N
   8.79927	  34.11180	   7.50000	       14N
   8.79927	  25.40278	   7.50000	       14N
  11.31334	  29.75729	   7.50000	       14N
  11.31334	  34.11180	   7.50000	       14N
  11.31334	  25.40278	   7.50000	       14N
  13.82742	  29.75729	   7.50000	       14N
  13.82742	  34.11180	   7.50000	       14N
  13.82742	  25.40278	   7.50000	       14N
  16.34150	  29.75729	   7.50000	       14N
  16.34150	  34.11180	   7.50000	       14N
  16.34150	  25.40278	   7.50000	       14N
  18.85557	  29.75729	   7.50000	       14N
  18.85557	  34.11180	   7.50000	       14N
  18.85557	  25.40278	   7.50000	       14N
  21.36965	  29.75729	   7.50000	       14N
  21.36965	  34.11180	   7.50000	       14N
  21.36965	  25.40278	   7.50000	       14N
   0.00000	  27.58003	   7.50000	       14N
   0.00000	  31.93454	   7.50000	       14N
   0.00000	  36.28905	   7.50000	       14N
   2.51408	  27.58003	   7.50000	       14N
   2.51408	  31.93454	   7.50000	       14N
   2.51408	  36.28905	   7.50000	       14N
   5.02815	  27.58003	   7.50000	       14N
   5.02815	  31.93454	   7.50000	       14N
   5.02815	  36.28905	   7.50000	       14N
   7.54223	  27.58003	   7.50000	       14N
   7.54223	  31.93454	   7.50000	       14N
   7.54223	  36.28905	   7.50000	       14N
  10.05631	  27.58003	   7.50000	       14N
  10.05631	  31.93454	   7.50000	       14N
  10.05631	  36.28905	   7.50000	       14N
  12.57038	  27.58003	   7.50000	       14N
  12.57038	  31.93454	   7.50000	       14N
  12.57038	  36.28905	   7.50000	       14N
  15.08446	  27.58003	   7.50000	       14N
  15.08446	  31.93454	   7.50000	       14N
  15.08446	  36.28905	   7.50000	       14N
  17.59854	  27.58003	   7.50000	       14N
  17.59854	  31.93454	   7.50000	       14N
  17.59854	  36.28905	   7.50000	       14N
  20.11261	  27.58003	   7.50000	       14N
  20.11261	  31.93454	   7.50000	       14N
  20.11261	  36.28905	   7.50000	       14N
   1.25704	  41.36882	   7.50000	       11B
   1.25704	  45.72333	   7.50000	       11B
   1.25704	  50.07784	   7.50000	       11B
   3.77111	  41.36882	   7.50000	       11B
   3.77111	  45.72333	   7.50000	       11B
   3.77111	  50.07784	   7.50000	       11B
   6.28519	  41.36882	   7.50000	       11B
   6.28519	  45.72333	   7.50000	       11B
   6.28519	  50.07784	   7.50000	       11B
   8.79927	  41.36882	   7.50000	       11B
   8.79927	  45.72333	   7.50000	       11B
   8.79927	  50.07784	   7.50000	       11B
  11.31334	  41.36882	   7.50000	       11B
  11.31334	  45.72333	   7.50000	       11B
  11.31334	  50.07784	   7.50000	       11B
  13.82742	  41.36882	   7.50000	       11B
  13.82742	  45.72333	   7.50000	       11B
  13.82742	  50.07784	   7.50000	       11B
  16.34150	  41.36882	   7.50000	       11B
  16.34150	  45.72333	   7.50000	       11B
  16.34150	  50.07784	   7.50000	       10B
  18.85557	  41.36882	   7.50000	       11B
  18.85557	  45.72333	   7.50000	       11B
  18.85557	  50.07784	   7.50000	       11B
  21.36965	  41.36882	   7.50000	       11B
  21.36965	  45.72333	   7.50000	       10B
  21.36965	  50.07784	   7.50000	       11B
   0.00000	  39.19155	   7.50000	       11B
   0.00000	  43.54606	   7.50000	       11B
   0.00000	  47.90057	   7.50000	       11B
   2.51408	  39.19155	   7.50000	       11B
   2.51408	  43.54606	   7.50000	       10B
   2.51408	  47.90057	   7.50000	       11B
   5.02815	  39.19155	   7.50000	       11B
   5.02815	  43.54606	   7.50000	       11B
   5.02815	  47.90057	   7.50000	       11B
   7.54223	  39.19155	   7.50000	       11B
   7.54223	  43.54606	   7.50000	       11B
   7.54223	  47.90057	   7.50000	       10B
  10.05631	  39.19155	   7.50000	       11B
  10.05631	  43.54606	   7.50000	       11B
  10.05631	  47.90057	   7.50000	       11B
  12.57038	  39.19155	   7.50000	       10B
  12.57038	  43.54606	   7.50000	       11B
  12.57038	  47.90057	   7.50000	       11B
  15.08446	  39.19155	   7.50000	       11B
  15.08446	  43.54606	   7.50000	       10B
  15.08446	  47.90057	   7.50000	       10B
  17.59854	  39.19155	   7.50000	       11B
  17.59854	  43.54606	   7.50000	       11B
  17.59854	  47.90057	   7.50000	       11B
  20.11261	  39.19155	   7.50000	       11B
  20.11261	  43.54606	   7.50000	       11B
  20.11261	  47.90057	   7.50000	       10B
   1.25704	  42.82082	   7.50000	       14N
   1.25704	  47.17532	   7.50000	       14N
   1.25704	  38.46631	   7.50000	       14N
   3.77111	  42.82082	   7.50000	       14N
   3.77111	  47.17532	   7.50000	       14N
   3.77111	  38.46631	   7.50000	       14N
   6.28519	  42.82082	   7.50000	       14N
   6.28519	  47.17532	   7.50000	       14N
   6.28519	  38.46631	   7.50000	       14N
   8.79927	  42.82082	   7.50000	       14N
   8.79927	  47.17532	   7.50000	       14N
   8.79927	  38.46631	   7.50000	       14N
  11.31334	  42.82082	   7.50000	       14N
  11.31334	  47.17532	   7.50000	       14N
  11.31334	  38.46631	   7.50000	       14N
  13.82742	  42.82082	   7.50000	       14N
  13.82742	  47.17532	   7.50000	       14N
  13.82742	  38.46631	   7.50000	       14N
  16.34150	  42.82082	   7.50000	       14N
  16.34150	  47.17532	   7.50000	       14N
  16.34150	  38.46631	   7.50000	       14N
  18.85557	  42.82082	   7.50000	       14N
  18.85557	  47.17532	   7.50000	       14N
  18.85557	  38.46631	   7.50000	       14N
  21.36965	  42.82082	   7.50000	       14N
  21.36965	  47.17532	   7.50000	       14N
  21.36965	  38.46631	   7.50000	       14N
   0.00000	  40.64356	   7.50000	       14N
   0.00000	  44.99807	   7.50000	       14N
   0.00000	  49.35257	   7.50000	       14N
   2.51408	  40.64356	   7.50000	       14N
   2.51408	  44.99807	   7.50000	       14N
   2.51408	  49.35257	   7.50000	       14N
   5.02815	  40.64356	   7.50000	       14N
   5.02815	  44.99807	   7.50000	       14N
   5.02815	  49.35257	   7.50000	       14N
   7.54223	  40.64356	   7.50000	       14N
   7.54223	  44.99807	   7.50000	       14N
   7.54223	  49.35257	   7.50000	       14N
  10.05631	  40.64356	   7.50000	       14N
  10.05631	  44.99807	   7.50000	       14N
  10.05631	  49.35257	   7.50000	       14N
  12.57038	  40.64356	   7.50000	       14N
  12.57038	  44.99807	   7.50000	       14N
  12.57038	  49.35257	   7.50000	       14N
  15.08446	  40.64356	   7.50000	       14N
  15.08446	  44.99807	   7.50000	       14N
  15.08446	  49.35257	   7.50000	       14N
  17.59854	  40.64356	   7.50000	       14N
  17.59854	  44.99807	   7.50000	       14N
  17.59854	  49.35257	   7.50000	       14N
  20.11261	  40.64356	   7.50000	       14N
  20.11261	  44.99807	   7.50000	       14N
  20.11261	  49.35257	   7.50000	       14N
   1.25704	  54.43235	   7.50000	       11B
   1.25704	  58.78686	   7.50000	       11B
   1.25704	  63.14137	   7.50000	       10B
   3.77111	  54.43235	   7.50000	       11B
   3.77111	  58.78686	   7.50000	       11B
   3.77111	  63.14137	   7.50000	       11B
   6.28519	  54.43235	   7.50000	       11B
   6.28519	  58.78686	   7.50000	       11B
   6.28519	  63.14137	   7.50000	       11B
   8.79927	  54.43235	   7.50000	       10B
   8.79927	  58.78686	   7.50000	       11B
   8.79927	  63.14137	   7.50000	       11B
  11.31334	  54.43235	   7.50000	       11B
  11.31334	  58.78686	   7.50000	       11B
  11.31334	  63.14137	   7.50000	       11B
  13.82742	  54.43235	   7.50000	       10B
  13.82742	  58.78686	   7.50000	       11B
  13.82742	  63.14137	   7.50000	       10B
  16.34150	  54.43235	   7.50000	       11B
  16.34150	  58.78686	   7.50000	       11B
  16.34150	  63.14137	   7.50000	       10B
  18.85557	  54.43235	   7.50000	       11B
  18.85557	  58.78686	   7.50000	       10B
  18.85557	  63.14137	   7.50000	       10B
  21.36965	  54.43235	   7.50000	       10B
  21.36965	  58.78686	   7.50000	       11B
  21.36965	  63.14137	   7.50000	       10B
   0.00000	  52.25508	   7.50000	       11B
   0.00000	  56.60959	   7.50000	       11B
   0.00000	  60.96410	   7.50000	       11B
   2.51408	  52.25508	   7.50000	       11B
   2.51408	  56.60959	   7.50000	       11B
   2.51408	  60.96410	   7.50000	       11B
   5.02815	  52.25508	   7.50000	       11B
   5.02815	  56.60959	   7.50000	       11B
   5.02815	  60.96410	   7.50000	       11B
   7.54223	  52.25508	   7.50000	       10B
   7.54223	  56.60959	   7.50000	       10B
   7.54223	  60.96410	   7.50000	       11B
  10.05631	  52.25508	   7.50000	       11B
  10.05631	  56.60959	   7.50000	       11B
  10.05631	  60.96410	   7.50000	       11B
  12.57038	  52.25508	   7.50000	       11B
  12.57038	  56.60959	   7.50000	       11B
  12.57038	  60.96410	   7.50000	       11B
  15.08446	  52.25508	   7.50000	       11B
  15.08446	  56.60959	   7.50000	       11B
  15.08446	  60.96410	   7.50000	       11B
  17.59854	  52.25508	   7.50000	       11B
  17.59854	  56.60959	   7.50000	       11B
  17.59854	  60.96410	   7.50000	       11B
  20.11261	  52.25508	   7.50000	       11B
  20.11261	  56.60959	   7.50000	       11B
  20.11261	  60.96410	   7.50000	       11B
   1.25704	  55.88434	   7.50000	       14N
   1.25704	  60.23885	   7.50000	       14N
   1.25704	  51.52983	   7.50000	       14N
   3.77111	  55.88434	   7.50000	       14N
   3.77111	  60.23885	   7.50000	       14N
   3.77111	  51.52983	   7.50000	       14N
   6.28519	  55.88434	   7.50000	       14N
   6.28519	  60.23885	   7.50000	       14N
   6.28519	  51.52983	   7.50000	       14N
   8.79927	  55.88434	   7.50000	       14N
   8.79927	  60.23885	   7.50000	       14N
   8.79927	  51.52983	   7.50000	       14N
  11.31334	  55.88434	   7.50000	       14N
  11.31334	  60.23885	   7.50000	       14N
  11.31334	  51.52983	   7.50000	       14N
  13.82742	  55.88434	   7.50000	       14N
  13.82742	  60.23885	   7.50000	       14N
  13.82742	  51.52983	   7.50000	       14N
  16.34150	  55.88434	   7.50000	       14N
  16.34150	  60.23885	   7.50000	       14N
  16.34150	  51.52983	   7.50000	       14N
  18.85557	  55.88434	   7.50000	       14N
  18.85557	  60.23885	   7.50000	       14N
  18.85557	  51.52983	   7.50000	       14N
  21.36965	  55.88434	   7.50000	       14N
  21.36965	  60.23885	   7.50000	       14N
  21.36965	  51.52983	   7.50000	       14N
   0.00000	  53.70708	   7.50000	       14N
   0.00000	  58.06159	   7.50000	       14N
   0.00000	  62.41610	   7.50000	       14N
   2.51408	  53.70708	   7.50000	       14N
   2.51408	  58.06159	   7.50000	       14N
   2.51408	  62.41610	   7.50000	       14N
   5.02815	  53.70708	   7.50000	       14N
   5.02815	  58.06159	   7.50000	       14N
   5.02815	  62.41610	   7.50000	       14N
   7.54223	  53.70708	   7.50000	       14N
   7.54223	  58.06159	   7.50000	       14N
   7.54223	  62.41610	   7.50000	       14N
  10.05631	  53.70708	   7.50000	       14N
  10.05631	  58.06159	   7.50000	       14N
  10.05631	  62.41610	   7.50000	       14N
  12.57038	  53.70708	   7.50000	       14N
  12.57038	  58.06159	   7.50000	       14N
  12.57038	  62.41610	   7.50000	       14N
  15.08446	  53.70708	   7.50000	       14N
  15.08446	  58.06159	   7.50000	       14N
  15.08446	  62.41610	   7.50000	       14N
  17.59854	  53.70708	   7.50000	       14N
  17.59854	  58.06159	   7.50000	       14N
  17.59854	  62.41610	   7.50000	       14N
  20.11261	  53.70708	   7.50000	       14N
  20.11261	  58.06159	   7.50000	       14N
  20.11261	  62.41610	   7.50000	       14N
   1.25704	  67.49587	   7.50000	       11B
   1.25704	  71.85038	   7.50000	       10B
   1.25704	  76.20489	   7.50000	       10B
   3.77111	  67.49587	   7.50000	       10B
   3.77111	  71.85038	   7.50000	       11B
   3.77111	  76.20489	   7.50000	       11B
   6.28519	  67.49587	   7.50000	       11B
   6.28519	  71.85038	   7.50000	       11B
   6.28519	  76.20489	   7.50000	       11B
   8.79927	  67.49587	   7.50000	       11B
   8.79927	  71.85038	   7.50000	       11B
   8.79927	  76.20489	   7.50000	       11B
  11.31334	  67.49587	   7.50000	       11B
  11.31334	  71.85038	   7.50000	       10B
  11.31334	  76.20489	   7.50000	       11B
  13.82742	  67.49587	   7.50000	       11B
  13.82742	  71.85038	   7.50000	       10B
  13.82742	  76.20489	   7.50000	       10B
  16.34150	  67.49587	   7.50000	       11B
  16.34150	  71.85038	   7.50000	       11B
  16.34150	  76.20489	   7.50000	       11B
  18.85557	  67.49587	   7.50000	       11B
  18.85557	  71.85038	   7.50000	       11B
  18.85557	  76.20489	   7.50000	       11B
  21.36965	  67.49587	   7.50000	       11B
  21.36965	  71.85038	   7.50000	       11B
  21.36965	  76.20489	   7.50000	       11B
   0.00000	  65.31860	   7.50000	       11B
   0.00000	  69.67311	   7.50000	       11B
   0.00000	  74.02762	   7.50000	       11B
   2.51408	  65.31860	   7.50000	       10B
   2.51408	  69.67311	   7.50000	       11B
   2.51408	  74.02762	   7.50000	       11B
   5.02815	  65.31860	   7.50000	       11B
   5.02815	  69.67311	   7.50000	       11B
   5.02815	  74.02762	   7.50000	       11B
   7.54223	  65.31860	   7.50000	       11B
   7.54223	  69.67311	   7.50000	       11B
   7.54223	  74.02762	   7.50000	       10B
  10.05631	  65.31860	   7.50000	       11B
  10.05631	  69.67311	   7.50000	       11B
  10.05631	  74.02762	   7.50000	       10B
  12.57038	  65.31860	   7.50000	       11B
  12.57038	  69.67311	   7.50000	       11B
  12.57038	  74.02762	   7.50000	       11B
  15.08446	  65.31860	   7.50000	       11B
  15.08446	  69.67311	   7.50000	       10B
  15.08446	  74.02762	   7.50000	       11B
  17.59854	  65.31860	   7.50000	       11B
  17.59854	  69.67311	   7.50000	       11B
  17.59854	  74.02762	   7.50000	       11B
  20.11261	  65.31860	   7.50000	       11B
  20.11261	  69.67311	   7.50000	       11B
  20.11261	  74.02762	   7.50000	       10B
   1.25704	  68.94787	   7.50000	       14N
   1.25704	  73.30237	   7.50000	       14N
   1.25704	  64.59336	   7.50000	       14N
   3.77111	  68.94787	   7.50000	       14N
   3.77111	  73.30237	   7.50000	       14N
   3.77111	  64.59336	   7.50000	       14N
   6.28519	  68.94787	   7.50000	       14N
   6.28519	  73.30237	   7.50000	       14N
   6.28519	  64.59336	   7.50000	       14N
   8.79927	  68.94787	   7.50000	       14N
   8.79927	  73.30237	   7.50000	       14N
   8.79927	  64.59336	   7.50000	       14N
  11.31334	  68.94787	   7.50000	       14N
  11.31334	  73.30237	   7.50000	       14N
  11.31334	  64.59336	   7.50000	       14N
  13.82742	  68.94787	   7.50000	       14N
  13.82742	  73.30237	   7.50000	       14N
  13.82742	  64.59336	   7.50000	       14N
  16.34150	  68.94787	   7.50000	       14N
  16.34150	  73.30237	   7.50000	       14N
  16.34150	  64.59336	   7.50000	       14N
  18.85557	  68.94787	   7.50000	       14N
  18.85557	  73.30237	   7.50000	       14N
  18.85557	  64.59336	   7.50000	       14N
  21.36965	  68.94787	   7.50000	       14N
  21.36965	  73.30237	   7.50000	       14N
  21.36965	  64.59336	   7.50000	       14N
   0.00000	  66.77061	   7.50000	       14N
   0.00000	  71.12512	   7.50000	       14N
   0.00000	  75.47963	   7.50000	       14N
   2.51408	  66.77061	   7.50000	       14N
   2.51408	  71.12512	   7.50000	       14N
   2.51408	  75.47963	   7.50000	       14N
   5.02815	  66.77061	   7.50000	       14N
   5.02815	  71.12512	   7.50000	       14N
   5.02815	  75.47963	   7.50000	       14N
   7.54223	  66.77061	   7.50000	       14N
   7.54223	  71.12512	   7.50000	       14N
   7.54223	  75.47963	   7.50000	       14N
  10.05631	  66.77061	   7.50000	       14N
  10.05631	  71.12512	   7.50000	       14N
  10.05631	  75.47963	   7.50000	       14N
  12.57038	  66.77061	   7.50000	       14N
  12.57038	  71.12512	   7.50000	       14N
  12.57038	  75.47963	   7.50000	       14N
  15.08446	  66.77061	   7.50000	       14N
  15.08446	  71.12512	   7.50000	       14N
  15.08446	  75.47963	   7.50000	       14N
  17.59854	  66.77061	   7.50000	       14N
  17.59854	  71.12512	   7.50000	       14N
  17.59854	  75.47963	   7.50000	       14N
  20.11261	  66.77061	   7.50000	       14N
  20.11261	  71.12512	   7.50000	       14N
  20.11261	  75.47963	   7.50000	       14N
   0.00000	  78.38213	   7.50000	       11B
   2.51408	  78.38213	   7.50000	       11B
   5.02815	  78.38213	   7.50000	       11B
   7.54223	  78.38213	   7.50000	       11B
  10.05631	  78.38213	   7.50000	       11B
  12.57038	  78.38213	   7.50000	       11B
  15.08446	  78.38213	   7.50000	       11B
  17.59854	  78.38213	   7.50000	       11B
  20.11261	  78.38213	   7.50000	       11B
   1.25704	  77.65688	   7.50000	       14N
   3.77111	  77.65688	   7.50000	       14N
   6.28519	  77.65688	   7.50000	       14N
   8.79927	  77.65688	   7.50000	       14N
  11.31334	  77.65688	   7.50000	       14N
  13.82742	  77.65688	   7.50000	       14N
  16.34150	  77.65688	   7.50000	       14N
  18.85557	  77.65688	   7.50000	       14N
  21.36965	  77.65688	   7.50000	       14N
   0.00000	  79.83413	   7.50000	       14N
   2.51408	  79.83413	   7.50000	       14N
   5.02815	  79.83413	   7.50000	       14N
   7.54223	  79.83413	   7.50000	       14N
  10.05631	  79.83413	   7.50000	       14N
  12.57038	  79.83413	   7.50000	       14N
  15.08446	  79.83413	   7.50000	       14N
  17.59854	  79.83413	   7.50000	       14N
  20.11261	  79.83413	   7.50000	       14N
  23.87267	   2.17917	   7.50000	       11B
  23.87267	   6.53368	   7.50000	       11B
  23.87267	  10.88819	   7.50000	       11B
  26.36585	   2.17922	   7.50005	       11B
  26.36585	   6.53373	   7.50005	       11B
  26.36585	  10.88824	   7.50005	       11B
  28.85632	   2.17980	   7.58114	       11B
  28.85632	   6.53431	   7.58114	       11B
  28.85632	  10.88882	   7.58114	       10B
  31.33794	   2.17989	   7.82179	       11B
  31.33794	   6.53440	   7.82179	       10B
  31.33794	  10.88890	   7.82179	       11B
  33.82690	   2.18012	   7.95053	       10B
  33.82690	   6.53463	   7.95053	       11B
  33.82690	  10.88914	   7.95053	       11B
  36.31586	   2.17989	   7.82179	       11B
  36.31586	   6.53440	   7.82179	       11B
  36.31586	  10.88890	   7.82179	       10B
  38.79748	   2.17980	   7.58114	       11B
  38.79748	   6.53431	   7.58114	       11B
  38.79748	  10.88882	   7.58114	       11B
  41.28794	   2.17922	   7.50005	       10B
  41.28794	   6.53373	   7.50005	       11B
  41.28794	  10.88824	   7.50005	       11B
  43.78112	   2.17917	   7.50000	       10B
  43.78112	   6.53368	   7.50000	       11B
  43.78112	  10.88819	   7.50000	       10B
  22.62669	   0.00189	   7.50000	       11B
  22.62669	   4.35640	   7.50000	       11B
  22.62669	   8.71090	   7.50000	       11B
  25.11930	   0.00180	   7.50000	       11B
  25.11930	   4.35631	   7.50000	       11B
  25.11930	   8.71081	   7.50000	       10B
  27.61225	   0.00227	   7.50100	       11B
  27.61225	   4.35678	   7.50100	       11B
  27.61225	   8.71129	   7.50100	       11B
  30.09749	   0.00246	   7.69561	       11B
  30.09749	   4.35697	   7.69561	       11B
  30.09749	   8.71148	   7.69561	       11B
  32.58128	   0.00269	   7.91592	       11B
  32.58128	   4.35720	   7.91592	       10B
  32.58128	   8.71171	   7.91592	       11B
  35.07252	   0.00269	   7.91592	       11B
  35.07252	   4.35720	   7.91592	       11B
  35.07252	   8.71171	   7.91592	       11B
  37.55631	   0.00246	   7.69561	       11B
  37.55631	   4.35697	   7.69561	       11B
  37.55631	   8.71148	   7.69561	       11B
  40.04155	   0.00227	   7.50100	       11B
  40.04155	   4.35678	   7.50100	       10B
  40.04155	   8.71129	   7.50100	       11B
  42.53449	   0.00180	   7.50000	       11B
  42.53449	   4.35631	   7.50000	       11B
  42.53449	   8.71081	   7.50000	       11B
  23.87290	   3.62845	   7.50000	       14N
  23.87290	   7.98296	   7.50000	       14N
  26.36586	   3.62863	   7.50005	       14N
  26.36586	   7.98313	   7.50005	       14N
  28.85744	   3.62909	   7.56682	       14N
  28.85744	   7.98360	   7.56682	       14N
  31.33750	   3.62936	   7.82705	       14N
  31.33750	   7.98387	   7.82705	       14N
  33.82690	   3.62933	   7.96223	       14N
  33.82690	   7.98384	   7.96223	       14N
  36.31630	   3.62936	   7.82705	       14N
  36.31630	   7.98387	   7.82705	       14N
  38.79636	   3.62909	   7.56682	       14N
  38.79636	   7.98360	   7.56682	       14N
  41.28794	   3.62863	   7.50005	       14N
  41.28794	   7.98313	   7.50005	       14N
  43.78089	   3.62845	   7.50000	       14N
  43.78089	   7.98296	   7.50000	       14N
  22.62669	   1.45115	   7.50000	       14N
  22.62669	   5.80565	   7.50000	       14N
  22.62669	  10.16016	   7.50000	       14N
  25.11933	   1.45129	   7.50000	       14N
  25.11933	   5.80580	   7.50000	       14N
  25.11933	  10.16031	   7.50000	       14N
  27.61242	   1.45157	   7.50100	       14N
  27.61242	   5.80608	   7.50100	       14N
  27.61242	  10.16059	   7.50100	       14N
  30.09761	   1.45197	   7.69684	       14N
  30.09761	   5.80648	   7.69684	       14N
  30.09761	  10.16099	   7.69684	       14N
  32.58049	   1.45212	   7.92512	       14N
  32.58049	   5.80662	   7.92512	       14N
  32.58049	  10.16113	   7.92512	       14N
  35.07330	   1.45212	   7.92512	       14N
  35.07330	   5.80662	   7.92512	       14N
  35.07330	  10.16113	   7.92512	       14N
  37.55619	   1.45197	   7.69684	       14N
  37.55619	   5.80648	   7.69684	       14N
  37.55619	  10.16099	   7.69684	       14N
  40.04138	   1.45157	   7.50100	       14N
  40.04138	   5.80608	   7.50100	       14N
  40.04138	  10.16059	   7.50100	       14N
  42.53447	   1.45129	   7.50000	       14N
  42.53447	   5.80580	   7.50000	       14N
  42.53447	  10.16031	   7.50000	       14N
  23.87267	  15.24270	   7.50000	       10B
  23.87267	  19.59721	   7.50000	       11B
  23.87267	  23.95172	   7.50000	       11B
  26.36585	  15.24275	   7.50005	       11B
  26.36585	  19.59726	   7.50005	       11B
  26.36585	  23.95177	   7.50005	       11B
  28.85632	  15.24332	   7.58114	       11B
  28.85632	  19.59783	   7.58114	       11B
  28.85632	  23.95234	   7.58114	       11B
  31.33794	  15.24341	   7.82179	       11B
  31.33794	  19.59792	   7.82179	       11B
  31.33794	  23.95243	   7.82179	       11B
  33.82690	  15.24365	   7.95053	       11B
  33.82690	  19.59815	   7.95053	       10B
  33.82690	  23.95266	   7.95053	       11B
  36.31586	  15.24341	   7.82179	       11B
  36.31586	  19.59792	   7.82179	       11B
  36.31586	  23.95243	   7.82179	       11B
  38.79748	  15.24332	   7.58114	       11B
  38.79748	  19.59783	   7.58114	       11B
  38.79748	  23.95234	   7.58114	       11B
  41.28794	  15.24275	   7.50005	       11B
  41.28794	  19.59726	   7.50005	       11B
  41.28794	  23.95177	   7.50005	       11B
  43.78112	  15.24270	   7.50000	       11B
  43.78112	  19.59721	   7.50000	       11B
  43.78112	  23.95172	   7.50000	       11B
  22.62669	  13.06541	   7.50000	       10B
  22.62669	  17.41992	   7.50000	       11B
  22.62669	  21.77443	   7.50000	       11B
  25.11930	  13.06532	   7.50000	       11B
  25.11930	  17.41983	   7.50000	       10B
  25.11930	  21.77434	   7.50000	       11B
  27.61225	  13.06580	   7.50100	       10B
  27.61225	  17.42031	   7.50100	       11B
  27.61225	  21.77481	   7.50100	       11B
  30.09749	  13.06599	   7.69561	       11B
  30.09749	  17.42049	   7.69561	       11B
  30.09749	  21.77500	   7.69561	       11B
  32.58128	  13.06622	   7.91592	       11B
  32.58128	  17.42073	   7.91592	       10B
  32.58128	  21.77524	   7.91592	       10B
  35.07252	  13.06622	   7.91592	       11B
  35.07252	  17.42073	   7.91592	       11B
  35.07252	  21.77524	   7.91592	       11B
  37.55631	  13.06599	   7.69561	       11B
  37.55631	  17.42049	   7.69561	       11B
  37.55631	  21.77500	   7.69561	       11B
  40.04155	  13.06580	   7.50100	       11B
  40.04155	  17.42031	   7.50100	       10B
  40.04155	  21.77481	   7.50100	       11B
  42.53449	  13.06532	   7.50000	       11B
  42.53449	  17.41983	   7.50000	       11B
  42.53449	  21.77434	   7.50000	       11B
  23.87290	  16.69198	   7.50000	       14N
  23.87290	  21.04649	   7.50000	       14N
  23.87290	  12.33747	   7.50000	       14N
  26.36586	  16.69215	   7.50005	       14N
  26.36586	  21.04666	   7.50005	       14N
  26.36586	  12.33764	   7.50005	       14N
  28.85744	  16.69262	   7.56682	       14N
  28.85744	  21.04712	   7.56682	       14N
  28.85744	  12.33811	   7.56682	       14N
  31.33750	  16.69288	   7.82705	       14N
  31.33750	  21.04739	   7.82705	       14N
  31.33750	  12.33837	   7.82705	       14N
  33.82690	  16.69285	   7.96223	       14N
  33.82690	  21.04736	   7.96223	       14N
  33.82690	  12.33834	   7.96223	       14N
  36.31630	  16.69288	   7.82705	       14N
  36.31630	  21.04739	   7.82705	       14N
  36.31630	  12.33837	   7.82705	       14N
  38.79636	  16.69262	   7.56682	       14N
  38.79636	  21.04712	   7.56682	       14N
  38.79636	  12.33811	   7.56682	       14N
  41.28794	  16.69215	   7.50005	       14N
  41.28794	  21.04666	   7.50005	       14N
  41.28794	  12.33764	   7.50005	       14N
  43.78089	  16.69198	   7.50000	       14N
  43.78089	  21.04649	   7.50000	       14N
  43.78089	  12.33747	   7.50000	       14N
  22.62669	  14.51467	   7.50000	       14N
  22.62669	  18.86918	   7.50000	       14N
  22.62669	  23.22369	   7.50000	       14N
  25.11933	  14.51482	   7.50000	       14N
  25.11933	  18.86932	   7.50000	       14N
  25.11933	  23.22383	   7.50000	       14N
  27.61242	  14.51510	   7.50100	       14N
  27.61242	  18.86961	   7.50100	       14N
  27.61242	  23.22411	   7.50100	       14N
  30.09761	  14.51549	   7.69684	       14N
  30.09761	  18.87000	   7.69684	       14N
  30.09761	  23.22451	   7.69684	       14N
  32.58049	  14.51564	   7.92512	       14N
  32.58049	  18.87015	   7.92512	       14N
  32.58049	  23.22466	   7.92512	       14N
  35.07330	  14.51564	   7.92512	       14N
  35.07330	  18.87015	   7.92512	       14N
  35.07330	  23.22466	   7.92512	       14N
  37.55619	  14.51549	   7.69684	       14N
  37.55619	  18.87000	   7.69684	       14N
  37.55619	  23.22451	   7.69684	       14N
  40.04138	  14.51510	   7.50100	       14N
  40.04138	  18.86961	   7.50100	       14N
  40.04138	  23.22411	   7.50100	       14N
  42.53447	  14.51482	   7.50000	       14N
  42.53447	  18.86932	   7.50000	       14N
  42.53447	  23.22383	   7.50000	       14N
  23.87267	  28.30622	   7.50000	       10B
  23.87267	  32.66073	   7.50000	       11B
  23.87267	  37.01524	   7.50000	       11B
  26.36585	  28.30627	   7.50005	       10B
  26.36585	  32.66078	   7.50005	       10B
  26.36585	  37.01529	   7.50005	       11B
  28.85632	  28.30685	   7.58114	       11B
  28.85632	  32.66136	   7.58114	       11B
  28.85632	  37.01587	   7.58114	       11B
  31.33794	  28.30694	   7.82179	       11B
  31.33794	  32.66145	   7.82179	       11B
  31.33794	  37.01596	   7.82179	       11B
  33.82690	  28.30717	   7.95053	       11B
  33.82690	  32.66168	   7.95053	       11B
  33.82690	  37.01619	   7.95053	       11B
  36.31586	  28.30694	   7.82179	       10B
  36.31586	  32.66145	   7.82179	       10B
  36.31586	  37.01596	   7.82179	       11B
  38.79748	  28.30685	   7.58114	       11B
  38.79748	  32.66136	   7.58114	       11B
  38.79748	  37.01587	   7.58114	       11B
  41.28794	  28.30627	   7.50005	       10B
  41.28794	  32.66078	   7.50005	       11B
  41.28794	  37.01529	   7.50005	       11B
  43.78112	  28.30622	   7.50000	       11B
  43.78112	  32.66073	   7.50000	       11B
  43.78112	  37.01524	   7.50000	       11B
  22.62669	  26.12894	   7.50000	       11B
  22.62669	  30.48345	   7.50000	       11B
  22.62669	  34.83796	   7.50000	       10B
  25.11930	  26.12885	   7.50000	       11B
  25.11930	  30.48336	   7.50000	       11B
  25.11930	  34.83786	   7.50000	       11B
  27.61225	  26.12932	   7.50100	       10B
  27.61225	  30.48383	   7.50100	       11B
  27.61225	  34.83834	   7.50100	       11B
  30.09749	  26.12951	   7.69561	       11B
  30.09749	  30.48402	   7.69561	       11B
  30.09749	  34.83853	   7.69561	       11B
  32.58128	  26.12974	   7.91592	       11B
  32.58128	  30.48425	   7.91592	       10B
  32.58128	  34.83876	   7.91592	       11B
  35.07252	  26.12974	   7.91592	       11B
  35.07252	  30.48425	   7.91592	       11B
  35.07252	  34.83876	   7.91592	       11B
  37.55631	  26.12951	   7.69561	       11B
  37.55631	  30.48402	   7.69561	       11B
  37.55631	  34.83853	   7.69561	       11B
  40.04155	  26.12932	   7.50100	       11B
  40.04155	  30.48383	   7.50100	       11B
  40.04155	  34.83834	   7.50100	       11B
  42.53449	  26.12885	   7.50000	       11B
  42.53449	  30.48336	   7.50000	       11B
  42.53449	  34.83786	   7.50000	       10B
  23.87290	  29.75550	   7.50000	       14N
  23.87290	  34.11001	   7.50000	       14N
  23.87290	  25.40100	   7.50000	       14N
  26.36586	  29.75568	   7.50005	       14N
  26.36586	  34.11018	   7.50005	       14N
  26.36586	  25.40117	   7.50005	       14N
  28.85744	  29.75614	   7.56682	       14N
  28.85744	  34.11065	   7.56682	       14N
  28.85744	  25.40163	   7.56682	       14N
  31.33750	  29.75641	   7.82705	       14N
  31.33750	  34.11092	   7.82705	       14N
  31.33750	  25.40190	   7.82705	       14N
  33.82690	  29.75638	   7.96223	       14N
  33.82690	  34.11089	   7.96223	       14N
  33.82690	  25.40187	   7.96223	       14N
  36.31630	  29.75641	   7.82705	       14N
  36.31630	  34.11092	   7.82705	       14N
  36.31630	  25.40190	   7.82705	       14N
  38.79636	  29.75614	   7.56682	       14N
  38.79636	  34.11065	   7.56682	       14N
  38.79636	  25.40163	   7.56682	       14N
  41.28794	  29.75568	   7.50005	       14N
  41.28794	  34.11018	   7.50005	       14N
  41.28794	  25.40117	   7.50005	       14N
  43.78089	  29.75550	   7.50000	       14N
  43.78089	  34.11001	   7.50000	       14N
  43.78089	  25.40100	   7.50000	       14N
  22.62669	  27.57820	   7.50000	       14N
  22.62669	  31.93270	   7.50000	       14N
  22.62669	  36.28721	   7.50000	       14N
  25.11933	  27.57834	   7.50000	       14N
  25.11933	  31.93285	   7.50000	       14N
  25.11933	  36.28736	   7.50000	       14N
  27.61242	  27.57862	   7.50100	       14N
  27.61242	  31.93313	   7.50100	       14N
  27.61242	  36.28764	   7.50100	       14N
  30.09761	  27.57902	   7.69684	       14N
  30.09761	  31.93353	   7.69684	       14N
  30.09761	  36.28804	   7.69684	       14N
  32.58049	  27.57917	   7.92512	       14N
  32.58049	  31.93367	   7.92512	       14N
  32.58049	  36.28818	   7.92512	       14N
  35.07330	  27.57917	   7.92512	       14N
  35.07330	  31.93367	   7.92512	       14N
  35.07330	  36.28818	   7.92512	       14N
  37.55619	  27.57902	   7.69684	       14N
  37.55619	  31.93353	   7.69684	       14N
  37.55619	  36.28804	   7.69684	       14N
  40.04138	  27.57862	   7.50100	       14N
  40.04138	  31.93313	   7.50100	       14N
  40.04138	  36.28764	   7.50100	       14N
  42.53447	  27.57834	   7.50000	       14N
  42.53447	  31.93285	   7.50000	       14N
  42.53447	  36.28736	   7.50000	       14N
  23.87311	  41.36658	   7.50000	       11B
  23.87545	  45.71980	   7.50000	       11B
  23.87326	  50.07335	   7.50000	       10B
  26.36845	  41.36839	   7.50005	       10B
  26.37109	  45.72114	   7.50005	       11B
  26.36892	  50.07585	   7.50005	       11B
  28.85937	  41.37228	   7.57886	       10B
  28.86837	  45.72291	   7.56738	       11B
  28.86134	  50.07974	   7.57331	       11B
  31.34104	  41.37715	   7.82236	       10B
  31.37456	  45.73132	   7.80253	       11B
  31.34294	  50.08181	   7.80628	       11B
  33.82690	  41.37666	   7.95871	       11B
  33.82690	  50.08278	   7.94304	       11B
  36.31275	  41.37715	   7.82236	       11B
  36.27924	  45.73132	   7.80253	       10B
  36.31085	  50.08181	   7.80628	       10B
  38.79443	  41.37228	   7.57886	       11B
  38.78543	  45.72291	   7.56738	       11B
  38.79246	  50.07974	   7.57331	       10B
  41.28535	  41.36839	   7.50005	       11B
  41.28270	  45.72114	   7.50005	       11B
  41.28488	  50.07585	   7.50005	       11B
  43.78068	  41.36658	   7.50000	       10B
  43.77835	  45.71980	   7.50000	       11B
  43.78054	  50.07335	   7.50000	       11B
  22.62669	  39.18768	   7.50000	       10B
  22.62669	  43.54476	   7.50000	       11B
  22.62669	  47.89506	   7.50000	       11B
  25.12091	  39.18921	   7.50000	       11B
  25.12203	  43.54344	   7.50000	       10B
  25.12192	  47.89791	   7.50000	       11B
  27.61454	  39.19228	   7.50100	       11B
  27.61840	  43.54575	   7.50100	       11B
  27.61874	  47.89931	   7.50100	       11B
  30.10093	  39.19625	   7.68636	       10B
  30.10760	  43.55235	   7.68503	       11B
  30.10741	  47.90143	   7.67563	       10B
  32.58249	  39.19882	   7.90570	       11B
  32.59885	  43.56583	   7.92323	       11B
  32.58889	  47.88975	   7.93694	       11B
  35.07131	  39.19882	   7.90570	       10B
  35.05495	  43.56583	   7.92323	       11B
  35.06491	  47.88975	   7.93694	       11B
  37.55287	  39.19625	   7.68636	       11B
  37.54620	  43.55235	   7.68503	       11B
  37.54638	  47.90143	   7.67563	       11B
  40.03926	  39.19228	   7.50100	       11B
  40.03539	  43.54575	   7.50100	       11B
  40.03506	  47.89931	   7.50100	       11B
  42.53289	  39.18921	   7.50000	       11B
  42.53177	  43.54344	   7.50000	       10B
  42.53187	  47.89791	   7.50000	       11B
  23.87233	  42.81616	   7.50000	       14N
  23.87312	  47.16939	   7.50000	       14N
  23.87240	  38.46020	   7.50000	       14N
  26.36489	  42.81687	   7.50005	       14N
  26.36493	  47.17165	   7.50005	       14N
  26.36418	  38.46277	   7.50005	       14N
  28.85597	  42.81871	   7.56200	       14N
  28.85571	  47.17497	   7.55153	       14N
  28.85524	  38.46707	   7.56033	       14N
  31.33411	  42.81706	   7.82450	       14N
  31.33163	  47.18413	   7.80758	       14N
  31.33603	  38.47057	   7.81091	       14N
  33.82690	  42.80585	   7.98025	       14N
  33.82690	  38.47252	   7.94840	       14N
  36.31969	  42.81706	   7.82450	       14N
  36.32217	  47.18413	   7.80758	       14N
  36.31777	  38.47057	   7.81091	       14N
  38.79783	  42.81871	   7.56200	       14N
  38.79809	  47.17497	   7.55153	       14N
  38.79855	  38.46707	   7.56033	       14N
  41.28890	  42.81687	   7.50005	       14N
  41.28887	  47.17165	   7.50005	       14N
  41.28962	  38.46277	   7.50005	       14N
  43.78147	  42.81616	   7.50000	       14N
  43.78068	  47.16939	   7.50000	       14N
  43.78140	  38.46020	   7.50000	       14N
  22.62669	  40.63776	   7.50000	       14N
  22.62669	  44.99348	   7.50000	       14N
  22.62669	  49.34541	   7.50000	       14N
  25.11807	  40.63908	   7.50000	       14N
  25.11953	  44.99286	   7.50000	       14N
  25.11846	  49.34788	   7.50000	       14N
  27.60992	  40.64108	   7.50100	       14N
  27.61214	  44.99470	   7.50100	       14N
  27.61068	  49.35114	   7.50100	       14N
  30.09493	  40.64378	   7.69270	       14N
  30.09877	  44.99791	   7.67179	       14N
  30.09559	  49.35681	   7.67884	       14N
  32.57810	  40.64247	   7.92616	       14N
  32.57778	  49.36515	   7.92073	       14N
  35.07570	  40.64247	   7.92616	       14N
  35.07602	  49.36515	   7.92073	       14N
  37.55887	  40.64378	   7.69270	       14N
  37.55503	  44.99791	   7.67179	       14N
  37.55821	  49.35681	   7.67884	       14N
  40.04388	  40.64108	   7.50100	       14N
  40.04165	  44.99470	   7.50100	       14N
  40.04312	  49.35114	   7.50100	       14N
  42.53572	  40.63908	   7.50000	       14N
  42.53427	  44.99286	   7.50000	       14N
  42.53534	  49.34788	   7.50000	       14N
  35.11914	  44.96428	   7.91893	       14N
  32.53466	  44.96428	   7.91893	       14N
  33.82690	  47.25784	   8.06583	       14N
  23.87267	  54.43327	   7.50000	       11B
  23.87267	  58.78778	   7.50000	       11B
  23.87267	  63.14229	   7.50000	       11B
  26.36585	  54.43333	   7.50005	       11B
  26.36585	  58.78783	   7.50005	       11B
  26.36585	  63.14234	   7.50005	       10B
  28.85632	  54.43390	   7.58114	       11B
  28.85632	  58.78841	   7.58114	       11B
  28.85632	  63.14292	   7.58114	       11B
  31.33794	  54.43399	   7.82179	       11B
  31.33794	  58.78850	   7.82179	       11B
  31.33794	  63.14301	   7.82179	       11B
  33.82690	  54.43422	   7.95053	       11B
  33.82690	  58.78873	   7.95053	       10B
  33.82690	  63.14324	   7.95053	       11B
  36.31586	  54.43399	   7.82179	       11B
  36.31586	  58.78850	   7.82179	       11B
  36.31586	  63.14301	   7.82179	       11B
  38.79748	  54.43390	   7.58114	       11B
  38.79748	  58.78841	   7.58114	       11B
  38.79748	  63.14292	   7.58114	       11B
  41.28794	  54.43333	   7.50005	       11B
  41.28794	  58.78783	   7.50005	       10B
  41.28794	  63.14234	   7.50005	       11B
  43.78112	  54.43327	   7.50000	       11B
  43.78112	  58.78778	   7.50000	       11B
  43.78112	  63.14229	   7.50000	       10B
  22.62669	  52.25599	   7.50000	       11B
  22.62669	  56.61050	   7.50000	       11B
  22.62669	  60.96501	   7.50000	       11B
  25.11930	  52.25590	   7.50000	       11B
  25.11930	  56.61041	   7.50000	       11B
  25.11930	  60.96492	   7.50000	       11B
  27.61225	  52.25637	   7.50100	       11B
  27.61225	  56.61088	   7.50100	       10B
  27.61225	  60.96539	   7.50100	       10B
  30.09749	  52.25656	   7.69561	       10B
  30.09749	  56.61107	   7.69561	       11B
  30.09749	  60.96558	   7.69561	       10B
  32.58128	  52.25679	   7.91592	       11B
  32.58128	  56.61130	   7.91592	       11B
  32.58128	  60.96581	   7.91592	       11B
  35.07252	  52.25679	   7.91592	       11B
  35.07252	  56.61130	   7.91592	       10B
  35.07252	  60.96581	   7.91592	       11B
  37.55631	  52.25656	   7.69561	       10B
  37.55631	  56.61107	   7.69561	       11B
  37.55631	  60.96558	   7.69561	       10B
  40.04155	  52.25637	   7.50100	       11B
  40.04155	  56.61088	   7.50100	       11B
  40.04155	  60.96539	   7.50100	       11B
  42.53449	  52.25590	   7.50000	       11B
  42.53449	  56.61041	   7.50000	       11B
  42.53449	  60.96492	   7.50000	       11B
  23.87290	  55.88256	   7.50000	       14N
  23.87290	  60.23706	   7.50000	       14N
  23.87290	  51.52805	   7.50000	       14N
  26.36586	  55.88273	   7.50005	       14N
  26.36586	  60.23723	   7.50005	       14N
  26.36586	  51.52822	   7.50005	       14N
  28.85744	  55.88319	   7.56682	       14N
  28.85744	  60.23770	   7.56682	       14N
  28.85744	  51.52868	   7.56682	       14N
  31.33750	  55.88346	   7.82705	       14N
  31.33750	  60.23797	   7.82705	       14N
  31.33750	  51.52895	   7.82705	       14N
  33.82690	  55.88343	   7.96223	       14N
  33.82690	  60.23794	   7.96223	       14N
  33.82690	  51.52892	   7.96223	       14N
  36.31630	  55.88346	   7.82705	       14N
  36.31630	  60.23797	   7.82705	       14N
  36.31630	  51.52895	   7.82705	       14N
  38.79636	  55.88319	   7.56682	       14N
  38.79636	  60.23770	   7.56682	       14N
  38.79636	  51.52868	   7.56682	       14N
  41.28794	  55.88273	   7.50005	       14N
  41.28794	  60.23723	   7.50005	       14N
  41.28794	  51.52822	   7.50005	       14N
  43.78089	  55.88256	   7.50000	       14N
  43.78089	  60.23706	   7.50000	       14N
  43.78089	  51.52805	   7.50000	       14N
  22.62669	  53.70525	   7.50000	       14N
  22.62669	  58.05975	   7.50000	       14N
  22.62669	  62.41426	   7.50000	       14N
  25.11933	  53.70539	   7.50000	       14N
  25.11933	  58.05990	   7.50000	       14N
  25.11933	  62.41441	   7.50000	       14N
  27.61242	  53.70567	   7.50100	       14N
  27.61242	  58.06018	   7.50100	       14N
  27.61242	  62.41469	   7.50100	       14N
  30.09761	  53.70607	   7.69684	       14N
  30.09761	  58.06058	   7.69684	       14N
  30.09761	  62.41509	   7.69684	       14N
  32.58049	  53.70622	   7.92512	       14N
  32.58049	  58.06072	   7.92512	       14N
  32.58049	  62.41523	   7.92512	       14N
  35.07330	  53.70622	   7.92512	       14N
  35.07330	  58.06072	   7.92512	       14N
  35.07330	  62.41523	   7.92512	       14N
  37.55619	  53.70607	   7.69684	       14N
  37.55619	  58.06058	   7.69684	       14N
  37.55619	  62.41509	   7.69684	       14N
  40.04138	  53.70567	   7.50100	       14N
  40.04138	  58.06018	   7.50100	       14N
  40.04138	  62.41469	   7.50100	       14N
  42.53447	  53.70539	   7.50000	       14N
  42.53447	  58.05990	   7.50000	       14N
  42.53447	  62.41441	   7.50000	       14N
  23.87267	  67.49680	   7.50000	       11B
  23.87267	  71.85131	   7.50000	       11B
  23.87267	  76.20582	   7.50000	       11B
  26.36585	  67.49685	   7.50005	       11B
  26.36585	  71.85136	   7.50005	       11B
  26.36585	  76.20587	   7.50005	       11B
  28.85632	  67.49742	   7.58114	       11B
  28.85632	  71.85193	   7.58114	       11B
  28.85632	  76.20644	   7.58114	       10B
  31.33794	  67.49751	   7.82179	       11B
  31.33794	  71.85202	   7.82179	       11B
  31.33794	  76.20653	   7.82179	       10B
  33.82690	  67.49775	   7.95053	       10B
  33.82690	  71.85225	   7.95053	       11B
  33.82690	  76.20676	   7.95053	       11B
  36.31586	  67.49751	   7.82179	       10B
  36.31586	  71.85202	   7.82179	       11B
  36.31586	  76.20653	   7.82179	       11B
  38.79748	  67.49742	   7.58114	       11B
  38.79748	  71.85193	   7.58114	       11B
  38.79748	  76.20644	   7.58114	       11B
  41.28794	  67.49685	   7.50005	       10B
  41.28794	  71.85136	   7.50005	       10B
  41.28794	  76.20587	   7.50005	       11B
  43.78112	  67.49680	   7.50000	       10B
  43.78112	  71.85131	   7.50000	       11B
  43.78112	  76.20582	   7.50000	       11B
  22.62669	  65.31951	   7.50000	       11B
  22.62669	  69.67402	   7.50000	       11B
  22.62669	  74.02853	   7.50000	       11B
  25.11930	  65.31942	   7.50000	       10B
  25.11930	  69.67393	   7.50000	       11B
  25.11930	  74.02844	   7.50000	       11B
  27.61225	  65.31990	   7.50100	       11B
  27.61225	  69.67441	   7.50100	       11B
  27.61225	  74.02892	   7.50100	       10B
  30.09749	  65.32009	   7.69561	       11B
  30.09749	  69.67460	   7.69561	       11B
  30.09749	  74.02910	   7.69561	       11B
  32.58128	  65.32032	   7.91592	       11B
  32.58128	  69.67483	   7.91592	       11B
  32.58128	  74.02934	   7.91592	       11B
  35.07252	  65.32032	   7.91592	       11B
  35.07252	  69.67483	   7.91592	       10B
  35.07252	  74.02934	   7.91592	       11B
  37.55631	  65.32009	   7.69561	       11B
  37.55631	  69.67460	   7.69561	       11B
  37.55631	  74.02910	   7.69561	       11B
  40.04155	  65.31990	   7.50100	       11B
  40.04155	  69.67441	   7.50100	       11B
  40.04155	  74.02892	   7.50100	       11B
  42.53449	  65.31942	   7.50000	       11B
  42.53449	  69.67393	   7.50000	       11B
  42.53449	  74.02844	   7.50000	       11B
  23.87290	  68.94608	   7.50000	       14N
  23.87290	  73.30059	   7.50000	       14N
  23.87290	  64.59157	   7.50000	       14N
  26.36586	  68.94625	   7.50005	       14N
  26.36586	  73.30076	   7.50005	       14N
  26.36586	  64.59174	   7.50005	       14N
  28.85744	  68.94672	   7.56682	       14N
  28.85744	  73.30122	   7.56682	       14N
  28.85744	  64.59221	   7.56682	       14N
  31.33750	  68.94698	   7.82705	       14N
  31.33750	  73.30149	   7.82705	       14N
  31.33750	  64.59247	   7.82705	       14N
  33.82690	  68.94695	   7.96223	       14N
  33.82690	  73.30146	   7.96223	       14N
  33.82690	  64.59244	   7.96223	       14N
  36.31630	  68.94698	   7.82705	       14N
  36.31630	  73.30149	   7.82705	       14N
  36.31630	  64.59247	   7.82705	       14N
  38.79636	  68.94672	   7.56682	       14N
  38.79636	  73.30122	   7.56682	       14N
  38.79636	  64.59221	   7.56682	       14N
  41.28794	  68.94625	   7.50005	       14N
  41.28794	  73.30076	   7.50005	       14N
  41.28794	  64.59174	   7.50005	       14N
  43.78089	  68.94608	   7.50000	       14N
  43.78089	  73.30059	   7.50000	       14N
  43.78089	  64.59157	   7.50000	       14N
  22.62669	  66.76877	   7.50000	       14N
  22.62669	  71.12328	   7.50000	       14N
  22.62669	  75.47779	   7.50000	       14N
  25.11933	  66.76892	   7.50000	       14N
  25.11933	  71.12342	   7.50000	       14N
  25.11933	  75.47793	   7.50000	       14N
  27.61242	  66.76920	   7.50100	       14N
  27.61242	  71.12371	   7.50100	       14N
  27.61242	  75.47822	   7.50100	       14N
  30.09761	  66.76960	   7.69684	       14N
  30.09761	  71.12410	   7.69684	       14N
  30.09761	  75.47861	   7.69684	       14N
  32.58049	  66.76974	   7.92512	       14N
  32.58049	  71.12425	   7.92512	       14N
  32.58049	  75.47876	   7.92512	       14N
  35.07330	  66.76974	   7.92512	       14N
  35.07330	  71.12425	   7.92512	       14N
  35.07330	  75.47876	   7.92512	       14N
  37.55619	  66.76960	   7.69684	       14N
  37.55619	  71.12410	   7.69684	       14N
  37.55619	  75.47861	   7.69684	       14N
  40.04138	  66.76920	   7.50100	       14N
  40.04138	  71.12371	   7.50100	       14N
  40.04138	  75.47822	   7.50100	       14N
  42.53447	  66.76892	   7.50000	       14N
  42.53447	  71.12342	   7.50000	       14N
  42.53447	  75.47793	   7.50000	       14N
  22.62669	  78.38304	   7.50000	       11B
  25.11930	  78.38295	   7.50000	       11B
  27.61225	  78.38342	   7.50100	       11B
  30.09749	  78.38361	   7.69561	       11B
  32.58128	  78.38384	   7.91592	       11B
  35.07252	  78.38384	   7.91592	       11B
  37.55631	  78.38361	   7.69561	       11B
  40.04155	  78.38342	   7.50100	       11B
  42.53449	  78.38295	   7.50000	       11B
  23.87290	  77.65510	   7.50000	       14N
  26.36586	  77.65527	   7.50005	       14N
  28.85744	  77.65573	   7.56682	       14N
  31.33750	  77.65600	   7.82705	       14N
  33.82690	  77.65597	   7.96223	       14N
  36.31630	  77.65600	   7.82705	       14N
  38.79636	  77.65573	   7.56682	       14N
  41.28794	  77.65527	   7.50005	       14N
  43.78089	  77.65510	   7.50000	       14N
  22.62669	  79.83230	   7.50000	       14N
  25.11933	  79.83244	   7.50000	       14N
  27.61242	  79.83272	   7.50100	       14N
  30.09761	  79.83312	   7.69684	       14N
  32.58049	  79.83327	   7.92512	       14N
  35.07330	  79.83327	   7.92512	       14N
  37.55619	  79.83312	   7.69684	       14N
  40.04138	  79.83272	   7.50100	       14N
  42.53447	  79.83244	   7.50000	       14N
  46.28415	   2.17825	   7.50000	       11B
  46.28415	   6.53276	   7.50000	       11B
  46.28415	  10.88727	   7.50000	       11B
  48.79822	   2.17825	   7.50000	       11B
  48.79822	   6.53276	   7.50000	       11B
  48.79822	  10.88727	   7.50000	       10B
  51.31230	   2.17825	   7.50000	       11B
  51.31230	   6.53276	   7.50000	       10B
  51.31230	  10.88727	   7.50000	       11B
  53.82638	   2.17825	   7.50000	       11B
  53.82638	   6.53276	   7.50000	       11B
  53.82638	  10.88727	   7.50000	       11B
  56.34045	   2.17825	   7.50000	       11B
  56.34045	   6.53276	   7.50000	       11B
  56.34045	  10.88727	   7.50000	       11B
  58.85453	   2.17825	   7.50000	       11B
  58.85453	   6.53276	   7.50000	       10B
  58.85453	  10.88727	   7.50000	       11B
  61.36861	   2.17825	   7.50000	       10B
  61.36861	   6.53276	   7.50000	       11B
  61.36861	  10.88727	   7.50000	       11B
  63.88268	   2.17825	   7.50000	       11B
  63.88268	   6.53276	   7.50000	       11B
  63.88268	  10.88727	   7.50000	       11B
  66.39676	   2.17825	   7.50000	       10B
  66.39676	   6.53276	   7.50000	       11B
  66.39676	  10.88727	   7.50000	       11B
  45.02711	   0.00098	   7.50000	       11B
  45.02711	   4.35549	   7.50000	       11B
  45.02711	   8.71000	   7.50000	       11B
  47.54119	   0.00098	   7.50000	       11B
  47.54119	   4.35549	   7.50000	       11B
  47.54119	   8.71000	   7.50000	       10B
  50.05526	   0.00098	   7.50000	       11B
  50.05526	   4.35549	   7.50000	       11B
  50.05526	   8.71000	   7.50000	       11B
  52.56934	   0.00098	   7.50000	       11B
  52.56934	   4.35549	   7.50000	       10B
  52.56934	   8.71000	   7.50000	       10B
  55.08341	   0.00098	   7.50000	       11B
  55.08341	   4.35549	   7.50000	       11B
  55.08341	   8.71000	   7.50000	       11B
  57.59749	   0.00098	   7.50000	       11B
  57.59749	   4.35549	   7.50000	       11B
  57.59749	   8.71000	   7.50000	       11B
  60.11157	   0.00098	   7.50000	       10B
  60.11157	   4.35549	   7.50000	       11B
  60.11157	   8.71000	   7.50000	       11B
  62.62564	   0.00098	   7.50000	       11B
  62.62564	   4.35549	   7.50000	       11B
  62.62564	   8.71000	   7.50000	       11B
  65.13972	   0.00098	   7.50000	       11B
  65.13972	   4.35549	   7.50000	       11B
  65.13972	   8.71000	   7.50000	       11B
  46.28415	   3.63024	   7.50000	       14N
  46.28415	   7.98475	   7.50000	       14N
  48.79822	   3.63024	   7.50000	       14N
  48.79822	   7.98475	   7.50000	       14N
  51.31230	   3.63024	   7.50000	       14N
  51.31230	   7.98475	   7.50000	       14N
  53.82638	   3.63024	   7.50000	       14N
  53.82638	   7.98475	   7.50000	       14N
  56.34045	   3.63024	   7.50000	       14N
  56.34045	   7.98475	   7.50000	       14N
  58.85453	   3.63024	   7.50000	       14N
  58.85453	   7.98475	   7.50000	       14N
  61.36861	   3.63024	   7.50000	       14N
  61.36861	   7.98475	   7.50000	       14N
  63.88268	   3.63024	   7.50000	       14N
  63.88268	   7.98475	   7.50000	       14N
  66.39676	   3.63024	   7.50000	       14N
  66.39676	   7.98475	   7.50000	       14N
  45.02711	   1.45298	   7.50000	       14N
  45.02711	   5.80749	   7.50000	       14N
  45.02711	  10.16200	   7.50000	       14N
  47.54119	   1.45298	   7.50000	       14N
  47.54119	   5.80749	   7.50000	       14N
  47.54119	  10.16200	   7.50000	       14N
  50.05526	   1.45298	   7.50000	       14N
  50.05526	   5.80749	   7.50000	       14N
  50.05526	  10.16200	   7.50000	       14N
  52.56934	   1.45298	   7.50000	       14N
  52.56934	   5.80749	   7.50000	       14N
  52.56934	  10.16200	   7.50000	       14N
  55.08341	   1.45298	   7.50000	       14N
  55.08341	   5.80749	   7.50000	       14N
  55.08341	  10.16200	   7.50000	       14N
  57.59749	   1.45298	   7.50000	       14N
  57.59749	   5.80749	   7.50000	       14N
  57.59749	  10.16200	   7.50000	       14N
  60.11157	   1.45298	   7.50000	       14N
  60.11157	   5.80749	   7.50000	       14N
  60.11157	  10.16200	   7.50000	       14N
  62.62564	   1.45298	   7.50000	       14N
  62.62564	   5.80749	   7.50000	       14N
  62.62564	  10.16200	   7.50000	       14N
  65.13972	   1.45298	   7.50000	       14N
  65.13972	   5.80749	   7.50000	       14N
  65.13972	  10.16200	   7.50000	       14N
  46.28415	  15.24177	   7.50000	       11B
  46.28415	  19.59628	   7.50000	       10B
  46.28415	  23.95079	   7.50000	       10B
  48.79822	  15.24177	   7.50000	       11B
  48.79822	  19.59628	   7.50000	       11B
  48.79822	  23.95079	   7.50000	       11B
  51.31230	  15.24177	   7.50000	       11B
  51.31230	  19.59628	   7.50000	       11B
  51.31230	  23.95079	   7.50000	       11B
  53.82638	  15.24177	   7.50000	       11B
  53.82638	  19.59628	   7.50000	       11B
  53.82638	  23.95079	   7.50000	       11B
  56.34045	  15.24177	   7.50000	       10B
  56.34045	  19.59628	   7.50000	       11B
  56.34045	  23.95079	   7.50000	       11B
  58.85453	  15.24177	   7.50000	       11B
  58.85453	  19.59628	   7.50000	       10B
  58.85453	  23.95079	   7.50000	       11B
  61.36861	  15.24177	   7.50000	       11B
  61.36861	  19.59628	   7.50000	       11B
  61.36861	  23.95079	   7.50000	       11B
  63.88268	  15.24177	   7.50000	       10B
  63.88268	  19.59628	   7.50000	       11B
  63.88268	  23.95079	   7.50000	       11B
  66.39676	  15.24177	   7.50000	       11B
  66.39676	  19.59628	   7.50000	       11B
  66.39676	  23.95079	   7.50000	       11B
  45.02711	  13.06450	   7.50000	       11B
  45.02711	  17.41901	   7.50000	       11B
  45.02711	  21.77352	   7.50000	       10B
  47.54119	  13.06450	   7.50000	       10B
  47.54119	  17.41901	   7.50000	       11B
  47.54119	  21.77352	   7.50000	       11B
  50.05526	  13.06450	   7.50000	       11B
  50.05526	  17.41901	   7.50000	       11B
  50.05526	  21.77352	   7.50000	       11B
  52.56934	  13.06450	   7.50000	       10B
  52.56934	  17.41901	   7.50000	       11B
  52.56934	  21.77352	   7.50000	       10B
  55.08341	  13.06450	   7.50000	       11B
  55.08341	  17.41901	   7.50000	       11B
  55.08341	  21.77352	   7.50000	       11B
  57.59749	  13.06450	   7.50000	       11B
  57.59749	  17.41901	   7.50000	       11B
  57.59749	  21.77352	   7.50000	       11B
  60.11157	  13.06450	   7.50000	       11B
  60.11157	  17.41901	   7.50000	       11B
  60.11157	  21.77352	   7.50000	       11B
  62.62564	  13.06450	   7.50000	       10B
  62.62564	  17.41901	   7.50000	       10B
  62.62564	  21.77352	   7.50000	       11B
  65.13972	  13.06450	   7.50000	       11B
  65.13972	  17.41901	   7.50000	       10B
  65.13972	  21.77352	   7.50000	       11B
  46.28415	  16.69376	   7.50000	       14N
  46.28415	  21.04827	   7.50000	       14N
  46.28415	  12.33926	   7.50000	       14N
  48.79822	  16.69376	   7.50000	       14N
  48.79822	  21.04827	   7.50000	       14N
  48.79822	  12.33926	   7.50000	       14N
  51.31230	  16.69376	   7.50000	       14N
  51.31230	  21.04827	   7.50000	       14N
  51.31230	  12.33926	   7.50000	       14N
  53.82638	  16.69376	   7.50000	       14N
  53.82638	  21.04827	   7.50000	       14N
  53.82638	  12.33926	   7.50000	       14N
  56.34045	  16.69376	   7.50000	       14N
  56.34045	  21.04827	   7.50000	       14N
  56.34045	  12.33926	   7.50000	       14N
  58.85453	  16.69376	   7.50000	       14N
  58.85453	  21.04827	   7.50000	       14N
  58.85453	  12.33926	   7.50000	       14N
  61.36861	  16.69376	   7.50000	       14N
  61.36861	  21.04827	   7.50000	       14N
  61.36861	  12.33926	   7.50000	       14N
  63.88268	  16.69376	   7.50000	       14N
  63.88268	  21.04827	   7.50000	       14N
  63.88268	  12.33926	   7.50000	       14N
  66.39676	  16.69376	   7.50000	       14N
  66.39676	  21.04827	   7.50000	       14N
  66.39676	  12.33926	   7.50000	       14N
  45.02711	  14.51651	   7.50000	       14N
  45.02711	  18.87102	   7.50000	       14N
  45.02711	  23.22552	   7.50000	       14N
  47.54119	  14.51651	   7.50000	       14N
  47.54119	  18.87102	   7.50000	       14N
  47.54119	  23.22552	   7.50000	       14N
  50.05526	  14.51651	   7.50000	       14N
  50.05526	  18.87102	   7.50000	       14N
  50.05526	  23.22552	   7.50000	       14N
  52.56934	  14.51651	   7.50000	       14N
  52.56934	  18.87102	   7.50000	       14N
  52.56934	  23.22552	   7.50000	       14N
  55.08341	  14.51651	   7.50000	       14N
  55.08341	  18.87102	   7.50000	       14N
  55.08341	  23.22552	   7.50000	       14N
  57.59749	  14.51651	   7.50000	       14N
  57.59749	  18.87102	   7.50000	       14N
  57.59749	  23.22552	   7.50000	       14N
  60.11157	  14.51651	   7.50000	       14N
  60.11157	  18.87102	   7.50000	       14N
  60.11157	  23.22552	   7.50000	       14N
  62.62564	  14.51651	   7.50000	       14N
  62.62564	  18.87102	   7.50000	       14N
  62.62564	  23.22552	   7.50000	       14N
  65.13972	  14.51651	   7.50000	       14N
  65.13972	  18.87102	   7.50000	       14N
  65.13972	  23.22552	   7.50000	       14N
  46.28415	  28.30530	   7.50000	       11B
  46.28415	  32.65981	   7.50000	       11B
  46.28415	  37.01432	   7.50000	       11B
  48.79822	  28.30530	   7.50000	       11B
  48.79822	  32.65981	   7.50000	       11B
  48.79822	  37.01432	   7.50000	       11B
  51.31230	  28.30530	   7.50000	       10B
  51.31230	  32.65981	   7.50000	       11B
  51.31230	  37.01432	   7.50000	       10B
  53.82638	  28.30530	   7.50000	       10B
  53.82638	  32.65981	   7.50000	       11B
  53.82638	  37.01432	   7.50000	       11B
  56.34045	  28.30530	   7.50000	       11B
  56.34045	  32.65981	   7.50000	       11B
  56.34045	  37.01432	   7.50000	       11B
  58.85453	  28.30530	   7.50000	       11B
  58.85453	  32.65981	   7.50000	       11B
  58.85453	  37.01432	   7.50000	       11B
  61.36861	  28.30530	   7.50000	       11B
  61.36861	  32.65981	   7.50000	       10B
  61.36861	  37.01432	   7.50000	       11B
  63.88268	  28.30530	   7.50000	       11B
  63.88268	  32.65981	   7.50000	       11B
  63.88268	  37.01432	   7.50000	       11B
  66.39676	  28.30530	   7.50000	       11B
  66.39676	  32.65981	   7.50000	       11B
  66.39676	  37.01432	   7.50000	       11B
  45.02711	  26.12803	   7.50000	       11B
  45.02711	  30.48254	   7.50000	       10B
  45.02711	  34.83705	   7.50000	       11B
  47.54119	  26.12803	   7.50000	       11B
  47.54119	  30.48254	   7.50000	       11B
  47.54119	  34.83705	   7.50000	       10B
  50.05526	  26.12803	   7.50000	       11B
  50.05526	  30.48254	   7.50000	       11B
  50.05526	  34.83705	   7.50000	       11B
  52.56934	  26.12803	   7.50000	       11B
  52.56934	  30.48254	   7.50000	       10B
  52.56934	  34.83705	   7.50000	       11B
  55.08341	  26.12803	   7.50000	       11B
  55.08341	  30.48254	   7.50000	       11B
  55.08341	  34.83705	   7.50000	       11B
  57.59749	  26.12803	   7.50000	       11B
  57.59749	  30.48254	   7.50000	       11B
  57.59749	  34.83705	   7.50000	       11B
  60.11157	  26.12803	   7.50000	       11B
  60.11157	  30.48254	   7.50000	       10B
  60.11157	  34.83705	   7.50000	       11B
  62.62564	  26.12803	   7.50000	       11B
  62.62564	  30.48254	   7.50000	       11B
  62.62564	  34.83705	   7.50000	       11B
  65.13972	  26.12803	   7.50000	       11B
  65.13972	  30.48254	   7.50000	       11B
  65.13972	  34.83705	   7.50000	       11B
  46.28415	  29.75729	   7.50000	       14N
  46.28415	  34.11180	   7.50000	       14N
  46.28415	  25.40278	   7.50000	       14N
  48.79822	  29.75729	   7.50000	       14N
  48.79822	  34.11180	   7.50000	       14N
  48.79822	  25.40278	   7.50000	       14N
  51.31230	  29.75729	   7.50000	       14N
  51.31230	  34.11180	   7.50000	       14N
  51.31230	  25.40278	   7.50000	       14N
  53.82638	  29.75729	   7.50000	       14N
  53.82638	  34.11180	   7.50000	       14N
  53.82638	  25.40278	   7.50000	       14N
  56.34045	  29.75729	   7.50000	       14N
  56.34045	  34.11180	   7.50000	       14N
  56.34045	  25.40278	   7.50000	       14N
  58.85453	  29.75729	   7.50000	       14N
  58.85453	  34.11180	   7.50000	       14N
  58.85453	  25.40278	   7.50000	       14N
  61.36861	  29.75729	   7.50000	       14N
  61.36861	  34.11180	   7.50000	       14N
  61.36861	  25.40278	   7.50000	       14N
  63.88268	  29.75729	   7.50000	       14N
  63.88268	  34.11180	   7.50000	       14N
  63.88268	  25.40278	   7.50000	       14N
  66.39676	  29.75729	   7.50000	       14N
  66.39676	  34.11180	   7.50000	       14N
  66.39676	  25.40278	   7.50000	       14N
  45.02711	  27.58003	   7.50000	       14N
  45.02711	  31.93454	   7.50000	       14N
  45.02711	  36.28905	   7.50000	       14N
  47.54119	  27.58003	   7.50000	       14N
  47.54119	  31.93454	   7.50000	       14N
  47.54119	  36.28905	   7.50000	       14N
  50.05526	  27.58003	   7.50000	       14N
  50.05526	  31.93454	   7.50000	       14N
  50.05526	  36.28905	   7.50000	       14N
  52.56934	  27.58003	   7.50000	       14N
  52.56934	  31.93454	   7.50000	       14N
  52.56934	  36.28905	   7.50000	       14N
  55.08341	  27.58003	   7.50000	       14N
  55.08341	  31.93454	   7.50000	       14N
  55.08341	  36.28905	   7.50000	       14N
  57.59749	  27.58003	   7.50000	       14N
  57.59749	  31.93454	   7.50000	       14N
  57.59749	  36.28905	   7.50000	       14N
  60.11157	  27.58003	   7.50000	       14N
  60.11157	  31.93454	   7.50000	       14N
  60.11157	  36.28905	   7.50000	       14N
  62.62564	  27.58003	   7.50000	       14N
  62.62564	  31.93454	   7.50000	       14N
  62.62564	  36.28905	   7.50000	       14N
  65.13972	  27.58003	   7.50000	       14N
  65.13972	  31.93454	   7.50000	       14N
  65.13972	  36.28905	   7.50000	       14N
  46.28415	  41.36882	   7.50000	       11B
  46.28415	  45.72333	   7.50000	       11B
  46.28415	  50.07784	   7.50000	       11B
  48.79822	  41.36882	   7.50000	       11B
  48.79822	  45.72333	   7.50000	       11B
  48.79822	  50.07784	   7.50000	       11B
  51.31230	  41.36882	   7.50000	       11B
  51.31230	  45.72333	   7.50000	       10B
  51.31230	  50.07784	   7.50000	       10B
  53.82638	  41.36882	   7.50000	       10B
  53.82638	  45.72333	   7.50000	       11B
  53.82638	  50.07784	   7.50000	       11B
  56.34045	  41.36882	   7.50000	       11B
  56.34045	  45.72333	   7.50000	       11B
  56.34045	  50.07784	   7.50000	       11B
  58.85453	  41.36882	   7.50000	       10B
  58.85453	  45.72333	   7.50000	       11B
  58.85453	  50.07784	   7.50000	       11B
  61.36861	  41.36882	   7.50000	       11B
  61.36861	  45.72333	   7.50000	       11B
  61.36861	  50.07784	   7.50000	       10B
  63.88268	  41.36882	   7.50000	       11B
  63.88268	  45.72333	   7.50000	       11B
  63.88268	  50.07784	   7.50000	       11B
  66.39676	  41.36882	   7.50000	       11B
  66.39676	  45.72333	   7.50000	       11B
  66.39676	  50.07784	   7.50000	       11B
  45.02711	  39.19155	   7.50000	       11B
  45.02711	  43.54606	   7.50000	       11B
  45.02711	  47.90057	   7.50000	       11B
  47.54119	  39.19155	   7.50000	       11B
  47.54119	  43.54606	   7.50000	       10B
  47.54119	  47.90057	   7.50000	       10B
  50.05526	  39.19155	   7.50000	       11B
  50.05526	  43.54606	   7.50000	       11B
  50.05526	  47.90057	   7.50000	       10B
  52.56934	  39.19155	   7.50000	       11B
  52.56934	  43.54606	   7.50000	       11B
  52.56934	  47.90057	   7.50000	       11B
  55.08341	  39.19155	   7.50000	       11B
  55.08341	  43.54606	   7.50000	       11B
  55.08341	  47.90057	   7.50000	       11B
  57.59749	  39.19155	   7.50000	       11B
  57.59749	  43.54606	   7.50000	       11B
  57.59749	  47.90057	   7.50000	       10B
  60.11157	  39.19155	   7.50000	       11B
  60.11157	  43.54606	   7.50000	       11B
  60.11157	  47.90057	   7.50000	       11B
  62.62564	  39.19155	   7.50000	       11B
  62.62564	  43.54606	   7.50000	       11B
  62.62564	  47.90057	   7.50000	       10B
  65.13972	  39.19155	   7.50000	       11B
  65.13972	  43.54606	   7.50000	       11B
  65.13972	  47.90057	   7.50000	       11B
  46.28415	  42.82082	   7.50000	       14N
  46.28415	  47.17532	   7.50000	       14N
  46.28415	  38.46631	   7.50000	       14N
  48.79822	  42.82082	   7.50000	       14N
  48.79822	  47.17532	   7.50000	       14N
  48.79822	  38.46631	   7.50000	       14N
  51.31230	  42.82082	   7.50000	       14N
  51.31230	  47.17532	   7.50000	       14N
  51.31230	  38.46631	   7.50000	       14N
  53.82638	  42.82082	   7.50000	       14N
  53.82638	  47.17532	   7.50000	       14N
  53.82638	  38.46631	   7.50000	       14N
  56.34045	  42.82082	   7.50000	       14N
  56.34045	  47.17532	   7.50000	       14N
  56.34045	  38.46631	   7.50000	       14N
  58.85453	  42.82082	   7.50000	       14N
  58.85453	  47.17532	   7.50000	       14N
  58.85453	  38.46631	   7.50000	       14N
  61.36861	  42.82082	   7.50000	       14N
  61.36861	  47.17532	   7.50000	       14N
  61.36861	  38.46631	   7.50000	       14N
  63.88268	  42.82082	   7.50000	       14N
  63.88268	  47.17532	   7.50000	       14N
  63.88268	  38.46631	   7.50000	       14N
  66.39676	  42.82082	   7.50000	       14N
  66.39676	  47.17532	   7.50000	       14N
  66.39676	  38.46631	   7.50000	       14N
  45.02711	  40.64356	   7.50000	       14N
  45.02711	  44.99807	   7.50000	       14N
  45.02711	  49.35257	   7.50000	       14N
  47.54119	  40.64356	   7.50000	       14N
  47.54119	  44.99807	   7.50000	       14N
  47.54119	  49.35257	   7.50000	       14N
  50.05526	  40.64356	   7.50000	       14N
  50.05526	  44.99807	   7.50000	       14N
  50.05526	  49.35257	   7.50000	       14N
  52.56934	  40.64356	   7.50000	       14N
  52.56934	  44.99807	   7.50000	       14N
  52.56934	  49.35257	   7.50000	       14N
  55.08341	  40.64356	   7.50000	       14N
  55.08341	  44.99807	   7.50000	       14N
  55.08341	  49.35257	   7.50000	       14N
  57.59749	  40.64356	   7.50000	       14N
  57.59749	  44.99807	   7.50000	       14N
  57.59749	  49.35257	   7.50000	       14N
  60.11157	  40.64356	   7.50000	       14N
  60.11157	  44.99807	   7.50000	       14N
  60.11157	  49.35257	   7.50000	       14N
  62.62564	  40.64356	   7.50000	       14N
  62.62564	  44.99807	   7.50000	       14N
  62.62564	  49.35257	   7.50000	       14N
  65.13972	  40.64356	   7.50000	       14N
  65.13972	  44.99807	   7.50000	       14N
  65.13972	  49.35257	   7.50000	       14N
  46.28415	  54.43235	   7.50000	       11B
  46.28415	  58.78686	   7.50000	       10B
  46.28415	  63.14137	   7.50000	       11B
  48.79822	  54.43235	   7.50000	       11B
  48.79822	  58.78686	   7.50000	       11B
  48.79822	  63.14137	   7.50000	       11B
  51.31230	  54.43235	   7.50000	       11B
  51.31230	  58.78686	   7.50000	       11B
  51.31230	  63.14137	   7.50000	       10B
  53.82638	  54.43235	   7.50000	       11B
  53.82638	  58.78686	   7.50000	       11B
  53.82638	  63.14137	   7.50000	       10B
  56.34045	  54.43235	   7.50000	       11B
  56.34045	  58.78686	   7.50000	       10B
  56.34045	  63.14137	   7.50000	       11B
  58.85453	  54.43235	   7.50000	       10B
  58.85453	  58.78686	   7.50000	       10B
  58.85453	  63.14137	   7.50000	       11B
  61.36861	  54.43235	   7.50000	       11B
  61.36861	  58.78686	   7.50000	       10B
  61.36861	  63.14137	   7.50000	       11B
  63.88268	  54.43235	   7.50000	       11B
  63.88268	  58.78686	   7.50000	       11B
  63.88268	  63.14137	   7.50000	       11B
  66.39676	  54.43235	   7.50000	       11B
  66.39676	  58.78686	   7.50000	       11B
  66.39676	  63.14137	   7.50000	       11B
  45.02711	  52.25508	   7.50000	       11B
  45.02711	  56.60959	   7.50000	       11B
  45.02711	  60.96410	   7.50000	       11B
  47.54119	  52.25508	   7.50000	       11B
  47.54119	  56.60959	   7.50000	       11B
  47.54119	  60.96410	   7.50000	       11B
  50.05526	  52.25508	   7.50000	       10B
  50.05526	  56.60959	   7.50000	       11B
  50.05526	  60.96410	   7.50000	       11B
  52.56934	  52.25508	   7.50000	       11B
  52.56934	  56.60959	   7.50000	       10B
  52.56934	  60.96410	   7.50000	       11B
  55.08341	  52.25508	   7.50000	       10B
  55.08341	  56.60959	   7.50000	       11B
  55.08341	  60.96410	   7.50000	       11B
  57.59749	  52.25508	   7.50000	       10B
  57.59749	  56.60959	   7.50000	       11B
  57.59749	  60.96410	   7.50000	       11B
  60.11157	  52.25508	   7.50000	       11B
  60.11157	  56.60959	   7.50000	       11B
  60.11157	  60.96410	   7.50000	       10B
  62.62564	  52.25508	   7.50000	       11B
  62.62564	  56.60959	   7.50000	       10B
  62.62564	  60.96410	   7.50000	       11B
  65.13972	  52.25508	   7.50000	       11B
  65.13972	  56.60959	   7.50000	       11B
  65.13972	  60.96410	   7.50000	       11B
  46.28415	  55.88434	   7.50000	       14N
  46.28415	  60.23885	   7.50000	       14N
  46.28415	  51.52983	   7.50000	       14N
  48.79822	  55.88434	   7.50000	       14N
  48.79822	  60.23885	   7.50000	       14N
  48.79822	  51.52983	   7.50000	       14N
  51.31230	  55.88434	   7.50000	       14N
  51.31230	  60.23885	   7.50000	       14N
  51.31230	  51.52983	   7.50000	       14N
  53.82638	  55.88434	   7.50000	       14N
  53.82638	  60.23885	   7.50000	       14N
  53.82638	  51.52983	   7.50000	       14N
  56.34045	  55.88434	   7.50000	       14N
  56.34045	  60.23885	   7.50000	       14N
  56.34045	  51.52983	   7.50000	       14N
  58.85453	  55.88434	   7.50000	       14N
  58.85453	  60.23885	   7.50000	       14N
  58.85453	  51.52983	   7.50000	       14N
  61.36861	  55.88434	   7.50000	       14N
  61.36861	  60.23885	   7.50000	       14N
  61.36861	  51.52983	   7.50000	       14N
  63.88268	  55.88434	   7.50000	       14N
  63.88268	  60.23885	   7.50000	       14N
  63.88268	  51.52983	   7.50000	       14N
  66.39676	  55.88434	   7.50000	       14N
  66.39676	  60.23885	   7.50000	       14N
  66.39676	  51.52983	   7.50000	       14N
  45.02711	  53.70708	   7.50000	       14N
  45.02711	  58.06159	   7.50000	       14N
  45.02711	  62.41610	   7.50000	       14N
  47.54119	  53.70708	   7.50000	       14N
  47.54119	  58.06159	   7.50000	       14N
  47.54119	  62.41610	   7.50000	       14N
  50.05526	  53.70708	   7.50000	       14N
  50.05526	  58.06159	   7.50000	       14N
  50.05526	  62.41610	   7.50000	       14N
  52.56934	  53.70708	   7.50000	       14N
  52.56934	  58.06159	   7.50000	       14N
  52.56934	  62.41610	   7.50000	       14N
  55.08341	  53.70708	   7.50000	       14N
  55.08341	  58.06159	   7.50000	       14N
  55.08341	  62.41610	   7.50000	       14N
  57.59749	  53.70708	   7.50000	       14N
  57.59749	  58.06159	   7.50000	       14N
  57.59749	  62.41610	   7.50000	       14N
  60.11157	  53.70708	   7.50000	       14N
  60.11157	  58.06159	   7.50000	       14N
  60.11157	  62.41610	   7.50000	       14N
  62.62564	  53.70708	   7.50000	       14N
  62.62564	  58.06159	   7.50000	       14N
  62.62564	  62.41610	   7.50000	       14N
  65.13972	  53.70708	   7.50000	       14N
  65.13972	  58.06159	   7.50000	       14N
  65.13972	  62.41610	   7.50000	       14N
  46.28415	  67.49587	   7.50000	       11B
  46.28415	  71.85038	   7.50000	       11B
  46.28415	  76.20489	   7.50000	       11B
  48.79822	  67.49587	   7.50000	       10B
  48.79822	  71.85038	   7.50000	       11B
  48.79822	  76.20489	   7.50000	       11B
  51.31230	  67.49587	   7.50000	       11B
  51.31230	  71.85038	   7.50000	       11B
  51.31230	  76.20489	   7.50000	       11B
  53.82638	  67.49587	   7.50000	       10B
  53.82638	  71.85038	   7.50000	       11B
  53.82638	  76.20489	   7.50000	       10B
  56.34045	  67.49587	   7.50000	       11B
  56.34045	  71.85038	   7.50000	       11B
  56.34045	  76.20489	   7.50000	       11B
  58.85453	  67.49587	   7.50000	       11B
  58.85453	  71.85038	   7.50000	       11B
  58.85453	  76.20489	   7.50000	       11B
  61.36861	  67.49587	   7.50000	       11B
  61.36861	  71.85038	   7.50000	       11B
  61.36861	  76.20489	   7.50000	       11B
  63.88268	  67.49587	   7.50000	       10B
  63.88268	  71.85038	   7.50000	       11B
  63.88268	  76.20489	   7.50000	       11B
  66.39676	  67.49587	   7.50000	       11B
  66.39676	  71.85038	   7.50000	       11B
  66.39676	  76.20489	   7.50000	       11B
  45.02711	  65.31860	   7.50000	       10B
  45.02711	  69.67311	   7.50000	       11B
  45.02711	  74.02762	   7.50000	       11B
  47.54119	  65.31860	   7.50000	       11B
  47.54119	  69.67311	   7.50000	       10B
  47.54119	  74.02762	   7.50000	       11B
  50.05526	  65.31860	   7.50000	       10B
  50.05526	  69.67311	   7.50000	       11B
  50.05526	  74.02762	   7.50000	       10B
  52.56934	  65.31860	   7.50000	       11B
  52.56934	  69.67311	   7.50000	       11B
  52.56934	  74.02762	   7.50000	       10B
  55.08341	  65.31860	   7.50000	       11B
  55.08341	  69.67311	   7.50000	       11B
  55.08341	  74.02762	   7.50000	       11B
  57.59749	  65.31860	   7.50000	       11B
  57.59749	  69.67311	   7.50000	       11B
  57.59749	  74.02762	   7.50000	       11B
  60.11157	  65.31860	   7.50000	       11B
  60.11157	  69.67311	   7.50000	       11B
  60.11157	  74.02762	   7.50000	       11B
  62.62564	  65.31860	   7.50000	       11B
  62.62564	  69.67311	   7.50000	       11B
  62.62564	  74.02762	   7.50000	       11B
  65.13972	  65.31860	   7.50000	       11B
  65.13972	  69.67311	   7.50000	       11B
  65.13972	  74.02762	   7.50000	       11B
  46.28415	  68.94787	   7.50000	       14N
  46.28415	  73.30237	   7.50000	       14N
  46.28415	  64.59336	   7.50000	       14N
  48.79822	  68.94787	   7.50000	       14N
  48.79822	  73.30237	   7.50000	       14N
  48.79822	  64.59336	   7.50000	       14N
  51.31230	  68.94787	   7.50000	       14N
  51.31230	  73.30237	   7.50000	       14N
  51.31230	  64.59336	   7.50000	       14N
  53.82638	  68.94787	   7.50000	       14N
  53.82638	  73.30237	   7.50000	       14N
  53.82638	  64.59336	   7.50000	       14N
  56.34045	  68.94787	   7.50000	       14N
  56.34045	  73.30237	   7.50000	       14N
  56.34045	  64.59336	   7.50000	       14N
  58.85453	  68.94787	   7.50000	       14N
  58.85453	  73.30237	   7.50000	       14N
  58.85453	  64.59336	   7.50000	       14N
  61.36861	  68.94787	   7.50000	       14N
  61.36861	  73.30237	   7.50000	       14N
  61.36861	  64.59336	   7.50000	       14N
  63.88268	  68.94787	   7.50000	       14N
  63.88268	  73.30237	   7.50000	       14N
  63.88268	  64.59336	   7.50000	       14N
  66.39676	  68.94787	   7.50000	       14N
  66.39676	  73.30237	   7.50000	       14N
  66.39676	  64.59336	   7.50000	       14N
  45.02711	  66.77061	   7.50000	       14N
  45.02711	  71.12512	   7.50000	       14N
  45.02711	  75.47963	   7.50000	       14N
  47.54119	  66.77061	   7.50000	       14N
  47.54119	  71.12512	   7.50000	       14N
  47.54119	  75.47963	   7.50000	       14N
  50.05526	  66.77061	   7.50000	       14N
  50.05526	  71.12512	   7.50000	       14N
  50.05526	  75.47963	   7.50000	       14N
  52.56934	  66.77061	   7.50000	       14N
  52.56934	  71.12512	   7.50000	       14N
  52.56934	  75.47963	   7.50000	       14N
  55.08341	  66.77061	   7.50000	       14N
  55.08341	  71.12512	   7.50000	       14N
  55.08341	  75.47963	   7.50000	       14N
  57.59749	  66.77061	   7.50000	       14N
  57.59749	  71.12512	   7.50000	       14N
  57.59749	  75.47963	   7.50000	       14N
  60.11157	  66.77061	   7.50000	       14N
  60.11157	  71.12512	   7.50000	       14N
  60.11157	  75.47963	   7.50000	       14N
  62.62564	  66.77061	   7.50000	       14N
  62.62564	  71.12512	   7.50000	       14N
  62.62564	  75.47963	   7.50000	       14N
  65.13972	  66.77061	   7.50000	       14N
  65.13972	  71.12512	   7.50000	       14N
  65.13972	  75.47963	   7.50000	       14N
  45.02711	  78.38213	   7.50000	       10B
  47.54119	  78.38213	   7.50000	       11B
  50.05526	  78.38213	   7.50000	       10B
  52.56934	  78.38213	   7.50000	       10B
  55.08341	  78.38213	   7.50000	       10B
  57.59749	  78.38213	   7.50000	       11B
  60.11157	  78.38213	   7.50000	       11B
  62.62564	  78.38213	   7.50000	       10B
  65.13972	  78.38213	   7.50000	       11B
  46.28415	  77.65688	   7.50000	       14N
  48.79822	  77.65688	   7.50000	       14N
  51.31230	  77.65688	   7.50000	       14N
  53.82638	  77.65688	   7.50000	       14N
  56.34045	  77.65688	   7.50000	       14N
  58.85453	  77.65688	   7.50000	       14N
  61.36861	  77.65688	   7.50000	       14N
  63.88268	  77.65688	   7.50000	       14N
  66.39676	  77.65688	   7.50000	       14N
  45.02711	  79.83413	   7.50000	       14N
  47.54119	  79.83413	   7.50000	       14N
  50.05526	  79.83413	   7.50000	       14N
  52.56934	  79.83413	   7.50000	       14N
  55.08341	  79.83413	   7.50000	       14N
  57.59749	  79.83413	   7.50000	       14N
  60.11157	  79.83413	   7.50000	       14N
  62.62564	  79.83413	   7.50000	       14N
  65.13972	  79.83413	   7.50000	       14N
  68.91084	   2.17825	   7.50000	       11B
  68.91084	   6.53276	   7.50000	       10B
  68.91084	  10.88727	   7.50000	       11B
  71.42491	   2.17825	   7.50000	       11B
  71.42491	   6.53276	   7.50000	       11B
  71.42491	  10.88727	   7.50000	       11B
  73.93899	   2.17825	   7.50000	       11B
  73.93899	   6.53276	   7.50000	       11B
  73.93899	  10.88727	   7.50000	       11B
  76.45306	   2.17825	   7.50000	       10B
  76.45306	   6.53276	   7.50000	       10B
  76.45306	  10.88727	   7.50000	       11B
  78.96714	   2.17825	   7.50000	       11B
  78.96714	   6.53276	   7.50000	       10B
  78.96714	  10.88727	   7.50000	       10B
  67.65380	   0.00098	   7.50000	       11B
  67.65380	   4.35549	   7.50000	       11B
  67.65380	   8.71000	   7.50000	       11B
  70.16787	   0.00098	   7.50000	       10B
  70.16787	   4.35549	   7.50000	       11B
  70.16787	   8.71000	   7.50000	       11B
  72.68195	   0.00098	   7.50000	       11B
  72.68195	   4.35549	   7.50000	       10B
  72.68195	   8.71000	   7.50000	       10B
  75.19603	   0.00098	   7.50000	       10B
  75.19603	   4.35549	   7.50000	       11B
  75.19603	   8.71000	   7.50000	       11B
  77.71010	   0.00098	   7.50000	       10B
  77.71010	   4.35549	   7.50000	       11B
  77.71010	   8.71000	   7.50000	       10B
  68.91084	   3.63024	   7.50000	       14N
  68.91084	   7.98475	   7.50000	       14N
  71.42491	   3.63024	   7.50000	       14N
  71.42491	   7.98475	   7.50000	       14N
  73.93899	   3.63024	   7.50000	       14N
  73.93899	   7.98475	   7.50000	       14N
  76.45306	   3.63024	   7.50000	       14N
  76.45306	   7.98475	   7.50000	       14N
  78.96714	   3.63024	   7.50000	       14N
  78.96714	   7.98475	   7.50000	       14N
  67.65380	   1.45298	   7.50000	       14N
  67.65380	   5.80749	   7.50000	       14N
  67.65380	  10.16200	   7.50000	       14N
  70.16787	   1.45298	   7.50000	       14N
  70.16787	   5.80749	   7.50000	       14N
  70.16787	  10.16200	   7.50000	       14N
  72.68195	   1.45298	   7.50000	       14N
  72.68195	   5.80749	   7.50000	       14N
  72.68195	  10.16200	   7.50000	       14N
  75.19603	   1.45298	   7.50000	       14N
  75.19603	   5.80749	   7.50000	       14N
  75.19603	  10.16200	   7.50000	       14N
  77.71010	   1.45298	   7.50000	       14N
  77.71010	   5.80749	   7.50000	       14N
  77.71010	  10.16200	   7.50000	       14N
  68.91084	  15.24177	   7.50000	       11B
  68.91084	  19.59628	   7.50000	       10B
  68.91084	  23.95079	   7.50000	       11B
  71.42491	  15.24177	   7.50000	       11B
  71.42491	  19.59628	   7.50000	       10B
  71.42491	  23.95079	   7.50000	       11B
  73.93899	  15.24177	   7.50000	       11B
  73.93899	  19.59628	   7.50000	       11B
  73.93899	  23.95079	   7.50000	       11B
  76.45306	  15.24177	   7.50000	       11B
  76.45306	  19.59628	   7.50000	       11B
  76.45306	  23.95079	   7.50000	       10B
  78.96714	  15.24177	   7.50000	       10B
  78.96714	  19.59628	   7.50000	       11B
  78.96714	  23.95079	   7.50000	       10B
  67.65380	  13.06450	   7.50000	       11B
  67.65380	  17.41901	   7.50000	       11B
  67.65380	  21.77352	   7.50000	       11B
  70.16787	  13.06450	   7.50000	       10B
  70.16787	  17.41901	   7.50000	       11B
  70.16787	  21.77352	   7.50000	       11B
  72.68195	  13.06450	   7.50000	       11B
  72.68195	  17.41901	   7.50000	       10B
  72.68195	  21.77352	   7.50000	       10B
  75.19603	  13.06450	   7.50000	       10B
  75.19603	  17.41901	   7.50000	       11B
  75.19603	  21.77352	   7.50000	       11B
  77.71010	  13.06450	   7.50000	       11B
  77.71010	  17.41901	   7.50000	       11B
  77.71010	  21.77352	   7.50000	       11B
  68.91084	  16.69376	   7.50000	       14N
  68.91084	  21.04827	   7.50000	       14N
  68.91084	  12.33926	   7.50000	       14N
  71.42491	  16.69376	   7.50000	       14N
  71.42491	  21.04827	   7.50000	       14N
  71.42491	  12.33926	   7.50000	       14N
  73.93899	  16.69376	   7.50000	       14N
  73.93899	  21.04827	   7.50000	       14N
  73.93899	  12.33926	   7.50000	       14N
  76.45306	  16.69376	   7.50000	       14N
  76.45306	  21.04827	   7.50000	       14N
  76.45306	  12.33926	   7.50000	       14N
  78.96714	  16.69376	   7.50000	       14N
  78.96714	  21.04827	   7.50000	       14N
  78.96714	  12.33926	   7.50000	       14N
  67.65380	  14.51651	   7.50000	       14N
  67.65380	  18.87102	   7.50000	       14N
  67.65380	  23.22552	   7.50000	       14N
  70.16787	  14.51651	   7.50000	       14N
  70.16787	  18.87102	   7.50000	       14N
  70.16787	  23.22552	   7.50000	       14N
  72.68195	  14.51651	   7.50000	       14N
  72.68195	  18.87102	   7.50000	       14N
  72.68195	  23.22552	   7.50000	       14N
  75.19603	  14.51651	   7.50000	       14N
  75.19603	  18.87102	   7.50000	       14N
  75.19603	  23.22552	   7.50000	       14N
  77.71010	  14.51651	   7.50000	       14N
  77.71010	  18.87102	   7.50000	       14N
  77.71010	  23.22552	   7.50000	       14N
  68.91084	  28.30530	   7.50000	       11B
  68.91084	  32.65981	   7.50000	       11B
  68.91084	  37.01432	   7.50000	       11B
  71.42491	  28.30530	   7.50000	       11B
  71.42491	  32.65981	   7.50000	       11B
  71.42491	  37.01432	   7.50000	       11B
  73.93899	  28.30530	   7.50000	       10B
  73.93899	  32.65981	   7.50000	       11B
  73.93899	  37.01432	   7.50000	       10B
  76.45306	  28.30530	   7.50000	       11B
  76.45306	  32.65981	   7.50000	       10B
  76.45306	  37.01432	   7.50000	       11B
  78.96714	  28.30530	   7.50000	       11B
  78.96714	  32.65981	   7.50000	       11B
  78.96714	  37.01432	   7.50000	       11B
  67.65380	  26.12803	   7.50000	       11B
  67.65380	  30.48254	   7.50000	       11B
  67.65380	  34.83705	   7.50000	       11B
  70.16787	  26.12803	   7.50000	       11B
  70.16787	  30.48254	   7.50000	       11B
  70.16787	  34.83705	   7.50000	       11B
  72.68195	  26.12803	   7.50000	       11B
  72.68195	  30.48254	   7.50000	       11B
  72.68195	  34.83705	   7.50000	       11B
  75.19603	  26.12803	   7.50000	       10B
  75.19603	  30.48254	   7.50000	       10B
  75.19603	  34.83705	   7.50000	       11B
  77.71010	  26.12803	   7.50000	       11B
  77.71010	  30.48254	   7.50000	       11B
  77.71010	  34.83705	   7.50000	       10B
  68.91084	  29.75729	   7.50000	       14N
  68.91084	  34.11180	   7.50000	       14N
  68.91084	  25.40278	   7.50000	       14N
  71.42491	  29.75729	   7.50000	       14N
  71.42491	  34.11180	   7.50000	       14N
  71.42491	  25.40278	   7.50000	       14N
  73.93899	  29.75729	   7.50000	       14N
  73.93899	  34.11180	   7.50000	       14N
  73.93899	  25.40278	   7.50000	       14N
  76.45306	  29.75729	   7.50000	       14N
  76.45306	  34.11180	   7.50000	       14N
  76.45306	  25.40278	   7.50000	       14N
  78.96714	  29.75729	   7.50000	       14N
  78.96714	  34.11180	   7.50000	       14N
  78.96714	  25.40278	   7.50000	       14N
  67.65380	  27.58003	   7.50000	       14N
  67.65380	  31.93454	   7.50000	       14N
  67.65380	  36.28905	   7.50000	       14N
  70.16787	  27.58003	   7.50000	       14N
  70.16787	  31.93454	   7.50000	       14N
  70.16787	  36.28905	   7.50000	       14N
  72.68195	  27.58003	   7.50000	       14N
  72.68195	  31.93454	   7.50000	       14N
  72.68195	  36.28905	   7.50000	       14N
  75.19603	  27.58003	   7.50000	       14N
  75.19603	  31.93454	   7.50000	       14N
  75.19603	  36.28905	   7.50000	       14N
  77.71010	  27.58003	   7.50000	       14N
  77.71010	  31.93454	   7.50000	       14N
  77.71010	  36.28905	   7.50000	       14N
  68.91084	  41.36882	   7.50000	       11B
  68.91084	  45.72333	   7.50000	       11B
  68.91084	  50.07784	   7.50000	       11B
  71.42491	  41.36882	   7.50000	       11B
  71.42491	  45.72333	   7.50000	       11B
  71.42491	  50.07784	   7.50000	       11B
  73.93899	  41.36882	   7.50000	       11B
  73.93899	  45.72333	   7.50000	       10B
  73.93899	  50.07784	   7.50000	       11B
  76.45306	  41.36882	   7.50000	       10B
  76.45306	  45.72333	   7.50000	       10B
  76.45306	  50.07784	   7.50000	       11B
  78.96714	  41.36882	   7.50000	       11B
  78.96714	  45.72333	   7.50000	       10B
  78.96714	  50.07784	   7.50000	       11B
  67.65380	  39.19155	   7.50000	       11B
  67.65380	  43.54606	   7.50000	       10B
  67.65380	  47.90057	   7.50000	       11B
  70.16787	  39.19155	   7.50000	       10B
  70.16787	  43.54606	   7.50000	       11B
  70.16787	  47.90057	   7.50000	       10B
  72.68195	  39.19155	   7.50000	       11B
  72.68195	  43.54606	   7.50000	       11B
  72.68195	  47.90057	   7.50000	       11B
  75.19603	  39.19155	   7.50000	       11B
  75.19603	  43.54606	   7.50000	       11B
  75.19603	  47.90057	   7.50000	       11B
  77.71010	  39.19155	   7.50000	       11B
  77.71010	  43.54606	   7.50000	       11B
  77.71010	  47.90057	   7.50000	       10B
  68.91084	  42.82082	   7.50000	       14N
  68.91084	  47.17532	   7.50000	       14N
  68.91084	  38.46631	   7.50000	       14N
  71.42491	  42.82082	   7.50000	       14N
  71.42491	  47.17532	   7.50000	       14N
  71.42491	  38.46631	   7.50000	       14N
  73.93899	  42.82082	   7.50000	       14N
  73.93899	  47.17532	   7.50000	       14N
  73.93899	  38.46631	   7.50000	       14N
  76.45306	  42.82082	   7.50000	       14N
  76.45306	  47.17532	   7.50000	       14N
  76.45306	  38.46631	   7.50000	       14N
  78.96714	  42.82082	   7.50000	       14N
  78.96714	  47.17532	   7.50000	       14N
  78.96714	  38.46631	   7.50000	       14N
  67.65380	  40.64356	   7.50000	       14N
  67.65380	  44.99807	   7.50000	       14N
  67.65380	  49.35257	   7.50000	       14N
  70.16787	  40.64356	   7.50000	       14N
  70.16787	  44.99807	   7.50000	       14N
  70.16787	  49.35257	   7.50000	       14N
  72.68195	  40.64356	   7.50000	       14N
  72.68195	  44.99807	   7.50000	       14N
  72.68195	  49.35257	   7.50000	       14N
  75.19603	  40.64356	   7.50000	       14N
  75.19603	  44.99807	   7.50000	       14N
  75.19603	  49.35257	   7.50000	       14N
  77.71010	  40.64356	   7.50000	       14N
  77.71010	  44.99807	   7.50000	       14N
  77.71010	  49.35257	   7.50000	       14N
  68.91084	  54.43235	   7.50000	       10B
  68.91084	  58.78686	   7.50000	       11B
  68.91084	  63.14137	   7.50000	       10B
  71.42491	  54.43235	   7.50000	       11B
  71.42491	  58.78686	   7.50000	       11B
  71.42491	  63.14137	   7.50000	       11B
  73.93899	  54.43235	   7.50000	       11B
  73.93899	  58.78686	   7.50000	       10B
  73.93899	  63.14137	   7.50000	       11B
  76.45306	  54.43235	   7.50000	       11B
  76.45306	  58.78686	   7.50000	       11B
  76.45306	  63.14137	   7.50000	       11B
  78.96714	  54.43235	   7.50000	       11B
  78.96714	  58.78686	   7.50000	       10B
  78.96714	  63.14137	   7.50000	       11B
  67.65380	  52.25508	   7.50000	       11B
  67.65380	  56.60959	   7.50000	       11B
  67.65380	  60.96410	   7.50000	       11B
  70.16787	  52.25508	   7.50000	       11B
  70.16787	  56.60959	   7.50000	       11B
  70.16787	  60.96410	   7.50000	       11B
  72.68195	  52.25508	   7.50000	       11B
  72.68195	  56.60959	   7.50000	       10B
  72.68195	  60.96410	   7.50000	       11B
  75.19603	  52.25508	   7.50000	       11B
  75.19603	  56.60959	   7.50000	       10B
  75.19603	  60.96410	   7.50000	       11B
  77.71010	  52.25508	   7.50000	       11B
  77.71010	  56.60959	   7.50000	       11B
  77.71010	  60.96410	   7.50000	       11B
  68.91084	  55.88434	   7.50000	       14N
  68.91084	  60.23885	   7.50000	       14N
  68.91084	  51.52983	   7.50000	       14N
  71.42491	  55.88434	   7.50000	       14N
  71.42491	  60.23885	   7.50000	       14N
  71.42491	  51.52983	   7.50000	       14N
  73.93899	  55.88434	   7.50000	       14N
  73.93899	  60.23885	   7.50000	       14N
  73.93899	  51.52983	   7.50000	       14N
  76.45306	  55.88434	   7.50000	       14N
  76.45306	  60.23885	   7.50000	       14N
  76.45306	  51.52983	   7.50000	       14N
  78.96714	  55.88434	   7.50000	       14N
  78.96714	  60.23885	   7.50000	       14N
  78.96714	  51.52983	   7.50000	       14N
  67.65380	  53.70708	   7.50000	       14N
  67.65380	  58.06159	   7.50000	       14N
  67.65380	  62.41610	   7.50000	       14N
  70.16787	  53.70708	   7.50000	       14N
  70.16787	  58.06159	   7.50000	       14N
  70.16787	  62.41610	   7.50000	       14N
  72.68195	  53.70708	   7.50000	       14N
  72.68195	  58.06159	   7.50000	       14N
  72.68195	  62.41610	   7.50000	       14N
  75.19603	  53.70708	   7.50000	       14N
  75.19603	  58.06159	   7.50000	       14N
  75.19603	  62.41610	   7.50000	       14N
  77.71010	  53.70708	   7.50000	       14N
  77.71010	  58.06159	   7.50000	       14N
  77.71010	  62.41610	   7.50000	       14N
  68.91084	  67.49587	   7.50000	       11B
  68.91084	  71.85038	   7.50000	       11B
  68.91084	  76.20489	   7.50000	       10B
  71.42491	  67.49587	   7.50000	       10B
  71.42491	  71.85038	   7.50000	       11B
  71.42491	  76.20489	   7.50000	       11B
  73.93899	  67.49587	   7.50000	       11B
  73.93899	  71.85038	   7.50000	       10B
  73.93899	  76.20489	   7.50000	       10B
  76.45306	  67.49587	   7.50000	       11B
  76.45306	  71.85038	   7.50000	       11B
  76.45306	  76.20489	   7.50000	       11B
  78.96714	  67.49587	   7.50000	       11B
  78.96714	  71.85038	   7.50000	       11B
  78.96714	  76.20489	   7.50000	       10B
  67.65380	  65.31860	   7.50000	       10B
  67.65380	  69.67311	   7.50000	       10B
  67.65380	  74.02762	   7.50000	       11B
  70.16787	  65.31860	   7.50000	       11B
  70.16787	  69.67311	   7.50000	       11B
  70.16787	  74.02762	   7.50000	       11B
  72.68195	  65.31860	   7.50000	       10B
  72.68195	  69.67311	   7.50000	       11B
  72.68195	  74.02762	   7.50000	       11B
  75.19603	  65.31860	   7.50000	       11B
  75.19603	  69.67311	   7.50000	       11B
  75.19603	  74.02762	   7.50000	       11B
  77.71010	  65.31860	   7.50000	       10B
  77.71010	  69.67311	   7.50000	       11B
  77.71010	  74.02762	   7.50000	       11B
  68.91084	  68.94787	   7.50000	       14N
  68.91084	  73.30237	   7.50000	       14N
  68.91084	  64.59336	   7.50000	       14N
  71.42491	  68.94787	   7.50000	       14N
  71.42491	  73.30237	   7.50000	       14N
  71.42491	  64.59336	   7.50000	       14N
  73.93899	  68.94787	   7.50000	       14N
  73.93899	  73.30237	   7.50000	       14N
  73.93899	  64.59336	   7.50000	       14N
  76.45306	  68.94787	   7.50000	       14N
  76.45306	  73.30237	   7.50000	       14N
  76.45306	  64.59336	   7.50000	       14N
  78.96714	  68.94787	   7.50000	       14N
  78.96714	  73.30237	   7.50000	       14N
  78.96714	  64.59336	   7.50000	       14N
  67.65380	  66.77061	   7.50000	       14N
  67.65380	  71.12512	   7.50000	       14N
  67.65380	  75.47963	   7.50000	       14N
  70.16787	  66.77061	   7.50000	       14N
  70.16787	  71.12512	   7.50000	       14N
  70.16787	  75.47963	   7.50000	       14N
  72.68195	  66.77061	   7.50000	       14N
  72.68195	  71.12512	   7.50000	       14N
  72.68195	  75.47963	   7.50000	       14N
  75.19603	  66.77061	   7.50000	       14N
  75.19603	  71.12512	   7.50000	       14N
  75.19603	  75.47963	   7.50000	       14N
  77.71010	  66.77061	   7.50000	       14N
  77.71010	  71.12512	   7.50000	       14N
  77.71010	  75.47963	   7.50000	       14N
  67.65380	  78.38213	   7.50000	       11B
  70.16787	  78.38213	   7.50000	       11B
  72.68195	  78.38213	   7.50000	       11B
  75.19603	  78.38213	   7.50000	       10B
  77.71010	  78.38213	   7.50000	       10B
  68.91084	  77.65688	   7.50000	       14N
  71.42491	  77.65688	   7.50000	       14N
  73.93899	  77.65688	   7.50000	       14N
  76.45306	  77.65688	   7.50000	       14N
  78.96714	  77.65688	   7.50000	       14N
  67.65380	  79.83413	   7.50000	       14N
  70.16787	  79.83413	   7.50000	       14N
  72.68195	  79.83413	   7.50000	       14N
  75.19603	  79.83413	   7.50000	       14N
  77.71010	  79.83413	   7.50000	       14N
