2442.00000	   0.00000	   0.00000	   0.00000
   1.25704	   2.17825	   7.50000	       11B
   1.25704	   6.53276	   7.50000	       11B
   1.25704	  10.88727	   7.50000	       10B
   3.77111	   2.17825	   7.50000	       11B
   3.77111	   6.53276	   7.50000	       10B
   3.77111	  10.88727	   7.50000	       11B
   6.28519	   2.17825	   7.50000	       11B
   6.28519	   6.53276	   7.50000	       11B
   6.28519	  10.88727	   7.50000	       11B
   8.79927	   2.17825	   7.50000	       11B
   8.79927	   6.53276	   7.50000	       10B
   8.79927	  10.88727	   7.50000	       10B
  11.31334	   2.17825	   7.50000	       11B
  11.31334	   6.53276	   7.50000	       11B
  11.31334	  10.88727	   7.50000	       11B
  13.82742	   2.17825	   7.50000	       10B
  13.82742	   6.53276	   7.50000	       10B
  13.82742	  10.88727	   7.50000	       11B
  16.34150	   2.17825	   7.50000	       11B
  16.34150	   6.53276	   7.50000	       11B
  16.34150	  10.88727	   7.50000	       11B
  18.85557	   2.17825	   7.50000	       11B
  18.85557	   6.53276	   7.50000	       11B
  18.85557	  10.88727	   7.50000	       11B
  21.36965	   2.17825	   7.50000	       11B
  21.36965	   6.53276	   7.50000	       11B
  21.36965	  10.88727	   7.50000	       11B
   0.00000	   0.00098	   7.50000	       10B
   0.00000	   4.35549	   7.50000	       10B
   0.00000	   8.71000	   7.50000	       11B
   2.51408	   0.00098	   7.50000	       11B
   2.51408	   4.35549	   7.50000	       10B
   2.51408	   8.71000	   7.50000	       10B
   5.02815	   0.00098	   7.50000	       11B
   5.02815	   4.35549	   7.50000	       11B
   5.02815	   8.71000	   7.50000	       10B
   7.54223	   0.00098	   7.50000	       11B
   7.54223	   4.35549	   7.50000	       10B
   7.54223	   8.71000	   7.50000	       11B
  10.05631	   0.00098	   7.50000	       11B
  10.05631	   4.35549	   7.50000	       10B
  10.05631	   8.71000	   7.50000	       10B
  12.57038	   0.00098	   7.50000	       11B
  12.57038	   4.35549	   7.50000	       11B
  12.57038	   8.71000	   7.50000	       11B
  15.08446	   0.00098	   7.50000	       11B
  15.08446	   4.35549	   7.50000	       11B
  15.08446	   8.71000	   7.50000	       11B
  17.59854	   0.00098	   7.50000	       11B
  17.59854	   4.35549	   7.50000	       10B
  17.59854	   8.71000	   7.50000	       11B
  20.11261	   0.00098	   7.50000	       10B
  20.11261	   4.35549	   7.50000	       10B
  20.11261	   8.71000	   7.50000	       11B
   1.25704	   3.63024	   7.50000	       14N
   1.25704	   7.98475	   7.50000	       14N
   3.77111	   3.63024	   7.50000	       14N
   3.77111	   7.98475	   7.50000	       14N
   6.28519	   3.63024	   7.50000	       14N
   6.28519	   7.98475	   7.50000	       14N
   8.79927	   3.63024	   7.50000	       14N
   8.79927	   7.98475	   7.50000	       14N
  11.31334	   3.63024	   7.50000	       14N
  11.31334	   7.98475	   7.50000	       14N
  13.82742	   3.63024	   7.50000	       14N
  13.82742	   7.98475	   7.50000	       14N
  16.34150	   3.63024	   7.50000	       14N
  16.34150	   7.98475	   7.50000	       14N
  18.85557	   3.63024	   7.50000	       14N
  18.85557	   7.98475	   7.50000	       14N
  21.36965	   3.63024	   7.50000	       14N
  21.36965	   7.98475	   7.50000	       14N
   0.00000	   1.45298	   7.50000	       14N
   0.00000	   5.80749	   7.50000	       14N
   0.00000	  10.16200	   7.50000	       14N
   2.51408	   1.45298	   7.50000	       14N
   2.51408	   5.80749	   7.50000	       14N
   2.51408	  10.16200	   7.50000	       14N
   5.02815	   1.45298	   7.50000	       14N
   5.02815	   5.80749	   7.50000	       14N
   5.02815	  10.16200	   7.50000	       14N
   7.54223	   1.45298	   7.50000	       14N
   7.54223	   5.80749	   7.50000	       14N
   7.54223	  10.16200	   7.50000	       14N
  10.05631	   1.45298	   7.50000	       14N
  10.05631	   5.80749	   7.50000	       14N
  10.05631	  10.16200	   7.50000	       14N
  12.57038	   1.45298	   7.50000	       14N
  12.57038	   5.80749	   7.50000	       14N
  12.57038	  10.16200	   7.50000	       14N
  15.08446	   1.45298	   7.50000	       14N
  15.08446	   5.80749	   7.50000	       14N
  15.08446	  10.16200	   7.50000	       14N
  17.59854	   1.45298	   7.50000	       14N
  17.59854	   5.80749	   7.50000	       14N
  17.59854	  10.16200	   7.50000	       14N
  20.11261	   1.45298	   7.50000	       14N
  20.11261	   5.80749	   7.50000	       14N
  20.11261	  10.16200	   7.50000	       14N
   1.25704	  15.24177	   7.50000	       11B
   1.25704	  19.59628	   7.50000	       11B
   1.25704	  23.95079	   7.50000	       10B
   3.77111	  15.24177	   7.50000	       11B
   3.77111	  19.59628	   7.50000	       11B
   3.77111	  23.95079	   7.50000	       11B
   6.28519	  15.24177	   7.50000	       11B
   6.28519	  19.59628	   7.50000	       11B
   6.28519	  23.95079	   7.50000	       11B
   8.79927	  15.24177	   7.50000	       11B
   8.79927	  19.59628	   7.50000	       10B
   8.79927	  23.95079	   7.50000	       11B
  11.31334	  15.24177	   7.50000	       11B
  11.31334	  19.59628	   7.50000	       11B
  11.31334	  23.95079	   7.50000	       11B
  13.82742	  15.24177	   7.50000	       10B
  13.82742	  19.59628	   7.50000	       11B
  13.82742	  23.95079	   7.50000	       10B
  16.34150	  15.24177	   7.50000	       11B
  16.34150	  19.59628	   7.50000	       11B
  16.34150	  23.95079	   7.50000	       11B
  18.85557	  15.24177	   7.50000	       11B
  18.85557	  19.59628	   7.50000	       10B
  18.85557	  23.95079	   7.50000	       11B
  21.36965	  15.24177	   7.50000	       11B
  21.36965	  19.59628	   7.50000	       11B
  21.36965	  23.95079	   7.50000	       11B
   0.00000	  13.06450	   7.50000	       11B
   0.00000	  17.41901	   7.50000	       11B
   0.00000	  21.77352	   7.50000	       11B
   2.51408	  13.06450	   7.50000	       11B
   2.51408	  17.41901	   7.50000	       11B
   2.51408	  21.77352	   7.50000	       11B
   5.02815	  13.06450	   7.50000	       11B
   5.02815	  17.41901	   7.50000	       11B
   5.02815	  21.77352	   7.50000	       11B
   7.54223	  13.06450	   7.50000	       10B
   7.54223	  17.41901	   7.50000	       11B
   7.54223	  21.77352	   7.50000	       11B
  10.05631	  13.06450	   7.50000	       11B
  10.05631	  17.41901	   7.50000	       11B
  10.05631	  21.77352	   7.50000	       10B
  12.57038	  13.06450	   7.50000	       11B
  12.57038	  17.41901	   7.50000	       10B
  12.57038	  21.77352	   7.50000	       10B
  15.08446	  13.06450	   7.50000	       11B
  15.08446	  17.41901	   7.50000	       11B
  15.08446	  21.77352	   7.50000	       11B
  17.59854	  13.06450	   7.50000	       11B
  17.59854	  17.41901	   7.50000	       11B
  17.59854	  21.77352	   7.50000	       11B
  20.11261	  13.06450	   7.50000	       11B
  20.11261	  17.41901	   7.50000	       11B
  20.11261	  21.77352	   7.50000	       11B
   1.25704	  16.69376	   7.50000	       14N
   1.25704	  21.04827	   7.50000	       14N
   1.25704	  12.33926	   7.50000	       14N
   3.77111	  16.69376	   7.50000	       14N
   3.77111	  21.04827	   7.50000	       14N
   3.77111	  12.33926	   7.50000	       14N
   6.28519	  16.69376	   7.50000	       14N
   6.28519	  21.04827	   7.50000	       14N
   6.28519	  12.33926	   7.50000	       14N
   8.79927	  16.69376	   7.50000	       14N
   8.79927	  21.04827	   7.50000	       14N
   8.79927	  12.33926	   7.50000	       14N
  11.31334	  16.69376	   7.50000	       14N
  11.31334	  21.04827	   7.50000	       14N
  11.31334	  12.33926	   7.50000	       14N
  13.82742	  16.69376	   7.50000	       14N
  13.82742	  21.04827	   7.50000	       15N
  13.82742	  12.33926	   7.50000	       14N
  16.34150	  16.69376	   7.50000	       14N
  16.34150	  21.04827	   7.50000	       14N
  16.34150	  12.33926	   7.50000	       14N
  18.85557	  16.69376	   7.50000	       14N
  18.85557	  21.04827	   7.50000	       14N
  18.85557	  12.33926	   7.50000	       14N
  21.36965	  16.69376	   7.50000	       14N
  21.36965	  21.04827	   7.50000	       14N
  21.36965	  12.33926	   7.50000	       14N
   0.00000	  14.51651	   7.50000	       14N
   0.00000	  18.87102	   7.50000	       14N
   0.00000	  23.22552	   7.50000	       14N
   2.51408	  14.51651	   7.50000	       14N
   2.51408	  18.87102	   7.50000	       14N
   2.51408	  23.22552	   7.50000	       14N
   5.02815	  14.51651	   7.50000	       14N
   5.02815	  18.87102	   7.50000	       14N
   5.02815	  23.22552	   7.50000	       14N
   7.54223	  14.51651	   7.50000	       14N
   7.54223	  18.87102	   7.50000	       14N
   7.54223	  23.22552	   7.50000	       14N
  10.05631	  14.51651	   7.50000	       14N
  10.05631	  18.87102	   7.50000	       14N
  10.05631	  23.22552	   7.50000	       15N
  12.57038	  14.51651	   7.50000	       14N
  12.57038	  18.87102	   7.50000	       14N
  12.57038	  23.22552	   7.50000	       14N
  15.08446	  14.51651	   7.50000	       14N
  15.08446	  18.87102	   7.50000	       14N
  15.08446	  23.22552	   7.50000	       14N
  17.59854	  14.51651	   7.50000	       14N
  17.59854	  18.87102	   7.50000	       14N
  17.59854	  23.22552	   7.50000	       14N
  20.11261	  14.51651	   7.50000	       14N
  20.11261	  18.87102	   7.50000	       14N
  20.11261	  23.22552	   7.50000	       14N
   1.25704	  28.30530	   7.50000	       10B
   1.25704	  32.65981	   7.50000	       11B
   1.25704	  37.01432	   7.50000	       11B
   3.77111	  28.30530	   7.50000	       11B
   3.77111	  32.65981	   7.50000	       10B
   3.77111	  37.01432	   7.50000	       11B
   6.28519	  28.30530	   7.50000	       11B
   6.28519	  32.65981	   7.50000	       11B
   6.28519	  37.01432	   7.50000	       11B
   8.79927	  28.30530	   7.50000	       11B
   8.79927	  32.65981	   7.50000	       11B
   8.79927	  37.01432	   7.50000	       11B
  11.31334	  28.30530	   7.50000	       11B
  11.31334	  32.65981	   7.50000	       10B
  11.31334	  37.01432	   7.50000	       11B
  13.82742	  28.30530	   7.50000	       11B
  13.82742	  32.65981	   7.50000	       11B
  13.82742	  37.01432	   7.50000	       11B
  16.34150	  28.30530	   7.50000	       10B
  16.34150	  32.65981	   7.50000	       11B
  16.34150	  37.01432	   7.50000	       10B
  18.85557	  28.30530	   7.50000	       11B
  18.85557	  32.65981	   7.50000	       11B
  18.85557	  37.01432	   7.50000	       11B
  21.36965	  28.30530	   7.50000	       11B
  21.36965	  32.65981	   7.50000	       11B
  21.36965	  37.01432	   7.50000	       11B
   0.00000	  26.12803	   7.50000	       11B
   0.00000	  30.48254	   7.50000	       11B
   0.00000	  34.83705	   7.50000	       11B
   2.51408	  26.12803	   7.50000	       11B
   2.51408	  30.48254	   7.50000	       11B
   2.51408	  34.83705	   7.50000	       10B
   5.02815	  26.12803	   7.50000	       11B
   5.02815	  30.48254	   7.50000	       11B
   5.02815	  34.83705	   7.50000	       11B
   7.54223	  26.12803	   7.50000	       11B
   7.54223	  30.48254	   7.50000	       11B
   7.54223	  34.83705	   7.50000	       11B
  10.05631	  26.12803	   7.50000	       11B
  10.05631	  30.48254	   7.50000	       11B
  10.05631	  34.83705	   7.50000	       11B
  12.57038	  26.12803	   7.50000	       10B
  12.57038	  30.48254	   7.50000	       11B
  12.57038	  34.83705	   7.50000	       11B
  15.08446	  26.12803	   7.50000	       11B
  15.08446	  30.48254	   7.50000	       11B
  15.08446	  34.83705	   7.50000	       11B
  17.59854	  26.12803	   7.50000	       11B
  17.59854	  30.48254	   7.50000	       10B
  17.59854	  34.83705	   7.50000	       11B
  20.11261	  26.12803	   7.50000	       11B
  20.11261	  30.48254	   7.50000	       10B
  20.11261	  34.83705	   7.50000	       11B
   1.25704	  29.75729	   7.50000	       14N
   1.25704	  34.11180	   7.50000	       14N
   1.25704	  25.40278	   7.50000	       14N
   3.77111	  29.75729	   7.50000	       14N
   3.77111	  34.11180	   7.50000	       14N
   3.77111	  25.40278	   7.50000	       14N
   6.28519	  29.75729	   7.50000	       14N
   6.28519	  34.11180	   7.50000	       14N
   6.28519	  25.40278	   7.50000	       14N
   8.79927	  29.75729	   7.50000	       14N
   8.79927	  34.11180	   7.50000	       14N
   8.79927	  25.40278	   7.50000	       14N
  11.31334	  29.75729	   7.50000	       14N
  11.31334	  34.11180	   7.50000	       14N
  11.31334	  25.40278	   7.50000	       14N
  13.82742	  29.75729	   7.50000	       14N
  13.82742	  34.11180	   7.50000	       14N
  13.82742	  25.40278	   7.50000	       14N
  16.34150	  29.75729	   7.50000	       14N
  16.34150	  34.11180	   7.50000	       14N
  16.34150	  25.40278	   7.50000	       14N
  18.85557	  29.75729	   7.50000	       14N
  18.85557	  34.11180	   7.50000	       14N
  18.85557	  25.40278	   7.50000	       14N
  21.36965	  29.75729	   7.50000	       14N
  21.36965	  34.11180	   7.50000	       14N
  21.36965	  25.40278	   7.50000	       14N
   0.00000	  27.58003	   7.50000	       14N
   0.00000	  31.93454	   7.50000	       14N
   0.00000	  36.28905	   7.50000	       14N
   2.51408	  27.58003	   7.50000	       14N
   2.51408	  31.93454	   7.50000	       14N
   2.51408	  36.28905	   7.50000	       14N
   5.02815	  27.58003	   7.50000	       14N
   5.02815	  31.93454	   7.50000	       14N
   5.02815	  36.28905	   7.50000	       14N
   7.54223	  27.58003	   7.50000	       14N
   7.54223	  31.93454	   7.50000	       14N
   7.54223	  36.28905	   7.50000	       14N
  10.05631	  27.58003	   7.50000	       14N
  10.05631	  31.93454	   7.50000	       14N
  10.05631	  36.28905	   7.50000	       14N
  12.57038	  27.58003	   7.50000	       14N
  12.57038	  31.93454	   7.50000	       14N
  12.57038	  36.28905	   7.50000	       14N
  15.08446	  27.58003	   7.50000	       14N
  15.08446	  31.93454	   7.50000	       14N
  15.08446	  36.28905	   7.50000	       14N
  17.59854	  27.58003	   7.50000	       14N
  17.59854	  31.93454	   7.50000	       14N
  17.59854	  36.28905	   7.50000	       14N
  20.11261	  27.58003	   7.50000	       14N
  20.11261	  31.93454	   7.50000	       14N
  20.11261	  36.28905	   7.50000	       14N
   1.25704	  41.36882	   7.50000	       11B
   1.25704	  45.72333	   7.50000	       10B
   1.25704	  50.07784	   7.50000	       10B
   3.77111	  41.36882	   7.50000	       11B
   3.77111	  45.72333	   7.50000	       11B
   3.77111	  50.07784	   7.50000	       11B
   6.28519	  41.36882	   7.50000	       11B
   6.28519	  45.72333	   7.50000	       11B
   6.28519	  50.07784	   7.50000	       10B
   8.79927	  41.36882	   7.50000	       11B
   8.79927	  45.72333	   7.50000	       11B
   8.79927	  50.07784	   7.50000	       11B
  11.31334	  41.36882	   7.50000	       11B
  11.31334	  45.72333	   7.50000	       11B
  11.31334	  50.07784	   7.50000	       11B
  13.82742	  41.36882	   7.50000	       11B
  13.82742	  45.72333	   7.50000	       11B
  13.82742	  50.07784	   7.50000	       11B
  16.34150	  41.36882	   7.50000	       10B
  16.34150	  45.72333	   7.50000	       11B
  16.34150	  50.07784	   7.50000	       11B
  18.85557	  41.36882	   7.50000	       11B
  18.85557	  45.72333	   7.50000	       11B
  18.85557	  50.07784	   7.50000	       11B
  21.36965	  41.36882	   7.50000	       11B
  21.36965	  45.72333	   7.50000	       11B
  21.36965	  50.07784	   7.50000	       11B
   0.00000	  39.19155	   7.50000	       11B
   0.00000	  43.54606	   7.50000	       11B
   0.00000	  47.90057	   7.50000	       11B
   2.51408	  39.19155	   7.50000	       11B
   2.51408	  43.54606	   7.50000	       10B
   2.51408	  47.90057	   7.50000	       11B
   5.02815	  39.19155	   7.50000	       11B
   5.02815	  43.54606	   7.50000	       11B
   5.02815	  47.90057	   7.50000	       11B
   7.54223	  39.19155	   7.50000	       11B
   7.54223	  43.54606	   7.50000	       11B
   7.54223	  47.90057	   7.50000	       10B
  10.05631	  39.19155	   7.50000	       11B
  10.05631	  43.54606	   7.50000	       11B
  10.05631	  47.90057	   7.50000	       11B
  12.57038	  39.19155	   7.50000	       11B
  12.57038	  43.54606	   7.50000	       10B
  12.57038	  47.90057	   7.50000	       11B
  15.08446	  39.19155	   7.50000	       11B
  15.08446	  43.54606	   7.50000	       11B
  15.08446	  47.90057	   7.50000	       11B
  17.59854	  39.19155	   7.50000	       10B
  17.59854	  43.54606	   7.50000	       11B
  17.59854	  47.90057	   7.50000	       11B
  20.11261	  39.19155	   7.50000	       10B
  20.11261	  43.54606	   7.50000	       11B
  20.11261	  47.90057	   7.50000	       11B
   1.25704	  42.82082	   7.50000	       14N
   1.25704	  47.17532	   7.50000	       14N
   1.25704	  38.46631	   7.50000	       14N
   3.77111	  42.82082	   7.50000	       14N
   3.77111	  47.17532	   7.50000	       14N
   3.77111	  38.46631	   7.50000	       14N
   6.28519	  42.82082	   7.50000	       14N
   6.28519	  47.17532	   7.50000	       14N
   6.28519	  38.46631	   7.50000	       14N
   8.79927	  42.82082	   7.50000	       14N
   8.79927	  47.17532	   7.50000	       14N
   8.79927	  38.46631	   7.50000	       14N
  11.31334	  42.82082	   7.50000	       14N
  11.31334	  47.17532	   7.50000	       14N
  11.31334	  38.46631	   7.50000	       14N
  13.82742	  42.82082	   7.50000	       14N
  13.82742	  47.17532	   7.50000	       14N
  13.82742	  38.46631	   7.50000	       14N
  16.34150	  42.82082	   7.50000	       14N
  16.34150	  47.17532	   7.50000	       14N
  16.34150	  38.46631	   7.50000	       14N
  18.85557	  42.82082	   7.50000	       14N
  18.85557	  47.17532	   7.50000	       14N
  18.85557	  38.46631	   7.50000	       14N
  21.36965	  42.82082	   7.50000	       14N
  21.36965	  47.17532	   7.50000	       14N
  21.36965	  38.46631	   7.50000	       14N
   0.00000	  40.64356	   7.50000	       14N
   0.00000	  44.99807	   7.50000	       14N
   0.00000	  49.35257	   7.50000	       14N
   2.51408	  40.64356	   7.50000	       14N
   2.51408	  44.99807	   7.50000	       14N
   2.51408	  49.35257	   7.50000	       14N
   5.02815	  40.64356	   7.50000	       14N
   5.02815	  44.99807	   7.50000	       14N
   5.02815	  49.35257	   7.50000	       14N
   7.54223	  40.64356	   7.50000	       14N
   7.54223	  44.99807	   7.50000	       14N
   7.54223	  49.35257	   7.50000	       14N
  10.05631	  40.64356	   7.50000	       14N
  10.05631	  44.99807	   7.50000	       14N
  10.05631	  49.35257	   7.50000	       14N
  12.57038	  40.64356	   7.50000	       14N
  12.57038	  44.99807	   7.50000	       14N
  12.57038	  49.35257	   7.50000	       14N
  15.08446	  40.64356	   7.50000	       14N
  15.08446	  44.99807	   7.50000	       14N
  15.08446	  49.35257	   7.50000	       14N
  17.59854	  40.64356	   7.50000	       14N
  17.59854	  44.99807	   7.50000	       14N
  17.59854	  49.35257	   7.50000	       14N
  20.11261	  40.64356	   7.50000	       14N
  20.11261	  44.99807	   7.50000	       14N
  20.11261	  49.35257	   7.50000	       14N
   1.25704	  54.43235	   7.50000	       11B
   1.25704	  58.78686	   7.50000	       11B
   1.25704	  63.14137	   7.50000	       11B
   3.77111	  54.43235	   7.50000	       11B
   3.77111	  58.78686	   7.50000	       11B
   3.77111	  63.14137	   7.50000	       11B
   6.28519	  54.43235	   7.50000	       11B
   6.28519	  58.78686	   7.50000	       11B
   6.28519	  63.14137	   7.50000	       10B
   8.79927	  54.43235	   7.50000	       11B
   8.79927	  58.78686	   7.50000	       11B
   8.79927	  63.14137	   7.50000	       11B
  11.31334	  54.43235	   7.50000	       11B
  11.31334	  58.78686	   7.50000	       11B
  11.31334	  63.14137	   7.50000	       10B
  13.82742	  54.43235	   7.50000	       11B
  13.82742	  58.78686	   7.50000	       11B
  13.82742	  63.14137	   7.50000	       10B
  16.34150	  54.43235	   7.50000	       10B
  16.34150	  58.78686	   7.50000	       11B
  16.34150	  63.14137	   7.50000	       11B
  18.85557	  54.43235	   7.50000	       11B
  18.85557	  58.78686	   7.50000	       11B
  18.85557	  63.14137	   7.50000	       11B
  21.36965	  54.43235	   7.50000	       11B
  21.36965	  58.78686	   7.50000	       11B
  21.36965	  63.14137	   7.50000	       11B
   0.00000	  52.25508	   7.50000	       11B
   0.00000	  56.60959	   7.50000	       11B
   0.00000	  60.96410	   7.50000	       11B
   2.51408	  52.25508	   7.50000	       11B
   2.51408	  56.60959	   7.50000	       11B
   2.51408	  60.96410	   7.50000	       11B
   5.02815	  52.25508	   7.50000	       10B
   5.02815	  56.60959	   7.50000	       11B
   5.02815	  60.96410	   7.50000	       11B
   7.54223	  52.25508	   7.50000	       11B
   7.54223	  56.60959	   7.50000	       11B
   7.54223	  60.96410	   7.50000	       11B
  10.05631	  52.25508	   7.50000	       11B
  10.05631	  56.60959	   7.50000	       10B
  10.05631	  60.96410	   7.50000	       11B
  12.57038	  52.25508	   7.50000	       11B
  12.57038	  56.60959	   7.50000	       11B
  12.57038	  60.96410	   7.50000	       10B
  15.08446	  52.25508	   7.50000	       11B
  15.08446	  56.60959	   7.50000	       11B
  15.08446	  60.96410	   7.50000	       10B
  17.59854	  52.25508	   7.50000	       11B
  17.59854	  56.60959	   7.50000	       11B
  17.59854	  60.96410	   7.50000	       11B
  20.11261	  52.25508	   7.50000	       11B
  20.11261	  56.60959	   7.50000	       11B
  20.11261	  60.96410	   7.50000	       11B
   1.25704	  55.88434	   7.50000	       14N
   1.25704	  60.23885	   7.50000	       14N
   1.25704	  51.52983	   7.50000	       14N
   3.77111	  55.88434	   7.50000	       14N
   3.77111	  60.23885	   7.50000	       14N
   3.77111	  51.52983	   7.50000	       14N
   6.28519	  55.88434	   7.50000	       14N
   6.28519	  60.23885	   7.50000	       14N
   6.28519	  51.52983	   7.50000	       14N
   8.79927	  55.88434	   7.50000	       14N
   8.79927	  60.23885	   7.50000	       14N
   8.79927	  51.52983	   7.50000	       14N
  11.31334	  55.88434	   7.50000	       14N
  11.31334	  60.23885	   7.50000	       14N
  11.31334	  51.52983	   7.50000	       14N
  13.82742	  55.88434	   7.50000	       14N
  13.82742	  60.23885	   7.50000	       14N
  13.82742	  51.52983	   7.50000	       14N
  16.34150	  55.88434	   7.50000	       14N
  16.34150	  60.23885	   7.50000	       14N
  16.34150	  51.52983	   7.50000	       15N
  18.85557	  55.88434	   7.50000	       14N
  18.85557	  60.23885	   7.50000	       14N
  18.85557	  51.52983	   7.50000	       14N
  21.36965	  55.88434	   7.50000	       14N
  21.36965	  60.23885	   7.50000	       14N
  21.36965	  51.52983	   7.50000	       14N
   0.00000	  53.70708	   7.50000	       14N
   0.00000	  58.06159	   7.50000	       14N
   0.00000	  62.41610	   7.50000	       14N
   2.51408	  53.70708	   7.50000	       14N
   2.51408	  58.06159	   7.50000	       14N
   2.51408	  62.41610	   7.50000	       14N
   5.02815	  53.70708	   7.50000	       14N
   5.02815	  58.06159	   7.50000	       14N
   5.02815	  62.41610	   7.50000	       14N
   7.54223	  53.70708	   7.50000	       14N
   7.54223	  58.06159	   7.50000	       14N
   7.54223	  62.41610	   7.50000	       14N
  10.05631	  53.70708	   7.50000	       14N
  10.05631	  58.06159	   7.50000	       14N
  10.05631	  62.41610	   7.50000	       14N
  12.57038	  53.70708	   7.50000	       14N
  12.57038	  58.06159	   7.50000	       14N
  12.57038	  62.41610	   7.50000	       14N
  15.08446	  53.70708	   7.50000	       14N
  15.08446	  58.06159	   7.50000	       14N
  15.08446	  62.41610	   7.50000	       14N
  17.59854	  53.70708	   7.50000	       14N
  17.59854	  58.06159	   7.50000	       14N
  17.59854	  62.41610	   7.50000	       14N
  20.11261	  53.70708	   7.50000	       14N
  20.11261	  58.06159	   7.50000	       14N
  20.11261	  62.41610	   7.50000	       14N
   1.25704	  67.49587	   7.50000	       11B
   1.25704	  71.85038	   7.50000	       11B
   1.25704	  76.20489	   7.50000	       11B
   3.77111	  67.49587	   7.50000	       11B
   3.77111	  71.85038	   7.50000	       11B
   3.77111	  76.20489	   7.50000	       11B
   6.28519	  67.49587	   7.50000	       11B
   6.28519	  71.85038	   7.50000	       11B
   6.28519	  76.20489	   7.50000	       11B
   8.79927	  67.49587	   7.50000	       10B
   8.79927	  71.85038	   7.50000	       10B
   8.79927	  76.20489	   7.50000	       10B
  11.31334	  67.49587	   7.50000	       11B
  11.31334	  71.85038	   7.50000	       11B
  11.31334	  76.20489	   7.50000	       11B
  13.82742	  67.49587	   7.50000	       11B
  13.82742	  71.85038	   7.50000	       10B
  13.82742	  76.20489	   7.50000	       11B
  16.34150	  67.49587	   7.50000	       11B
  16.34150	  71.85038	   7.50000	       10B
  16.34150	  76.20489	   7.50000	       11B
  18.85557	  67.49587	   7.50000	       10B
  18.85557	  71.85038	   7.50000	       11B
  18.85557	  76.20489	   7.50000	       10B
  21.36965	  67.49587	   7.50000	       11B
  21.36965	  71.85038	   7.50000	       11B
  21.36965	  76.20489	   7.50000	       11B
   0.00000	  65.31860	   7.50000	       10B
   0.00000	  69.67311	   7.50000	       11B
   0.00000	  74.02762	   7.50000	       11B
   2.51408	  65.31860	   7.50000	       10B
   2.51408	  69.67311	   7.50000	       11B
   2.51408	  74.02762	   7.50000	       11B
   5.02815	  65.31860	   7.50000	       11B
   5.02815	  69.67311	   7.50000	       11B
   5.02815	  74.02762	   7.50000	       11B
   7.54223	  65.31860	   7.50000	       11B
   7.54223	  69.67311	   7.50000	       11B
   7.54223	  74.02762	   7.50000	       11B
  10.05631	  65.31860	   7.50000	       10B
  10.05631	  69.67311	   7.50000	       10B
  10.05631	  74.02762	   7.50000	       11B
  12.57038	  65.31860	   7.50000	       11B
  12.57038	  69.67311	   7.50000	       11B
  12.57038	  74.02762	   7.50000	       11B
  15.08446	  65.31860	   7.50000	       11B
  15.08446	  69.67311	   7.50000	       10B
  15.08446	  74.02762	   7.50000	       11B
  17.59854	  65.31860	   7.50000	       11B
  17.59854	  69.67311	   7.50000	       11B
  17.59854	  74.02762	   7.50000	       11B
  20.11261	  65.31860	   7.50000	       11B
  20.11261	  69.67311	   7.50000	       10B
  20.11261	  74.02762	   7.50000	       11B
   1.25704	  68.94787	   7.50000	       14N
   1.25704	  73.30237	   7.50000	       14N
   1.25704	  64.59336	   7.50000	       14N
   3.77111	  68.94787	   7.50000	       14N
   3.77111	  73.30237	   7.50000	       14N
   3.77111	  64.59336	   7.50000	       14N
   6.28519	  68.94787	   7.50000	       14N
   6.28519	  73.30237	   7.50000	       14N
   6.28519	  64.59336	   7.50000	       14N
   8.79927	  68.94787	   7.50000	       14N
   8.79927	  73.30237	   7.50000	       14N
   8.79927	  64.59336	   7.50000	       14N
  11.31334	  68.94787	   7.50000	       14N
  11.31334	  73.30237	   7.50000	       14N
  11.31334	  64.59336	   7.50000	       14N
  13.82742	  68.94787	   7.50000	       14N
  13.82742	  73.30237	   7.50000	       14N
  13.82742	  64.59336	   7.50000	       14N
  16.34150	  68.94787	   7.50000	       14N
  16.34150	  73.30237	   7.50000	       14N
  16.34150	  64.59336	   7.50000	       14N
  18.85557	  68.94787	   7.50000	       14N
  18.85557	  73.30237	   7.50000	       14N
  18.85557	  64.59336	   7.50000	       14N
  21.36965	  68.94787	   7.50000	       14N
  21.36965	  73.30237	   7.50000	       14N
  21.36965	  64.59336	   7.50000	       14N
   0.00000	  66.77061	   7.50000	       14N
   0.00000	  71.12512	   7.50000	       14N
   0.00000	  75.47963	   7.50000	       14N
   2.51408	  66.77061	   7.50000	       14N
   2.51408	  71.12512	   7.50000	       14N
   2.51408	  75.47963	   7.50000	       14N
   5.02815	  66.77061	   7.50000	       14N
   5.02815	  71.12512	   7.50000	       14N
   5.02815	  75.47963	   7.50000	       14N
   7.54223	  66.77061	   7.50000	       14N
   7.54223	  71.12512	   7.50000	       14N
   7.54223	  75.47963	   7.50000	       14N
  10.05631	  66.77061	   7.50000	       14N
  10.05631	  71.12512	   7.50000	       14N
  10.05631	  75.47963	   7.50000	       14N
  12.57038	  66.77061	   7.50000	       14N
  12.57038	  71.12512	   7.50000	       14N
  12.57038	  75.47963	   7.50000	       14N
  15.08446	  66.77061	   7.50000	       14N
  15.08446	  71.12512	   7.50000	       14N
  15.08446	  75.47963	   7.50000	       14N
  17.59854	  66.77061	   7.50000	       14N
  17.59854	  71.12512	   7.50000	       14N
  17.59854	  75.47963	   7.50000	       14N
  20.11261	  66.77061	   7.50000	       14N
  20.11261	  71.12512	   7.50000	       14N
  20.11261	  75.47963	   7.50000	       14N
   0.00000	  78.38213	   7.50000	       11B
   2.51408	  78.38213	   7.50000	       11B
   5.02815	  78.38213	   7.50000	       10B
   7.54223	  78.38213	   7.50000	       11B
  10.05631	  78.38213	   7.50000	       11B
  12.57038	  78.38213	   7.50000	       11B
  15.08446	  78.38213	   7.50000	       11B
  17.59854	  78.38213	   7.50000	       11B
  20.11261	  78.38213	   7.50000	       11B
   1.25704	  77.65688	   7.50000	       14N
   3.77111	  77.65688	   7.50000	       14N
   6.28519	  77.65688	   7.50000	       14N
   8.79927	  77.65688	   7.50000	       14N
  11.31334	  77.65688	   7.50000	       14N
  13.82742	  77.65688	   7.50000	       14N
  16.34150	  77.65688	   7.50000	       14N
  18.85557	  77.65688	   7.50000	       14N
  21.36965	  77.65688	   7.50000	       14N
   0.00000	  79.83413	   7.50000	       14N
   2.51408	  79.83413	   7.50000	       14N
   5.02815	  79.83413	   7.50000	       14N
   7.54223	  79.83413	   7.50000	       14N
  10.05631	  79.83413	   7.50000	       14N
  12.57038	  79.83413	   7.50000	       14N
  15.08446	  79.83413	   7.50000	       14N
  17.59854	  79.83413	   7.50000	       14N
  20.11261	  79.83413	   7.50000	       14N
  23.86860	   2.17921	   7.50000	       11B
  23.86860	   6.53372	   7.50000	       11B
  23.86860	  10.88823	   7.50000	       11B
  26.35252	   2.17880	   7.50003	       11B
  26.35252	   6.53331	   7.50003	       10B
  26.35252	  10.88782	   7.50003	       11B
  28.75037	   2.18339	   7.97964	       10B
  28.75037	   6.53790	   7.97964	       11B
  28.75037	  10.89241	   7.97964	       10B
  30.74710	   2.17957	   9.45698	       11B
  30.74710	   6.53408	   9.45698	       11B
  30.74710	  10.88859	   9.45698	       11B
  33.03496	   2.18236	  10.30670	       11B
  33.03496	   6.53687	  10.30670	       11B
  33.03496	  10.89138	  10.30670	       11B
  35.32283	   2.17957	   9.45698	       11B
  35.32283	   6.53408	   9.45698	       11B
  35.32283	  10.88859	   9.45698	       10B
  37.31956	   2.18339	   7.97964	       10B
  37.31956	   6.53790	   7.97964	       10B
  37.31956	  10.89241	   7.97964	       11B
  39.71741	   2.17880	   7.50003	       11B
  39.71741	   6.53331	   7.50003	       11B
  39.71741	  10.88782	   7.50003	       10B
  42.20133	   2.17921	   7.50000	       11B
  42.20133	   6.53372	   7.50000	       11B
  42.20133	  10.88823	   7.50000	       11B
  22.62669	   0.00154	   7.50000	       11B
  22.62669	   4.35605	   7.50000	       11B
  22.62669	   8.71056	   7.50000	       10B
  25.11124	   0.00186	   7.50000	       11B
  25.11124	   4.35637	   7.50000	       11B
  25.11124	   8.71088	   7.50000	       10B
  27.59781	   0.00312	   7.50100	       11B
  27.59781	   4.35762	   7.50100	       11B
  27.59781	   8.71213	   7.50100	       11B
  29.77148	   0.00152	   8.67300	       11B
  29.77148	   4.35603	   8.67300	       11B
  29.77148	   8.71054	   8.67300	       11B
  31.82356	   0.00413	  10.06865	       11B
  31.82356	   4.35864	  10.06865	       11B
  31.82356	   8.71315	  10.06865	       10B
  34.24637	   0.00413	  10.06865	       11B
  34.24637	   4.35864	  10.06865	       11B
  34.24637	   8.71315	  10.06865	       11B
  36.29845	   0.00152	   8.67300	       11B
  36.29845	   4.35603	   8.67300	       11B
  36.29845	   8.71054	   8.67300	       10B
  38.47212	   0.00312	   7.50100	       11B
  38.47212	   4.35762	   7.50100	       11B
  38.47212	   8.71213	   7.50100	       11B
  40.95869	   0.00186	   7.50000	       11B
  40.95869	   4.35637	   7.50000	       11B
  40.95869	   8.71088	   7.50000	       11B
  23.86893	   3.62734	   7.50000	       14N
  23.86893	   7.98185	   7.50000	       14N
  26.35283	   3.62807	   7.50003	       14N
  26.35283	   7.98258	   7.50003	       14N
  28.79177	   3.62948	   7.89575	       14N
  28.79177	   7.98399	   7.89575	       14N
  30.72345	   3.62888	   9.47942	       14N
  30.72345	   7.98338	   9.47942	       14N
  33.03496	   3.62865	  10.38931	       14N
  33.03496	   7.98315	  10.38931	       14N
  35.34648	   3.62888	   9.47942	       14N
  35.34648	   7.98338	   9.47942	       14N
  37.27816	   3.62948	   7.89575	       14N
  37.27816	   7.98399	   7.89575	       14N
  39.71710	   3.62807	   7.50003	       14N
  39.71710	   7.98258	   7.50003	       14N
  42.20099	   3.62734	   7.50000	       14N
  42.20099	   7.98185	   7.50000	       14N
  22.62669	   1.45008	   7.50000	       14N
  22.62669	   5.80459	   7.50000	       14N
  22.62669	  10.15910	   7.50000	       14N
  25.11101	   1.45023	   7.50000	       14N
  25.11101	   5.80474	   7.50000	       14N
  25.11101	  10.15925	   7.50000	       14N
  27.59849	   1.45105	   7.50100	       14N
  27.59849	   5.80555	   7.50100	       14N
  27.59849	  10.16006	   7.50100	       14N
  29.77931	   1.45174	   8.67605	       14N
  29.77931	   5.80625	   8.67605	       14N
  29.77931	  10.16076	   8.67605	       14N
  31.79677	   1.45131	  10.13338	       14N
  31.79677	   5.80582	  10.13338	       14N
  31.79677	  10.16033	  10.13338	       14N
  34.27316	   1.45131	  10.13338	       14N
  34.27316	   5.80582	  10.13338	       14N
  34.27316	  10.16033	  10.13338	       14N
  36.29062	   1.45174	   8.67605	       14N
  36.29062	   5.80625	   8.67605	       14N
  36.29062	  10.16076	   8.67605	       14N
  38.47144	   1.45105	   7.50100	       14N
  38.47144	   5.80555	   7.50100	       14N
  38.47144	  10.16006	   7.50100	       14N
  40.95892	   1.45023	   7.50000	       14N
  40.95892	   5.80474	   7.50000	       14N
  40.95892	  10.15925	   7.50000	       14N
  23.86860	  15.24273	   7.50000	       10B
  23.86860	  19.59724	   7.50000	       11B
  23.86860	  23.95175	   7.50000	       11B
  26.35252	  15.24233	   7.50003	       11B
  26.35252	  19.59684	   7.50003	       11B
  26.35252	  23.95135	   7.50003	       11B
  28.75037	  15.24692	   7.97964	       11B
  28.75037	  19.60143	   7.97964	       11B
  28.75037	  23.95594	   7.97964	       10B
  30.74710	  15.24310	   9.45698	       10B
  30.74710	  19.59760	   9.45698	       11B
  30.74710	  23.95211	   9.45698	       11B
  33.03496	  15.24589	  10.30670	       11B
  33.03496	  19.60039	  10.30670	       11B
  33.03496	  23.95490	  10.30670	       11B
  35.32283	  15.24310	   9.45698	       10B
  35.32283	  19.59760	   9.45698	       11B
  35.32283	  23.95211	   9.45698	       11B
  37.31956	  15.24692	   7.97964	       11B
  37.31956	  19.60143	   7.97964	       11B
  37.31956	  23.95594	   7.97964	       11B
  39.71741	  15.24233	   7.50003	       11B
  39.71741	  19.59684	   7.50003	       11B
  39.71741	  23.95135	   7.50003	       10B
  42.20133	  15.24273	   7.50000	       11B
  42.20133	  19.59724	   7.50000	       11B
  42.20133	  23.95175	   7.50000	       10B
  22.62669	  13.06506	   7.50000	       11B
  22.62669	  17.41957	   7.50000	       11B
  22.62669	  21.77408	   7.50000	       11B
  25.11124	  13.06539	   7.50000	       11B
  25.11124	  17.41989	   7.50000	       10B
  25.11124	  21.77440	   7.50000	       11B
  27.59781	  13.06664	   7.50100	       11B
  27.59781	  17.42115	   7.50100	       11B
  27.59781	  21.77566	   7.50100	       11B
  29.77148	  13.06505	   8.67300	       11B
  29.77148	  17.41956	   8.67300	       11B
  29.77148	  21.77407	   8.67300	       11B
  31.82356	  13.06766	  10.06865	       11B
  31.82356	  17.42216	  10.06865	       11B
  31.82356	  21.77667	  10.06865	       11B
  34.24637	  13.06766	  10.06865	       11B
  34.24637	  17.42216	  10.06865	       11B
  34.24637	  21.77667	  10.06865	       10B
  36.29845	  13.06505	   8.67300	       11B
  36.29845	  17.41956	   8.67300	       11B
  36.29845	  21.77407	   8.67300	       11B
  38.47212	  13.06664	   7.50100	       11B
  38.47212	  17.42115	   7.50100	       11B
  38.47212	  21.77566	   7.50100	       11B
  40.95869	  13.06539	   7.50000	       11B
  40.95869	  17.41989	   7.50000	       11B
  40.95869	  21.77440	   7.50000	       11B
  23.86893	  16.69087	   7.50000	       14N
  23.86893	  21.04538	   7.50000	       14N
  23.86893	  12.33636	   7.50000	       14N
  26.35283	  16.69160	   7.50003	       14N
  26.35283	  21.04611	   7.50003	       14N
  26.35283	  12.33709	   7.50003	       14N
  28.79177	  16.69300	   7.89575	       14N
  28.79177	  21.04751	   7.89575	       14N
  28.79177	  12.33850	   7.89575	       14N
  30.72345	  16.69240	   9.47942	       14N
  30.72345	  21.04691	   9.47942	       14N
  30.72345	  12.33789	   9.47942	       14N
  33.03496	  16.69217	  10.38931	       14N
  33.03496	  21.04668	  10.38931	       14N
  33.03496	  12.33766	  10.38931	       14N
  35.34648	  16.69240	   9.47942	       14N
  35.34648	  21.04691	   9.47942	       14N
  35.34648	  12.33789	   9.47942	       14N
  37.27816	  16.69300	   7.89575	       14N
  37.27816	  21.04751	   7.89575	       14N
  37.27816	  12.33850	   7.89575	       14N
  39.71710	  16.69160	   7.50003	       14N
  39.71710	  21.04611	   7.50003	       14N
  39.71710	  12.33709	   7.50003	       14N
  42.20099	  16.69087	   7.50000	       14N
  42.20099	  21.04538	   7.50000	       14N
  42.20099	  12.33636	   7.50000	       14N
  22.62669	  14.51361	   7.50000	       14N
  22.62669	  18.86811	   7.50000	       14N
  22.62669	  23.22262	   7.50000	       14N
  25.11101	  14.51376	   7.50000	       14N
  25.11101	  18.86826	   7.50000	       14N
  25.11101	  23.22277	   7.50000	       14N
  27.59849	  14.51457	   7.50100	       14N
  27.59849	  18.86908	   7.50100	       14N
  27.59849	  23.22359	   7.50100	       14N
  29.77931	  14.51527	   8.67605	       14N
  29.77931	  18.86978	   8.67605	       14N
  29.77931	  23.22429	   8.67605	       14N
  31.79677	  14.51484	  10.13338	       14N
  31.79677	  18.86934	  10.13338	       14N
  31.79677	  23.22385	  10.13338	       14N
  34.27316	  14.51484	  10.13338	       14N
  34.27316	  18.86934	  10.13338	       14N
  34.27316	  23.22385	  10.13338	       14N
  36.29062	  14.51527	   8.67605	       14N
  36.29062	  18.86978	   8.67605	       14N
  36.29062	  23.22429	   8.67605	       14N
  38.47144	  14.51457	   7.50100	       14N
  38.47144	  18.86908	   7.50100	       14N
  38.47144	  23.22359	   7.50100	       14N
  40.95892	  14.51376	   7.50000	       14N
  40.95892	  18.86826	   7.50000	       14N
  40.95892	  23.22277	   7.50000	       14N
  23.86860	  28.30626	   7.50000	       11B
  23.86860	  32.66077	   7.50000	       11B
  23.86860	  37.01528	   7.50000	       11B
  26.35252	  28.30586	   7.50003	       11B
  26.35252	  32.66036	   7.50003	       11B
  26.35252	  37.01487	   7.50003	       11B
  28.75037	  28.31044	   7.97964	       11B
  28.75037	  32.66495	   7.97964	       11B
  28.75037	  37.01946	   7.97964	       10B
  30.74710	  28.30662	   9.45698	       11B
  30.74710	  32.66113	   9.45698	       11B
  30.74710	  37.01564	   9.45698	       10B
  33.03496	  28.30941	  10.30670	       10B
  33.03496	  32.66392	  10.30670	       10B
  33.03496	  37.01843	  10.30670	       10B
  35.32283	  28.30662	   9.45698	       11B
  35.32283	  32.66113	   9.45698	       11B
  35.32283	  37.01564	   9.45698	       11B
  37.31956	  28.31044	   7.97964	       11B
  37.31956	  32.66495	   7.97964	       10B
  37.31956	  37.01946	   7.97964	       11B
  39.71741	  28.30586	   7.50003	       11B
  39.71741	  32.66036	   7.50003	       11B
  39.71741	  37.01487	   7.50003	       11B
  42.20133	  28.30626	   7.50000	       11B
  42.20133	  32.66077	   7.50000	       11B
  42.20133	  37.01528	   7.50000	       11B
  22.62669	  26.12859	   7.50000	       11B
  22.62669	  30.48310	   7.50000	       11B
  22.62669	  34.83761	   7.50000	       11B
  25.11124	  26.12891	   7.50000	       11B
  25.11124	  30.48342	   7.50000	       10B
  25.11124	  34.83793	   7.50000	       11B
  27.59781	  26.13017	   7.50100	       11B
  27.59781	  30.48467	   7.50100	       11B
  27.59781	  34.83918	   7.50100	       11B
  29.77148	  26.12858	   8.67300	       10B
  29.77148	  30.48308	   8.67300	       11B
  29.77148	  34.83759	   8.67300	       11B
  31.82356	  26.13118	  10.06865	       10B
  31.82356	  30.48569	  10.06865	       11B
  31.82356	  34.84020	  10.06865	       11B
  34.24637	  26.13118	  10.06865	       11B
  34.24637	  30.48569	  10.06865	       11B
  34.24637	  34.84020	  10.06865	       11B
  36.29845	  26.12858	   8.67300	       11B
  36.29845	  30.48308	   8.67300	       11B
  36.29845	  34.83759	   8.67300	       11B
  38.47212	  26.13017	   7.50100	       10B
  38.47212	  30.48467	   7.50100	       11B
  38.47212	  34.83918	   7.50100	       10B
  40.95869	  26.12891	   7.50000	       11B
  40.95869	  30.48342	   7.50000	       11B
  40.95869	  34.83793	   7.50000	       11B
  23.86893	  29.75439	   7.50000	       14N
  23.86893	  34.10890	   7.50000	       14N
  23.86893	  25.39988	   7.50000	       14N
  26.35283	  29.75512	   7.50003	       14N
  26.35283	  34.10963	   7.50003	       14N
  26.35283	  25.40062	   7.50003	       14N
  28.79177	  29.75653	   7.89575	       14N
  28.79177	  34.11104	   7.89575	       14N
  28.79177	  25.40202	   7.89575	       14N
  30.72345	  29.75593	   9.47942	       14N
  30.72345	  34.11043	   9.47942	       14N
  30.72345	  25.40142	   9.47942	       14N
  33.03496	  29.75570	  10.38931	       14N
  33.03496	  34.11020	  10.38931	       14N
  33.03496	  25.40119	  10.38931	       14N
  35.34648	  29.75593	   9.47942	       14N
  35.34648	  34.11043	   9.47942	       14N
  35.34648	  25.40142	   9.47942	       14N
  37.27816	  29.75653	   7.89575	       14N
  37.27816	  34.11104	   7.89575	       14N
  37.27816	  25.40202	   7.89575	       14N
  39.71710	  29.75512	   7.50003	       14N
  39.71710	  34.10963	   7.50003	       14N
  39.71710	  25.40062	   7.50003	       14N
  42.20099	  29.75439	   7.50000	       14N
  42.20099	  34.10890	   7.50000	       14N
  42.20099	  25.39988	   7.50000	       14N
  22.62669	  27.57713	   7.50000	       14N
  22.62669	  31.93164	   7.50000	       14N
  22.62669	  36.28615	   7.50000	       14N
  25.11101	  27.57728	   7.50000	       14N
  25.11101	  31.93179	   7.50000	       14N
  25.11101	  36.28630	   7.50000	       14N
  27.59849	  27.57810	   7.50100	       14N
  27.59849	  31.93261	   7.50100	       14N
  27.59849	  36.28711	   7.50100	       14N
  29.77931	  27.57879	   8.67605	       14N
  29.77931	  31.93330	   8.67605	       14N
  29.77931	  36.28781	   8.67605	       14N
  31.79677	  27.57836	  10.13338	       14N
  31.79677	  31.93287	  10.13338	       14N
  31.79677	  36.28738	  10.13338	       14N
  34.27316	  27.57836	  10.13338	       14N
  34.27316	  31.93287	  10.13338	       14N
  34.27316	  36.28738	  10.13338	       14N
  36.29062	  27.57879	   8.67605	       14N
  36.29062	  31.93330	   8.67605	       14N
  36.29062	  36.28781	   8.67605	       14N
  38.47144	  27.57810	   7.50100	       14N
  38.47144	  31.93261	   7.50100	       14N
  38.47144	  36.28711	   7.50100	       14N
  40.95892	  27.57728	   7.50000	       14N
  40.95892	  31.93179	   7.50000	       14N
  40.95892	  36.28630	   7.50000	       14N
  23.87037	  41.36583	   7.50000	       11B
  23.87307	  45.71911	   7.50000	       11B
  23.87143	  50.07222	   7.50000	       11B
  26.35781	  41.36699	   7.50003	       11B
  26.36844	  45.71880	   7.50003	       11B
  26.36070	  50.07251	   7.50003	       11B
  28.76574	  41.37617	   7.95629	       11B
  28.80089	  45.72490	   7.93006	       10B
  28.76880	  50.08048	   7.96135	       11B
  30.76958	  41.37785	   9.42297	       11B
  30.87706	  45.72182	   9.35604	       10B
  30.77089	  50.08352	   9.42457	       11B
  33.03496	  41.37921	  10.32459	       11B
  33.03496	  50.09690	  10.31174	       11B
  35.30035	  41.37785	   9.42297	       11B
  35.19287	  45.72182	   9.35604	       11B
  35.29904	  50.08352	   9.42457	       11B
  37.30419	  41.37617	   7.95629	       11B
  37.26904	  45.72490	   7.93006	       10B
  37.30113	  50.08048	   7.96135	       11B
  39.71212	  41.36699	   7.50003	       11B
  39.70149	  45.71880	   7.50003	       11B
  39.70922	  50.07251	   7.50003	       10B
  42.19956	  41.36583	   7.50000	       10B
  42.19686	  45.71911	   7.50000	       11B
  42.19850	  50.07222	   7.50000	       11B
  22.62669	  39.18635	   7.50000	       11B
  22.62669	  43.54250	   7.50000	       11B
  22.62669	  47.89454	   7.50000	       10B
  25.11385	  39.18715	   7.50000	       11B
  25.11758	  43.54352	   7.50000	       11B
  25.12075	  47.89432	   7.50000	       10B
  27.60261	  39.19107	   7.50100	       11B
  27.61217	  43.54637	   7.50100	       11B
  27.61817	  47.89694	   7.50100	       11B
  29.79007	  39.19682	   8.64199	       11B
  29.83038	  43.55174	   8.60190	       11B
  29.84393	  47.89790	   8.60189	       11B
  31.82728	  39.20395	  10.05554	       11B
  31.85071	  43.56452	  10.06811	       10B
  31.86320	  47.90232	  10.07365	       11B
  34.24265	  39.20395	  10.05554	       11B
  34.21922	  43.56452	  10.06811	       11B
  34.20672	  47.90232	  10.07365	       10B
  36.27985	  39.19682	   8.64199	       11B
  36.23955	  43.55174	   8.60190	       10B
  36.22600	  47.89790	   8.60189	       11B
  38.46732	  39.19107	   7.50100	       11B
  38.45776	  43.54637	   7.50100	       11B
  38.45176	  47.89694	   7.50100	       11B
  40.95608	  39.18715	   7.50000	       11B
  40.95235	  43.54352	   7.50000	       11B
  40.94918	  47.89432	   7.50000	       11B
  23.87020	  42.81454	   7.50000	       14N
  23.87183	  47.16776	   7.50000	       14N
  23.86910	  38.45770	   7.50000	       14N
  26.35739	  42.81659	   7.50003	       14N
  26.36320	  47.16919	   7.50003	       14N
  26.35355	  38.45951	   7.50003	       14N
  28.80706	  42.81835	   7.86136	       14N
  28.82169	  47.17601	   7.85303	       14N
  28.79707	  38.46521	   7.87665	       14N
  30.75676	  42.81678	   9.41877	       14N
  30.82588	  47.18060	   9.36021	       14N
  30.73695	  38.47180	   9.44519	       14N
  33.03496	  42.79991	  10.43304	       14N
  33.03496	  38.47875	  10.39139	       14N
  35.31316	  42.81678	   9.41877	       14N
  35.24405	  47.18060	   9.36021	       14N
  35.33298	  38.47180	   9.44519	       14N
  37.26287	  42.81835	   7.86136	       14N
  37.24824	  47.17601	   7.85303	       14N
  37.27286	  38.46521	   7.87665	       14N
  39.71254	  42.81659	   7.50003	       14N
  39.70673	  47.16919	   7.50003	       14N
  39.71637	  38.45951	   7.50003	       14N
  42.19973	  42.81454	   7.50000	       14N
  42.19810	  47.16776	   7.50000	       14N
  42.20083	  38.45770	   7.50000	       14N
  22.62669	  40.63600	   7.50000	       14N
  22.62669	  44.99147	   7.50000	       14N
  22.62669	  49.34390	   7.50000	       14N
  25.11141	  40.63666	   7.50000	       14N
  25.11693	  44.99246	   7.50000	       14N
  25.11416	  49.34422	   7.50000	       14N
  27.59876	  40.63906	   7.50100	       14N
  27.61213	  44.99486	   7.50100	       14N
  27.60417	  49.34765	   7.50100	       14N
  29.79864	  40.64387	   8.63570	       14N
  29.86461	  44.99864	   8.55693	       14N
  29.81250	  49.35344	   8.62609	       14N
  31.79428	  40.64324	  10.12735	       14N
  31.79469	  49.37308	  10.13322	       14N
  34.27565	  40.64324	  10.12735	       15N
  34.27524	  49.37308	  10.13322	       14N
  36.27129	  40.64387	   8.63570	       14N
  36.20532	  44.99864	   8.55693	       14N
  36.25743	  49.35344	   8.62609	       14N
  38.47117	  40.63906	   7.50100	       14N
  38.45780	  44.99486	   7.50100	       14N
  38.46576	  49.34765	   7.50100	       14N
  40.95852	  40.63666	   7.50000	       14N
  40.95300	  44.99246	   7.50000	       14N
  40.95576	  49.34422	   7.50000	       14N
  34.28955	  44.96011	  10.10239	       14N
  31.78038	  44.96011	  10.10239	       14N
  33.03496	  47.31038	  10.60860	       14N
  23.86860	  54.43331	   7.50000	       11B
  23.86860	  58.78782	   7.50000	       11B
  23.86860	  63.14233	   7.50000	       11B
  26.35252	  54.43291	   7.50003	       11B
  26.35252	  58.78741	   7.50003	       11B
  26.35252	  63.14192	   7.50003	       11B
  28.75037	  54.43749	   7.97964	       11B
  28.75037	  58.79200	   7.97964	       11B
  28.75037	  63.14651	   7.97964	       11B
  30.74710	  54.43367	   9.45698	       11B
  30.74710	  58.78818	   9.45698	       11B
  30.74710	  63.14269	   9.45698	       11B
  33.03496	  54.43646	  10.30670	       11B
  33.03496	  58.79097	  10.30670	       11B
  33.03496	  63.14548	  10.30670	       11B
  35.32283	  54.43367	   9.45698	       10B
  35.32283	  58.78818	   9.45698	       11B
  35.32283	  63.14269	   9.45698	       10B
  37.31956	  54.43749	   7.97964	       11B
  37.31956	  58.79200	   7.97964	       11B
  37.31956	  63.14651	   7.97964	       11B
  39.71741	  54.43291	   7.50003	       11B
  39.71741	  58.78741	   7.50003	       11B
  39.71741	  63.14192	   7.50003	       10B
  42.20133	  54.43331	   7.50000	       10B
  42.20133	  58.78782	   7.50000	       11B
  42.20133	  63.14233	   7.50000	       10B
  22.62669	  52.25564	   7.50000	       11B
  22.62669	  56.61015	   7.50000	       11B
  22.62669	  60.96466	   7.50000	       11B
  25.11124	  52.25596	   7.50000	       11B
  25.11124	  56.61047	   7.50000	       11B
  25.11124	  60.96498	   7.50000	       11B
  27.59781	  52.25722	   7.50100	       10B
  27.59781	  56.61172	   7.50100	       11B
  27.59781	  60.96623	   7.50100	       11B
  29.77148	  52.25563	   8.67300	       11B
  29.77148	  56.61013	   8.67300	       11B
  29.77148	  60.96464	   8.67300	       11B
  31.82356	  52.25823	  10.06865	       11B
  31.82356	  56.61274	  10.06865	       10B
  31.82356	  60.96725	  10.06865	       11B
  34.24637	  52.25823	  10.06865	       10B
  34.24637	  56.61274	  10.06865	       10B
  34.24637	  60.96725	  10.06865	       11B
  36.29845	  52.25563	   8.67300	       11B
  36.29845	  56.61013	   8.67300	       11B
  36.29845	  60.96464	   8.67300	       11B
  38.47212	  52.25722	   7.50100	       11B
  38.47212	  56.61172	   7.50100	       11B
  38.47212	  60.96623	   7.50100	       10B
  40.95869	  52.25596	   7.50000	       11B
  40.95869	  56.61047	   7.50000	       11B
  40.95869	  60.96498	   7.50000	       11B
  23.86893	  55.88144	   7.50000	       14N
  23.86893	  60.23595	   7.50000	       14N
  23.86893	  51.52693	   7.50000	       14N
  26.35283	  55.88217	   7.50003	       14N
  26.35283	  60.23668	   7.50003	       14N
  26.35283	  51.52767	   7.50003	       14N
  28.79177	  55.88358	   7.89575	       14N
  28.79177	  60.23809	   7.89575	       14N
  28.79177	  51.52907	   7.89575	       14N
  30.72345	  55.88298	   9.47942	       14N
  30.72345	  60.23748	   9.47942	       14N
  30.72345	  51.52847	   9.47942	       14N
  33.03496	  55.88275	  10.38931	       14N
  33.03496	  60.23726	  10.38931	       14N
  33.03496	  51.52824	  10.38931	       14N
  35.34648	  55.88298	   9.47942	       14N
  35.34648	  60.23748	   9.47942	       14N
  35.34648	  51.52847	   9.47942	       14N
  37.27816	  55.88358	   7.89575	       14N
  37.27816	  60.23809	   7.89575	       14N
  37.27816	  51.52907	   7.89575	       14N
  39.71710	  55.88217	   7.50003	       14N
  39.71710	  60.23668	   7.50003	       14N
  39.71710	  51.52767	   7.50003	       14N
  42.20099	  55.88144	   7.50000	       14N
  42.20099	  60.23595	   7.50000	       14N
  42.20099	  51.52693	   7.50000	       14N
  22.62669	  53.70418	   7.50000	       14N
  22.62669	  58.05869	   7.50000	       14N
  22.62669	  62.41320	   7.50000	       14N
  25.11101	  53.70433	   7.50000	       14N
  25.11101	  58.05884	   7.50000	       14N
  25.11101	  62.41335	   7.50000	       14N
  27.59849	  53.70515	   7.50100	       14N
  27.59849	  58.05966	   7.50100	       14N
  27.59849	  62.41416	   7.50100	       14N
  29.77931	  53.70584	   8.67605	       14N
  29.77931	  58.06035	   8.67605	       14N
  29.77931	  62.41486	   8.67605	       14N
  31.79677	  53.70541	  10.13338	       14N
  31.79677	  58.05992	  10.13338	       14N
  31.79677	  62.41443	  10.13338	       14N
  34.27316	  53.70541	  10.13338	       14N
  34.27316	  58.05992	  10.13338	       14N
  34.27316	  62.41443	  10.13338	       14N
  36.29062	  53.70584	   8.67605	       14N
  36.29062	  58.06035	   8.67605	       14N
  36.29062	  62.41486	   8.67605	       14N
  38.47144	  53.70515	   7.50100	       14N
  38.47144	  58.05966	   7.50100	       14N
  38.47144	  62.41416	   7.50100	       14N
  40.95892	  53.70433	   7.50000	       14N
  40.95892	  58.05884	   7.50000	       14N
  40.95892	  62.41335	   7.50000	       14N
  23.86860	  67.49683	   7.50000	       11B
  23.86860	  71.85134	   7.50000	       10B
  23.86860	  76.20585	   7.50000	       10B
  26.35252	  67.49643	   7.50003	       11B
  26.35252	  71.85094	   7.50003	       11B
  26.35252	  76.20545	   7.50003	       10B
  28.75037	  67.50102	   7.97964	       11B
  28.75037	  71.85553	   7.97964	       11B
  28.75037	  76.21004	   7.97964	       11B
  30.74710	  67.49720	   9.45698	       11B
  30.74710	  71.85170	   9.45698	       11B
  30.74710	  76.20621	   9.45698	       10B
  33.03496	  67.49999	  10.30670	       11B
  33.03496	  71.85449	  10.30670	       11B
  33.03496	  76.20900	  10.30670	       11B
  35.32283	  67.49720	   9.45698	       10B
  35.32283	  71.85170	   9.45698	       11B
  35.32283	  76.20621	   9.45698	       10B
  37.31956	  67.50102	   7.97964	       11B
  37.31956	  71.85553	   7.97964	       11B
  37.31956	  76.21004	   7.97964	       10B
  39.71741	  67.49643	   7.50003	       10B
  39.71741	  71.85094	   7.50003	       11B
  39.71741	  76.20545	   7.50003	       10B
  42.20133	  67.49683	   7.50000	       10B
  42.20133	  71.85134	   7.50000	       10B
  42.20133	  76.20585	   7.50000	       10B
  22.62669	  65.31916	   7.50000	       11B
  22.62669	  69.67367	   7.50000	       10B
  22.62669	  74.02818	   7.50000	       11B
  25.11124	  65.31949	   7.50000	       11B
  25.11124	  69.67399	   7.50000	       10B
  25.11124	  74.02850	   7.50000	       11B
  27.59781	  65.32074	   7.50100	       11B
  27.59781	  69.67525	   7.50100	       11B
  27.59781	  74.02976	   7.50100	       11B
  29.77148	  65.31915	   8.67300	       11B
  29.77148	  69.67366	   8.67300	       11B
  29.77148	  74.02817	   8.67300	       11B
  31.82356	  65.32176	  10.06865	       11B
  31.82356	  69.67627	  10.06865	       11B
  31.82356	  74.03077	  10.06865	       11B
  34.24637	  65.32176	  10.06865	       11B
  34.24637	  69.67627	  10.06865	       11B
  34.24637	  74.03077	  10.06865	       11B
  36.29845	  65.31915	   8.67300	       11B
  36.29845	  69.67366	   8.67300	       11B
  36.29845	  74.02817	   8.67300	       11B
  38.47212	  65.32074	   7.50100	       11B
  38.47212	  69.67525	   7.50100	       11B
  38.47212	  74.02976	   7.50100	       11B
  40.95869	  65.31949	   7.50000	       10B
  40.95869	  69.67399	   7.50000	       11B
  40.95869	  74.02850	   7.50000	       10B
  23.86893	  68.94497	   7.50000	       14N
  23.86893	  73.29948	   7.50000	       14N
  23.86893	  64.59046	   7.50000	       14N
  26.35283	  68.94570	   7.50003	       14N
  26.35283	  73.30021	   7.50003	       14N
  26.35283	  64.59119	   7.50003	       14N
  28.79177	  68.94711	   7.89575	       14N
  28.79177	  73.30161	   7.89575	       14N
  28.79177	  64.59260	   7.89575	       14N
  30.72345	  68.94650	   9.47942	       14N
  30.72345	  73.30101	   9.47942	       14N
  30.72345	  64.59199	   9.47942	       14N
  33.03496	  68.94627	  10.38931	       14N
  33.03496	  73.30078	  10.38931	       14N
  33.03496	  64.59176	  10.38931	       14N
  35.34648	  68.94650	   9.47942	       14N
  35.34648	  73.30101	   9.47942	       14N
  35.34648	  64.59199	   9.47942	       14N
  37.27816	  68.94711	   7.89575	       14N
  37.27816	  73.30161	   7.89575	       14N
  37.27816	  64.59260	   7.89575	       14N
  39.71710	  68.94570	   7.50003	       14N
  39.71710	  73.30021	   7.50003	       14N
  39.71710	  64.59119	   7.50003	       14N
  42.20099	  68.94497	   7.50000	       14N
  42.20099	  73.29948	   7.50000	       14N
  42.20099	  64.59046	   7.50000	       14N
  22.62669	  66.76771	   7.50000	       14N
  22.62669	  71.12222	   7.50000	       14N
  22.62669	  75.47672	   7.50000	       14N
  25.11101	  66.76786	   7.50000	       14N
  25.11101	  71.12237	   7.50000	       14N
  25.11101	  75.47687	   7.50000	       14N
  27.59849	  66.76867	   7.50100	       14N
  27.59849	  71.12318	   7.50100	       14N
  27.59849	  75.47769	   7.50100	       14N
  29.77931	  66.76937	   8.67605	       14N
  29.77931	  71.12388	   8.67605	       14N
  29.77931	  75.47839	   8.67605	       14N
  31.79677	  66.76894	  10.13338	       14N
  31.79677	  71.12344	  10.13338	       14N
  31.79677	  75.47795	  10.13338	       14N
  34.27316	  66.76894	  10.13338	       14N
  34.27316	  71.12344	  10.13338	       14N
  34.27316	  75.47795	  10.13338	       14N
  36.29062	  66.76937	   8.67605	       14N
  36.29062	  71.12388	   8.67605	       14N
  36.29062	  75.47839	   8.67605	       14N
  38.47144	  66.76867	   7.50100	       14N
  38.47144	  71.12318	   7.50100	       14N
  38.47144	  75.47769	   7.50100	       14N
  40.95892	  66.76786	   7.50000	       14N
  40.95892	  71.12237	   7.50000	       14N
  40.95892	  75.47687	   7.50000	       14N
  22.62669	  78.38269	   7.50000	       11B
  25.11124	  78.38301	   7.50000	       11B
  27.59781	  78.38427	   7.50100	       11B
  29.77148	  78.38268	   8.67300	       10B
  31.82356	  78.38528	  10.06865	       11B
  34.24637	  78.38528	  10.06865	       11B
  36.29845	  78.38268	   8.67300	       11B
  38.47212	  78.38427	   7.50100	       11B
  40.95869	  78.38301	   7.50000	       11B
  23.86893	  77.65399	   7.50000	       14N
  26.35283	  77.65472	   7.50003	       14N
  28.79177	  77.65612	   7.89575	       14N
  30.72345	  77.65552	   9.47942	       14N
  33.03496	  77.65529	  10.38931	       14N
  35.34648	  77.65552	   9.47942	       14N
  37.27816	  77.65612	   7.89575	       14N
  39.71710	  77.65472	   7.50003	       14N
  42.20099	  77.65399	   7.50000	       14N
  22.62669	  79.83123	   7.50000	       14N
  25.11101	  79.83138	   7.50000	       14N
  27.59849	  79.83220	   7.50100	       14N
  29.77931	  79.83289	   8.67605	       14N
  31.79677	  79.83246	  10.13338	       14N
  34.27316	  79.83246	  10.13338	       14N
  36.29062	  79.83289	   8.67605	       14N
  38.47144	  79.83220	   7.50100	       14N
  40.95892	  79.83138	   7.50000	       14N
  44.70028	   2.17825	   7.50000	       10B
  44.70028	   6.53276	   7.50000	       10B
  44.70028	  10.88727	   7.50000	       11B
  47.21436	   2.17825	   7.50000	       11B
  47.21436	   6.53276	   7.50000	       11B
  47.21436	  10.88727	   7.50000	       11B
  49.72843	   2.17825	   7.50000	       10B
  49.72843	   6.53276	   7.50000	       11B
  49.72843	  10.88727	   7.50000	       11B
  52.24251	   2.17825	   7.50000	       11B
  52.24251	   6.53276	   7.50000	       10B
  52.24251	  10.88727	   7.50000	       11B
  54.75658	   2.17825	   7.50000	       11B
  54.75658	   6.53276	   7.50000	       11B
  54.75658	  10.88727	   7.50000	       11B
  57.27066	   2.17825	   7.50000	       11B
  57.27066	   6.53276	   7.50000	       11B
  57.27066	  10.88727	   7.50000	       11B
  59.78474	   2.17825	   7.50000	       10B
  59.78474	   6.53276	   7.50000	       11B
  59.78474	  10.88727	   7.50000	       10B
  62.29881	   2.17825	   7.50000	       11B
  62.29881	   6.53276	   7.50000	       11B
  62.29881	  10.88727	   7.50000	       10B
  64.81289	   2.17825	   7.50000	       10B
  64.81289	   6.53276	   7.50000	       11B
  64.81289	  10.88727	   7.50000	       11B
  43.44324	   0.00098	   7.50000	       11B
  43.44324	   4.35549	   7.50000	       11B
  43.44324	   8.71000	   7.50000	       11B
  45.95732	   0.00098	   7.50000	       11B
  45.95732	   4.35549	   7.50000	       10B
  45.95732	   8.71000	   7.50000	       10B
  48.47139	   0.00098	   7.50000	       11B
  48.47139	   4.35549	   7.50000	       11B
  48.47139	   8.71000	   7.50000	       11B
  50.98547	   0.00098	   7.50000	       11B
  50.98547	   4.35549	   7.50000	       11B
  50.98547	   8.71000	   7.50000	       11B
  53.49955	   0.00098	   7.50000	       11B
  53.49955	   4.35549	   7.50000	       11B
  53.49955	   8.71000	   7.50000	       11B
  56.01362	   0.00098	   7.50000	       11B
  56.01362	   4.35549	   7.50000	       11B
  56.01362	   8.71000	   7.50000	       11B
  58.52770	   0.00098	   7.50000	       11B
  58.52770	   4.35549	   7.50000	       11B
  58.52770	   8.71000	   7.50000	       10B
  61.04178	   0.00098	   7.50000	       11B
  61.04178	   4.35549	   7.50000	       11B
  61.04178	   8.71000	   7.50000	       11B
  63.55585	   0.00098	   7.50000	       11B
  63.55585	   4.35549	   7.50000	       10B
  63.55585	   8.71000	   7.50000	       11B
  44.70028	   3.63024	   7.50000	       14N
  44.70028	   7.98475	   7.50000	       14N
  47.21436	   3.63024	   7.50000	       14N
  47.21436	   7.98475	   7.50000	       14N
  49.72843	   3.63024	   7.50000	       14N
  49.72843	   7.98475	   7.50000	       14N
  52.24251	   3.63024	   7.50000	       14N
  52.24251	   7.98475	   7.50000	       14N
  54.75658	   3.63024	   7.50000	       14N
  54.75658	   7.98475	   7.50000	       14N
  57.27066	   3.63024	   7.50000	       14N
  57.27066	   7.98475	   7.50000	       14N
  59.78474	   3.63024	   7.50000	       14N
  59.78474	   7.98475	   7.50000	       14N
  62.29881	   3.63024	   7.50000	       14N
  62.29881	   7.98475	   7.50000	       14N
  64.81289	   3.63024	   7.50000	       14N
  64.81289	   7.98475	   7.50000	       14N
  43.44324	   1.45298	   7.50000	       14N
  43.44324	   5.80749	   7.50000	       14N
  43.44324	  10.16200	   7.50000	       14N
  45.95732	   1.45298	   7.50000	       14N
  45.95732	   5.80749	   7.50000	       14N
  45.95732	  10.16200	   7.50000	       14N
  48.47139	   1.45298	   7.50000	       14N
  48.47139	   5.80749	   7.50000	       14N
  48.47139	  10.16200	   7.50000	       14N
  50.98547	   1.45298	   7.50000	       14N
  50.98547	   5.80749	   7.50000	       14N
  50.98547	  10.16200	   7.50000	       14N
  53.49955	   1.45298	   7.50000	       14N
  53.49955	   5.80749	   7.50000	       14N
  53.49955	  10.16200	   7.50000	       14N
  56.01362	   1.45298	   7.50000	       14N
  56.01362	   5.80749	   7.50000	       14N
  56.01362	  10.16200	   7.50000	       14N
  58.52770	   1.45298	   7.50000	       14N
  58.52770	   5.80749	   7.50000	       14N
  58.52770	  10.16200	   7.50000	       14N
  61.04178	   1.45298	   7.50000	       14N
  61.04178	   5.80749	   7.50000	       14N
  61.04178	  10.16200	   7.50000	       14N
  63.55585	   1.45298	   7.50000	       14N
  63.55585	   5.80749	   7.50000	       14N
  63.55585	  10.16200	   7.50000	       14N
  44.70028	  15.24177	   7.50000	       11B
  44.70028	  19.59628	   7.50000	       11B
  44.70028	  23.95079	   7.50000	       11B
  47.21436	  15.24177	   7.50000	       11B
  47.21436	  19.59628	   7.50000	       10B
  47.21436	  23.95079	   7.50000	       11B
  49.72843	  15.24177	   7.50000	       11B
  49.72843	  19.59628	   7.50000	       11B
  49.72843	  23.95079	   7.50000	       11B
  52.24251	  15.24177	   7.50000	       11B
  52.24251	  19.59628	   7.50000	       11B
  52.24251	  23.95079	   7.50000	       10B
  54.75658	  15.24177	   7.50000	       11B
  54.75658	  19.59628	   7.50000	       11B
  54.75658	  23.95079	   7.50000	       11B
  57.27066	  15.24177	   7.50000	       11B
  57.27066	  19.59628	   7.50000	       11B
  57.27066	  23.95079	   7.50000	       11B
  59.78474	  15.24177	   7.50000	       11B
  59.78474	  19.59628	   7.50000	       11B
  59.78474	  23.95079	   7.50000	       11B
  62.29881	  15.24177	   7.50000	       11B
  62.29881	  19.59628	   7.50000	       11B
  62.29881	  23.95079	   7.50000	       11B
  64.81289	  15.24177	   7.50000	       11B
  64.81289	  19.59628	   7.50000	       11B
  64.81289	  23.95079	   7.50000	       11B
  43.44324	  13.06450	   7.50000	       11B
  43.44324	  17.41901	   7.50000	       10B
  43.44324	  21.77352	   7.50000	       11B
  45.95732	  13.06450	   7.50000	       11B
  45.95732	  17.41901	   7.50000	       11B
  45.95732	  21.77352	   7.50000	       11B
  48.47139	  13.06450	   7.50000	       10B
  48.47139	  17.41901	   7.50000	       11B
  48.47139	  21.77352	   7.50000	       10B
  50.98547	  13.06450	   7.50000	       10B
  50.98547	  17.41901	   7.50000	       11B
  50.98547	  21.77352	   7.50000	       11B
  53.49955	  13.06450	   7.50000	       10B
  53.49955	  17.41901	   7.50000	       10B
  53.49955	  21.77352	   7.50000	       11B
  56.01362	  13.06450	   7.50000	       11B
  56.01362	  17.41901	   7.50000	       11B
  56.01362	  21.77352	   7.50000	       11B
  58.52770	  13.06450	   7.50000	       11B
  58.52770	  17.41901	   7.50000	       11B
  58.52770	  21.77352	   7.50000	       11B
  61.04178	  13.06450	   7.50000	       11B
  61.04178	  17.41901	   7.50000	       11B
  61.04178	  21.77352	   7.50000	       11B
  63.55585	  13.06450	   7.50000	       11B
  63.55585	  17.41901	   7.50000	       11B
  63.55585	  21.77352	   7.50000	       11B
  44.70028	  16.69376	   7.50000	       14N
  44.70028	  21.04827	   7.50000	       14N
  44.70028	  12.33926	   7.50000	       14N
  47.21436	  16.69376	   7.50000	       14N
  47.21436	  21.04827	   7.50000	       14N
  47.21436	  12.33926	   7.50000	       14N
  49.72843	  16.69376	   7.50000	       14N
  49.72843	  21.04827	   7.50000	       14N
  49.72843	  12.33926	   7.50000	       14N
  52.24251	  16.69376	   7.50000	       14N
  52.24251	  21.04827	   7.50000	       14N
  52.24251	  12.33926	   7.50000	       14N
  54.75658	  16.69376	   7.50000	       14N
  54.75658	  21.04827	   7.50000	       14N
  54.75658	  12.33926	   7.50000	       14N
  57.27066	  16.69376	   7.50000	       14N
  57.27066	  21.04827	   7.50000	       14N
  57.27066	  12.33926	   7.50000	       14N
  59.78474	  16.69376	   7.50000	       14N
  59.78474	  21.04827	   7.50000	       14N
  59.78474	  12.33926	   7.50000	       14N
  62.29881	  16.69376	   7.50000	       14N
  62.29881	  21.04827	   7.50000	       14N
  62.29881	  12.33926	   7.50000	       14N
  64.81289	  16.69376	   7.50000	       14N
  64.81289	  21.04827	   7.50000	       14N
  64.81289	  12.33926	   7.50000	       14N
  43.44324	  14.51651	   7.50000	       14N
  43.44324	  18.87102	   7.50000	       14N
  43.44324	  23.22552	   7.50000	       14N
  45.95732	  14.51651	   7.50000	       14N
  45.95732	  18.87102	   7.50000	       14N
  45.95732	  23.22552	   7.50000	       14N
  48.47139	  14.51651	   7.50000	       14N
  48.47139	  18.87102	   7.50000	       14N
  48.47139	  23.22552	   7.50000	       14N
  50.98547	  14.51651	   7.50000	       14N
  50.98547	  18.87102	   7.50000	       14N
  50.98547	  23.22552	   7.50000	       14N
  53.49955	  14.51651	   7.50000	       14N
  53.49955	  18.87102	   7.50000	       14N
  53.49955	  23.22552	   7.50000	       14N
  56.01362	  14.51651	   7.50000	       14N
  56.01362	  18.87102	   7.50000	       14N
  56.01362	  23.22552	   7.50000	       14N
  58.52770	  14.51651	   7.50000	       14N
  58.52770	  18.87102	   7.50000	       14N
  58.52770	  23.22552	   7.50000	       14N
  61.04178	  14.51651	   7.50000	       14N
  61.04178	  18.87102	   7.50000	       14N
  61.04178	  23.22552	   7.50000	       14N
  63.55585	  14.51651	   7.50000	       14N
  63.55585	  18.87102	   7.50000	       14N
  63.55585	  23.22552	   7.50000	       14N
  44.70028	  28.30530	   7.50000	       11B
  44.70028	  32.65981	   7.50000	       11B
  44.70028	  37.01432	   7.50000	       11B
  47.21436	  28.30530	   7.50000	       10B
  47.21436	  32.65981	   7.50000	       11B
  47.21436	  37.01432	   7.50000	       10B
  49.72843	  28.30530	   7.50000	       11B
  49.72843	  32.65981	   7.50000	       11B
  49.72843	  37.01432	   7.50000	       11B
  52.24251	  28.30530	   7.50000	       11B
  52.24251	  32.65981	   7.50000	       11B
  52.24251	  37.01432	   7.50000	       11B
  54.75658	  28.30530	   7.50000	       11B
  54.75658	  32.65981	   7.50000	       10B
  54.75658	  37.01432	   7.50000	       11B
  57.27066	  28.30530	   7.50000	       11B
  57.27066	  32.65981	   7.50000	       11B
  57.27066	  37.01432	   7.50000	       10B
  59.78474	  28.30530	   7.50000	       11B
  59.78474	  32.65981	   7.50000	       11B
  59.78474	  37.01432	   7.50000	       11B
  62.29881	  28.30530	   7.50000	       10B
  62.29881	  32.65981	   7.50000	       10B
  62.29881	  37.01432	   7.50000	       11B
  64.81289	  28.30530	   7.50000	       11B
  64.81289	  32.65981	   7.50000	       11B
  64.81289	  37.01432	   7.50000	       11B
  43.44324	  26.12803	   7.50000	       11B
  43.44324	  30.48254	   7.50000	       11B
  43.44324	  34.83705	   7.50000	       11B
  45.95732	  26.12803	   7.50000	       11B
  45.95732	  30.48254	   7.50000	       11B
  45.95732	  34.83705	   7.50000	       11B
  48.47139	  26.12803	   7.50000	       10B
  48.47139	  30.48254	   7.50000	       10B
  48.47139	  34.83705	   7.50000	       11B
  50.98547	  26.12803	   7.50000	       11B
  50.98547	  30.48254	   7.50000	       11B
  50.98547	  34.83705	   7.50000	       11B
  53.49955	  26.12803	   7.50000	       11B
  53.49955	  30.48254	   7.50000	       11B
  53.49955	  34.83705	   7.50000	       11B
  56.01362	  26.12803	   7.50000	       11B
  56.01362	  30.48254	   7.50000	       10B
  56.01362	  34.83705	   7.50000	       11B
  58.52770	  26.12803	   7.50000	       10B
  58.52770	  30.48254	   7.50000	       11B
  58.52770	  34.83705	   7.50000	       10B
  61.04178	  26.12803	   7.50000	       10B
  61.04178	  30.48254	   7.50000	       11B
  61.04178	  34.83705	   7.50000	       11B
  63.55585	  26.12803	   7.50000	       11B
  63.55585	  30.48254	   7.50000	       11B
  63.55585	  34.83705	   7.50000	       10B
  44.70028	  29.75729	   7.50000	       14N
  44.70028	  34.11180	   7.50000	       14N
  44.70028	  25.40278	   7.50000	       14N
  47.21436	  29.75729	   7.50000	       14N
  47.21436	  34.11180	   7.50000	       14N
  47.21436	  25.40278	   7.50000	       14N
  49.72843	  29.75729	   7.50000	       14N
  49.72843	  34.11180	   7.50000	       14N
  49.72843	  25.40278	   7.50000	       14N
  52.24251	  29.75729	   7.50000	       14N
  52.24251	  34.11180	   7.50000	       14N
  52.24251	  25.40278	   7.50000	       14N
  54.75658	  29.75729	   7.50000	       14N
  54.75658	  34.11180	   7.50000	       14N
  54.75658	  25.40278	   7.50000	       14N
  57.27066	  29.75729	   7.50000	       14N
  57.27066	  34.11180	   7.50000	       14N
  57.27066	  25.40278	   7.50000	       14N
  59.78474	  29.75729	   7.50000	       14N
  59.78474	  34.11180	   7.50000	       14N
  59.78474	  25.40278	   7.50000	       14N
  62.29881	  29.75729	   7.50000	       14N
  62.29881	  34.11180	   7.50000	       14N
  62.29881	  25.40278	   7.50000	       14N
  64.81289	  29.75729	   7.50000	       14N
  64.81289	  34.11180	   7.50000	       14N
  64.81289	  25.40278	   7.50000	       14N
  43.44324	  27.58003	   7.50000	       14N
  43.44324	  31.93454	   7.50000	       14N
  43.44324	  36.28905	   7.50000	       14N
  45.95732	  27.58003	   7.50000	       14N
  45.95732	  31.93454	   7.50000	       14N
  45.95732	  36.28905	   7.50000	       14N
  48.47139	  27.58003	   7.50000	       14N
  48.47139	  31.93454	   7.50000	       14N
  48.47139	  36.28905	   7.50000	       14N
  50.98547	  27.58003	   7.50000	       14N
  50.98547	  31.93454	   7.50000	       14N
  50.98547	  36.28905	   7.50000	       14N
  53.49955	  27.58003	   7.50000	       14N
  53.49955	  31.93454	   7.50000	       14N
  53.49955	  36.28905	   7.50000	       14N
  56.01362	  27.58003	   7.50000	       14N
  56.01362	  31.93454	   7.50000	       14N
  56.01362	  36.28905	   7.50000	       14N
  58.52770	  27.58003	   7.50000	       14N
  58.52770	  31.93454	   7.50000	       14N
  58.52770	  36.28905	   7.50000	       14N
  61.04178	  27.58003	   7.50000	       14N
  61.04178	  31.93454	   7.50000	       14N
  61.04178	  36.28905	   7.50000	       14N
  63.55585	  27.58003	   7.50000	       14N
  63.55585	  31.93454	   7.50000	       14N
  63.55585	  36.28905	   7.50000	       14N
  44.70028	  41.36882	   7.50000	       11B
  44.70028	  45.72333	   7.50000	       11B
  44.70028	  50.07784	   7.50000	       11B
  47.21436	  41.36882	   7.50000	       10B
  47.21436	  45.72333	   7.50000	       11B
  47.21436	  50.07784	   7.50000	       11B
  49.72843	  41.36882	   7.50000	       11B
  49.72843	  45.72333	   7.50000	       11B
  49.72843	  50.07784	   7.50000	       11B
  52.24251	  41.36882	   7.50000	       11B
  52.24251	  45.72333	   7.50000	       11B
  52.24251	  50.07784	   7.50000	       11B
  54.75658	  41.36882	   7.50000	       11B
  54.75658	  45.72333	   7.50000	       11B
  54.75658	  50.07784	   7.50000	       11B
  57.27066	  41.36882	   7.50000	       10B
  57.27066	  45.72333	   7.50000	       10B
  57.27066	  50.07784	   7.50000	       11B
  59.78474	  41.36882	   7.50000	       10B
  59.78474	  45.72333	   7.50000	       11B
  59.78474	  50.07784	   7.50000	       11B
  62.29881	  41.36882	   7.50000	       11B
  62.29881	  45.72333	   7.50000	       11B
  62.29881	  50.07784	   7.50000	       11B
  64.81289	  41.36882	   7.50000	       11B
  64.81289	  45.72333	   7.50000	       11B
  64.81289	  50.07784	   7.50000	       10B
  43.44324	  39.19155	   7.50000	       11B
  43.44324	  43.54606	   7.50000	       11B
  43.44324	  47.90057	   7.50000	       11B
  45.95732	  39.19155	   7.50000	       11B
  45.95732	  43.54606	   7.50000	       11B
  45.95732	  47.90057	   7.50000	       11B
  48.47139	  39.19155	   7.50000	       11B
  48.47139	  43.54606	   7.50000	       11B
  48.47139	  47.90057	   7.50000	       11B
  50.98547	  39.19155	   7.50000	       11B
  50.98547	  43.54606	   7.50000	       11B
  50.98547	  47.90057	   7.50000	       11B
  53.49955	  39.19155	   7.50000	       11B
  53.49955	  43.54606	   7.50000	       10B
  53.49955	  47.90057	   7.50000	       11B
  56.01362	  39.19155	   7.50000	       11B
  56.01362	  43.54606	   7.50000	       11B
  56.01362	  47.90057	   7.50000	       11B
  58.52770	  39.19155	   7.50000	       10B
  58.52770	  43.54606	   7.50000	       11B
  58.52770	  47.90057	   7.50000	       11B
  61.04178	  39.19155	   7.50000	       11B
  61.04178	  43.54606	   7.50000	       11B
  61.04178	  47.90057	   7.50000	       11B
  63.55585	  39.19155	   7.50000	       11B
  63.55585	  43.54606	   7.50000	       11B
  63.55585	  47.90057	   7.50000	       10B
  44.70028	  42.82082	   7.50000	       14N
  44.70028	  47.17532	   7.50000	       14N
  44.70028	  38.46631	   7.50000	       14N
  47.21436	  42.82082	   7.50000	       14N
  47.21436	  47.17532	   7.50000	       14N
  47.21436	  38.46631	   7.50000	       14N
  49.72843	  42.82082	   7.50000	       14N
  49.72843	  47.17532	   7.50000	       14N
  49.72843	  38.46631	   7.50000	       14N
  52.24251	  42.82082	   7.50000	       14N
  52.24251	  47.17532	   7.50000	       14N
  52.24251	  38.46631	   7.50000	       14N
  54.75658	  42.82082	   7.50000	       14N
  54.75658	  47.17532	   7.50000	       14N
  54.75658	  38.46631	   7.50000	       14N
  57.27066	  42.82082	   7.50000	       14N
  57.27066	  47.17532	   7.50000	       14N
  57.27066	  38.46631	   7.50000	       14N
  59.78474	  42.82082	   7.50000	       14N
  59.78474	  47.17532	   7.50000	       14N
  59.78474	  38.46631	   7.50000	       14N
  62.29881	  42.82082	   7.50000	       14N
  62.29881	  47.17532	   7.50000	       14N
  62.29881	  38.46631	   7.50000	       14N
  64.81289	  42.82082	   7.50000	       14N
  64.81289	  47.17532	   7.50000	       14N
  64.81289	  38.46631	   7.50000	       14N
  43.44324	  40.64356	   7.50000	       14N
  43.44324	  44.99807	   7.50000	       14N
  43.44324	  49.35257	   7.50000	       14N
  45.95732	  40.64356	   7.50000	       14N
  45.95732	  44.99807	   7.50000	       14N
  45.95732	  49.35257	   7.50000	       14N
  48.47139	  40.64356	   7.50000	       14N
  48.47139	  44.99807	   7.50000	       14N
  48.47139	  49.35257	   7.50000	       14N
  50.98547	  40.64356	   7.50000	       14N
  50.98547	  44.99807	   7.50000	       14N
  50.98547	  49.35257	   7.50000	       14N
  53.49955	  40.64356	   7.50000	       14N
  53.49955	  44.99807	   7.50000	       14N
  53.49955	  49.35257	   7.50000	       14N
  56.01362	  40.64356	   7.50000	       14N
  56.01362	  44.99807	   7.50000	       14N
  56.01362	  49.35257	   7.50000	       14N
  58.52770	  40.64356	   7.50000	       14N
  58.52770	  44.99807	   7.50000	       14N
  58.52770	  49.35257	   7.50000	       14N
  61.04178	  40.64356	   7.50000	       14N
  61.04178	  44.99807	   7.50000	       14N
  61.04178	  49.35257	   7.50000	       14N
  63.55585	  40.64356	   7.50000	       14N
  63.55585	  44.99807	   7.50000	       14N
  63.55585	  49.35257	   7.50000	       14N
  44.70028	  54.43235	   7.50000	       11B
  44.70028	  58.78686	   7.50000	       11B
  44.70028	  63.14137	   7.50000	       11B
  47.21436	  54.43235	   7.50000	       11B
  47.21436	  58.78686	   7.50000	       11B
  47.21436	  63.14137	   7.50000	       10B
  49.72843	  54.43235	   7.50000	       11B
  49.72843	  58.78686	   7.50000	       11B
  49.72843	  63.14137	   7.50000	       11B
  52.24251	  54.43235	   7.50000	       10B
  52.24251	  58.78686	   7.50000	       11B
  52.24251	  63.14137	   7.50000	       11B
  54.75658	  54.43235	   7.50000	       10B
  54.75658	  58.78686	   7.50000	       11B
  54.75658	  63.14137	   7.50000	       11B
  57.27066	  54.43235	   7.50000	       11B
  57.27066	  58.78686	   7.50000	       11B
  57.27066	  63.14137	   7.50000	       11B
  59.78474	  54.43235	   7.50000	       11B
  59.78474	  58.78686	   7.50000	       11B
  59.78474	  63.14137	   7.50000	       11B
  62.29881	  54.43235	   7.50000	       11B
  62.29881	  58.78686	   7.50000	       11B
  62.29881	  63.14137	   7.50000	       11B
  64.81289	  54.43235	   7.50000	       11B
  64.81289	  58.78686	   7.50000	       10B
  64.81289	  63.14137	   7.50000	       11B
  43.44324	  52.25508	   7.50000	       11B
  43.44324	  56.60959	   7.50000	       11B
  43.44324	  60.96410	   7.50000	       11B
  45.95732	  52.25508	   7.50000	       11B
  45.95732	  56.60959	   7.50000	       10B
  45.95732	  60.96410	   7.50000	       11B
  48.47139	  52.25508	   7.50000	       10B
  48.47139	  56.60959	   7.50000	       11B
  48.47139	  60.96410	   7.50000	       11B
  50.98547	  52.25508	   7.50000	       11B
  50.98547	  56.60959	   7.50000	       10B
  50.98547	  60.96410	   7.50000	       11B
  53.49955	  52.25508	   7.50000	       11B
  53.49955	  56.60959	   7.50000	       11B
  53.49955	  60.96410	   7.50000	       10B
  56.01362	  52.25508	   7.50000	       11B
  56.01362	  56.60959	   7.50000	       11B
  56.01362	  60.96410	   7.50000	       11B
  58.52770	  52.25508	   7.50000	       11B
  58.52770	  56.60959	   7.50000	       11B
  58.52770	  60.96410	   7.50000	       11B
  61.04178	  52.25508	   7.50000	       10B
  61.04178	  56.60959	   7.50000	       11B
  61.04178	  60.96410	   7.50000	       11B
  63.55585	  52.25508	   7.50000	       11B
  63.55585	  56.60959	   7.50000	       11B
  63.55585	  60.96410	   7.50000	       11B
  44.70028	  55.88434	   7.50000	       14N
  44.70028	  60.23885	   7.50000	       14N
  44.70028	  51.52983	   7.50000	       14N
  47.21436	  55.88434	   7.50000	       14N
  47.21436	  60.23885	   7.50000	       14N
  47.21436	  51.52983	   7.50000	       14N
  49.72843	  55.88434	   7.50000	       14N
  49.72843	  60.23885	   7.50000	       14N
  49.72843	  51.52983	   7.50000	       14N
  52.24251	  55.88434	   7.50000	       14N
  52.24251	  60.23885	   7.50000	       14N
  52.24251	  51.52983	   7.50000	       14N
  54.75658	  55.88434	   7.50000	       14N
  54.75658	  60.23885	   7.50000	       14N
  54.75658	  51.52983	   7.50000	       14N
  57.27066	  55.88434	   7.50000	       14N
  57.27066	  60.23885	   7.50000	       14N
  57.27066	  51.52983	   7.50000	       14N
  59.78474	  55.88434	   7.50000	       14N
  59.78474	  60.23885	   7.50000	       14N
  59.78474	  51.52983	   7.50000	       14N
  62.29881	  55.88434	   7.50000	       14N
  62.29881	  60.23885	   7.50000	       14N
  62.29881	  51.52983	   7.50000	       14N
  64.81289	  55.88434	   7.50000	       14N
  64.81289	  60.23885	   7.50000	       14N
  64.81289	  51.52983	   7.50000	       14N
  43.44324	  53.70708	   7.50000	       14N
  43.44324	  58.06159	   7.50000	       14N
  43.44324	  62.41610	   7.50000	       14N
  45.95732	  53.70708	   7.50000	       14N
  45.95732	  58.06159	   7.50000	       14N
  45.95732	  62.41610	   7.50000	       14N
  48.47139	  53.70708	   7.50000	       14N
  48.47139	  58.06159	   7.50000	       14N
  48.47139	  62.41610	   7.50000	       14N
  50.98547	  53.70708	   7.50000	       14N
  50.98547	  58.06159	   7.50000	       14N
  50.98547	  62.41610	   7.50000	       14N
  53.49955	  53.70708	   7.50000	       14N
  53.49955	  58.06159	   7.50000	       14N
  53.49955	  62.41610	   7.50000	       14N
  56.01362	  53.70708	   7.50000	       14N
  56.01362	  58.06159	   7.50000	       14N
  56.01362	  62.41610	   7.50000	       14N
  58.52770	  53.70708	   7.50000	       14N
  58.52770	  58.06159	   7.50000	       14N
  58.52770	  62.41610	   7.50000	       14N
  61.04178	  53.70708	   7.50000	       14N
  61.04178	  58.06159	   7.50000	       14N
  61.04178	  62.41610	   7.50000	       14N
  63.55585	  53.70708	   7.50000	       14N
  63.55585	  58.06159	   7.50000	       14N
  63.55585	  62.41610	   7.50000	       14N
  44.70028	  67.49587	   7.50000	       11B
  44.70028	  71.85038	   7.50000	       11B
  44.70028	  76.20489	   7.50000	       10B
  47.21436	  67.49587	   7.50000	       11B
  47.21436	  71.85038	   7.50000	       11B
  47.21436	  76.20489	   7.50000	       11B
  49.72843	  67.49587	   7.50000	       11B
  49.72843	  71.85038	   7.50000	       11B
  49.72843	  76.20489	   7.50000	       11B
  52.24251	  67.49587	   7.50000	       11B
  52.24251	  71.85038	   7.50000	       11B
  52.24251	  76.20489	   7.50000	       11B
  54.75658	  67.49587	   7.50000	       10B
  54.75658	  71.85038	   7.50000	       11B
  54.75658	  76.20489	   7.50000	       11B
  57.27066	  67.49587	   7.50000	       11B
  57.27066	  71.85038	   7.50000	       11B
  57.27066	  76.20489	   7.50000	       11B
  59.78474	  67.49587	   7.50000	       11B
  59.78474	  71.85038	   7.50000	       10B
  59.78474	  76.20489	   7.50000	       11B
  62.29881	  67.49587	   7.50000	       10B
  62.29881	  71.85038	   7.50000	       11B
  62.29881	  76.20489	   7.50000	       10B
  64.81289	  67.49587	   7.50000	       11B
  64.81289	  71.85038	   7.50000	       11B
  64.81289	  76.20489	   7.50000	       11B
  43.44324	  65.31860	   7.50000	       11B
  43.44324	  69.67311	   7.50000	       11B
  43.44324	  74.02762	   7.50000	       11B
  45.95732	  65.31860	   7.50000	       11B
  45.95732	  69.67311	   7.50000	       11B
  45.95732	  74.02762	   7.50000	       10B
  48.47139	  65.31860	   7.50000	       11B
  48.47139	  69.67311	   7.50000	       11B
  48.47139	  74.02762	   7.50000	       11B
  50.98547	  65.31860	   7.50000	       10B
  50.98547	  69.67311	   7.50000	       10B
  50.98547	  74.02762	   7.50000	       11B
  53.49955	  65.31860	   7.50000	       11B
  53.49955	  69.67311	   7.50000	       11B
  53.49955	  74.02762	   7.50000	       11B
  56.01362	  65.31860	   7.50000	       10B
  56.01362	  69.67311	   7.50000	       10B
  56.01362	  74.02762	   7.50000	       11B
  58.52770	  65.31860	   7.50000	       11B
  58.52770	  69.67311	   7.50000	       11B
  58.52770	  74.02762	   7.50000	       10B
  61.04178	  65.31860	   7.50000	       11B
  61.04178	  69.67311	   7.50000	       11B
  61.04178	  74.02762	   7.50000	       11B
  63.55585	  65.31860	   7.50000	       11B
  63.55585	  69.67311	   7.50000	       10B
  63.55585	  74.02762	   7.50000	       11B
  44.70028	  68.94787	   7.50000	       14N
  44.70028	  73.30237	   7.50000	       14N
  44.70028	  64.59336	   7.50000	       14N
  47.21436	  68.94787	   7.50000	       14N
  47.21436	  73.30237	   7.50000	       14N
  47.21436	  64.59336	   7.50000	       14N
  49.72843	  68.94787	   7.50000	       14N
  49.72843	  73.30237	   7.50000	       14N
  49.72843	  64.59336	   7.50000	       14N
  52.24251	  68.94787	   7.50000	       14N
  52.24251	  73.30237	   7.50000	       14N
  52.24251	  64.59336	   7.50000	       14N
  54.75658	  68.94787	   7.50000	       14N
  54.75658	  73.30237	   7.50000	       14N
  54.75658	  64.59336	   7.50000	       14N
  57.27066	  68.94787	   7.50000	       14N
  57.27066	  73.30237	   7.50000	       14N
  57.27066	  64.59336	   7.50000	       14N
  59.78474	  68.94787	   7.50000	       14N
  59.78474	  73.30237	   7.50000	       14N
  59.78474	  64.59336	   7.50000	       14N
  62.29881	  68.94787	   7.50000	       14N
  62.29881	  73.30237	   7.50000	       14N
  62.29881	  64.59336	   7.50000	       14N
  64.81289	  68.94787	   7.50000	       14N
  64.81289	  73.30237	   7.50000	       14N
  64.81289	  64.59336	   7.50000	       14N
  43.44324	  66.77061	   7.50000	       14N
  43.44324	  71.12512	   7.50000	       14N
  43.44324	  75.47963	   7.50000	       14N
  45.95732	  66.77061	   7.50000	       14N
  45.95732	  71.12512	   7.50000	       14N
  45.95732	  75.47963	   7.50000	       14N
  48.47139	  66.77061	   7.50000	       14N
  48.47139	  71.12512	   7.50000	       14N
  48.47139	  75.47963	   7.50000	       14N
  50.98547	  66.77061	   7.50000	       14N
  50.98547	  71.12512	   7.50000	       14N
  50.98547	  75.47963	   7.50000	       14N
  53.49955	  66.77061	   7.50000	       14N
  53.49955	  71.12512	   7.50000	       14N
  53.49955	  75.47963	   7.50000	       14N
  56.01362	  66.77061	   7.50000	       14N
  56.01362	  71.12512	   7.50000	       14N
  56.01362	  75.47963	   7.50000	       14N
  58.52770	  66.77061	   7.50000	       14N
  58.52770	  71.12512	   7.50000	       14N
  58.52770	  75.47963	   7.50000	       14N
  61.04178	  66.77061	   7.50000	       14N
  61.04178	  71.12512	   7.50000	       14N
  61.04178	  75.47963	   7.50000	       14N
  63.55585	  66.77061	   7.50000	       14N
  63.55585	  71.12512	   7.50000	       14N
  63.55585	  75.47963	   7.50000	       14N
  43.44324	  78.38213	   7.50000	       11B
  45.95732	  78.38213	   7.50000	       11B
  48.47139	  78.38213	   7.50000	       10B
  50.98547	  78.38213	   7.50000	       11B
  53.49955	  78.38213	   7.50000	       10B
  56.01362	  78.38213	   7.50000	       11B
  58.52770	  78.38213	   7.50000	       11B
  61.04178	  78.38213	   7.50000	       11B
  63.55585	  78.38213	   7.50000	       11B
  44.70028	  77.65688	   7.50000	       14N
  47.21436	  77.65688	   7.50000	       14N
  49.72843	  77.65688	   7.50000	       14N
  52.24251	  77.65688	   7.50000	       14N
  54.75658	  77.65688	   7.50000	       14N
  57.27066	  77.65688	   7.50000	       14N
  59.78474	  77.65688	   7.50000	       14N
  62.29881	  77.65688	   7.50000	       14N
  64.81289	  77.65688	   7.50000	       14N
  43.44324	  79.83413	   7.50000	       14N
  45.95732	  79.83413	   7.50000	       14N
  48.47139	  79.83413	   7.50000	       14N
  50.98547	  79.83413	   7.50000	       14N
  53.49955	  79.83413	   7.50000	       14N
  56.01362	  79.83413	   7.50000	       14N
  58.52770	  79.83413	   7.50000	       14N
  61.04178	  79.83413	   7.50000	       14N
  63.55585	  79.83413	   7.50000	       14N
  67.32697	   2.17825	   7.50000	       11B
  67.32697	   6.53276	   7.50000	       11B
  67.32697	  10.88727	   7.50000	       10B
  69.84104	   2.17825	   7.50000	       11B
  69.84104	   6.53276	   7.50000	       11B
  69.84104	  10.88727	   7.50000	       11B
  72.35512	   2.17825	   7.50000	       10B
  72.35512	   6.53276	   7.50000	       11B
  72.35512	  10.88727	   7.50000	       11B
  74.86920	   2.17825	   7.50000	       11B
  74.86920	   6.53276	   7.50000	       11B
  74.86920	  10.88727	   7.50000	       11B
  77.38327	   2.17825	   7.50000	       10B
  77.38327	   6.53276	   7.50000	       11B
  77.38327	  10.88727	   7.50000	       11B
  79.89735	   2.17825	   7.50000	       10B
  79.89735	   6.53276	   7.50000	       11B
  79.89735	  10.88727	   7.50000	       11B
  66.06993	   0.00098	   7.50000	       11B
  66.06993	   4.35549	   7.50000	       11B
  66.06993	   8.71000	   7.50000	       10B
  68.58401	   0.00098	   7.50000	       11B
  68.58401	   4.35549	   7.50000	       11B
  68.58401	   8.71000	   7.50000	       10B
  71.09808	   0.00098	   7.50000	       11B
  71.09808	   4.35549	   7.50000	       11B
  71.09808	   8.71000	   7.50000	       10B
  73.61216	   0.00098	   7.50000	       11B
  73.61216	   4.35549	   7.50000	       11B
  73.61216	   8.71000	   7.50000	       11B
  76.12623	   0.00098	   7.50000	       11B
  76.12623	   4.35549	   7.50000	       11B
  76.12623	   8.71000	   7.50000	       11B
  78.64031	   0.00098	   7.50000	       10B
  78.64031	   4.35549	   7.50000	       11B
  78.64031	   8.71000	   7.50000	       11B
  67.32697	   3.63024	   7.50000	       14N
  67.32697	   7.98475	   7.50000	       14N
  69.84104	   3.63024	   7.50000	       14N
  69.84104	   7.98475	   7.50000	       14N
  72.35512	   3.63024	   7.50000	       14N
  72.35512	   7.98475	   7.50000	       14N
  74.86920	   3.63024	   7.50000	       14N
  74.86920	   7.98475	   7.50000	       14N
  77.38327	   3.63024	   7.50000	       14N
  77.38327	   7.98475	   7.50000	       14N
  79.89735	   3.63024	   7.50000	       14N
  79.89735	   7.98475	   7.50000	       14N
  66.06993	   1.45298	   7.50000	       14N
  66.06993	   5.80749	   7.50000	       14N
  66.06993	  10.16200	   7.50000	       14N
  68.58401	   1.45298	   7.50000	       14N
  68.58401	   5.80749	   7.50000	       14N
  68.58401	  10.16200	   7.50000	       14N
  71.09808	   1.45298	   7.50000	       14N
  71.09808	   5.80749	   7.50000	       14N
  71.09808	  10.16200	   7.50000	       14N
  73.61216	   1.45298	   7.50000	       14N
  73.61216	   5.80749	   7.50000	       14N
  73.61216	  10.16200	   7.50000	       14N
  76.12623	   1.45298	   7.50000	       14N
  76.12623	   5.80749	   7.50000	       14N
  76.12623	  10.16200	   7.50000	       14N
  78.64031	   1.45298	   7.50000	       14N
  78.64031	   5.80749	   7.50000	       14N
  78.64031	  10.16200	   7.50000	       14N
  67.32697	  15.24177	   7.50000	       10B
  67.32697	  19.59628	   7.50000	       11B
  67.32697	  23.95079	   7.50000	       11B
  69.84104	  15.24177	   7.50000	       11B
  69.84104	  19.59628	   7.50000	       11B
  69.84104	  23.95079	   7.50000	       11B
  72.35512	  15.24177	   7.50000	       10B
  72.35512	  19.59628	   7.50000	       11B
  72.35512	  23.95079	   7.50000	       10B
  74.86920	  15.24177	   7.50000	       11B
  74.86920	  19.59628	   7.50000	       11B
  74.86920	  23.95079	   7.50000	       10B
  77.38327	  15.24177	   7.50000	       11B
  77.38327	  19.59628	   7.50000	       10B
  77.38327	  23.95079	   7.50000	       11B
  79.89735	  15.24177	   7.50000	       11B
  79.89735	  19.59628	   7.50000	       11B
  79.89735	  23.95079	   7.50000	       11B
  66.06993	  13.06450	   7.50000	       10B
  66.06993	  17.41901	   7.50000	       11B
  66.06993	  21.77352	   7.50000	       11B
  68.58401	  13.06450	   7.50000	       11B
  68.58401	  17.41901	   7.50000	       10B
  68.58401	  21.77352	   7.50000	       10B
  71.09808	  13.06450	   7.50000	       11B
  71.09808	  17.41901	   7.50000	       10B
  71.09808	  21.77352	   7.50000	       11B
  73.61216	  13.06450	   7.50000	       11B
  73.61216	  17.41901	   7.50000	       11B
  73.61216	  21.77352	   7.50000	       11B
  76.12623	  13.06450	   7.50000	       11B
  76.12623	  17.41901	   7.50000	       11B
  76.12623	  21.77352	   7.50000	       11B
  78.64031	  13.06450	   7.50000	       11B
  78.64031	  17.41901	   7.50000	       11B
  78.64031	  21.77352	   7.50000	       11B
  67.32697	  16.69376	   7.50000	       14N
  67.32697	  21.04827	   7.50000	       14N
  67.32697	  12.33926	   7.50000	       14N
  69.84104	  16.69376	   7.50000	       14N
  69.84104	  21.04827	   7.50000	       14N
  69.84104	  12.33926	   7.50000	       14N
  72.35512	  16.69376	   7.50000	       14N
  72.35512	  21.04827	   7.50000	       14N
  72.35512	  12.33926	   7.50000	       14N
  74.86920	  16.69376	   7.50000	       14N
  74.86920	  21.04827	   7.50000	       14N
  74.86920	  12.33926	   7.50000	       14N
  77.38327	  16.69376	   7.50000	       14N
  77.38327	  21.04827	   7.50000	       14N
  77.38327	  12.33926	   7.50000	       14N
  79.89735	  16.69376	   7.50000	       14N
  79.89735	  21.04827	   7.50000	       14N
  79.89735	  12.33926	   7.50000	       14N
  66.06993	  14.51651	   7.50000	       14N
  66.06993	  18.87102	   7.50000	       14N
  66.06993	  23.22552	   7.50000	       14N
  68.58401	  14.51651	   7.50000	       14N
  68.58401	  18.87102	   7.50000	       14N
  68.58401	  23.22552	   7.50000	       14N
  71.09808	  14.51651	   7.50000	       14N
  71.09808	  18.87102	   7.50000	       14N
  71.09808	  23.22552	   7.50000	       14N
  73.61216	  14.51651	   7.50000	       14N
  73.61216	  18.87102	   7.50000	       14N
  73.61216	  23.22552	   7.50000	       14N
  76.12623	  14.51651	   7.50000	       14N
  76.12623	  18.87102	   7.50000	       14N
  76.12623	  23.22552	   7.50000	       14N
  78.64031	  14.51651	   7.50000	       14N
  78.64031	  18.87102	   7.50000	       14N
  78.64031	  23.22552	   7.50000	       14N
  67.32697	  28.30530	   7.50000	       11B
  67.32697	  32.65981	   7.50000	       10B
  67.32697	  37.01432	   7.50000	       10B
  69.84104	  28.30530	   7.50000	       11B
  69.84104	  32.65981	   7.50000	       10B
  69.84104	  37.01432	   7.50000	       11B
  72.35512	  28.30530	   7.50000	       11B
  72.35512	  32.65981	   7.50000	       11B
  72.35512	  37.01432	   7.50000	       11B
  74.86920	  28.30530	   7.50000	       11B
  74.86920	  32.65981	   7.50000	       11B
  74.86920	  37.01432	   7.50000	       11B
  77.38327	  28.30530	   7.50000	       10B
  77.38327	  32.65981	   7.50000	       11B
  77.38327	  37.01432	   7.50000	       11B
  79.89735	  28.30530	   7.50000	       11B
  79.89735	  32.65981	   7.50000	       11B
  79.89735	  37.01432	   7.50000	       11B
  66.06993	  26.12803	   7.50000	       11B
  66.06993	  30.48254	   7.50000	       10B
  66.06993	  34.83705	   7.50000	       11B
  68.58401	  26.12803	   7.50000	       11B
  68.58401	  30.48254	   7.50000	       11B
  68.58401	  34.83705	   7.50000	       10B
  71.09808	  26.12803	   7.50000	       11B
  71.09808	  30.48254	   7.50000	       10B
  71.09808	  34.83705	   7.50000	       11B
  73.61216	  26.12803	   7.50000	       11B
  73.61216	  30.48254	   7.50000	       11B
  73.61216	  34.83705	   7.50000	       11B
  76.12623	  26.12803	   7.50000	       11B
  76.12623	  30.48254	   7.50000	       11B
  76.12623	  34.83705	   7.50000	       11B
  78.64031	  26.12803	   7.50000	       11B
  78.64031	  30.48254	   7.50000	       11B
  78.64031	  34.83705	   7.50000	       11B
  67.32697	  29.75729	   7.50000	       14N
  67.32697	  34.11180	   7.50000	       14N
  67.32697	  25.40278	   7.50000	       14N
  69.84104	  29.75729	   7.50000	       14N
  69.84104	  34.11180	   7.50000	       14N
  69.84104	  25.40278	   7.50000	       14N
  72.35512	  29.75729	   7.50000	       14N
  72.35512	  34.11180	   7.50000	       14N
  72.35512	  25.40278	   7.50000	       14N
  74.86920	  29.75729	   7.50000	       14N
  74.86920	  34.11180	   7.50000	       14N
  74.86920	  25.40278	   7.50000	       14N
  77.38327	  29.75729	   7.50000	       14N
  77.38327	  34.11180	   7.50000	       14N
  77.38327	  25.40278	   7.50000	       14N
  79.89735	  29.75729	   7.50000	       14N
  79.89735	  34.11180	   7.50000	       14N
  79.89735	  25.40278	   7.50000	       14N
  66.06993	  27.58003	   7.50000	       14N
  66.06993	  31.93454	   7.50000	       14N
  66.06993	  36.28905	   7.50000	       14N
  68.58401	  27.58003	   7.50000	       14N
  68.58401	  31.93454	   7.50000	       14N
  68.58401	  36.28905	   7.50000	       14N
  71.09808	  27.58003	   7.50000	       14N
  71.09808	  31.93454	   7.50000	       14N
  71.09808	  36.28905	   7.50000	       14N
  73.61216	  27.58003	   7.50000	       14N
  73.61216	  31.93454	   7.50000	       14N
  73.61216	  36.28905	   7.50000	       14N
  76.12623	  27.58003	   7.50000	       14N
  76.12623	  31.93454	   7.50000	       14N
  76.12623	  36.28905	   7.50000	       14N
  78.64031	  27.58003	   7.50000	       14N
  78.64031	  31.93454	   7.50000	       14N
  78.64031	  36.28905	   7.50000	       14N
  67.32697	  41.36882	   7.50000	       11B
  67.32697	  45.72333	   7.50000	       11B
  67.32697	  50.07784	   7.50000	       10B
  69.84104	  41.36882	   7.50000	       11B
  69.84104	  45.72333	   7.50000	       11B
  69.84104	  50.07784	   7.50000	       10B
  72.35512	  41.36882	   7.50000	       11B
  72.35512	  45.72333	   7.50000	       11B
  72.35512	  50.07784	   7.50000	       10B
  74.86920	  41.36882	   7.50000	       11B
  74.86920	  45.72333	   7.50000	       11B
  74.86920	  50.07784	   7.50000	       10B
  77.38327	  41.36882	   7.50000	       11B
  77.38327	  45.72333	   7.50000	       11B
  77.38327	  50.07784	   7.50000	       11B
  79.89735	  41.36882	   7.50000	       11B
  79.89735	  45.72333	   7.50000	       11B
  79.89735	  50.07784	   7.50000	       10B
  66.06993	  39.19155	   7.50000	       11B
  66.06993	  43.54606	   7.50000	       11B
  66.06993	  47.90057	   7.50000	       11B
  68.58401	  39.19155	   7.50000	       11B
  68.58401	  43.54606	   7.50000	       11B
  68.58401	  47.90057	   7.50000	       11B
  71.09808	  39.19155	   7.50000	       11B
  71.09808	  43.54606	   7.50000	       11B
  71.09808	  47.90057	   7.50000	       11B
  73.61216	  39.19155	   7.50000	       11B
  73.61216	  43.54606	   7.50000	       11B
  73.61216	  47.90057	   7.50000	       11B
  76.12623	  39.19155	   7.50000	       11B
  76.12623	  43.54606	   7.50000	       11B
  76.12623	  47.90057	   7.50000	       11B
  78.64031	  39.19155	   7.50000	       11B
  78.64031	  43.54606	   7.50000	       11B
  78.64031	  47.90057	   7.50000	       11B
  67.32697	  42.82082	   7.50000	       14N
  67.32697	  47.17532	   7.50000	       14N
  67.32697	  38.46631	   7.50000	       14N
  69.84104	  42.82082	   7.50000	       14N
  69.84104	  47.17532	   7.50000	       14N
  69.84104	  38.46631	   7.50000	       14N
  72.35512	  42.82082	   7.50000	       14N
  72.35512	  47.17532	   7.50000	       14N
  72.35512	  38.46631	   7.50000	       14N
  74.86920	  42.82082	   7.50000	       14N
  74.86920	  47.17532	   7.50000	       14N
  74.86920	  38.46631	   7.50000	       14N
  77.38327	  42.82082	   7.50000	       14N
  77.38327	  47.17532	   7.50000	       14N
  77.38327	  38.46631	   7.50000	       14N
  79.89735	  42.82082	   7.50000	       14N
  79.89735	  47.17532	   7.50000	       14N
  79.89735	  38.46631	   7.50000	       14N
  66.06993	  40.64356	   7.50000	       14N
  66.06993	  44.99807	   7.50000	       14N
  66.06993	  49.35257	   7.50000	       14N
  68.58401	  40.64356	   7.50000	       14N
  68.58401	  44.99807	   7.50000	       14N
  68.58401	  49.35257	   7.50000	       14N
  71.09808	  40.64356	   7.50000	       14N
  71.09808	  44.99807	   7.50000	       14N
  71.09808	  49.35257	   7.50000	       14N
  73.61216	  40.64356	   7.50000	       14N
  73.61216	  44.99807	   7.50000	       14N
  73.61216	  49.35257	   7.50000	       14N
  76.12623	  40.64356	   7.50000	       14N
  76.12623	  44.99807	   7.50000	       14N
  76.12623	  49.35257	   7.50000	       14N
  78.64031	  40.64356	   7.50000	       14N
  78.64031	  44.99807	   7.50000	       14N
  78.64031	  49.35257	   7.50000	       14N
  67.32697	  54.43235	   7.50000	       11B
  67.32697	  58.78686	   7.50000	       11B
  67.32697	  63.14137	   7.50000	       11B
  69.84104	  54.43235	   7.50000	       11B
  69.84104	  58.78686	   7.50000	       11B
  69.84104	  63.14137	   7.50000	       11B
  72.35512	  54.43235	   7.50000	       11B
  72.35512	  58.78686	   7.50000	       11B
  72.35512	  63.14137	   7.50000	       10B
  74.86920	  54.43235	   7.50000	       11B
  74.86920	  58.78686	   7.50000	       11B
  74.86920	  63.14137	   7.50000	       11B
  77.38327	  54.43235	   7.50000	       11B
  77.38327	  58.78686	   7.50000	       11B
  77.38327	  63.14137	   7.50000	       11B
  79.89735	  54.43235	   7.50000	       11B
  79.89735	  58.78686	   7.50000	       10B
  79.89735	  63.14137	   7.50000	       11B
  66.06993	  52.25508	   7.50000	       11B
  66.06993	  56.60959	   7.50000	       11B
  66.06993	  60.96410	   7.50000	       11B
  68.58401	  52.25508	   7.50000	       11B
  68.58401	  56.60959	   7.50000	       11B
  68.58401	  60.96410	   7.50000	       11B
  71.09808	  52.25508	   7.50000	       11B
  71.09808	  56.60959	   7.50000	       11B
  71.09808	  60.96410	   7.50000	       11B
  73.61216	  52.25508	   7.50000	       10B
  73.61216	  56.60959	   7.50000	       10B
  73.61216	  60.96410	   7.50000	       11B
  76.12623	  52.25508	   7.50000	       11B
  76.12623	  56.60959	   7.50000	       11B
  76.12623	  60.96410	   7.50000	       10B
  78.64031	  52.25508	   7.50000	       11B
  78.64031	  56.60959	   7.50000	       11B
  78.64031	  60.96410	   7.50000	       11B
  67.32697	  55.88434	   7.50000	       14N
  67.32697	  60.23885	   7.50000	       14N
  67.32697	  51.52983	   7.50000	       14N
  69.84104	  55.88434	   7.50000	       14N
  69.84104	  60.23885	   7.50000	       14N
  69.84104	  51.52983	   7.50000	       14N
  72.35512	  55.88434	   7.50000	       14N
  72.35512	  60.23885	   7.50000	       14N
  72.35512	  51.52983	   7.50000	       14N
  74.86920	  55.88434	   7.50000	       14N
  74.86920	  60.23885	   7.50000	       14N
  74.86920	  51.52983	   7.50000	       14N
  77.38327	  55.88434	   7.50000	       14N
  77.38327	  60.23885	   7.50000	       14N
  77.38327	  51.52983	   7.50000	       14N
  79.89735	  55.88434	   7.50000	       14N
  79.89735	  60.23885	   7.50000	       14N
  79.89735	  51.52983	   7.50000	       14N
  66.06993	  53.70708	   7.50000	       14N
  66.06993	  58.06159	   7.50000	       14N
  66.06993	  62.41610	   7.50000	       14N
  68.58401	  53.70708	   7.50000	       14N
  68.58401	  58.06159	   7.50000	       14N
  68.58401	  62.41610	   7.50000	       14N
  71.09808	  53.70708	   7.50000	       14N
  71.09808	  58.06159	   7.50000	       14N
  71.09808	  62.41610	   7.50000	       14N
  73.61216	  53.70708	   7.50000	       14N
  73.61216	  58.06159	   7.50000	       14N
  73.61216	  62.41610	   7.50000	       14N
  76.12623	  53.70708	   7.50000	       14N
  76.12623	  58.06159	   7.50000	       14N
  76.12623	  62.41610	   7.50000	       14N
  78.64031	  53.70708	   7.50000	       14N
  78.64031	  58.06159	   7.50000	       14N
  78.64031	  62.41610	   7.50000	       14N
  67.32697	  67.49587	   7.50000	       10B
  67.32697	  71.85038	   7.50000	       11B
  67.32697	  76.20489	   7.50000	       11B
  69.84104	  67.49587	   7.50000	       11B
  69.84104	  71.85038	   7.50000	       11B
  69.84104	  76.20489	   7.50000	       11B
  72.35512	  67.49587	   7.50000	       11B
  72.35512	  71.85038	   7.50000	       11B
  72.35512	  76.20489	   7.50000	       10B
  74.86920	  67.49587	   7.50000	       10B
  74.86920	  71.85038	   7.50000	       11B
  74.86920	  76.20489	   7.50000	       11B
  77.38327	  67.49587	   7.50000	       10B
  77.38327	  71.85038	   7.50000	       10B
  77.38327	  76.20489	   7.50000	       11B
  79.89735	  67.49587	   7.50000	       11B
  79.89735	  71.85038	   7.50000	       11B
  79.89735	  76.20489	   7.50000	       11B
  66.06993	  65.31860	   7.50000	       11B
  66.06993	  69.67311	   7.50000	       11B
  66.06993	  74.02762	   7.50000	       11B
  68.58401	  65.31860	   7.50000	       11B
  68.58401	  69.67311	   7.50000	       10B
  68.58401	  74.02762	   7.50000	       11B
  71.09808	  65.31860	   7.50000	       11B
  71.09808	  69.67311	   7.50000	       11B
  71.09808	  74.02762	   7.50000	       11B
  73.61216	  65.31860	   7.50000	       11B
  73.61216	  69.67311	   7.50000	       11B
  73.61216	  74.02762	   7.50000	       11B
  76.12623	  65.31860	   7.50000	       11B
  76.12623	  69.67311	   7.50000	       10B
  76.12623	  74.02762	   7.50000	       11B
  78.64031	  65.31860	   7.50000	       11B
  78.64031	  69.67311	   7.50000	       11B
  78.64031	  74.02762	   7.50000	       11B
  67.32697	  68.94787	   7.50000	       14N
  67.32697	  73.30237	   7.50000	       14N
  67.32697	  64.59336	   7.50000	       14N
  69.84104	  68.94787	   7.50000	       14N
  69.84104	  73.30237	   7.50000	       14N
  69.84104	  64.59336	   7.50000	       14N
  72.35512	  68.94787	   7.50000	       14N
  72.35512	  73.30237	   7.50000	       14N
  72.35512	  64.59336	   7.50000	       14N
  74.86920	  68.94787	   7.50000	       14N
  74.86920	  73.30237	   7.50000	       14N
  74.86920	  64.59336	   7.50000	       14N
  77.38327	  68.94787	   7.50000	       14N
  77.38327	  73.30237	   7.50000	       14N
  77.38327	  64.59336	   7.50000	       14N
  79.89735	  68.94787	   7.50000	       14N
  79.89735	  73.30237	   7.50000	       14N
  79.89735	  64.59336	   7.50000	       14N
  66.06993	  66.77061	   7.50000	       14N
  66.06993	  71.12512	   7.50000	       14N
  66.06993	  75.47963	   7.50000	       14N
  68.58401	  66.77061	   7.50000	       14N
  68.58401	  71.12512	   7.50000	       14N
  68.58401	  75.47963	   7.50000	       14N
  71.09808	  66.77061	   7.50000	       14N
  71.09808	  71.12512	   7.50000	       14N
  71.09808	  75.47963	   7.50000	       14N
  73.61216	  66.77061	   7.50000	       14N
  73.61216	  71.12512	   7.50000	       14N
  73.61216	  75.47963	   7.50000	       14N
  76.12623	  66.77061	   7.50000	       14N
  76.12623	  71.12512	   7.50000	       14N
  76.12623	  75.47963	   7.50000	       14N
  78.64031	  66.77061	   7.50000	       14N
  78.64031	  71.12512	   7.50000	       14N
  78.64031	  75.47963	   7.50000	       14N
  66.06993	  78.38213	   7.50000	       10B
  68.58401	  78.38213	   7.50000	       11B
  71.09808	  78.38213	   7.50000	       11B
  73.61216	  78.38213	   7.50000	       11B
  76.12623	  78.38213	   7.50000	       11B
  78.64031	  78.38213	   7.50000	       11B
  67.32697	  77.65688	   7.50000	       14N
  69.84104	  77.65688	   7.50000	       14N
  72.35512	  77.65688	   7.50000	       14N
  74.86920	  77.65688	   7.50000	       14N
  77.38327	  77.65688	   7.50000	       14N
  79.89735	  77.65688	   7.50000	       14N
  66.06993	  79.83413	   7.50000	       14N
  68.58401	  79.83413	   7.50000	       14N
  71.09808	  79.83413	   7.50000	       14N
  73.61216	  79.83413	   7.50000	       14N
  76.12623	  79.83413	   7.50000	       14N
  78.64031	  79.83413	   7.50000	       14N
