2406.00000	   0.00000	   0.00000	   0.00000
   1.25704	   2.17825	   7.50000	       11B
   1.25704	   6.53276	   7.50000	       11B
   1.25704	  10.88727	   7.50000	       11B
   3.77111	   2.17825	   7.50000	       11B
   3.77111	   6.53276	   7.50000	       11B
   3.77111	  10.88727	   7.50000	       10B
   6.28519	   2.17825	   7.50000	       11B
   6.28519	   6.53276	   7.50000	       11B
   6.28519	  10.88727	   7.50000	       11B
   8.79927	   2.17825	   7.50000	       10B
   8.79927	   6.53276	   7.50000	       11B
   8.79927	  10.88727	   7.50000	       11B
  11.31334	   2.17825	   7.50000	       10B
  11.31334	   6.53276	   7.50000	       11B
  11.31334	  10.88727	   7.50000	       11B
  13.82742	   2.17825	   7.50000	       11B
  13.82742	   6.53276	   7.50000	       11B
  13.82742	  10.88727	   7.50000	       11B
  16.34150	   2.17825	   7.50000	       11B
  16.34150	   6.53276	   7.50000	       11B
  16.34150	  10.88727	   7.50000	       11B
  18.85557	   2.17825	   7.50000	       11B
  18.85557	   6.53276	   7.50000	       11B
  18.85557	  10.88727	   7.50000	       10B
  21.36965	   2.17825	   7.50000	       10B
  21.36965	   6.53276	   7.50000	       11B
  21.36965	  10.88727	   7.50000	       11B
   0.00000	   0.00098	   7.50000	       11B
   0.00000	   4.35549	   7.50000	       10B
   0.00000	   8.71000	   7.50000	       11B
   2.51408	   0.00098	   7.50000	       11B
   2.51408	   4.35549	   7.50000	       11B
   2.51408	   8.71000	   7.50000	       11B
   5.02815	   0.00098	   7.50000	       10B
   5.02815	   4.35549	   7.50000	       11B
   5.02815	   8.71000	   7.50000	       11B
   7.54223	   0.00098	   7.50000	       11B
   7.54223	   4.35549	   7.50000	       10B
   7.54223	   8.71000	   7.50000	       11B
  10.05631	   0.00098	   7.50000	       11B
  10.05631	   4.35549	   7.50000	       11B
  10.05631	   8.71000	   7.50000	       11B
  12.57038	   0.00098	   7.50000	       10B
  12.57038	   4.35549	   7.50000	       11B
  12.57038	   8.71000	   7.50000	       11B
  15.08446	   0.00098	   7.50000	       11B
  15.08446	   4.35549	   7.50000	       10B
  15.08446	   8.71000	   7.50000	       10B
  17.59854	   0.00098	   7.50000	       10B
  17.59854	   4.35549	   7.50000	       10B
  17.59854	   8.71000	   7.50000	       11B
  20.11261	   0.00098	   7.50000	       11B
  20.11261	   4.35549	   7.50000	       11B
  20.11261	   8.71000	   7.50000	       11B
   1.25704	   3.63024	   7.50000	       14N
   1.25704	   7.98475	   7.50000	       14N
   3.77111	   3.63024	   7.50000	       14N
   3.77111	   7.98475	   7.50000	       14N
   6.28519	   3.63024	   7.50000	       14N
   6.28519	   7.98475	   7.50000	       14N
   8.79927	   3.63024	   7.50000	       14N
   8.79927	   7.98475	   7.50000	       14N
  11.31334	   3.63024	   7.50000	       14N
  11.31334	   7.98475	   7.50000	       14N
  13.82742	   3.63024	   7.50000	       14N
  13.82742	   7.98475	   7.50000	       14N
  16.34150	   3.63024	   7.50000	       14N
  16.34150	   7.98475	   7.50000	       14N
  18.85557	   3.63024	   7.50000	       14N
  18.85557	   7.98475	   7.50000	       14N
  21.36965	   3.63024	   7.50000	       14N
  21.36965	   7.98475	   7.50000	       14N
   0.00000	   1.45298	   7.50000	       14N
   0.00000	   5.80749	   7.50000	       14N
   0.00000	  10.16200	   7.50000	       14N
   2.51408	   1.45298	   7.50000	       15N
   2.51408	   5.80749	   7.50000	       14N
   2.51408	  10.16200	   7.50000	       14N
   5.02815	   1.45298	   7.50000	       14N
   5.02815	   5.80749	   7.50000	       14N
   5.02815	  10.16200	   7.50000	       14N
   7.54223	   1.45298	   7.50000	       14N
   7.54223	   5.80749	   7.50000	       14N
   7.54223	  10.16200	   7.50000	       14N
  10.05631	   1.45298	   7.50000	       14N
  10.05631	   5.80749	   7.50000	       14N
  10.05631	  10.16200	   7.50000	       14N
  12.57038	   1.45298	   7.50000	       14N
  12.57038	   5.80749	   7.50000	       14N
  12.57038	  10.16200	   7.50000	       14N
  15.08446	   1.45298	   7.50000	       14N
  15.08446	   5.80749	   7.50000	       14N
  15.08446	  10.16200	   7.50000	       14N
  17.59854	   1.45298	   7.50000	       14N
  17.59854	   5.80749	   7.50000	       14N
  17.59854	  10.16200	   7.50000	       14N
  20.11261	   1.45298	   7.50000	       14N
  20.11261	   5.80749	   7.50000	       14N
  20.11261	  10.16200	   7.50000	       14N
   1.25704	  15.24177	   7.50000	       11B
   1.25704	  19.59628	   7.50000	       11B
   1.25704	  23.95079	   7.50000	       11B
   3.77111	  15.24177	   7.50000	       11B
   3.77111	  19.59628	   7.50000	       11B
   3.77111	  23.95079	   7.50000	       11B
   6.28519	  15.24177	   7.50000	       11B
   6.28519	  19.59628	   7.50000	       11B
   6.28519	  23.95079	   7.50000	       11B
   8.79927	  15.24177	   7.50000	       11B
   8.79927	  19.59628	   7.50000	       11B
   8.79927	  23.95079	   7.50000	       11B
  11.31334	  15.24177	   7.50000	       11B
  11.31334	  19.59628	   7.50000	       11B
  11.31334	  23.95079	   7.50000	       10B
  13.82742	  15.24177	   7.50000	       11B
  13.82742	  19.59628	   7.50000	       11B
  13.82742	  23.95079	   7.50000	       11B
  16.34150	  15.24177	   7.50000	       10B
  16.34150	  19.59628	   7.50000	       11B
  16.34150	  23.95079	   7.50000	       11B
  18.85557	  15.24177	   7.50000	       11B
  18.85557	  19.59628	   7.50000	       11B
  18.85557	  23.95079	   7.50000	       11B
  21.36965	  15.24177	   7.50000	       10B
  21.36965	  19.59628	   7.50000	       11B
  21.36965	  23.95079	   7.50000	       10B
   0.00000	  13.06450	   7.50000	       11B
   0.00000	  17.41901	   7.50000	       11B
   0.00000	  21.77352	   7.50000	       11B
   2.51408	  13.06450	   7.50000	       11B
   2.51408	  17.41901	   7.50000	       11B
   2.51408	  21.77352	   7.50000	       10B
   5.02815	  13.06450	   7.50000	       11B
   5.02815	  17.41901	   7.50000	       10B
   5.02815	  21.77352	   7.50000	       11B
   7.54223	  13.06450	   7.50000	       11B
   7.54223	  17.41901	   7.50000	       11B
   7.54223	  21.77352	   7.50000	       11B
  10.05631	  13.06450	   7.50000	       11B
  10.05631	  17.41901	   7.50000	       11B
  10.05631	  21.77352	   7.50000	       11B
  12.57038	  13.06450	   7.50000	       11B
  12.57038	  17.41901	   7.50000	       11B
  12.57038	  21.77352	   7.50000	       11B
  15.08446	  13.06450	   7.50000	       10B
  15.08446	  17.41901	   7.50000	       10B
  15.08446	  21.77352	   7.50000	       11B
  17.59854	  13.06450	   7.50000	       11B
  17.59854	  17.41901	   7.50000	       10B
  17.59854	  21.77352	   7.50000	       11B
  20.11261	  13.06450	   7.50000	       11B
  20.11261	  17.41901	   7.50000	       11B
  20.11261	  21.77352	   7.50000	       11B
   1.25704	  16.69376	   7.50000	       14N
   1.25704	  21.04827	   7.50000	       14N
   1.25704	  12.33926	   7.50000	       14N
   3.77111	  16.69376	   7.50000	       14N
   3.77111	  21.04827	   7.50000	       14N
   3.77111	  12.33926	   7.50000	       14N
   6.28519	  16.69376	   7.50000	       14N
   6.28519	  21.04827	   7.50000	       14N
   6.28519	  12.33926	   7.50000	       14N
   8.79927	  16.69376	   7.50000	       14N
   8.79927	  21.04827	   7.50000	       14N
   8.79927	  12.33926	   7.50000	       14N
  11.31334	  16.69376	   7.50000	       14N
  11.31334	  21.04827	   7.50000	       14N
  11.31334	  12.33926	   7.50000	       14N
  13.82742	  16.69376	   7.50000	       14N
  13.82742	  21.04827	   7.50000	       14N
  13.82742	  12.33926	   7.50000	       14N
  16.34150	  16.69376	   7.50000	       14N
  16.34150	  21.04827	   7.50000	       14N
  16.34150	  12.33926	   7.50000	       14N
  18.85557	  16.69376	   7.50000	       14N
  18.85557	  21.04827	   7.50000	       14N
  18.85557	  12.33926	   7.50000	       14N
  21.36965	  16.69376	   7.50000	       14N
  21.36965	  21.04827	   7.50000	       14N
  21.36965	  12.33926	   7.50000	       14N
   0.00000	  14.51651	   7.50000	       14N
   0.00000	  18.87102	   7.50000	       14N
   0.00000	  23.22552	   7.50000	       14N
   2.51408	  14.51651	   7.50000	       14N
   2.51408	  18.87102	   7.50000	       14N
   2.51408	  23.22552	   7.50000	       14N
   5.02815	  14.51651	   7.50000	       14N
   5.02815	  18.87102	   7.50000	       14N
   5.02815	  23.22552	   7.50000	       14N
   7.54223	  14.51651	   7.50000	       14N
   7.54223	  18.87102	   7.50000	       14N
   7.54223	  23.22552	   7.50000	       14N
  10.05631	  14.51651	   7.50000	       14N
  10.05631	  18.87102	   7.50000	       14N
  10.05631	  23.22552	   7.50000	       14N
  12.57038	  14.51651	   7.50000	       14N
  12.57038	  18.87102	   7.50000	       14N
  12.57038	  23.22552	   7.50000	       14N
  15.08446	  14.51651	   7.50000	       14N
  15.08446	  18.87102	   7.50000	       14N
  15.08446	  23.22552	   7.50000	       14N
  17.59854	  14.51651	   7.50000	       14N
  17.59854	  18.87102	   7.50000	       14N
  17.59854	  23.22552	   7.50000	       14N
  20.11261	  14.51651	   7.50000	       14N
  20.11261	  18.87102	   7.50000	       14N
  20.11261	  23.22552	   7.50000	       14N
   1.25704	  28.30530	   7.50000	       11B
   1.25704	  32.65981	   7.50000	       11B
   1.25704	  37.01432	   7.50000	       11B
   3.77111	  28.30530	   7.50000	       11B
   3.77111	  32.65981	   7.50000	       11B
   3.77111	  37.01432	   7.50000	       11B
   6.28519	  28.30530	   7.50000	       11B
   6.28519	  32.65981	   7.50000	       11B
   6.28519	  37.01432	   7.50000	       11B
   8.79927	  28.30530	   7.50000	       11B
   8.79927	  32.65981	   7.50000	       11B
   8.79927	  37.01432	   7.50000	       11B
  11.31334	  28.30530	   7.50000	       10B
  11.31334	  32.65981	   7.50000	       11B
  11.31334	  37.01432	   7.50000	       11B
  13.82742	  28.30530	   7.50000	       11B
  13.82742	  32.65981	   7.50000	       11B
  13.82742	  37.01432	   7.50000	       10B
  16.34150	  28.30530	   7.50000	       10B
  16.34150	  32.65981	   7.50000	       11B
  16.34150	  37.01432	   7.50000	       11B
  18.85557	  28.30530	   7.50000	       11B
  18.85557	  32.65981	   7.50000	       11B
  18.85557	  37.01432	   7.50000	       11B
  21.36965	  28.30530	   7.50000	       11B
  21.36965	  32.65981	   7.50000	       10B
  21.36965	  37.01432	   7.50000	       11B
   0.00000	  26.12803	   7.50000	       11B
   0.00000	  30.48254	   7.50000	       11B
   0.00000	  34.83705	   7.50000	       11B
   2.51408	  26.12803	   7.50000	       11B
   2.51408	  30.48254	   7.50000	       11B
   2.51408	  34.83705	   7.50000	       11B
   5.02815	  26.12803	   7.50000	       11B
   5.02815	  30.48254	   7.50000	       11B
   5.02815	  34.83705	   7.50000	       11B
   7.54223	  26.12803	   7.50000	       11B
   7.54223	  30.48254	   7.50000	       10B
   7.54223	  34.83705	   7.50000	       10B
  10.05631	  26.12803	   7.50000	       10B
  10.05631	  30.48254	   7.50000	       11B
  10.05631	  34.83705	   7.50000	       10B
  12.57038	  26.12803	   7.50000	       11B
  12.57038	  30.48254	   7.50000	       11B
  12.57038	  34.83705	   7.50000	       10B
  15.08446	  26.12803	   7.50000	       10B
  15.08446	  30.48254	   7.50000	       11B
  15.08446	  34.83705	   7.50000	       11B
  17.59854	  26.12803	   7.50000	       11B
  17.59854	  30.48254	   7.50000	       11B
  17.59854	  34.83705	   7.50000	       11B
  20.11261	  26.12803	   7.50000	       11B
  20.11261	  30.48254	   7.50000	       10B
  20.11261	  34.83705	   7.50000	       10B
   1.25704	  29.75729	   7.50000	       14N
   1.25704	  34.11180	   7.50000	       14N
   1.25704	  25.40278	   7.50000	       14N
   3.77111	  29.75729	   7.50000	       14N
   3.77111	  34.11180	   7.50000	       14N
   3.77111	  25.40278	   7.50000	       14N
   6.28519	  29.75729	   7.50000	       14N
   6.28519	  34.11180	   7.50000	       14N
   6.28519	  25.40278	   7.50000	       14N
   8.79927	  29.75729	   7.50000	       14N
   8.79927	  34.11180	   7.50000	       14N
   8.79927	  25.40278	   7.50000	       14N
  11.31334	  29.75729	   7.50000	       14N
  11.31334	  34.11180	   7.50000	       14N
  11.31334	  25.40278	   7.50000	       14N
  13.82742	  29.75729	   7.50000	       14N
  13.82742	  34.11180	   7.50000	       14N
  13.82742	  25.40278	   7.50000	       14N
  16.34150	  29.75729	   7.50000	       14N
  16.34150	  34.11180	   7.50000	       14N
  16.34150	  25.40278	   7.50000	       14N
  18.85557	  29.75729	   7.50000	       14N
  18.85557	  34.11180	   7.50000	       14N
  18.85557	  25.40278	   7.50000	       14N
  21.36965	  29.75729	   7.50000	       14N
  21.36965	  34.11180	   7.50000	       14N
  21.36965	  25.40278	   7.50000	       14N
   0.00000	  27.58003	   7.50000	       14N
   0.00000	  31.93454	   7.50000	       14N
   0.00000	  36.28905	   7.50000	       14N
   2.51408	  27.58003	   7.50000	       14N
   2.51408	  31.93454	   7.50000	       14N
   2.51408	  36.28905	   7.50000	       14N
   5.02815	  27.58003	   7.50000	       14N
   5.02815	  31.93454	   7.50000	       14N
   5.02815	  36.28905	   7.50000	       14N
   7.54223	  27.58003	   7.50000	       14N
   7.54223	  31.93454	   7.50000	       14N
   7.54223	  36.28905	   7.50000	       14N
  10.05631	  27.58003	   7.50000	       14N
  10.05631	  31.93454	   7.50000	       14N
  10.05631	  36.28905	   7.50000	       14N
  12.57038	  27.58003	   7.50000	       14N
  12.57038	  31.93454	   7.50000	       14N
  12.57038	  36.28905	   7.50000	       14N
  15.08446	  27.58003	   7.50000	       14N
  15.08446	  31.93454	   7.50000	       14N
  15.08446	  36.28905	   7.50000	       14N
  17.59854	  27.58003	   7.50000	       14N
  17.59854	  31.93454	   7.50000	       14N
  17.59854	  36.28905	   7.50000	       14N
  20.11261	  27.58003	   7.50000	       14N
  20.11261	  31.93454	   7.50000	       14N
  20.11261	  36.28905	   7.50000	       14N
   1.25704	  41.36882	   7.50000	       11B
   1.25704	  45.72333	   7.50000	       11B
   1.25704	  50.07784	   7.50000	       11B
   3.77111	  41.36882	   7.50000	       11B
   3.77111	  45.72333	   7.50000	       11B
   3.77111	  50.07784	   7.50000	       11B
   6.28519	  41.36882	   7.50000	       11B
   6.28519	  45.72333	   7.50000	       11B
   6.28519	  50.07784	   7.50000	       11B
   8.79927	  41.36882	   7.50000	       11B
   8.79927	  45.72333	   7.50000	       11B
   8.79927	  50.07784	   7.50000	       11B
  11.31334	  41.36882	   7.50000	       10B
  11.31334	  45.72333	   7.50000	       11B
  11.31334	  50.07784	   7.50000	       11B
  13.82742	  41.36882	   7.50000	       11B
  13.82742	  45.72333	   7.50000	       10B
  13.82742	  50.07784	   7.50000	       11B
  16.34150	  41.36882	   7.50000	       11B
  16.34150	  45.72333	   7.50000	       11B
  16.34150	  50.07784	   7.50000	       11B
  18.85557	  41.36882	   7.50000	       11B
  18.85557	  45.72333	   7.50000	       11B
  18.85557	  50.07784	   7.50000	       10B
  21.36965	  41.36882	   7.50000	       11B
  21.36965	  45.72333	   7.50000	       10B
  21.36965	  50.07784	   7.50000	       11B
   0.00000	  39.19155	   7.50000	       11B
   0.00000	  43.54606	   7.50000	       11B
   0.00000	  47.90057	   7.50000	       11B
   2.51408	  39.19155	   7.50000	       11B
   2.51408	  43.54606	   7.50000	       10B
   2.51408	  47.90057	   7.50000	       11B
   5.02815	  39.19155	   7.50000	       11B
   5.02815	  43.54606	   7.50000	       11B
   5.02815	  47.90057	   7.50000	       11B
   7.54223	  39.19155	   7.50000	       11B
   7.54223	  43.54606	   7.50000	       11B
   7.54223	  47.90057	   7.50000	       11B
  10.05631	  39.19155	   7.50000	       11B
  10.05631	  43.54606	   7.50000	       11B
  10.05631	  47.90057	   7.50000	       11B
  12.57038	  39.19155	   7.50000	       11B
  12.57038	  43.54606	   7.50000	       11B
  12.57038	  47.90057	   7.50000	       11B
  15.08446	  39.19155	   7.50000	       11B
  15.08446	  43.54606	   7.50000	       11B
  15.08446	  47.90057	   7.50000	       11B
  17.59854	  39.19155	   7.50000	       11B
  17.59854	  43.54606	   7.50000	       11B
  17.59854	  47.90057	   7.50000	       11B
  20.11261	  39.19155	   7.50000	       11B
  20.11261	  43.54606	   7.50000	       11B
  20.11261	  47.90057	   7.50000	       10B
   1.25704	  42.82082	   7.50000	       14N
   1.25704	  47.17532	   7.50000	       14N
   1.25704	  38.46631	   7.50000	       14N
   3.77111	  42.82082	   7.50000	       14N
   3.77111	  47.17532	   7.50000	       14N
   3.77111	  38.46631	   7.50000	       14N
   6.28519	  42.82082	   7.50000	       14N
   6.28519	  47.17532	   7.50000	       14N
   6.28519	  38.46631	   7.50000	       14N
   8.79927	  42.82082	   7.50000	       14N
   8.79927	  47.17532	   7.50000	       14N
   8.79927	  38.46631	   7.50000	       14N
  11.31334	  42.82082	   7.50000	       14N
  11.31334	  47.17532	   7.50000	       14N
  11.31334	  38.46631	   7.50000	       14N
  13.82742	  42.82082	   7.50000	       14N
  13.82742	  47.17532	   7.50000	       14N
  13.82742	  38.46631	   7.50000	       14N
  16.34150	  42.82082	   7.50000	       14N
  16.34150	  47.17532	   7.50000	       14N
  16.34150	  38.46631	   7.50000	       14N
  18.85557	  42.82082	   7.50000	       14N
  18.85557	  47.17532	   7.50000	       14N
  18.85557	  38.46631	   7.50000	       15N
  21.36965	  42.82082	   7.50000	       14N
  21.36965	  47.17532	   7.50000	       14N
  21.36965	  38.46631	   7.50000	       14N
   0.00000	  40.64356	   7.50000	       14N
   0.00000	  44.99807	   7.50000	       14N
   0.00000	  49.35257	   7.50000	       14N
   2.51408	  40.64356	   7.50000	       14N
   2.51408	  44.99807	   7.50000	       14N
   2.51408	  49.35257	   7.50000	       14N
   5.02815	  40.64356	   7.50000	       14N
   5.02815	  44.99807	   7.50000	       14N
   5.02815	  49.35257	   7.50000	       14N
   7.54223	  40.64356	   7.50000	       14N
   7.54223	  44.99807	   7.50000	       14N
   7.54223	  49.35257	   7.50000	       14N
  10.05631	  40.64356	   7.50000	       14N
  10.05631	  44.99807	   7.50000	       14N
  10.05631	  49.35257	   7.50000	       14N
  12.57038	  40.64356	   7.50000	       14N
  12.57038	  44.99807	   7.50000	       14N
  12.57038	  49.35257	   7.50000	       14N
  15.08446	  40.64356	   7.50000	       14N
  15.08446	  44.99807	   7.50000	       14N
  15.08446	  49.35257	   7.50000	       14N
  17.59854	  40.64356	   7.50000	       14N
  17.59854	  44.99807	   7.50000	       14N
  17.59854	  49.35257	   7.50000	       14N
  20.11261	  40.64356	   7.50000	       14N
  20.11261	  44.99807	   7.50000	       14N
  20.11261	  49.35257	   7.50000	       14N
   1.25704	  54.43235	   7.50000	       10B
   1.25704	  58.78686	   7.50000	       11B
   1.25704	  63.14137	   7.50000	       11B
   3.77111	  54.43235	   7.50000	       11B
   3.77111	  58.78686	   7.50000	       11B
   3.77111	  63.14137	   7.50000	       11B
   6.28519	  54.43235	   7.50000	       11B
   6.28519	  58.78686	   7.50000	       11B
   6.28519	  63.14137	   7.50000	       11B
   8.79927	  54.43235	   7.50000	       11B
   8.79927	  58.78686	   7.50000	       11B
   8.79927	  63.14137	   7.50000	       11B
  11.31334	  54.43235	   7.50000	       11B
  11.31334	  58.78686	   7.50000	       11B
  11.31334	  63.14137	   7.50000	       11B
  13.82742	  54.43235	   7.50000	       11B
  13.82742	  58.78686	   7.50000	       11B
  13.82742	  63.14137	   7.50000	       11B
  16.34150	  54.43235	   7.50000	       11B
  16.34150	  58.78686	   7.50000	       11B
  16.34150	  63.14137	   7.50000	       11B
  18.85557	  54.43235	   7.50000	       11B
  18.85557	  58.78686	   7.50000	       11B
  18.85557	  63.14137	   7.50000	       11B
  21.36965	  54.43235	   7.50000	       10B
  21.36965	  58.78686	   7.50000	       11B
  21.36965	  63.14137	   7.50000	       11B
   0.00000	  52.25508	   7.50000	       11B
   0.00000	  56.60959	   7.50000	       11B
   0.00000	  60.96410	   7.50000	       11B
   2.51408	  52.25508	   7.50000	       11B
   2.51408	  56.60959	   7.50000	       11B
   2.51408	  60.96410	   7.50000	       10B
   5.02815	  52.25508	   7.50000	       11B
   5.02815	  56.60959	   7.50000	       11B
   5.02815	  60.96410	   7.50000	       11B
   7.54223	  52.25508	   7.50000	       10B
   7.54223	  56.60959	   7.50000	       11B
   7.54223	  60.96410	   7.50000	       11B
  10.05631	  52.25508	   7.50000	       11B
  10.05631	  56.60959	   7.50000	       11B
  10.05631	  60.96410	   7.50000	       10B
  12.57038	  52.25508	   7.50000	       11B
  12.57038	  56.60959	   7.50000	       11B
  12.57038	  60.96410	   7.50000	       11B
  15.08446	  52.25508	   7.50000	       11B
  15.08446	  56.60959	   7.50000	       11B
  15.08446	  60.96410	   7.50000	       11B
  17.59854	  52.25508	   7.50000	       11B
  17.59854	  56.60959	   7.50000	       11B
  17.59854	  60.96410	   7.50000	       11B
  20.11261	  52.25508	   7.50000	       11B
  20.11261	  56.60959	   7.50000	       11B
  20.11261	  60.96410	   7.50000	       11B
   1.25704	  55.88434	   7.50000	       14N
   1.25704	  60.23885	   7.50000	       14N
   1.25704	  51.52983	   7.50000	       14N
   3.77111	  55.88434	   7.50000	       14N
   3.77111	  60.23885	   7.50000	       14N
   3.77111	  51.52983	   7.50000	       14N
   6.28519	  55.88434	   7.50000	       14N
   6.28519	  60.23885	   7.50000	       14N
   6.28519	  51.52983	   7.50000	       14N
   8.79927	  55.88434	   7.50000	       14N
   8.79927	  60.23885	   7.50000	       14N
   8.79927	  51.52983	   7.50000	       14N
  11.31334	  55.88434	   7.50000	       14N
  11.31334	  60.23885	   7.50000	       14N
  11.31334	  51.52983	   7.50000	       14N
  13.82742	  55.88434	   7.50000	       14N
  13.82742	  60.23885	   7.50000	       14N
  13.82742	  51.52983	   7.50000	       14N
  16.34150	  55.88434	   7.50000	       14N
  16.34150	  60.23885	   7.50000	       14N
  16.34150	  51.52983	   7.50000	       14N
  18.85557	  55.88434	   7.50000	       14N
  18.85557	  60.23885	   7.50000	       14N
  18.85557	  51.52983	   7.50000	       14N
  21.36965	  55.88434	   7.50000	       14N
  21.36965	  60.23885	   7.50000	       14N
  21.36965	  51.52983	   7.50000	       14N
   0.00000	  53.70708	   7.50000	       14N
   0.00000	  58.06159	   7.50000	       14N
   0.00000	  62.41610	   7.50000	       14N
   2.51408	  53.70708	   7.50000	       14N
   2.51408	  58.06159	   7.50000	       14N
   2.51408	  62.41610	   7.50000	       14N
   5.02815	  53.70708	   7.50000	       14N
   5.02815	  58.06159	   7.50000	       14N
   5.02815	  62.41610	   7.50000	       14N
   7.54223	  53.70708	   7.50000	       14N
   7.54223	  58.06159	   7.50000	       14N
   7.54223	  62.41610	   7.50000	       14N
  10.05631	  53.70708	   7.50000	       14N
  10.05631	  58.06159	   7.50000	       14N
  10.05631	  62.41610	   7.50000	       14N
  12.57038	  53.70708	   7.50000	       14N
  12.57038	  58.06159	   7.50000	       14N
  12.57038	  62.41610	   7.50000	       14N
  15.08446	  53.70708	   7.50000	       14N
  15.08446	  58.06159	   7.50000	       14N
  15.08446	  62.41610	   7.50000	       14N
  17.59854	  53.70708	   7.50000	       14N
  17.59854	  58.06159	   7.50000	       14N
  17.59854	  62.41610	   7.50000	       14N
  20.11261	  53.70708	   7.50000	       14N
  20.11261	  58.06159	   7.50000	       14N
  20.11261	  62.41610	   7.50000	       14N
   1.25704	  67.49587	   7.50000	       11B
   1.25704	  71.85038	   7.50000	       11B
   1.25704	  76.20489	   7.50000	       11B
   3.77111	  67.49587	   7.50000	       11B
   3.77111	  71.85038	   7.50000	       11B
   3.77111	  76.20489	   7.50000	       10B
   6.28519	  67.49587	   7.50000	       10B
   6.28519	  71.85038	   7.50000	       11B
   6.28519	  76.20489	   7.50000	       11B
   8.79927	  67.49587	   7.50000	       11B
   8.79927	  71.85038	   7.50000	       11B
   8.79927	  76.20489	   7.50000	       11B
  11.31334	  67.49587	   7.50000	       11B
  11.31334	  71.85038	   7.50000	       11B
  11.31334	  76.20489	   7.50000	       11B
  13.82742	  67.49587	   7.50000	       10B
  13.82742	  71.85038	   7.50000	       10B
  13.82742	  76.20489	   7.50000	       10B
  16.34150	  67.49587	   7.50000	       11B
  16.34150	  71.85038	   7.50000	       11B
  16.34150	  76.20489	   7.50000	       11B
  18.85557	  67.49587	   7.50000	       10B
  18.85557	  71.85038	   7.50000	       10B
  18.85557	  76.20489	   7.50000	       11B
  21.36965	  67.49587	   7.50000	       11B
  21.36965	  71.85038	   7.50000	       11B
  21.36965	  76.20489	   7.50000	       11B
   0.00000	  65.31860	   7.50000	       11B
   0.00000	  69.67311	   7.50000	       11B
   0.00000	  74.02762	   7.50000	       11B
   2.51408	  65.31860	   7.50000	       11B
   2.51408	  69.67311	   7.50000	       11B
   2.51408	  74.02762	   7.50000	       11B
   5.02815	  65.31860	   7.50000	       11B
   5.02815	  69.67311	   7.50000	       11B
   5.02815	  74.02762	   7.50000	       11B
   7.54223	  65.31860	   7.50000	       10B
   7.54223	  69.67311	   7.50000	       11B
   7.54223	  74.02762	   7.50000	       11B
  10.05631	  65.31860	   7.50000	       11B
  10.05631	  69.67311	   7.50000	       11B
  10.05631	  74.02762	   7.50000	       11B
  12.57038	  65.31860	   7.50000	       11B
  12.57038	  69.67311	   7.50000	       11B
  12.57038	  74.02762	   7.50000	       11B
  15.08446	  65.31860	   7.50000	       11B
  15.08446	  69.67311	   7.50000	       10B
  15.08446	  74.02762	   7.50000	       11B
  17.59854	  65.31860	   7.50000	       11B
  17.59854	  69.67311	   7.50000	       11B
  17.59854	  74.02762	   7.50000	       11B
  20.11261	  65.31860	   7.50000	       10B
  20.11261	  69.67311	   7.50000	       10B
  20.11261	  74.02762	   7.50000	       10B
   1.25704	  68.94787	   7.50000	       14N
   1.25704	  73.30237	   7.50000	       14N
   1.25704	  64.59336	   7.50000	       14N
   3.77111	  68.94787	   7.50000	       14N
   3.77111	  73.30237	   7.50000	       14N
   3.77111	  64.59336	   7.50000	       14N
   6.28519	  68.94787	   7.50000	       14N
   6.28519	  73.30237	   7.50000	       14N
   6.28519	  64.59336	   7.50000	       14N
   8.79927	  68.94787	   7.50000	       14N
   8.79927	  73.30237	   7.50000	       14N
   8.79927	  64.59336	   7.50000	       14N
  11.31334	  68.94787	   7.50000	       14N
  11.31334	  73.30237	   7.50000	       14N
  11.31334	  64.59336	   7.50000	       14N
  13.82742	  68.94787	   7.50000	       14N
  13.82742	  73.30237	   7.50000	       14N
  13.82742	  64.59336	   7.50000	       14N
  16.34150	  68.94787	   7.50000	       14N
  16.34150	  73.30237	   7.50000	       14N
  16.34150	  64.59336	   7.50000	       14N
  18.85557	  68.94787	   7.50000	       14N
  18.85557	  73.30237	   7.50000	       14N
  18.85557	  64.59336	   7.50000	       14N
  21.36965	  68.94787	   7.50000	       14N
  21.36965	  73.30237	   7.50000	       14N
  21.36965	  64.59336	   7.50000	       14N
   0.00000	  66.77061	   7.50000	       14N
   0.00000	  71.12512	   7.50000	       14N
   0.00000	  75.47963	   7.50000	       14N
   2.51408	  66.77061	   7.50000	       14N
   2.51408	  71.12512	   7.50000	       14N
   2.51408	  75.47963	   7.50000	       14N
   5.02815	  66.77061	   7.50000	       14N
   5.02815	  71.12512	   7.50000	       14N
   5.02815	  75.47963	   7.50000	       14N
   7.54223	  66.77061	   7.50000	       14N
   7.54223	  71.12512	   7.50000	       14N
   7.54223	  75.47963	   7.50000	       14N
  10.05631	  66.77061	   7.50000	       14N
  10.05631	  71.12512	   7.50000	       14N
  10.05631	  75.47963	   7.50000	       15N
  12.57038	  66.77061	   7.50000	       14N
  12.57038	  71.12512	   7.50000	       14N
  12.57038	  75.47963	   7.50000	       14N
  15.08446	  66.77061	   7.50000	       14N
  15.08446	  71.12512	   7.50000	       14N
  15.08446	  75.47963	   7.50000	       14N
  17.59854	  66.77061	   7.50000	       14N
  17.59854	  71.12512	   7.50000	       14N
  17.59854	  75.47963	   7.50000	       14N
  20.11261	  66.77061	   7.50000	       14N
  20.11261	  71.12512	   7.50000	       14N
  20.11261	  75.47963	   7.50000	       14N
   0.00000	  78.38213	   7.50000	       11B
   2.51408	  78.38213	   7.50000	       11B
   5.02815	  78.38213	   7.50000	       11B
   7.54223	  78.38213	   7.50000	       11B
  10.05631	  78.38213	   7.50000	       11B
  12.57038	  78.38213	   7.50000	       10B
  15.08446	  78.38213	   7.50000	       11B
  17.59854	  78.38213	   7.50000	       11B
  20.11261	  78.38213	   7.50000	       10B
   1.25704	  77.65688	   7.50000	       14N
   3.77111	  77.65688	   7.50000	       14N
   6.28519	  77.65688	   7.50000	       14N
   8.79927	  77.65688	   7.50000	       14N
  11.31334	  77.65688	   7.50000	       14N
  13.82742	  77.65688	   7.50000	       14N
  16.34150	  77.65688	   7.50000	       14N
  18.85557	  77.65688	   7.50000	       14N
  21.36965	  77.65688	   7.50000	       14N
   0.00000	  79.83413	   7.50000	       14N
   2.51408	  79.83413	   7.50000	       14N
   5.02815	  79.83413	   7.50000	       14N
   7.54223	  79.83413	   7.50000	       14N
  10.05631	  79.83413	   7.50000	       14N
  12.57038	  79.83413	   7.50000	       14N
  15.08446	  79.83413	   7.50000	       14N
  17.59854	  79.83413	   7.50000	       14N
  20.11261	  79.83413	   7.50000	       14N
  23.87012	   2.18079	   7.50000	       11B
  23.87012	   6.53530	   7.50000	       11B
  23.87012	  10.88981	   7.50000	       11B
  26.35686	   2.17979	   7.50004	       11B
  26.35686	   6.53430	   7.50004	       11B
  26.35686	  10.88881	   7.50004	       11B
  28.83272	   2.18016	   7.67172	       11B
  28.83272	   6.53467	   7.67172	       11B
  28.83272	  10.88918	   7.67172	       11B
  31.25404	   2.17951	   8.23477	       11B
  31.25404	   6.53402	   8.23477	       11B
  31.25404	  10.88853	   8.23477	       11B
  33.71377	   2.18003	   8.55289	       11B
  33.71377	   6.53453	   8.55289	       11B
  33.71377	  10.88904	   8.55289	       11B
  36.17349	   2.17951	   8.23477	       11B
  36.17349	   6.53402	   8.23477	       11B
  36.17349	  10.88853	   8.23477	       11B
  38.59481	   2.18016	   7.67172	       11B
  38.59481	   6.53467	   7.67172	       11B
  38.59481	  10.88918	   7.67172	       11B
  41.07067	   2.17979	   7.50004	       11B
  41.07067	   6.53430	   7.50004	       11B
  41.07067	  10.88881	   7.50004	       11B
  43.55741	   2.18079	   7.50000	       11B
  43.55741	   6.53530	   7.50000	       11B
  43.55741	  10.88981	   7.50000	       10B
  22.62669	   0.00363	   7.50000	       11B
  22.62669	   4.35813	   7.50000	       11B
  22.62669	   8.71264	   7.50000	       10B
  25.11363	   0.00294	   7.50000	       11B
  25.11363	   4.35745	   7.50000	       10B
  25.11363	   8.71196	   7.50000	       11B
  27.60056	   0.00265	   7.50100	       11B
  27.60056	   4.35716	   7.50100	       11B
  27.60056	   8.71167	   7.50100	       11B
  30.04659	   0.00214	   7.93224	       11B
  30.04659	   4.35664	   7.93224	       11B
  30.04659	   8.71115	   7.93224	       11B
  32.47467	   0.00243	   8.46603	       11B
  32.47467	   4.35694	   8.46603	       11B
  32.47467	   8.71145	   8.46603	       11B
  34.95286	   0.00243	   8.46603	       11B
  34.95286	   4.35694	   8.46603	       11B
  34.95286	   8.71145	   8.46603	       10B
  37.38094	   0.00214	   7.93224	       11B
  37.38094	   4.35664	   7.93224	       11B
  37.38094	   8.71115	   7.93224	       10B
  39.82697	   0.00265	   7.50100	       11B
  39.82697	   4.35716	   7.50100	       11B
  39.82697	   8.71167	   7.50100	       11B
  42.31390	   0.00294	   7.50000	       10B
  42.31390	   4.35745	   7.50000	       11B
  42.31390	   8.71196	   7.50000	       11B
  23.87009	   3.62924	   7.50000	       14N
  23.87009	   7.98375	   7.50000	       14N
  26.35684	   3.62857	   7.50004	       14N
  26.35684	   7.98308	   7.50004	       14N
  28.83793	   3.62833	   7.63772	       14N
  28.83793	   7.98284	   7.63772	       14N
  31.25058	   3.62810	   8.24498	       14N
  31.25058	   7.98261	   8.24498	       14N
  33.71377	   3.62809	   8.58243	       14N
  33.71377	   7.98260	   8.58243	       14N
  36.17695	   3.62810	   8.24498	       14N
  36.17695	   7.98261	   8.24498	       14N
  38.58961	   3.62833	   7.63772	       14N
  38.58961	   7.98284	   7.63772	       14N
  41.07069	   3.62857	   7.50004	       14N
  41.07069	   7.98308	   7.50004	       14N
  43.55744	   3.62924	   7.50000	       14N
  43.55744	   7.98375	   7.50000	       14N
  22.62669	   1.45211	   7.50000	       14N
  22.62669	   5.80662	   7.50000	       14N
  22.62669	  10.16113	   7.50000	       14N
  25.11344	   1.45161	   7.50000	       14N
  25.11344	   5.80611	   7.50000	       14N
  25.11344	  10.16062	   7.50000	       14N
  27.60054	   1.45116	   7.50100	       14N
  27.60054	   5.80566	   7.50100	       14N
  27.60054	  10.16017	   7.50100	       14N
  30.04802	   1.45087	   7.93241	       14N
  30.04802	   5.80538	   7.93241	       14N
  30.04802	  10.15989	   7.93241	       14N
  32.47130	   1.45081	   8.49048	       14N
  32.47130	   5.80531	   8.49048	       14N
  32.47130	  10.15982	   8.49048	       14N
  34.95623	   1.45081	   8.49048	       14N
  34.95623	   5.80531	   8.49048	       14N
  34.95623	  10.15982	   8.49048	       14N
  37.37951	   1.45087	   7.93241	       14N
  37.37951	   5.80538	   7.93241	       14N
  37.37951	  10.15989	   7.93241	       14N
  39.82699	   1.45116	   7.50100	       14N
  39.82699	   5.80566	   7.50100	       14N
  39.82699	  10.16017	   7.50100	       14N
  42.31410	   1.45161	   7.50000	       14N
  42.31410	   5.80611	   7.50000	       14N
  42.31410	  10.16062	   7.50000	       14N
  23.87012	  15.24431	   7.50000	       11B
  23.87012	  19.59882	   7.50000	       11B
  23.87012	  23.95333	   7.50000	       10B
  26.35686	  15.24332	   7.50004	       10B
  26.35686	  19.59782	   7.50004	       11B
  26.35686	  23.95233	   7.50004	       11B
  28.83272	  15.24369	   7.67172	       10B
  28.83272	  19.59819	   7.67172	       11B
  28.83272	  23.95270	   7.67172	       10B
  31.25404	  15.24304	   8.23477	       11B
  31.25404	  19.59754	   8.23477	       10B
  31.25404	  23.95205	   8.23477	       11B
  33.71377	  15.24355	   8.55289	       11B
  33.71377	  19.59806	   8.55289	       11B
  33.71377	  23.95257	   8.55289	       10B
  36.17349	  15.24304	   8.23477	       11B
  36.17349	  19.59754	   8.23477	       11B
  36.17349	  23.95205	   8.23477	       11B
  38.59481	  15.24369	   7.67172	       11B
  38.59481	  19.59819	   7.67172	       11B
  38.59481	  23.95270	   7.67172	       11B
  41.07067	  15.24332	   7.50004	       11B
  41.07067	  19.59782	   7.50004	       11B
  41.07067	  23.95233	   7.50004	       11B
  43.55741	  15.24431	   7.50000	       11B
  43.55741	  19.59882	   7.50000	       10B
  43.55741	  23.95333	   7.50000	       11B
  22.62669	  13.06715	   7.50000	       11B
  22.62669	  17.42166	   7.50000	       11B
  22.62669	  21.77617	   7.50000	       11B
  25.11363	  13.06647	   7.50000	       11B
  25.11363	  17.42098	   7.50000	       11B
  25.11363	  21.77549	   7.50000	       11B
  27.60056	  13.06617	   7.50100	       11B
  27.60056	  17.42068	   7.50100	       10B
  27.60056	  21.77519	   7.50100	       11B
  30.04659	  13.06566	   7.93224	       11B
  30.04659	  17.42017	   7.93224	       11B
  30.04659	  21.77468	   7.93224	       11B
  32.47467	  13.06595	   8.46603	       11B
  32.47467	  17.42046	   8.46603	       11B
  32.47467	  21.77497	   8.46603	       11B
  34.95286	  13.06595	   8.46603	       11B
  34.95286	  17.42046	   8.46603	       10B
  34.95286	  21.77497	   8.46603	       11B
  37.38094	  13.06566	   7.93224	       10B
  37.38094	  17.42017	   7.93224	       11B
  37.38094	  21.77468	   7.93224	       11B
  39.82697	  13.06617	   7.50100	       10B
  39.82697	  17.42068	   7.50100	       10B
  39.82697	  21.77519	   7.50100	       10B
  42.31390	  13.06647	   7.50000	       11B
  42.31390	  17.42098	   7.50000	       11B
  42.31390	  21.77549	   7.50000	       11B
  23.87009	  16.69276	   7.50000	       14N
  23.87009	  21.04727	   7.50000	       14N
  23.87009	  12.33826	   7.50000	       14N
  26.35684	  16.69210	   7.50004	       14N
  26.35684	  21.04661	   7.50004	       14N
  26.35684	  12.33759	   7.50004	       14N
  28.83793	  16.69185	   7.63772	       14N
  28.83793	  21.04636	   7.63772	       14N
  28.83793	  12.33735	   7.63772	       14N
  31.25058	  16.69163	   8.24498	       14N
  31.25058	  21.04614	   8.24498	       14N
  31.25058	  12.33712	   8.24498	       14N
  33.71377	  16.69161	   8.58243	       14N
  33.71377	  21.04612	   8.58243	       14N
  33.71377	  12.33710	   8.58243	       14N
  36.17695	  16.69163	   8.24498	       14N
  36.17695	  21.04614	   8.24498	       14N
  36.17695	  12.33712	   8.24498	       14N
  38.58961	  16.69185	   7.63772	       14N
  38.58961	  21.04636	   7.63772	       14N
  38.58961	  12.33735	   7.63772	       14N
  41.07069	  16.69210	   7.50004	       14N
  41.07069	  21.04661	   7.50004	       14N
  41.07069	  12.33759	   7.50004	       14N
  43.55744	  16.69276	   7.50000	       14N
  43.55744	  21.04727	   7.50000	       14N
  43.55744	  12.33826	   7.50000	       14N
  22.62669	  14.51564	   7.50000	       14N
  22.62669	  18.87015	   7.50000	       14N
  22.62669	  23.22465	   7.50000	       14N
  25.11344	  14.51513	   7.50000	       14N
  25.11344	  18.86964	   7.50000	       14N
  25.11344	  23.22415	   7.50000	       14N
  27.60054	  14.51468	   7.50100	       14N
  27.60054	  18.86919	   7.50100	       14N
  27.60054	  23.22370	   7.50100	       14N
  30.04802	  14.51440	   7.93241	       14N
  30.04802	  18.86891	   7.93241	       14N
  30.04802	  23.22342	   7.93241	       14N
  32.47130	  14.51433	   8.49048	       14N
  32.47130	  18.86884	   8.49048	       14N
  32.47130	  23.22335	   8.49048	       14N
  34.95623	  14.51433	   8.49048	       14N
  34.95623	  18.86884	   8.49048	       14N
  34.95623	  23.22335	   8.49048	       14N
  37.37951	  14.51440	   7.93241	       14N
  37.37951	  18.86891	   7.93241	       14N
  37.37951	  23.22342	   7.93241	       14N
  39.82699	  14.51468	   7.50100	       14N
  39.82699	  18.86919	   7.50100	       14N
  39.82699	  23.22370	   7.50100	       14N
  42.31410	  14.51513	   7.50000	       14N
  42.31410	  18.86964	   7.50000	       14N
  42.31410	  23.22415	   7.50000	       14N
  23.87012	  28.30784	   7.50000	       11B
  23.87012	  32.66235	   7.50000	       11B
  23.87012	  37.01686	   7.50000	       11B
  26.35686	  28.30684	   7.50004	       11B
  26.35686	  32.66135	   7.50004	       11B
  26.35686	  37.01586	   7.50004	       11B
  28.83272	  28.30721	   7.67172	       11B
  28.83272	  32.66172	   7.67172	       11B
  28.83272	  37.01623	   7.67172	       11B
  31.25404	  28.30656	   8.23477	       11B
  31.25404	  32.66107	   8.23477	       11B
  31.25404	  37.01558	   8.23477	       11B
  33.71377	  28.30708	   8.55289	       11B
  33.71377	  32.66158	   8.55289	       11B
  33.71377	  37.01609	   8.55289	       11B
  36.17349	  28.30656	   8.23477	       11B
  36.17349	  32.66107	   8.23477	       11B
  36.17349	  37.01558	   8.23477	       11B
  38.59481	  28.30721	   7.67172	       11B
  38.59481	  32.66172	   7.67172	       11B
  38.59481	  37.01623	   7.67172	       10B
  41.07067	  28.30684	   7.50004	       10B
  41.07067	  32.66135	   7.50004	       11B
  41.07067	  37.01586	   7.50004	       11B
  43.55741	  28.30784	   7.50000	       10B
  43.55741	  32.66235	   7.50000	       11B
  43.55741	  37.01686	   7.50000	       11B
  22.62669	  26.13068	   7.50000	       10B
  22.62669	  30.48518	   7.50000	       11B
  22.62669	  34.83969	   7.50000	       11B
  25.11363	  26.12999	   7.50000	       11B
  25.11363	  30.48450	   7.50000	       11B
  25.11363	  34.83901	   7.50000	       10B
  27.60056	  26.12970	   7.50100	       11B
  27.60056	  30.48421	   7.50100	       11B
  27.60056	  34.83872	   7.50100	       10B
  30.04659	  26.12919	   7.93224	       10B
  30.04659	  30.48369	   7.93224	       10B
  30.04659	  34.83820	   7.93224	       10B
  32.47467	  26.12948	   8.46603	       10B
  32.47467	  30.48399	   8.46603	       11B
  32.47467	  34.83850	   8.46603	       10B
  34.95286	  26.12948	   8.46603	       10B
  34.95286	  30.48399	   8.46603	       11B
  34.95286	  34.83850	   8.46603	       10B
  37.38094	  26.12919	   7.93224	       11B
  37.38094	  30.48369	   7.93224	       10B
  37.38094	  34.83820	   7.93224	       11B
  39.82697	  26.12970	   7.50100	       11B
  39.82697	  30.48421	   7.50100	       11B
  39.82697	  34.83872	   7.50100	       10B
  42.31390	  26.12999	   7.50000	       11B
  42.31390	  30.48450	   7.50000	       11B
  42.31390	  34.83901	   7.50000	       11B
  23.87009	  29.75629	   7.50000	       14N
  23.87009	  34.11080	   7.50000	       14N
  23.87009	  25.40178	   7.50000	       14N
  26.35684	  29.75562	   7.50004	       14N
  26.35684	  34.11013	   7.50004	       14N
  26.35684	  25.40112	   7.50004	       14N
  28.83793	  29.75538	   7.63772	       14N
  28.83793	  34.10989	   7.63772	       14N
  28.83793	  25.40087	   7.63772	       14N
  31.25058	  29.75516	   8.24498	       14N
  31.25058	  34.10966	   8.24498	       14N
  31.25058	  25.40065	   8.24498	       14N
  33.71377	  29.75514	   8.58243	       14N
  33.71377	  34.10965	   8.58243	       14N
  33.71377	  25.40063	   8.58243	       14N
  36.17695	  29.75516	   8.24498	       14N
  36.17695	  34.10966	   8.24498	       14N
  36.17695	  25.40065	   8.24498	       14N
  38.58961	  29.75538	   7.63772	       14N
  38.58961	  34.10989	   7.63772	       14N
  38.58961	  25.40087	   7.63772	       14N
  41.07069	  29.75562	   7.50004	       14N
  41.07069	  34.11013	   7.50004	       14N
  41.07069	  25.40112	   7.50004	       14N
  43.55744	  29.75629	   7.50000	       14N
  43.55744	  34.11080	   7.50000	       14N
  43.55744	  25.40178	   7.50000	       14N
  22.62669	  27.57916	   7.50000	       14N
  22.62669	  31.93367	   7.50000	       14N
  22.62669	  36.28818	   7.50000	       14N
  25.11344	  27.57866	   7.50000	       14N
  25.11344	  31.93316	   7.50000	       14N
  25.11344	  36.28767	   7.50000	       14N
  27.60054	  27.57821	   7.50100	       14N
  27.60054	  31.93272	   7.50100	       14N
  27.60054	  36.28722	   7.50100	       14N
  30.04802	  27.57792	   7.93241	       14N
  30.04802	  31.93243	   7.93241	       14N
  30.04802	  36.28694	   7.93241	       14N
  32.47130	  27.57786	   8.49048	       14N
  32.47130	  31.93236	   8.49048	       14N
  32.47130	  36.28687	   8.49048	       14N
  34.95623	  27.57786	   8.49048	       14N
  34.95623	  31.93236	   8.49048	       14N
  34.95623	  36.28687	   8.49048	       14N
  37.37951	  27.57792	   7.93241	       14N
  37.37951	  31.93243	   7.93241	       14N
  37.37951	  36.28694	   7.93241	       14N
  39.82699	  27.57821	   7.50100	       14N
  39.82699	  31.93272	   7.50100	       14N
  39.82699	  36.28722	   7.50100	       14N
  42.31410	  27.57866	   7.50000	       14N
  42.31410	  31.93316	   7.50000	       14N
  42.31410	  36.28767	   7.50000	       14N
  23.87097	  41.36616	   7.50000	       11B
  23.87348	  45.71910	   7.50000	       11B
  23.87098	  50.07296	   7.50000	       11B
  26.35921	  41.36897	   7.50004	       11B
  26.36699	  45.72092	   7.50004	       11B
  26.36175	  50.07469	   7.50004	       11B
  28.83822	  41.37466	   7.66767	       10B
  28.85313	  45.72380	   7.65777	       11B
  28.84217	  50.07887	   7.66840	       10B
  31.25883	  41.37839	   8.23284	       10B
  31.30825	  45.73040	   8.21316	       11B
  31.26219	  50.08179	   8.23558	       11B
  33.71377	  41.37571	   8.57513	       11B
  33.71377	  50.08675	   8.57867	       10B
  36.16870	  41.37839	   8.23284	       11B
  36.11928	  45.73040	   8.21316	       11B
  36.16534	  50.08179	   8.23558	       11B
  38.58931	  41.37466	   7.66767	       11B
  38.57440	  45.72380	   7.65777	       11B
  38.58536	  50.07887	   7.66840	       11B
  41.06832	  41.36897	   7.50004	       11B
  41.06054	  45.72092	   7.50004	       11B
  41.06578	  50.07469	   7.50004	       10B
  43.55656	  41.36616	   7.50000	       11B
  43.55405	  45.71910	   7.50000	       11B
  43.55655	  50.07296	   7.50000	       11B
  22.62669	  39.18734	   7.50000	       10B
  22.62669	  43.54394	   7.50000	       11B
  22.62669	  47.89450	   7.50000	       11B
  25.11596	  39.18881	   7.50000	       10B
  25.11670	  43.54415	   7.50000	       11B
  25.11854	  47.89645	   7.50000	       11B
  27.60387	  39.19221	   7.50100	       11B
  27.60864	  43.54654	   7.50100	       10B
  27.61316	  47.89910	   7.50100	       10B
  30.05229	  39.19660	   7.92373	       10B
  30.06399	  43.55482	   7.91622	       11B
  30.07007	  47.89997	   7.91913	       11B
  32.47624	  39.20011	   8.46622	       11B
  32.49479	  43.56547	   8.48695	       11B
  32.48832	  47.89211	   8.53997	       11B
  34.95129	  39.20011	   8.46622	       11B
  34.93274	  43.56547	   8.48695	       11B
  34.93921	  47.89211	   8.53997	       11B
  37.37524	  39.19660	   7.92373	       11B
  37.36354	  43.55482	   7.91622	       11B
  37.35746	  47.89997	   7.91913	       11B
  39.82366	  39.19221	   7.50100	       11B
  39.81889	  43.54654	   7.50100	       11B
  39.81437	  47.89910	   7.50100	       11B
  42.31158	  39.18881	   7.50000	       11B
  42.31083	  43.54415	   7.50000	       11B
  42.30900	  47.89645	   7.50000	       11B
  23.87001	  42.81528	   7.50000	       14N
  23.87127	  47.16819	   7.50000	       14N
  23.86996	  38.45923	   7.50000	       14N
  26.35710	  42.81708	   7.50004	       14N
  26.36068	  47.17092	   7.50004	       14N
  26.35635	  38.46136	   7.50004	       14N
  28.84036	  42.82011	   7.63016	       14N
  28.84646	  47.17505	   7.62309	       14N
  28.83808	  38.46572	   7.63201	       14N
  31.25209	  42.81753	   8.23857	       14N
  31.26338	  47.18376	   8.23264	       14N
  31.25171	  38.46993	   8.23428	       14N
  33.71377	  42.80248	   8.62551	       14N
  33.71377	  38.47397	   8.58903	       14N
  36.17544	  42.81753	   8.23857	       14N
  36.16415	  47.18376	   8.23264	       14N
  36.17582	  38.46993	   8.23428	       14N
  38.58717	  42.82011	   7.63016	       14N
  38.58107	  47.17505	   7.62309	       14N
  38.58945	  38.46572	   7.63201	       14N
  41.07043	  42.81708	   7.50004	       14N
  41.06685	  47.17092	   7.50004	       14N
  41.07118	  38.46136	   7.50004	       14N
  43.55752	  42.81528	   7.50000	       14N
  43.55626	  47.16819	   7.50000	       14N
  43.55757	  38.45923	   7.50000	       14N
  22.62669	  40.63691	   7.50000	       14N
  22.62669	  44.99231	   7.50000	       14N
  22.62669	  49.34430	   7.50000	       14N
  25.11268	  40.63804	   7.50000	       14N
  25.11613	  44.99290	   7.50000	       14N
  25.11391	  49.34626	   7.50000	       14N
  27.59915	  40.64115	   7.50100	       14N
  27.60587	  44.99486	   7.50100	       14N
  27.60255	  49.34999	   7.50100	       14N
  30.04822	  40.64379	   7.92334	       14N
  30.06356	  44.99971	   7.89679	       14N
  30.05233	  49.35469	   7.92406	       14N
  32.46851	  40.64188	   8.49727	       14N
  32.46853	  49.36662	   8.52241	       14N
  34.95902	  40.64188	   8.49727	       14N
  34.95901	  49.36662	   8.52241	       14N
  37.37931	  40.64379	   7.92334	       14N
  37.36397	  44.99971	   7.89679	       14N
  37.37520	  49.35469	   7.92406	       14N
  39.82838	  40.64115	   7.50100	       14N
  39.82166	  44.99486	   7.50100	       14N
  39.82498	  49.34999	   7.50100	       14N
  42.31485	  40.63804	   7.50000	       14N
  42.31140	  44.99290	   7.50000	       14N
  42.31362	  49.34626	   7.50000	       14N
  34.98814	  44.96347	   8.48999	       14N
  32.43939	  44.96347	   8.48999	       14N
  33.71377	  47.27127	   8.81704	       14N
  23.87012	  54.43489	   7.50000	       10B
  23.87012	  58.78940	   7.50000	       11B
  23.87012	  63.14391	   7.50000	       11B
  26.35686	  54.43389	   7.50004	       11B
  26.35686	  58.78840	   7.50004	       11B
  26.35686	  63.14291	   7.50004	       11B
  28.83272	  54.43426	   7.67172	       10B
  28.83272	  58.78877	   7.67172	       11B
  28.83272	  63.14328	   7.67172	       11B
  31.25404	  54.43361	   8.23477	       10B
  31.25404	  58.78812	   8.23477	       11B
  31.25404	  63.14263	   8.23477	       10B
  33.71377	  54.43413	   8.55289	       11B
  33.71377	  58.78863	   8.55289	       11B
  33.71377	  63.14314	   8.55289	       11B
  36.17349	  54.43361	   8.23477	       11B
  36.17349	  58.78812	   8.23477	       10B
  36.17349	  63.14263	   8.23477	       11B
  38.59481	  54.43426	   7.67172	       11B
  38.59481	  58.78877	   7.67172	       11B
  38.59481	  63.14328	   7.67172	       10B
  41.07067	  54.43389	   7.50004	       11B
  41.07067	  58.78840	   7.50004	       10B
  41.07067	  63.14291	   7.50004	       11B
  43.55741	  54.43489	   7.50000	       11B
  43.55741	  58.78940	   7.50000	       10B
  43.55741	  63.14391	   7.50000	       11B
  22.62669	  52.25773	   7.50000	       11B
  22.62669	  56.61224	   7.50000	       11B
  22.62669	  60.96674	   7.50000	       11B
  25.11363	  52.25704	   7.50000	       11B
  25.11363	  56.61155	   7.50000	       11B
  25.11363	  60.96606	   7.50000	       11B
  27.60056	  52.25675	   7.50100	       11B
  27.60056	  56.61126	   7.50100	       11B
  27.60056	  60.96577	   7.50100	       11B
  30.04659	  52.25624	   7.93224	       10B
  30.04659	  56.61074	   7.93224	       11B
  30.04659	  60.96525	   7.93224	       11B
  32.47467	  52.25653	   8.46603	       11B
  32.47467	  56.61104	   8.46603	       11B
  32.47467	  60.96555	   8.46603	       11B
  34.95286	  52.25653	   8.46603	       11B
  34.95286	  56.61104	   8.46603	       11B
  34.95286	  60.96555	   8.46603	       11B
  37.38094	  52.25624	   7.93224	       11B
  37.38094	  56.61074	   7.93224	       11B
  37.38094	  60.96525	   7.93224	       11B
  39.82697	  52.25675	   7.50100	       11B
  39.82697	  56.61126	   7.50100	       10B
  39.82697	  60.96577	   7.50100	       11B
  42.31390	  52.25704	   7.50000	       11B
  42.31390	  56.61155	   7.50000	       11B
  42.31390	  60.96606	   7.50000	       10B
  23.87009	  55.88334	   7.50000	       14N
  23.87009	  60.23785	   7.50000	       14N
  23.87009	  51.52883	   7.50000	       14N
  26.35684	  55.88267	   7.50004	       14N
  26.35684	  60.23718	   7.50004	       14N
  26.35684	  51.52817	   7.50004	       14N
  28.83793	  55.88243	   7.63772	       14N
  28.83793	  60.23694	   7.63772	       14N
  28.83793	  51.52792	   7.63772	       15N
  31.25058	  55.88221	   8.24498	       14N
  31.25058	  60.23671	   8.24498	       14N
  31.25058	  51.52770	   8.24498	       14N
  33.71377	  55.88219	   8.58243	       14N
  33.71377	  60.23670	   8.58243	       14N
  33.71377	  51.52768	   8.58243	       14N
  36.17695	  55.88221	   8.24498	       14N
  36.17695	  60.23671	   8.24498	       14N
  36.17695	  51.52770	   8.24498	       14N
  38.58961	  55.88243	   7.63772	       14N
  38.58961	  60.23694	   7.63772	       14N
  38.58961	  51.52792	   7.63772	       14N
  41.07069	  55.88267	   7.50004	       14N
  41.07069	  60.23718	   7.50004	       14N
  41.07069	  51.52817	   7.50004	       14N
  43.55744	  55.88334	   7.50000	       14N
  43.55744	  60.23785	   7.50000	       14N
  43.55744	  51.52883	   7.50000	       14N
  22.62669	  53.70621	   7.50000	       14N
  22.62669	  58.06072	   7.50000	       14N
  22.62669	  62.41523	   7.50000	       14N
  25.11344	  53.70571	   7.50000	       14N
  25.11344	  58.06021	   7.50000	       14N
  25.11344	  62.41472	   7.50000	       14N
  27.60054	  53.70526	   7.50100	       14N
  27.60054	  58.05977	   7.50100	       14N
  27.60054	  62.41427	   7.50100	       14N
  30.04802	  53.70497	   7.93241	       14N
  30.04802	  58.05948	   7.93241	       14N
  30.04802	  62.41399	   7.93241	       14N
  32.47130	  53.70491	   8.49048	       14N
  32.47130	  58.05941	   8.49048	       14N
  32.47130	  62.41392	   8.49048	       14N
  34.95623	  53.70491	   8.49048	       14N
  34.95623	  58.05941	   8.49048	       14N
  34.95623	  62.41392	   8.49048	       14N
  37.37951	  53.70497	   7.93241	       14N
  37.37951	  58.05948	   7.93241	       14N
  37.37951	  62.41399	   7.93241	       14N
  39.82699	  53.70526	   7.50100	       14N
  39.82699	  58.05977	   7.50100	       14N
  39.82699	  62.41427	   7.50100	       14N
  42.31410	  53.70571	   7.50000	       14N
  42.31410	  58.06021	   7.50000	       14N
  42.31410	  62.41472	   7.50000	       14N
  23.87012	  67.49841	   7.50000	       11B
  23.87012	  71.85292	   7.50000	       11B
  23.87012	  76.20743	   7.50000	       11B
  26.35686	  67.49742	   7.50004	       11B
  26.35686	  71.85193	   7.50004	       11B
  26.35686	  76.20643	   7.50004	       11B
  28.83272	  67.49779	   7.67172	       11B
  28.83272	  71.85229	   7.67172	       11B
  28.83272	  76.20680	   7.67172	       11B
  31.25404	  67.49714	   8.23477	       11B
  31.25404	  71.85165	   8.23477	       10B
  31.25404	  76.20615	   8.23477	       11B
  33.71377	  67.49765	   8.55289	       11B
  33.71377	  71.85216	   8.55289	       11B
  33.71377	  76.20667	   8.55289	       11B
  36.17349	  67.49714	   8.23477	       10B
  36.17349	  71.85165	   8.23477	       10B
  36.17349	  76.20615	   8.23477	       11B
  38.59481	  67.49779	   7.67172	       10B
  38.59481	  71.85229	   7.67172	       10B
  38.59481	  76.20680	   7.67172	       11B
  41.07067	  67.49742	   7.50004	       11B
  41.07067	  71.85193	   7.50004	       11B
  41.07067	  76.20643	   7.50004	       11B
  43.55741	  67.49841	   7.50000	       11B
  43.55741	  71.85292	   7.50000	       11B
  43.55741	  76.20743	   7.50000	       11B
  22.62669	  65.32125	   7.50000	       10B
  22.62669	  69.67576	   7.50000	       11B
  22.62669	  74.03027	   7.50000	       11B
  25.11363	  65.32057	   7.50000	       10B
  25.11363	  69.67508	   7.50000	       10B
  25.11363	  74.02959	   7.50000	       11B
  27.60056	  65.32028	   7.50100	       11B
  27.60056	  69.67478	   7.50100	       11B
  27.60056	  74.02929	   7.50100	       11B
  30.04659	  65.31976	   7.93224	       11B
  30.04659	  69.67427	   7.93224	       11B
  30.04659	  74.02878	   7.93224	       10B
  32.47467	  65.32005	   8.46603	       11B
  32.47467	  69.67456	   8.46603	       11B
  32.47467	  74.02907	   8.46603	       11B
  34.95286	  65.32005	   8.46603	       10B
  34.95286	  69.67456	   8.46603	       11B
  34.95286	  74.02907	   8.46603	       11B
  37.38094	  65.31976	   7.93224	       11B
  37.38094	  69.67427	   7.93224	       11B
  37.38094	  74.02878	   7.93224	       10B
  39.82697	  65.32028	   7.50100	       11B
  39.82697	  69.67478	   7.50100	       10B
  39.82697	  74.02929	   7.50100	       10B
  42.31390	  65.32057	   7.50000	       11B
  42.31390	  69.67508	   7.50000	       11B
  42.31390	  74.02959	   7.50000	       11B
  23.87009	  68.94687	   7.50000	       14N
  23.87009	  73.30137	   7.50000	       14N
  23.87009	  64.59236	   7.50000	       14N
  26.35684	  68.94620	   7.50004	       14N
  26.35684	  73.30071	   7.50004	       14N
  26.35684	  64.59169	   7.50004	       14N
  28.83793	  68.94595	   7.63772	       14N
  28.83793	  73.30046	   7.63772	       14N
  28.83793	  64.59145	   7.63772	       14N
  31.25058	  68.94573	   8.24498	       14N
  31.25058	  73.30024	   8.24498	       14N
  31.25058	  64.59122	   8.24498	       14N
  33.71377	  68.94571	   8.58243	       14N
  33.71377	  73.30022	   8.58243	       14N
  33.71377	  64.59121	   8.58243	       14N
  36.17695	  68.94573	   8.24498	       14N
  36.17695	  73.30024	   8.24498	       14N
  36.17695	  64.59122	   8.24498	       14N
  38.58961	  68.94595	   7.63772	       14N
  38.58961	  73.30046	   7.63772	       14N
  38.58961	  64.59145	   7.63772	       14N
  41.07069	  68.94620	   7.50004	       14N
  41.07069	  73.30071	   7.50004	       14N
  41.07069	  64.59169	   7.50004	       14N
  43.55744	  68.94687	   7.50000	       14N
  43.55744	  73.30137	   7.50000	       14N
  43.55744	  64.59236	   7.50000	       14N
  22.62669	  66.76974	   7.50000	       14N
  22.62669	  71.12425	   7.50000	       14N
  22.62669	  75.47875	   7.50000	       14N
  25.11344	  66.76923	   7.50000	       14N
  25.11344	  71.12374	   7.50000	       14N
  25.11344	  75.47825	   7.50000	       14N
  27.60054	  66.76878	   7.50100	       14N
  27.60054	  71.12329	   7.50100	       14N
  27.60054	  75.47780	   7.50100	       14N
  30.04802	  66.76850	   7.93241	       14N
  30.04802	  71.12301	   7.93241	       14N
  30.04802	  75.47752	   7.93241	       14N
  32.47130	  66.76843	   8.49048	       14N
  32.47130	  71.12294	   8.49048	       14N
  32.47130	  75.47745	   8.49048	       14N
  34.95623	  66.76843	   8.49048	       14N
  34.95623	  71.12294	   8.49048	       14N
  34.95623	  75.47745	   8.49048	       14N
  37.37951	  66.76850	   7.93241	       14N
  37.37951	  71.12301	   7.93241	       14N
  37.37951	  75.47752	   7.93241	       14N
  39.82699	  66.76878	   7.50100	       14N
  39.82699	  71.12329	   7.50100	       14N
  39.82699	  75.47780	   7.50100	       14N
  42.31410	  66.76923	   7.50000	       14N
  42.31410	  71.12374	   7.50000	       14N
  42.31410	  75.47825	   7.50000	       14N
  22.62669	  78.38478	   7.50000	       11B
  25.11363	  78.38409	   7.50000	       11B
  27.60056	  78.38380	   7.50100	       11B
  30.04659	  78.38329	   7.93224	       11B
  32.47467	  78.38358	   8.46603	       11B
  34.95286	  78.38358	   8.46603	       11B
  37.38094	  78.38329	   7.93224	       10B
  39.82697	  78.38380	   7.50100	       11B
  42.31390	  78.38409	   7.50000	       11B
  23.87009	  77.65588	   7.50000	       14N
  26.35684	  77.65522	   7.50004	       14N
  28.83793	  77.65497	   7.63772	       14N
  31.25058	  77.65475	   8.24498	       14N
  33.71377	  77.65473	   8.58243	       14N
  36.17695	  77.65475	   8.24498	       14N
  38.58961	  77.65497	   7.63772	       14N
  41.07069	  77.65522	   7.50004	       14N
  43.55744	  77.65588	   7.50000	       14N
  22.62669	  79.83326	   7.50000	       14N
  25.11344	  79.83276	   7.50000	       14N
  27.60054	  79.83231	   7.50100	       14N
  30.04802	  79.83202	   7.93241	       14N
  32.47130	  79.83196	   8.49048	       14N
  34.95623	  79.83196	   8.49048	       14N
  37.37951	  79.83202	   7.93241	       14N
  39.82699	  79.83231	   7.50100	       14N
  42.31410	  79.83276	   7.50000	       15N
  46.05788	   2.17825	   7.50000	       10B
  46.05788	   6.53276	   7.50000	       11B
  46.05788	  10.88727	   7.50000	       11B
  48.57196	   2.17825	   7.50000	       10B
  48.57196	   6.53276	   7.50000	       11B
  48.57196	  10.88727	   7.50000	       10B
  51.08603	   2.17825	   7.50000	       11B
  51.08603	   6.53276	   7.50000	       11B
  51.08603	  10.88727	   7.50000	       11B
  53.60011	   2.17825	   7.50000	       11B
  53.60011	   6.53276	   7.50000	       11B
  53.60011	  10.88727	   7.50000	       11B
  56.11419	   2.17825	   7.50000	       11B
  56.11419	   6.53276	   7.50000	       11B
  56.11419	  10.88727	   7.50000	       11B
  58.62826	   2.17825	   7.50000	       11B
  58.62826	   6.53276	   7.50000	       11B
  58.62826	  10.88727	   7.50000	       10B
  61.14234	   2.17825	   7.50000	       11B
  61.14234	   6.53276	   7.50000	       11B
  61.14234	  10.88727	   7.50000	       11B
  63.65642	   2.17825	   7.50000	       11B
  63.65642	   6.53276	   7.50000	       11B
  63.65642	  10.88727	   7.50000	       10B
  66.17049	   2.17825	   7.50000	       11B
  66.17049	   6.53276	   7.50000	       11B
  66.17049	  10.88727	   7.50000	       11B
  44.80084	   0.00098	   7.50000	       10B
  44.80084	   4.35549	   7.50000	       11B
  44.80084	   8.71000	   7.50000	       11B
  47.31492	   0.00098	   7.50000	       11B
  47.31492	   4.35549	   7.50000	       11B
  47.31492	   8.71000	   7.50000	       11B
  49.82900	   0.00098	   7.50000	       11B
  49.82900	   4.35549	   7.50000	       11B
  49.82900	   8.71000	   7.50000	       11B
  52.34307	   0.00098	   7.50000	       11B
  52.34307	   4.35549	   7.50000	       11B
  52.34307	   8.71000	   7.50000	       11B
  54.85715	   0.00098	   7.50000	       11B
  54.85715	   4.35549	   7.50000	       11B
  54.85715	   8.71000	   7.50000	       11B
  57.37123	   0.00098	   7.50000	       11B
  57.37123	   4.35549	   7.50000	       11B
  57.37123	   8.71000	   7.50000	       11B
  59.88530	   0.00098	   7.50000	       11B
  59.88530	   4.35549	   7.50000	       10B
  59.88530	   8.71000	   7.50000	       11B
  62.39938	   0.00098	   7.50000	       10B
  62.39938	   4.35549	   7.50000	       10B
  62.39938	   8.71000	   7.50000	       11B
  64.91345	   0.00098	   7.50000	       11B
  64.91345	   4.35549	   7.50000	       11B
  64.91345	   8.71000	   7.50000	       11B
  46.05788	   3.63024	   7.50000	       14N
  46.05788	   7.98475	   7.50000	       14N
  48.57196	   3.63024	   7.50000	       14N
  48.57196	   7.98475	   7.50000	       14N
  51.08603	   3.63024	   7.50000	       14N
  51.08603	   7.98475	   7.50000	       14N
  53.60011	   3.63024	   7.50000	       14N
  53.60011	   7.98475	   7.50000	       14N
  56.11419	   3.63024	   7.50000	       14N
  56.11419	   7.98475	   7.50000	       14N
  58.62826	   3.63024	   7.50000	       14N
  58.62826	   7.98475	   7.50000	       14N
  61.14234	   3.63024	   7.50000	       14N
  61.14234	   7.98475	   7.50000	       14N
  63.65642	   3.63024	   7.50000	       14N
  63.65642	   7.98475	   7.50000	       14N
  66.17049	   3.63024	   7.50000	       14N
  66.17049	   7.98475	   7.50000	       14N
  44.80084	   1.45298	   7.50000	       14N
  44.80084	   5.80749	   7.50000	       14N
  44.80084	  10.16200	   7.50000	       14N
  47.31492	   1.45298	   7.50000	       14N
  47.31492	   5.80749	   7.50000	       14N
  47.31492	  10.16200	   7.50000	       14N
  49.82900	   1.45298	   7.50000	       14N
  49.82900	   5.80749	   7.50000	       14N
  49.82900	  10.16200	   7.50000	       14N
  52.34307	   1.45298	   7.50000	       14N
  52.34307	   5.80749	   7.50000	       14N
  52.34307	  10.16200	   7.50000	       14N
  54.85715	   1.45298	   7.50000	       14N
  54.85715	   5.80749	   7.50000	       14N
  54.85715	  10.16200	   7.50000	       14N
  57.37123	   1.45298	   7.50000	       14N
  57.37123	   5.80749	   7.50000	       14N
  57.37123	  10.16200	   7.50000	       14N
  59.88530	   1.45298	   7.50000	       14N
  59.88530	   5.80749	   7.50000	       14N
  59.88530	  10.16200	   7.50000	       14N
  62.39938	   1.45298	   7.50000	       14N
  62.39938	   5.80749	   7.50000	       14N
  62.39938	  10.16200	   7.50000	       14N
  64.91345	   1.45298	   7.50000	       14N
  64.91345	   5.80749	   7.50000	       14N
  64.91345	  10.16200	   7.50000	       14N
  46.05788	  15.24177	   7.50000	       11B
  46.05788	  19.59628	   7.50000	       11B
  46.05788	  23.95079	   7.50000	       11B
  48.57196	  15.24177	   7.50000	       11B
  48.57196	  19.59628	   7.50000	       11B
  48.57196	  23.95079	   7.50000	       10B
  51.08603	  15.24177	   7.50000	       11B
  51.08603	  19.59628	   7.50000	       11B
  51.08603	  23.95079	   7.50000	       10B
  53.60011	  15.24177	   7.50000	       11B
  53.60011	  19.59628	   7.50000	       11B
  53.60011	  23.95079	   7.50000	       11B
  56.11419	  15.24177	   7.50000	       10B
  56.11419	  19.59628	   7.50000	       11B
  56.11419	  23.95079	   7.50000	       10B
  58.62826	  15.24177	   7.50000	       11B
  58.62826	  19.59628	   7.50000	       11B
  58.62826	  23.95079	   7.50000	       11B
  61.14234	  15.24177	   7.50000	       11B
  61.14234	  19.59628	   7.50000	       10B
  61.14234	  23.95079	   7.50000	       11B
  63.65642	  15.24177	   7.50000	       11B
  63.65642	  19.59628	   7.50000	       11B
  63.65642	  23.95079	   7.50000	       11B
  66.17049	  15.24177	   7.50000	       11B
  66.17049	  19.59628	   7.50000	       11B
  66.17049	  23.95079	   7.50000	       10B
  44.80084	  13.06450	   7.50000	       10B
  44.80084	  17.41901	   7.50000	       11B
  44.80084	  21.77352	   7.50000	       10B
  47.31492	  13.06450	   7.50000	       11B
  47.31492	  17.41901	   7.50000	       10B
  47.31492	  21.77352	   7.50000	       11B
  49.82900	  13.06450	   7.50000	       10B
  49.82900	  17.41901	   7.50000	       11B
  49.82900	  21.77352	   7.50000	       11B
  52.34307	  13.06450	   7.50000	       11B
  52.34307	  17.41901	   7.50000	       10B
  52.34307	  21.77352	   7.50000	       10B
  54.85715	  13.06450	   7.50000	       10B
  54.85715	  17.41901	   7.50000	       11B
  54.85715	  21.77352	   7.50000	       11B
  57.37123	  13.06450	   7.50000	       11B
  57.37123	  17.41901	   7.50000	       11B
  57.37123	  21.77352	   7.50000	       11B
  59.88530	  13.06450	   7.50000	       11B
  59.88530	  17.41901	   7.50000	       11B
  59.88530	  21.77352	   7.50000	       11B
  62.39938	  13.06450	   7.50000	       10B
  62.39938	  17.41901	   7.50000	       11B
  62.39938	  21.77352	   7.50000	       11B
  64.91345	  13.06450	   7.50000	       11B
  64.91345	  17.41901	   7.50000	       11B
  64.91345	  21.77352	   7.50000	       11B
  46.05788	  16.69376	   7.50000	       14N
  46.05788	  21.04827	   7.50000	       14N
  46.05788	  12.33926	   7.50000	       14N
  48.57196	  16.69376	   7.50000	       14N
  48.57196	  21.04827	   7.50000	       14N
  48.57196	  12.33926	   7.50000	       14N
  51.08603	  16.69376	   7.50000	       14N
  51.08603	  21.04827	   7.50000	       14N
  51.08603	  12.33926	   7.50000	       14N
  53.60011	  16.69376	   7.50000	       14N
  53.60011	  21.04827	   7.50000	       14N
  53.60011	  12.33926	   7.50000	       14N
  56.11419	  16.69376	   7.50000	       14N
  56.11419	  21.04827	   7.50000	       14N
  56.11419	  12.33926	   7.50000	       14N
  58.62826	  16.69376	   7.50000	       14N
  58.62826	  21.04827	   7.50000	       14N
  58.62826	  12.33926	   7.50000	       14N
  61.14234	  16.69376	   7.50000	       14N
  61.14234	  21.04827	   7.50000	       14N
  61.14234	  12.33926	   7.50000	       14N
  63.65642	  16.69376	   7.50000	       14N
  63.65642	  21.04827	   7.50000	       14N
  63.65642	  12.33926	   7.50000	       14N
  66.17049	  16.69376	   7.50000	       14N
  66.17049	  21.04827	   7.50000	       14N
  66.17049	  12.33926	   7.50000	       14N
  44.80084	  14.51651	   7.50000	       14N
  44.80084	  18.87102	   7.50000	       14N
  44.80084	  23.22552	   7.50000	       14N
  47.31492	  14.51651	   7.50000	       14N
  47.31492	  18.87102	   7.50000	       14N
  47.31492	  23.22552	   7.50000	       14N
  49.82900	  14.51651	   7.50000	       14N
  49.82900	  18.87102	   7.50000	       14N
  49.82900	  23.22552	   7.50000	       14N
  52.34307	  14.51651	   7.50000	       14N
  52.34307	  18.87102	   7.50000	       14N
  52.34307	  23.22552	   7.50000	       14N
  54.85715	  14.51651	   7.50000	       14N
  54.85715	  18.87102	   7.50000	       14N
  54.85715	  23.22552	   7.50000	       14N
  57.37123	  14.51651	   7.50000	       14N
  57.37123	  18.87102	   7.50000	       14N
  57.37123	  23.22552	   7.50000	       14N
  59.88530	  14.51651	   7.50000	       14N
  59.88530	  18.87102	   7.50000	       14N
  59.88530	  23.22552	   7.50000	       14N
  62.39938	  14.51651	   7.50000	       14N
  62.39938	  18.87102	   7.50000	       14N
  62.39938	  23.22552	   7.50000	       14N
  64.91345	  14.51651	   7.50000	       14N
  64.91345	  18.87102	   7.50000	       14N
  64.91345	  23.22552	   7.50000	       14N
  46.05788	  28.30530	   7.50000	       10B
  46.05788	  32.65981	   7.50000	       10B
  46.05788	  37.01432	   7.50000	       11B
  48.57196	  28.30530	   7.50000	       11B
  48.57196	  32.65981	   7.50000	       11B
  48.57196	  37.01432	   7.50000	       10B
  51.08603	  28.30530	   7.50000	       11B
  51.08603	  32.65981	   7.50000	       11B
  51.08603	  37.01432	   7.50000	       11B
  53.60011	  28.30530	   7.50000	       11B
  53.60011	  32.65981	   7.50000	       11B
  53.60011	  37.01432	   7.50000	       11B
  56.11419	  28.30530	   7.50000	       11B
  56.11419	  32.65981	   7.50000	       11B
  56.11419	  37.01432	   7.50000	       11B
  58.62826	  28.30530	   7.50000	       11B
  58.62826	  32.65981	   7.50000	       11B
  58.62826	  37.01432	   7.50000	       11B
  61.14234	  28.30530	   7.50000	       11B
  61.14234	  32.65981	   7.50000	       11B
  61.14234	  37.01432	   7.50000	       11B
  63.65642	  28.30530	   7.50000	       11B
  63.65642	  32.65981	   7.50000	       11B
  63.65642	  37.01432	   7.50000	       11B
  66.17049	  28.30530	   7.50000	       11B
  66.17049	  32.65981	   7.50000	       11B
  66.17049	  37.01432	   7.50000	       11B
  44.80084	  26.12803	   7.50000	       11B
  44.80084	  30.48254	   7.50000	       11B
  44.80084	  34.83705	   7.50000	       11B
  47.31492	  26.12803	   7.50000	       10B
  47.31492	  30.48254	   7.50000	       11B
  47.31492	  34.83705	   7.50000	       11B
  49.82900	  26.12803	   7.50000	       11B
  49.82900	  30.48254	   7.50000	       10B
  49.82900	  34.83705	   7.50000	       11B
  52.34307	  26.12803	   7.50000	       11B
  52.34307	  30.48254	   7.50000	       11B
  52.34307	  34.83705	   7.50000	       11B
  54.85715	  26.12803	   7.50000	       11B
  54.85715	  30.48254	   7.50000	       11B
  54.85715	  34.83705	   7.50000	       11B
  57.37123	  26.12803	   7.50000	       11B
  57.37123	  30.48254	   7.50000	       11B
  57.37123	  34.83705	   7.50000	       11B
  59.88530	  26.12803	   7.50000	       11B
  59.88530	  30.48254	   7.50000	       11B
  59.88530	  34.83705	   7.50000	       11B
  62.39938	  26.12803	   7.50000	       10B
  62.39938	  30.48254	   7.50000	       11B
  62.39938	  34.83705	   7.50000	       11B
  64.91345	  26.12803	   7.50000	       10B
  64.91345	  30.48254	   7.50000	       11B
  64.91345	  34.83705	   7.50000	       11B
  46.05788	  29.75729	   7.50000	       14N
  46.05788	  34.11180	   7.50000	       14N
  46.05788	  25.40278	   7.50000	       14N
  48.57196	  29.75729	   7.50000	       14N
  48.57196	  34.11180	   7.50000	       14N
  48.57196	  25.40278	   7.50000	       14N
  51.08603	  29.75729	   7.50000	       14N
  51.08603	  34.11180	   7.50000	       14N
  51.08603	  25.40278	   7.50000	       14N
  53.60011	  29.75729	   7.50000	       14N
  53.60011	  34.11180	   7.50000	       15N
  53.60011	  25.40278	   7.50000	       14N
  56.11419	  29.75729	   7.50000	       14N
  56.11419	  34.11180	   7.50000	       14N
  56.11419	  25.40278	   7.50000	       14N
  58.62826	  29.75729	   7.50000	       14N
  58.62826	  34.11180	   7.50000	       15N
  58.62826	  25.40278	   7.50000	       14N
  61.14234	  29.75729	   7.50000	       14N
  61.14234	  34.11180	   7.50000	       14N
  61.14234	  25.40278	   7.50000	       14N
  63.65642	  29.75729	   7.50000	       14N
  63.65642	  34.11180	   7.50000	       14N
  63.65642	  25.40278	   7.50000	       14N
  66.17049	  29.75729	   7.50000	       14N
  66.17049	  34.11180	   7.50000	       14N
  66.17049	  25.40278	   7.50000	       14N
  44.80084	  27.58003	   7.50000	       14N
  44.80084	  31.93454	   7.50000	       14N
  44.80084	  36.28905	   7.50000	       14N
  47.31492	  27.58003	   7.50000	       14N
  47.31492	  31.93454	   7.50000	       14N
  47.31492	  36.28905	   7.50000	       14N
  49.82900	  27.58003	   7.50000	       14N
  49.82900	  31.93454	   7.50000	       14N
  49.82900	  36.28905	   7.50000	       14N
  52.34307	  27.58003	   7.50000	       14N
  52.34307	  31.93454	   7.50000	       14N
  52.34307	  36.28905	   7.50000	       14N
  54.85715	  27.58003	   7.50000	       14N
  54.85715	  31.93454	   7.50000	       14N
  54.85715	  36.28905	   7.50000	       14N
  57.37123	  27.58003	   7.50000	       14N
  57.37123	  31.93454	   7.50000	       14N
  57.37123	  36.28905	   7.50000	       14N
  59.88530	  27.58003	   7.50000	       14N
  59.88530	  31.93454	   7.50000	       14N
  59.88530	  36.28905	   7.50000	       14N
  62.39938	  27.58003	   7.50000	       14N
  62.39938	  31.93454	   7.50000	       14N
  62.39938	  36.28905	   7.50000	       14N
  64.91345	  27.58003	   7.50000	       14N
  64.91345	  31.93454	   7.50000	       14N
  64.91345	  36.28905	   7.50000	       14N
  46.05788	  41.36882	   7.50000	       11B
  46.05788	  45.72333	   7.50000	       11B
  46.05788	  50.07784	   7.50000	       11B
  48.57196	  41.36882	   7.50000	       11B
  48.57196	  45.72333	   7.50000	       10B
  48.57196	  50.07784	   7.50000	       11B
  51.08603	  41.36882	   7.50000	       11B
  51.08603	  45.72333	   7.50000	       11B
  51.08603	  50.07784	   7.50000	       11B
  53.60011	  41.36882	   7.50000	       11B
  53.60011	  45.72333	   7.50000	       11B
  53.60011	  50.07784	   7.50000	       11B
  56.11419	  41.36882	   7.50000	       11B
  56.11419	  45.72333	   7.50000	       11B
  56.11419	  50.07784	   7.50000	       11B
  58.62826	  41.36882	   7.50000	       11B
  58.62826	  45.72333	   7.50000	       11B
  58.62826	  50.07784	   7.50000	       11B
  61.14234	  41.36882	   7.50000	       11B
  61.14234	  45.72333	   7.50000	       10B
  61.14234	  50.07784	   7.50000	       11B
  63.65642	  41.36882	   7.50000	       11B
  63.65642	  45.72333	   7.50000	       10B
  63.65642	  50.07784	   7.50000	       11B
  66.17049	  41.36882	   7.50000	       11B
  66.17049	  45.72333	   7.50000	       11B
  66.17049	  50.07784	   7.50000	       10B
  44.80084	  39.19155	   7.50000	       10B
  44.80084	  43.54606	   7.50000	       11B
  44.80084	  47.90057	   7.50000	       11B
  47.31492	  39.19155	   7.50000	       10B
  47.31492	  43.54606	   7.50000	       11B
  47.31492	  47.90057	   7.50000	       10B
  49.82900	  39.19155	   7.50000	       11B
  49.82900	  43.54606	   7.50000	       10B
  49.82900	  47.90057	   7.50000	       11B
  52.34307	  39.19155	   7.50000	       10B
  52.34307	  43.54606	   7.50000	       11B
  52.34307	  47.90057	   7.50000	       10B
  54.85715	  39.19155	   7.50000	       11B
  54.85715	  43.54606	   7.50000	       11B
  54.85715	  47.90057	   7.50000	       10B
  57.37123	  39.19155	   7.50000	       11B
  57.37123	  43.54606	   7.50000	       11B
  57.37123	  47.90057	   7.50000	       11B
  59.88530	  39.19155	   7.50000	       11B
  59.88530	  43.54606	   7.50000	       11B
  59.88530	  47.90057	   7.50000	       10B
  62.39938	  39.19155	   7.50000	       11B
  62.39938	  43.54606	   7.50000	       11B
  62.39938	  47.90057	   7.50000	       11B
  64.91345	  39.19155	   7.50000	       11B
  64.91345	  43.54606	   7.50000	       11B
  64.91345	  47.90057	   7.50000	       11B
  46.05788	  42.82082	   7.50000	       14N
  46.05788	  47.17532	   7.50000	       14N
  46.05788	  38.46631	   7.50000	       14N
  48.57196	  42.82082	   7.50000	       14N
  48.57196	  47.17532	   7.50000	       14N
  48.57196	  38.46631	   7.50000	       14N
  51.08603	  42.82082	   7.50000	       14N
  51.08603	  47.17532	   7.50000	       14N
  51.08603	  38.46631	   7.50000	       14N
  53.60011	  42.82082	   7.50000	       14N
  53.60011	  47.17532	   7.50000	       14N
  53.60011	  38.46631	   7.50000	       14N
  56.11419	  42.82082	   7.50000	       14N
  56.11419	  47.17532	   7.50000	       14N
  56.11419	  38.46631	   7.50000	       14N
  58.62826	  42.82082	   7.50000	       14N
  58.62826	  47.17532	   7.50000	       14N
  58.62826	  38.46631	   7.50000	       14N
  61.14234	  42.82082	   7.50000	       14N
  61.14234	  47.17532	   7.50000	       14N
  61.14234	  38.46631	   7.50000	       14N
  63.65642	  42.82082	   7.50000	       14N
  63.65642	  47.17532	   7.50000	       14N
  63.65642	  38.46631	   7.50000	       14N
  66.17049	  42.82082	   7.50000	       14N
  66.17049	  47.17532	   7.50000	       14N
  66.17049	  38.46631	   7.50000	       14N
  44.80084	  40.64356	   7.50000	       14N
  44.80084	  44.99807	   7.50000	       14N
  44.80084	  49.35257	   7.50000	       14N
  47.31492	  40.64356	   7.50000	       14N
  47.31492	  44.99807	   7.50000	       14N
  47.31492	  49.35257	   7.50000	       14N
  49.82900	  40.64356	   7.50000	       14N
  49.82900	  44.99807	   7.50000	       14N
  49.82900	  49.35257	   7.50000	       14N
  52.34307	  40.64356	   7.50000	       14N
  52.34307	  44.99807	   7.50000	       14N
  52.34307	  49.35257	   7.50000	       14N
  54.85715	  40.64356	   7.50000	       14N
  54.85715	  44.99807	   7.50000	       14N
  54.85715	  49.35257	   7.50000	       14N
  57.37123	  40.64356	   7.50000	       14N
  57.37123	  44.99807	   7.50000	       14N
  57.37123	  49.35257	   7.50000	       14N
  59.88530	  40.64356	   7.50000	       14N
  59.88530	  44.99807	   7.50000	       14N
  59.88530	  49.35257	   7.50000	       14N
  62.39938	  40.64356	   7.50000	       14N
  62.39938	  44.99807	   7.50000	       14N
  62.39938	  49.35257	   7.50000	       14N
  64.91345	  40.64356	   7.50000	       14N
  64.91345	  44.99807	   7.50000	       14N
  64.91345	  49.35257	   7.50000	       14N
  46.05788	  54.43235	   7.50000	       11B
  46.05788	  58.78686	   7.50000	       11B
  46.05788	  63.14137	   7.50000	       11B
  48.57196	  54.43235	   7.50000	       11B
  48.57196	  58.78686	   7.50000	       11B
  48.57196	  63.14137	   7.50000	       11B
  51.08603	  54.43235	   7.50000	       10B
  51.08603	  58.78686	   7.50000	       11B
  51.08603	  63.14137	   7.50000	       11B
  53.60011	  54.43235	   7.50000	       10B
  53.60011	  58.78686	   7.50000	       11B
  53.60011	  63.14137	   7.50000	       11B
  56.11419	  54.43235	   7.50000	       11B
  56.11419	  58.78686	   7.50000	       11B
  56.11419	  63.14137	   7.50000	       10B
  58.62826	  54.43235	   7.50000	       11B
  58.62826	  58.78686	   7.50000	       11B
  58.62826	  63.14137	   7.50000	       11B
  61.14234	  54.43235	   7.50000	       11B
  61.14234	  58.78686	   7.50000	       11B
  61.14234	  63.14137	   7.50000	       11B
  63.65642	  54.43235	   7.50000	       11B
  63.65642	  58.78686	   7.50000	       11B
  63.65642	  63.14137	   7.50000	       11B
  66.17049	  54.43235	   7.50000	       11B
  66.17049	  58.78686	   7.50000	       11B
  66.17049	  63.14137	   7.50000	       11B
  44.80084	  52.25508	   7.50000	       11B
  44.80084	  56.60959	   7.50000	       11B
  44.80084	  60.96410	   7.50000	       11B
  47.31492	  52.25508	   7.50000	       11B
  47.31492	  56.60959	   7.50000	       11B
  47.31492	  60.96410	   7.50000	       11B
  49.82900	  52.25508	   7.50000	       11B
  49.82900	  56.60959	   7.50000	       11B
  49.82900	  60.96410	   7.50000	       11B
  52.34307	  52.25508	   7.50000	       11B
  52.34307	  56.60959	   7.50000	       11B
  52.34307	  60.96410	   7.50000	       11B
  54.85715	  52.25508	   7.50000	       11B
  54.85715	  56.60959	   7.50000	       10B
  54.85715	  60.96410	   7.50000	       11B
  57.37123	  52.25508	   7.50000	       11B
  57.37123	  56.60959	   7.50000	       11B
  57.37123	  60.96410	   7.50000	       11B
  59.88530	  52.25508	   7.50000	       11B
  59.88530	  56.60959	   7.50000	       11B
  59.88530	  60.96410	   7.50000	       11B
  62.39938	  52.25508	   7.50000	       11B
  62.39938	  56.60959	   7.50000	       10B
  62.39938	  60.96410	   7.50000	       11B
  64.91345	  52.25508	   7.50000	       11B
  64.91345	  56.60959	   7.50000	       10B
  64.91345	  60.96410	   7.50000	       11B
  46.05788	  55.88434	   7.50000	       14N
  46.05788	  60.23885	   7.50000	       14N
  46.05788	  51.52983	   7.50000	       14N
  48.57196	  55.88434	   7.50000	       14N
  48.57196	  60.23885	   7.50000	       14N
  48.57196	  51.52983	   7.50000	       14N
  51.08603	  55.88434	   7.50000	       14N
  51.08603	  60.23885	   7.50000	       14N
  51.08603	  51.52983	   7.50000	       14N
  53.60011	  55.88434	   7.50000	       14N
  53.60011	  60.23885	   7.50000	       14N
  53.60011	  51.52983	   7.50000	       14N
  56.11419	  55.88434	   7.50000	       14N
  56.11419	  60.23885	   7.50000	       14N
  56.11419	  51.52983	   7.50000	       14N
  58.62826	  55.88434	   7.50000	       14N
  58.62826	  60.23885	   7.50000	       14N
  58.62826	  51.52983	   7.50000	       14N
  61.14234	  55.88434	   7.50000	       14N
  61.14234	  60.23885	   7.50000	       14N
  61.14234	  51.52983	   7.50000	       14N
  63.65642	  55.88434	   7.50000	       14N
  63.65642	  60.23885	   7.50000	       14N
  63.65642	  51.52983	   7.50000	       14N
  66.17049	  55.88434	   7.50000	       14N
  66.17049	  60.23885	   7.50000	       14N
  66.17049	  51.52983	   7.50000	       14N
  44.80084	  53.70708	   7.50000	       14N
  44.80084	  58.06159	   7.50000	       14N
  44.80084	  62.41610	   7.50000	       14N
  47.31492	  53.70708	   7.50000	       14N
  47.31492	  58.06159	   7.50000	       14N
  47.31492	  62.41610	   7.50000	       14N
  49.82900	  53.70708	   7.50000	       14N
  49.82900	  58.06159	   7.50000	       14N
  49.82900	  62.41610	   7.50000	       14N
  52.34307	  53.70708	   7.50000	       14N
  52.34307	  58.06159	   7.50000	       14N
  52.34307	  62.41610	   7.50000	       14N
  54.85715	  53.70708	   7.50000	       14N
  54.85715	  58.06159	   7.50000	       14N
  54.85715	  62.41610	   7.50000	       14N
  57.37123	  53.70708	   7.50000	       14N
  57.37123	  58.06159	   7.50000	       14N
  57.37123	  62.41610	   7.50000	       14N
  59.88530	  53.70708	   7.50000	       14N
  59.88530	  58.06159	   7.50000	       14N
  59.88530	  62.41610	   7.50000	       14N
  62.39938	  53.70708	   7.50000	       14N
  62.39938	  58.06159	   7.50000	       14N
  62.39938	  62.41610	   7.50000	       14N
  64.91345	  53.70708	   7.50000	       14N
  64.91345	  58.06159	   7.50000	       14N
  64.91345	  62.41610	   7.50000	       14N
  46.05788	  67.49587	   7.50000	       11B
  46.05788	  71.85038	   7.50000	       11B
  46.05788	  76.20489	   7.50000	       11B
  48.57196	  67.49587	   7.50000	       11B
  48.57196	  71.85038	   7.50000	       11B
  48.57196	  76.20489	   7.50000	       11B
  51.08603	  67.49587	   7.50000	       10B
  51.08603	  71.85038	   7.50000	       10B
  51.08603	  76.20489	   7.50000	       11B
  53.60011	  67.49587	   7.50000	       10B
  53.60011	  71.85038	   7.50000	       11B
  53.60011	  76.20489	   7.50000	       11B
  56.11419	  67.49587	   7.50000	       11B
  56.11419	  71.85038	   7.50000	       11B
  56.11419	  76.20489	   7.50000	       11B
  58.62826	  67.49587	   7.50000	       11B
  58.62826	  71.85038	   7.50000	       11B
  58.62826	  76.20489	   7.50000	       10B
  61.14234	  67.49587	   7.50000	       11B
  61.14234	  71.85038	   7.50000	       10B
  61.14234	  76.20489	   7.50000	       11B
  63.65642	  67.49587	   7.50000	       11B
  63.65642	  71.85038	   7.50000	       11B
  63.65642	  76.20489	   7.50000	       11B
  66.17049	  67.49587	   7.50000	       10B
  66.17049	  71.85038	   7.50000	       11B
  66.17049	  76.20489	   7.50000	       10B
  44.80084	  65.31860	   7.50000	       11B
  44.80084	  69.67311	   7.50000	       11B
  44.80084	  74.02762	   7.50000	       11B
  47.31492	  65.31860	   7.50000	       10B
  47.31492	  69.67311	   7.50000	       11B
  47.31492	  74.02762	   7.50000	       11B
  49.82900	  65.31860	   7.50000	       11B
  49.82900	  69.67311	   7.50000	       11B
  49.82900	  74.02762	   7.50000	       10B
  52.34307	  65.31860	   7.50000	       11B
  52.34307	  69.67311	   7.50000	       11B
  52.34307	  74.02762	   7.50000	       11B
  54.85715	  65.31860	   7.50000	       11B
  54.85715	  69.67311	   7.50000	       11B
  54.85715	  74.02762	   7.50000	       11B
  57.37123	  65.31860	   7.50000	       11B
  57.37123	  69.67311	   7.50000	       10B
  57.37123	  74.02762	   7.50000	       10B
  59.88530	  65.31860	   7.50000	       11B
  59.88530	  69.67311	   7.50000	       11B
  59.88530	  74.02762	   7.50000	       11B
  62.39938	  65.31860	   7.50000	       11B
  62.39938	  69.67311	   7.50000	       11B
  62.39938	  74.02762	   7.50000	       11B
  64.91345	  65.31860	   7.50000	       11B
  64.91345	  69.67311	   7.50000	       11B
  64.91345	  74.02762	   7.50000	       11B
  46.05788	  68.94787	   7.50000	       14N
  46.05788	  73.30237	   7.50000	       14N
  46.05788	  64.59336	   7.50000	       14N
  48.57196	  68.94787	   7.50000	       14N
  48.57196	  73.30237	   7.50000	       14N
  48.57196	  64.59336	   7.50000	       14N
  51.08603	  68.94787	   7.50000	       14N
  51.08603	  73.30237	   7.50000	       14N
  51.08603	  64.59336	   7.50000	       14N
  53.60011	  68.94787	   7.50000	       14N
  53.60011	  73.30237	   7.50000	       14N
  53.60011	  64.59336	   7.50000	       14N
  56.11419	  68.94787	   7.50000	       14N
  56.11419	  73.30237	   7.50000	       14N
  56.11419	  64.59336	   7.50000	       14N
  58.62826	  68.94787	   7.50000	       14N
  58.62826	  73.30237	   7.50000	       14N
  58.62826	  64.59336	   7.50000	       14N
  61.14234	  68.94787	   7.50000	       14N
  61.14234	  73.30237	   7.50000	       14N
  61.14234	  64.59336	   7.50000	       14N
  63.65642	  68.94787	   7.50000	       14N
  63.65642	  73.30237	   7.50000	       14N
  63.65642	  64.59336	   7.50000	       14N
  66.17049	  68.94787	   7.50000	       14N
  66.17049	  73.30237	   7.50000	       14N
  66.17049	  64.59336	   7.50000	       14N
  44.80084	  66.77061	   7.50000	       14N
  44.80084	  71.12512	   7.50000	       14N
  44.80084	  75.47963	   7.50000	       14N
  47.31492	  66.77061	   7.50000	       14N
  47.31492	  71.12512	   7.50000	       14N
  47.31492	  75.47963	   7.50000	       14N
  49.82900	  66.77061	   7.50000	       14N
  49.82900	  71.12512	   7.50000	       14N
  49.82900	  75.47963	   7.50000	       14N
  52.34307	  66.77061	   7.50000	       14N
  52.34307	  71.12512	   7.50000	       14N
  52.34307	  75.47963	   7.50000	       14N
  54.85715	  66.77061	   7.50000	       14N
  54.85715	  71.12512	   7.50000	       14N
  54.85715	  75.47963	   7.50000	       14N
  57.37123	  66.77061	   7.50000	       14N
  57.37123	  71.12512	   7.50000	       14N
  57.37123	  75.47963	   7.50000	       14N
  59.88530	  66.77061	   7.50000	       14N
  59.88530	  71.12512	   7.50000	       14N
  59.88530	  75.47963	   7.50000	       14N
  62.39938	  66.77061	   7.50000	       14N
  62.39938	  71.12512	   7.50000	       14N
  62.39938	  75.47963	   7.50000	       14N
  64.91345	  66.77061	   7.50000	       14N
  64.91345	  71.12512	   7.50000	       14N
  64.91345	  75.47963	   7.50000	       14N
  44.80084	  78.38213	   7.50000	       11B
  47.31492	  78.38213	   7.50000	       11B
  49.82900	  78.38213	   7.50000	       10B
  52.34307	  78.38213	   7.50000	       11B
  54.85715	  78.38213	   7.50000	       11B
  57.37123	  78.38213	   7.50000	       11B
  59.88530	  78.38213	   7.50000	       10B
  62.39938	  78.38213	   7.50000	       11B
  64.91345	  78.38213	   7.50000	       10B
  46.05788	  77.65688	   7.50000	       14N
  48.57196	  77.65688	   7.50000	       14N
  51.08603	  77.65688	   7.50000	       14N
  53.60011	  77.65688	   7.50000	       14N
  56.11419	  77.65688	   7.50000	       14N
  58.62826	  77.65688	   7.50000	       14N
  61.14234	  77.65688	   7.50000	       14N
  63.65642	  77.65688	   7.50000	       14N
  66.17049	  77.65688	   7.50000	       14N
  44.80084	  79.83413	   7.50000	       14N
  47.31492	  79.83413	   7.50000	       14N
  49.82900	  79.83413	   7.50000	       14N
  52.34307	  79.83413	   7.50000	       14N
  54.85715	  79.83413	   7.50000	       14N
  57.37123	  79.83413	   7.50000	       14N
  59.88530	  79.83413	   7.50000	       14N
  62.39938	  79.83413	   7.50000	       14N
  64.91345	  79.83413	   7.50000	       14N
  68.68457	   2.17825	   7.50000	       10B
  68.68457	   6.53276	   7.50000	       11B
  68.68457	  10.88727	   7.50000	       11B
  71.19865	   2.17825	   7.50000	       11B
  71.19865	   6.53276	   7.50000	       11B
  71.19865	  10.88727	   7.50000	       11B
  73.71272	   2.17825	   7.50000	       11B
  73.71272	   6.53276	   7.50000	       11B
  73.71272	  10.88727	   7.50000	       11B
  76.22680	   2.17825	   7.50000	       11B
  76.22680	   6.53276	   7.50000	       11B
  76.22680	  10.88727	   7.50000	       11B
  78.74087	   2.17825	   7.50000	       11B
  78.74087	   6.53276	   7.50000	       11B
  78.74087	  10.88727	   7.50000	       10B
  67.42753	   0.00098	   7.50000	       11B
  67.42753	   4.35549	   7.50000	       11B
  67.42753	   8.71000	   7.50000	       11B
  69.94161	   0.00098	   7.50000	       10B
  69.94161	   4.35549	   7.50000	       11B
  69.94161	   8.71000	   7.50000	       11B
  72.45568	   0.00098	   7.50000	       10B
  72.45568	   4.35549	   7.50000	       11B
  72.45568	   8.71000	   7.50000	       11B
  74.96976	   0.00098	   7.50000	       11B
  74.96976	   4.35549	   7.50000	       11B
  74.96976	   8.71000	   7.50000	       11B
  77.48384	   0.00098	   7.50000	       11B
  77.48384	   4.35549	   7.50000	       11B
  77.48384	   8.71000	   7.50000	       11B
  79.99791	   0.00098	   7.50000	       11B
  79.99791	   4.35549	   7.50000	       11B
  79.99791	   8.71000	   7.50000	       11B
  68.68457	   3.63024	   7.50000	       14N
  68.68457	   7.98475	   7.50000	       14N
  71.19865	   3.63024	   7.50000	       14N
  71.19865	   7.98475	   7.50000	       14N
  73.71272	   3.63024	   7.50000	       14N
  73.71272	   7.98475	   7.50000	       14N
  76.22680	   3.63024	   7.50000	       14N
  76.22680	   7.98475	   7.50000	       14N
  78.74087	   3.63024	   7.50000	       14N
  78.74087	   7.98475	   7.50000	       14N
  67.42753	   1.45298	   7.50000	       14N
  67.42753	   5.80749	   7.50000	       14N
  67.42753	  10.16200	   7.50000	       14N
  69.94161	   1.45298	   7.50000	       14N
  69.94161	   5.80749	   7.50000	       14N
  69.94161	  10.16200	   7.50000	       14N
  72.45568	   1.45298	   7.50000	       14N
  72.45568	   5.80749	   7.50000	       14N
  72.45568	  10.16200	   7.50000	       14N
  74.96976	   1.45298	   7.50000	       14N
  74.96976	   5.80749	   7.50000	       14N
  74.96976	  10.16200	   7.50000	       14N
  77.48384	   1.45298	   7.50000	       14N
  77.48384	   5.80749	   7.50000	       14N
  77.48384	  10.16200	   7.50000	       14N
  79.99791	   1.45298	   7.50000	       14N
  79.99791	   5.80749	   7.50000	       14N
  79.99791	  10.16200	   7.50000	       14N
  68.68457	  15.24177	   7.50000	       11B
  68.68457	  19.59628	   7.50000	       11B
  68.68457	  23.95079	   7.50000	       11B
  71.19865	  15.24177	   7.50000	       10B
  71.19865	  19.59628	   7.50000	       11B
  71.19865	  23.95079	   7.50000	       11B
  73.71272	  15.24177	   7.50000	       11B
  73.71272	  19.59628	   7.50000	       11B
  73.71272	  23.95079	   7.50000	       11B
  76.22680	  15.24177	   7.50000	       11B
  76.22680	  19.59628	   7.50000	       10B
  76.22680	  23.95079	   7.50000	       10B
  78.74087	  15.24177	   7.50000	       11B
  78.74087	  19.59628	   7.50000	       10B
  78.74087	  23.95079	   7.50000	       11B
  67.42753	  13.06450	   7.50000	       11B
  67.42753	  17.41901	   7.50000	       11B
  67.42753	  21.77352	   7.50000	       11B
  69.94161	  13.06450	   7.50000	       10B
  69.94161	  17.41901	   7.50000	       10B
  69.94161	  21.77352	   7.50000	       11B
  72.45568	  13.06450	   7.50000	       10B
  72.45568	  17.41901	   7.50000	       11B
  72.45568	  21.77352	   7.50000	       11B
  74.96976	  13.06450	   7.50000	       11B
  74.96976	  17.41901	   7.50000	       10B
  74.96976	  21.77352	   7.50000	       10B
  77.48384	  13.06450	   7.50000	       11B
  77.48384	  17.41901	   7.50000	       11B
  77.48384	  21.77352	   7.50000	       11B
  79.99791	  13.06450	   7.50000	       11B
  79.99791	  17.41901	   7.50000	       10B
  79.99791	  21.77352	   7.50000	       11B
  68.68457	  16.69376	   7.50000	       14N
  68.68457	  21.04827	   7.50000	       14N
  68.68457	  12.33926	   7.50000	       14N
  71.19865	  16.69376	   7.50000	       14N
  71.19865	  21.04827	   7.50000	       14N
  71.19865	  12.33926	   7.50000	       14N
  73.71272	  16.69376	   7.50000	       14N
  73.71272	  21.04827	   7.50000	       14N
  73.71272	  12.33926	   7.50000	       14N
  76.22680	  16.69376	   7.50000	       14N
  76.22680	  21.04827	   7.50000	       14N
  76.22680	  12.33926	   7.50000	       14N
  78.74087	  16.69376	   7.50000	       14N
  78.74087	  21.04827	   7.50000	       14N
  78.74087	  12.33926	   7.50000	       14N
  67.42753	  14.51651	   7.50000	       14N
  67.42753	  18.87102	   7.50000	       14N
  67.42753	  23.22552	   7.50000	       14N
  69.94161	  14.51651	   7.50000	       14N
  69.94161	  18.87102	   7.50000	       14N
  69.94161	  23.22552	   7.50000	       14N
  72.45568	  14.51651	   7.50000	       14N
  72.45568	  18.87102	   7.50000	       14N
  72.45568	  23.22552	   7.50000	       14N
  74.96976	  14.51651	   7.50000	       14N
  74.96976	  18.87102	   7.50000	       14N
  74.96976	  23.22552	   7.50000	       14N
  77.48384	  14.51651	   7.50000	       14N
  77.48384	  18.87102	   7.50000	       14N
  77.48384	  23.22552	   7.50000	       14N
  79.99791	  14.51651	   7.50000	       14N
  79.99791	  18.87102	   7.50000	       14N
  79.99791	  23.22552	   7.50000	       14N
  68.68457	  28.30530	   7.50000	       11B
  68.68457	  32.65981	   7.50000	       11B
  68.68457	  37.01432	   7.50000	       11B
  71.19865	  28.30530	   7.50000	       10B
  71.19865	  32.65981	   7.50000	       11B
  71.19865	  37.01432	   7.50000	       10B
  73.71272	  28.30530	   7.50000	       10B
  73.71272	  32.65981	   7.50000	       10B
  73.71272	  37.01432	   7.50000	       11B
  76.22680	  28.30530	   7.50000	       11B
  76.22680	  32.65981	   7.50000	       11B
  76.22680	  37.01432	   7.50000	       10B
  78.74087	  28.30530	   7.50000	       11B
  78.74087	  32.65981	   7.50000	       11B
  78.74087	  37.01432	   7.50000	       11B
  67.42753	  26.12803	   7.50000	       10B
  67.42753	  30.48254	   7.50000	       11B
  67.42753	  34.83705	   7.50000	       11B
  69.94161	  26.12803	   7.50000	       11B
  69.94161	  30.48254	   7.50000	       11B
  69.94161	  34.83705	   7.50000	       11B
  72.45568	  26.12803	   7.50000	       11B
  72.45568	  30.48254	   7.50000	       11B
  72.45568	  34.83705	   7.50000	       11B
  74.96976	  26.12803	   7.50000	       11B
  74.96976	  30.48254	   7.50000	       11B
  74.96976	  34.83705	   7.50000	       11B
  77.48384	  26.12803	   7.50000	       11B
  77.48384	  30.48254	   7.50000	       10B
  77.48384	  34.83705	   7.50000	       11B
  79.99791	  26.12803	   7.50000	       11B
  79.99791	  30.48254	   7.50000	       10B
  79.99791	  34.83705	   7.50000	       11B
  68.68457	  29.75729	   7.50000	       14N
  68.68457	  34.11180	   7.50000	       14N
  68.68457	  25.40278	   7.50000	       14N
  71.19865	  29.75729	   7.50000	       14N
  71.19865	  34.11180	   7.50000	       14N
  71.19865	  25.40278	   7.50000	       14N
  73.71272	  29.75729	   7.50000	       14N
  73.71272	  34.11180	   7.50000	       14N
  73.71272	  25.40278	   7.50000	       14N
  76.22680	  29.75729	   7.50000	       14N
  76.22680	  34.11180	   7.50000	       14N
  76.22680	  25.40278	   7.50000	       14N
  78.74087	  29.75729	   7.50000	       14N
  78.74087	  34.11180	   7.50000	       14N
  78.74087	  25.40278	   7.50000	       14N
  67.42753	  27.58003	   7.50000	       14N
  67.42753	  31.93454	   7.50000	       14N
  67.42753	  36.28905	   7.50000	       14N
  69.94161	  27.58003	   7.50000	       14N
  69.94161	  31.93454	   7.50000	       14N
  69.94161	  36.28905	   7.50000	       14N
  72.45568	  27.58003	   7.50000	       14N
  72.45568	  31.93454	   7.50000	       14N
  72.45568	  36.28905	   7.50000	       14N
  74.96976	  27.58003	   7.50000	       14N
  74.96976	  31.93454	   7.50000	       14N
  74.96976	  36.28905	   7.50000	       14N
  77.48384	  27.58003	   7.50000	       14N
  77.48384	  31.93454	   7.50000	       14N
  77.48384	  36.28905	   7.50000	       14N
  79.99791	  27.58003	   7.50000	       14N
  79.99791	  31.93454	   7.50000	       14N
  79.99791	  36.28905	   7.50000	       14N
  68.68457	  41.36882	   7.50000	       10B
  68.68457	  45.72333	   7.50000	       11B
  68.68457	  50.07784	   7.50000	       11B
  71.19865	  41.36882	   7.50000	       10B
  71.19865	  45.72333	   7.50000	       11B
  71.19865	  50.07784	   7.50000	       11B
  73.71272	  41.36882	   7.50000	       11B
  73.71272	  45.72333	   7.50000	       11B
  73.71272	  50.07784	   7.50000	       11B
  76.22680	  41.36882	   7.50000	       11B
  76.22680	  45.72333	   7.50000	       11B
  76.22680	  50.07784	   7.50000	       11B
  78.74087	  41.36882	   7.50000	       10B
  78.74087	  45.72333	   7.50000	       11B
  78.74087	  50.07784	   7.50000	       11B
  67.42753	  39.19155	   7.50000	       11B
  67.42753	  43.54606	   7.50000	       11B
  67.42753	  47.90057	   7.50000	       10B
  69.94161	  39.19155	   7.50000	       11B
  69.94161	  43.54606	   7.50000	       11B
  69.94161	  47.90057	   7.50000	       11B
  72.45568	  39.19155	   7.50000	       11B
  72.45568	  43.54606	   7.50000	       11B
  72.45568	  47.90057	   7.50000	       11B
  74.96976	  39.19155	   7.50000	       11B
  74.96976	  43.54606	   7.50000	       11B
  74.96976	  47.90057	   7.50000	       11B
  77.48384	  39.19155	   7.50000	       10B
  77.48384	  43.54606	   7.50000	       11B
  77.48384	  47.90057	   7.50000	       10B
  79.99791	  39.19155	   7.50000	       11B
  79.99791	  43.54606	   7.50000	       11B
  79.99791	  47.90057	   7.50000	       11B
  68.68457	  42.82082	   7.50000	       14N
  68.68457	  47.17532	   7.50000	       14N
  68.68457	  38.46631	   7.50000	       14N
  71.19865	  42.82082	   7.50000	       14N
  71.19865	  47.17532	   7.50000	       14N
  71.19865	  38.46631	   7.50000	       14N
  73.71272	  42.82082	   7.50000	       14N
  73.71272	  47.17532	   7.50000	       14N
  73.71272	  38.46631	   7.50000	       14N
  76.22680	  42.82082	   7.50000	       14N
  76.22680	  47.17532	   7.50000	       14N
  76.22680	  38.46631	   7.50000	       14N
  78.74087	  42.82082	   7.50000	       14N
  78.74087	  47.17532	   7.50000	       14N
  78.74087	  38.46631	   7.50000	       14N
  67.42753	  40.64356	   7.50000	       14N
  67.42753	  44.99807	   7.50000	       14N
  67.42753	  49.35257	   7.50000	       14N
  69.94161	  40.64356	   7.50000	       14N
  69.94161	  44.99807	   7.50000	       14N
  69.94161	  49.35257	   7.50000	       14N
  72.45568	  40.64356	   7.50000	       14N
  72.45568	  44.99807	   7.50000	       14N
  72.45568	  49.35257	   7.50000	       14N
  74.96976	  40.64356	   7.50000	       14N
  74.96976	  44.99807	   7.50000	       14N
  74.96976	  49.35257	   7.50000	       14N
  77.48384	  40.64356	   7.50000	       14N
  77.48384	  44.99807	   7.50000	       14N
  77.48384	  49.35257	   7.50000	       14N
  79.99791	  40.64356	   7.50000	       14N
  79.99791	  44.99807	   7.50000	       14N
  79.99791	  49.35257	   7.50000	       14N
  68.68457	  54.43235	   7.50000	       11B
  68.68457	  58.78686	   7.50000	       11B
  68.68457	  63.14137	   7.50000	       10B
  71.19865	  54.43235	   7.50000	       11B
  71.19865	  58.78686	   7.50000	       10B
  71.19865	  63.14137	   7.50000	       11B
  73.71272	  54.43235	   7.50000	       11B
  73.71272	  58.78686	   7.50000	       11B
  73.71272	  63.14137	   7.50000	       11B
  76.22680	  54.43235	   7.50000	       11B
  76.22680	  58.78686	   7.50000	       11B
  76.22680	  63.14137	   7.50000	       11B
  78.74087	  54.43235	   7.50000	       11B
  78.74087	  58.78686	   7.50000	       10B
  78.74087	  63.14137	   7.50000	       11B
  67.42753	  52.25508	   7.50000	       11B
  67.42753	  56.60959	   7.50000	       11B
  67.42753	  60.96410	   7.50000	       11B
  69.94161	  52.25508	   7.50000	       11B
  69.94161	  56.60959	   7.50000	       11B
  69.94161	  60.96410	   7.50000	       11B
  72.45568	  52.25508	   7.50000	       10B
  72.45568	  56.60959	   7.50000	       11B
  72.45568	  60.96410	   7.50000	       11B
  74.96976	  52.25508	   7.50000	       11B
  74.96976	  56.60959	   7.50000	       11B
  74.96976	  60.96410	   7.50000	       11B
  77.48384	  52.25508	   7.50000	       11B
  77.48384	  56.60959	   7.50000	       11B
  77.48384	  60.96410	   7.50000	       10B
  79.99791	  52.25508	   7.50000	       10B
  79.99791	  56.60959	   7.50000	       10B
  79.99791	  60.96410	   7.50000	       11B
  68.68457	  55.88434	   7.50000	       14N
  68.68457	  60.23885	   7.50000	       14N
  68.68457	  51.52983	   7.50000	       14N
  71.19865	  55.88434	   7.50000	       14N
  71.19865	  60.23885	   7.50000	       14N
  71.19865	  51.52983	   7.50000	       14N
  73.71272	  55.88434	   7.50000	       14N
  73.71272	  60.23885	   7.50000	       14N
  73.71272	  51.52983	   7.50000	       14N
  76.22680	  55.88434	   7.50000	       14N
  76.22680	  60.23885	   7.50000	       14N
  76.22680	  51.52983	   7.50000	       14N
  78.74087	  55.88434	   7.50000	       14N
  78.74087	  60.23885	   7.50000	       14N
  78.74087	  51.52983	   7.50000	       14N
  67.42753	  53.70708	   7.50000	       14N
  67.42753	  58.06159	   7.50000	       14N
  67.42753	  62.41610	   7.50000	       14N
  69.94161	  53.70708	   7.50000	       14N
  69.94161	  58.06159	   7.50000	       14N
  69.94161	  62.41610	   7.50000	       14N
  72.45568	  53.70708	   7.50000	       14N
  72.45568	  58.06159	   7.50000	       14N
  72.45568	  62.41610	   7.50000	       14N
  74.96976	  53.70708	   7.50000	       14N
  74.96976	  58.06159	   7.50000	       14N
  74.96976	  62.41610	   7.50000	       14N
  77.48384	  53.70708	   7.50000	       14N
  77.48384	  58.06159	   7.50000	       14N
  77.48384	  62.41610	   7.50000	       14N
  79.99791	  53.70708	   7.50000	       14N
  79.99791	  58.06159	   7.50000	       14N
  79.99791	  62.41610	   7.50000	       14N
  68.68457	  67.49587	   7.50000	       11B
  68.68457	  71.85038	   7.50000	       11B
  68.68457	  76.20489	   7.50000	       11B
  71.19865	  67.49587	   7.50000	       11B
  71.19865	  71.85038	   7.50000	       11B
  71.19865	  76.20489	   7.50000	       11B
  73.71272	  67.49587	   7.50000	       11B
  73.71272	  71.85038	   7.50000	       11B
  73.71272	  76.20489	   7.50000	       11B
  76.22680	  67.49587	   7.50000	       10B
  76.22680	  71.85038	   7.50000	       10B
  76.22680	  76.20489	   7.50000	       11B
  78.74087	  67.49587	   7.50000	       11B
  78.74087	  71.85038	   7.50000	       11B
  78.74087	  76.20489	   7.50000	       11B
  67.42753	  65.31860	   7.50000	       11B
  67.42753	  69.67311	   7.50000	       11B
  67.42753	  74.02762	   7.50000	       11B
  69.94161	  65.31860	   7.50000	       11B
  69.94161	  69.67311	   7.50000	       11B
  69.94161	  74.02762	   7.50000	       10B
  72.45568	  65.31860	   7.50000	       11B
  72.45568	  69.67311	   7.50000	       11B
  72.45568	  74.02762	   7.50000	       11B
  74.96976	  65.31860	   7.50000	       11B
  74.96976	  69.67311	   7.50000	       11B
  74.96976	  74.02762	   7.50000	       11B
  77.48384	  65.31860	   7.50000	       11B
  77.48384	  69.67311	   7.50000	       11B
  77.48384	  74.02762	   7.50000	       11B
  79.99791	  65.31860	   7.50000	       11B
  79.99791	  69.67311	   7.50000	       11B
  79.99791	  74.02762	   7.50000	       11B
  68.68457	  68.94787	   7.50000	       14N
  68.68457	  73.30237	   7.50000	       14N
  68.68457	  64.59336	   7.50000	       14N
  71.19865	  68.94787	   7.50000	       14N
  71.19865	  73.30237	   7.50000	       14N
  71.19865	  64.59336	   7.50000	       14N
  73.71272	  68.94787	   7.50000	       14N
  73.71272	  73.30237	   7.50000	       14N
  73.71272	  64.59336	   7.50000	       14N
  76.22680	  68.94787	   7.50000	       14N
  76.22680	  73.30237	   7.50000	       14N
  76.22680	  64.59336	   7.50000	       14N
  78.74087	  68.94787	   7.50000	       14N
  78.74087	  73.30237	   7.50000	       14N
  78.74087	  64.59336	   7.50000	       14N
  67.42753	  66.77061	   7.50000	       14N
  67.42753	  71.12512	   7.50000	       14N
  67.42753	  75.47963	   7.50000	       14N
  69.94161	  66.77061	   7.50000	       14N
  69.94161	  71.12512	   7.50000	       14N
  69.94161	  75.47963	   7.50000	       14N
  72.45568	  66.77061	   7.50000	       14N
  72.45568	  71.12512	   7.50000	       14N
  72.45568	  75.47963	   7.50000	       14N
  74.96976	  66.77061	   7.50000	       14N
  74.96976	  71.12512	   7.50000	       14N
  74.96976	  75.47963	   7.50000	       14N
  77.48384	  66.77061	   7.50000	       14N
  77.48384	  71.12512	   7.50000	       14N
  77.48384	  75.47963	   7.50000	       14N
  79.99791	  66.77061	   7.50000	       14N
  79.99791	  71.12512	   7.50000	       14N
  79.99791	  75.47963	   7.50000	       14N
  67.42753	  78.38213	   7.50000	       10B
  69.94161	  78.38213	   7.50000	       11B
  72.45568	  78.38213	   7.50000	       10B
  74.96976	  78.38213	   7.50000	       11B
  77.48384	  78.38213	   7.50000	       11B
  79.99791	  78.38213	   7.50000	       11B
  68.68457	  77.65688	   7.50000	       14N
  71.19865	  77.65688	   7.50000	       14N
  73.71272	  77.65688	   7.50000	       14N
  76.22680	  77.65688	   7.50000	       14N
  78.74087	  77.65688	   7.50000	       14N
  67.42753	  79.83413	   7.50000	       14N
  69.94161	  79.83413	   7.50000	       14N
  72.45568	  79.83413	   7.50000	       14N
  74.96976	  79.83413	   7.50000	       14N
  77.48384	  79.83413	   7.50000	       14N
  79.99791	  79.83413	   7.50000	       14N
