2300.00000	   0.00000	   0.00000	   0.00000
   1.28218	   2.16297	   7.50000	       11B
   1.28218	   6.49431	   7.50000	       11B
   1.28218	  10.82565	   7.50000	       10B
   3.84654	   2.16297	   7.50000	       11B
   3.84654	   6.49431	   7.50000	       10B
   3.84654	  10.82565	   7.50000	       11B
   6.41090	   2.16297	   7.50000	       11B
   6.41090	   6.49431	   7.50000	       11B
   6.41090	  10.82565	   7.50000	       10B
   8.97525	   2.16297	   7.50000	       10B
   8.97525	   6.49431	   7.50000	       10B
   8.97525	  10.82565	   7.50000	       11B
  11.53961	   2.16297	   7.50000	       10B
  11.53961	   6.49431	   7.50000	       11B
  11.53961	  10.82565	   7.50000	       11B
  14.10397	   2.16297	   7.50000	       11B
  14.10397	   6.49431	   7.50000	       10B
  14.10397	  10.82565	   7.50000	       10B
  16.66833	   2.16297	   7.50000	       11B
  16.66833	   6.49431	   7.50000	       11B
  16.66833	  10.82565	   7.50000	       10B
  19.23269	   2.16297	   7.50000	       11B
  19.23269	   6.49431	   7.50000	       11B
  19.23269	  10.82565	   7.50000	       10B
  21.79704	   2.16297	   7.50000	       11B
  21.79704	   6.49431	   7.50000	       11B
  21.79704	  10.82565	   7.50000	       11B
   0.00000	   4.32864	   7.50000	       11B
   0.00000	   8.65998	   7.50000	       11B
   0.00000	  12.99131	   7.50000	       11B
   2.56436	   4.32864	   7.50000	       11B
   2.56436	   8.65998	   7.50000	       11B
   2.56436	  12.99131	   7.50000	       11B
   5.12872	   4.32864	   7.50000	       11B
   5.12872	   8.65998	   7.50000	       11B
   5.12872	  12.99131	   7.50000	       11B
   7.69307	   4.32864	   7.50000	       11B
   7.69307	   8.65998	   7.50000	       11B
   7.69307	  12.99131	   7.50000	       11B
  10.25743	   4.32864	   7.50000	       11B
  10.25743	   8.65998	   7.50000	       11B
  10.25743	  12.99131	   7.50000	       11B
  12.82179	   4.32864	   7.50000	       11B
  12.82179	   8.65998	   7.50000	       10B
  12.82179	  12.99131	   7.50000	       11B
  15.38615	   4.32864	   7.50000	       11B
  15.38615	   8.65998	   7.50000	       11B
  15.38615	  12.99131	   7.50000	       11B
  17.95051	   4.32864	   7.50000	       11B
  17.95051	   8.65998	   7.50000	       11B
  17.95051	  12.99131	   7.50000	       10B
  20.51486	   4.32864	   7.50000	       10B
  20.51486	   8.65998	   7.50000	       10B
  20.51486	  12.99131	   7.50000	       11B
   1.28218	   3.61460	   7.50000	       14N
   1.28218	   7.94594	   7.50000	       14N
   1.28218	  12.27728	   7.50000	       14N
   3.84654	   3.61460	   7.50000	       14N
   3.84654	   7.94594	   7.50000	       14N
   3.84654	  12.27728	   7.50000	       14N
   6.41090	   3.61460	   7.50000	       14N
   6.41090	   7.94594	   7.50000	       14N
   6.41090	  12.27728	   7.50000	       14N
   8.97525	   3.61460	   7.50000	       14N
   8.97525	   7.94594	   7.50000	       14N
   8.97525	  12.27728	   7.50000	       14N
  11.53961	   3.61460	   7.50000	       14N
  11.53961	   7.94594	   7.50000	       14N
  11.53961	  12.27728	   7.50000	       14N
  14.10397	   3.61460	   7.50000	       14N
  14.10397	   7.94594	   7.50000	       14N
  14.10397	  12.27728	   7.50000	       14N
  16.66833	   3.61460	   7.50000	       14N
  16.66833	   7.94594	   7.50000	       14N
  16.66833	  12.27728	   7.50000	       14N
  19.23269	   3.61460	   7.50000	       14N
  19.23269	   7.94594	   7.50000	       14N
  19.23269	  12.27728	   7.50000	       14N
  21.79704	   3.61460	   7.50000	       14N
  21.79704	   7.94594	   7.50000	       14N
  21.79704	  12.27728	   7.50000	       14N
   0.00000	   1.44893	   7.50000	       14N
   0.00000	   5.78027	   7.50000	       14N
   0.00000	  10.11161	   7.50000	       14N
   2.56436	   1.44893	   7.50000	       14N
   2.56436	   5.78027	   7.50000	       14N
   2.56436	  10.11161	   7.50000	       14N
   5.12872	   1.44893	   7.50000	       14N
   5.12872	   5.78027	   7.50000	       14N
   5.12872	  10.11161	   7.50000	       14N
   7.69307	   1.44893	   7.50000	       14N
   7.69307	   5.78027	   7.50000	       14N
   7.69307	  10.11161	   7.50000	       14N
  10.25743	   1.44893	   7.50000	       14N
  10.25743	   5.78027	   7.50000	       14N
  10.25743	  10.11161	   7.50000	       14N
  12.82179	   1.44893	   7.50000	       14N
  12.82179	   5.78027	   7.50000	       14N
  12.82179	  10.11161	   7.50000	       14N
  15.38615	   1.44893	   7.50000	       14N
  15.38615	   5.78027	   7.50000	       14N
  15.38615	  10.11161	   7.50000	       14N
  17.95051	   1.44893	   7.50000	       14N
  17.95051	   5.78027	   7.50000	       14N
  17.95051	  10.11161	   7.50000	       14N
  20.51486	   1.44893	   7.50000	       14N
  20.51486	   5.78027	   7.50000	       14N
  20.51486	  10.11161	   7.50000	       14N
   1.28218	  15.15699	   7.50000	       11B
   1.28218	  19.48833	   7.50000	       11B
   1.28218	  23.81966	   7.50000	       11B
   3.84654	  15.15699	   7.50000	       11B
   3.84654	  19.48833	   7.50000	       11B
   3.84654	  23.81966	   7.50000	       11B
   6.41090	  15.15699	   7.50000	       10B
   6.41090	  19.48833	   7.50000	       10B
   6.41090	  23.81966	   7.50000	       11B
   8.97525	  15.15699	   7.50000	       10B
   8.97525	  19.48833	   7.50000	       11B
   8.97525	  23.81966	   7.50000	       11B
  11.53961	  15.15699	   7.50000	       11B
  11.53961	  19.48833	   7.50000	       11B
  11.53961	  23.81966	   7.50000	       10B
  14.10397	  15.15699	   7.50000	       11B
  14.10397	  19.48833	   7.50000	       10B
  14.10397	  23.81966	   7.50000	       11B
  16.66833	  15.15699	   7.50000	       11B
  16.66833	  19.48833	   7.50000	       11B
  16.66833	  23.81966	   7.50000	       10B
  19.23269	  15.15699	   7.50000	       11B
  19.23269	  19.48833	   7.50000	       11B
  19.23269	  23.81966	   7.50000	       11B
  21.79704	  15.15699	   7.50000	       11B
  21.79704	  19.48833	   7.50000	       11B
  21.79704	  23.81966	   7.50000	       10B
   0.00000	  17.32265	   7.50000	       11B
   0.00000	  21.65399	   7.50000	       11B
   0.00000	  25.98533	   7.50000	       11B
   2.56436	  17.32265	   7.50000	       10B
   2.56436	  21.65399	   7.50000	       11B
   2.56436	  25.98533	   7.50000	       11B
   5.12872	  17.32265	   7.50000	       11B
   5.12872	  21.65399	   7.50000	       10B
   5.12872	  25.98533	   7.50000	       11B
   7.69307	  17.32265	   7.50000	       11B
   7.69307	  21.65399	   7.50000	       11B
   7.69307	  25.98533	   7.50000	       11B
  10.25743	  17.32265	   7.50000	       11B
  10.25743	  21.65399	   7.50000	       11B
  10.25743	  25.98533	   7.50000	       11B
  12.82179	  17.32265	   7.50000	       11B
  12.82179	  21.65399	   7.50000	       11B
  12.82179	  25.98533	   7.50000	       11B
  15.38615	  17.32265	   7.50000	       10B
  15.38615	  21.65399	   7.50000	       11B
  15.38615	  25.98533	   7.50000	       11B
  17.95051	  17.32265	   7.50000	       11B
  17.95051	  21.65399	   7.50000	       10B
  17.95051	  25.98533	   7.50000	       11B
  20.51486	  17.32265	   7.50000	       11B
  20.51486	  21.65399	   7.50000	       11B
  20.51486	  25.98533	   7.50000	       11B
   1.28218	  16.60862	   7.50000	       14N
   1.28218	  20.93996	   7.50000	       14N
   1.28218	  25.27129	   7.50000	       14N
   3.84654	  16.60862	   7.50000	       14N
   3.84654	  20.93996	   7.50000	       14N
   3.84654	  25.27129	   7.50000	       14N
   6.41090	  16.60862	   7.50000	       14N
   6.41090	  20.93996	   7.50000	       14N
   6.41090	  25.27129	   7.50000	       14N
   8.97525	  16.60862	   7.50000	       14N
   8.97525	  20.93996	   7.50000	       14N
   8.97525	  25.27129	   7.50000	       14N
  11.53961	  16.60862	   7.50000	       14N
  11.53961	  20.93996	   7.50000	       14N
  11.53961	  25.27129	   7.50000	       14N
  14.10397	  16.60862	   7.50000	       14N
  14.10397	  20.93996	   7.50000	       14N
  14.10397	  25.27129	   7.50000	       14N
  16.66833	  16.60862	   7.50000	       14N
  16.66833	  20.93996	   7.50000	       14N
  16.66833	  25.27129	   7.50000	       14N
  19.23269	  16.60862	   7.50000	       14N
  19.23269	  20.93996	   7.50000	       15N
  19.23269	  25.27129	   7.50000	       14N
  21.79704	  16.60862	   7.50000	       14N
  21.79704	  20.93996	   7.50000	       14N
  21.79704	  25.27129	   7.50000	       14N
   0.00000	  14.44295	   7.50000	       14N
   0.00000	  18.77429	   7.50000	       14N
   0.00000	  23.10562	   7.50000	       14N
   2.56436	  14.44295	   7.50000	       14N
   2.56436	  18.77429	   7.50000	       14N
   2.56436	  23.10562	   7.50000	       14N
   5.12872	  14.44295	   7.50000	       14N
   5.12872	  18.77429	   7.50000	       14N
   5.12872	  23.10562	   7.50000	       14N
   7.69307	  14.44295	   7.50000	       14N
   7.69307	  18.77429	   7.50000	       14N
   7.69307	  23.10562	   7.50000	       14N
  10.25743	  14.44295	   7.50000	       14N
  10.25743	  18.77429	   7.50000	       14N
  10.25743	  23.10562	   7.50000	       14N
  12.82179	  14.44295	   7.50000	       14N
  12.82179	  18.77429	   7.50000	       14N
  12.82179	  23.10562	   7.50000	       14N
  15.38615	  14.44295	   7.50000	       14N
  15.38615	  18.77429	   7.50000	       14N
  15.38615	  23.10562	   7.50000	       14N
  17.95051	  14.44295	   7.50000	       14N
  17.95051	  18.77429	   7.50000	       14N
  17.95051	  23.10562	   7.50000	       14N
  20.51486	  14.44295	   7.50000	       14N
  20.51486	  18.77429	   7.50000	       14N
  20.51486	  23.10562	   7.50000	       14N
   1.28218	  28.15100	   7.50000	       10B
   1.28218	  32.48234	   7.50000	       11B
   1.28218	  36.81368	   7.50000	       11B
   3.84654	  28.15100	   7.50000	       11B
   3.84654	  32.48234	   7.50000	       10B
   3.84654	  36.81368	   7.50000	       11B
   6.41090	  28.15100	   7.50000	       11B
   6.41090	  32.48234	   7.50000	       11B
   6.41090	  36.81368	   7.50000	       10B
   8.97525	  28.15100	   7.50000	       11B
   8.97525	  32.48234	   7.50000	       11B
   8.97525	  36.81368	   7.50000	       11B
  11.53961	  28.15100	   7.50000	       11B
  11.53961	  32.48234	   7.50000	       11B
  11.53961	  36.81368	   7.50000	       11B
  14.10397	  28.15100	   7.50000	       11B
  14.10397	  32.48234	   7.50000	       11B
  14.10397	  36.81368	   7.50000	       11B
  16.66833	  28.15100	   7.50000	       11B
  16.66833	  32.48234	   7.50000	       11B
  16.66833	  36.81368	   7.50000	       11B
  19.23269	  28.15100	   7.50000	       11B
  19.23269	  32.48234	   7.50000	       11B
  19.23269	  36.81368	   7.50000	       11B
  21.79704	  28.15100	   7.50000	       11B
  21.79704	  32.48234	   7.50000	       11B
  21.79704	  36.81368	   7.50000	       11B
   0.00000	  30.31667	   7.50000	       11B
   0.00000	  34.64801	   7.50000	       11B
   0.00000	  38.97934	   7.50000	       11B
   2.56436	  30.31667	   7.50000	       11B
   2.56436	  34.64801	   7.50000	       11B
   2.56436	  38.97934	   7.50000	       10B
   5.12872	  30.31667	   7.50000	       11B
   5.12872	  34.64801	   7.50000	       11B
   5.12872	  38.97934	   7.50000	       11B
   7.69307	  30.31667	   7.50000	       11B
   7.69307	  34.64801	   7.50000	       11B
   7.69307	  38.97934	   7.50000	       11B
  10.25743	  30.31667	   7.50000	       11B
  10.25743	  34.64801	   7.50000	       11B
  10.25743	  38.97934	   7.50000	       11B
  12.82179	  30.31667	   7.50000	       11B
  12.82179	  34.64801	   7.50000	       11B
  12.82179	  38.97934	   7.50000	       10B
  15.38615	  30.31667	   7.50000	       10B
  15.38615	  34.64801	   7.50000	       10B
  15.38615	  38.97934	   7.50000	       11B
  17.95051	  30.31667	   7.50000	       11B
  17.95051	  34.64801	   7.50000	       11B
  17.95051	  38.97934	   7.50000	       10B
  20.51486	  30.31667	   7.50000	       11B
  20.51486	  34.64801	   7.50000	       11B
  20.51486	  38.97934	   7.50000	       11B
   1.28218	  29.60263	   7.50000	       14N
   1.28218	  33.93397	   7.50000	       14N
   1.28218	  38.26531	   7.50000	       14N
   3.84654	  29.60263	   7.50000	       14N
   3.84654	  33.93397	   7.50000	       14N
   3.84654	  38.26531	   7.50000	       14N
   6.41090	  29.60263	   7.50000	       14N
   6.41090	  33.93397	   7.50000	       14N
   6.41090	  38.26531	   7.50000	       14N
   8.97525	  29.60263	   7.50000	       14N
   8.97525	  33.93397	   7.50000	       14N
   8.97525	  38.26531	   7.50000	       14N
  11.53961	  29.60263	   7.50000	       14N
  11.53961	  33.93397	   7.50000	       14N
  11.53961	  38.26531	   7.50000	       14N
  14.10397	  29.60263	   7.50000	       14N
  14.10397	  33.93397	   7.50000	       14N
  14.10397	  38.26531	   7.50000	       14N
  16.66833	  29.60263	   7.50000	       14N
  16.66833	  33.93397	   7.50000	       14N
  16.66833	  38.26531	   7.50000	       14N
  19.23269	  29.60263	   7.50000	       14N
  19.23269	  33.93397	   7.50000	       14N
  19.23269	  38.26531	   7.50000	       14N
  21.79704	  29.60263	   7.50000	       14N
  21.79704	  33.93397	   7.50000	       14N
  21.79704	  38.26531	   7.50000	       14N
   0.00000	  27.43696	   7.50000	       14N
   0.00000	  31.76830	   7.50000	       14N
   0.00000	  36.09964	   7.50000	       14N
   2.56436	  27.43696	   7.50000	       14N
   2.56436	  31.76830	   7.50000	       14N
   2.56436	  36.09964	   7.50000	       14N
   5.12872	  27.43696	   7.50000	       14N
   5.12872	  31.76830	   7.50000	       14N
   5.12872	  36.09964	   7.50000	       14N
   7.69307	  27.43696	   7.50000	       14N
   7.69307	  31.76830	   7.50000	       14N
   7.69307	  36.09964	   7.50000	       14N
  10.25743	  27.43696	   7.50000	       14N
  10.25743	  31.76830	   7.50000	       14N
  10.25743	  36.09964	   7.50000	       14N
  12.82179	  27.43696	   7.50000	       14N
  12.82179	  31.76830	   7.50000	       14N
  12.82179	  36.09964	   7.50000	       14N
  15.38615	  27.43696	   7.50000	       14N
  15.38615	  31.76830	   7.50000	       14N
  15.38615	  36.09964	   7.50000	       14N
  17.95051	  27.43696	   7.50000	       14N
  17.95051	  31.76830	   7.50000	       14N
  17.95051	  36.09964	   7.50000	       14N
  20.51486	  27.43696	   7.50000	       14N
  20.51486	  31.76830	   7.50000	       14N
  20.51486	  36.09964	   7.50000	       14N
   1.28218	  41.14502	   7.50000	       11B
   1.28218	  45.47636	   7.50000	       11B
   1.28218	  49.80769	   7.50000	       11B
   3.84654	  41.14502	   7.50000	       11B
   3.84654	  45.47636	   7.50000	       11B
   3.84654	  49.80769	   7.50000	       11B
   6.41090	  41.14502	   7.50000	       11B
   6.41090	  45.47636	   7.50000	       11B
   6.41090	  49.80769	   7.50000	       10B
   8.97525	  41.14502	   7.50000	       10B
   8.97525	  45.47636	   7.50000	       10B
   8.97525	  49.80769	   7.50000	       11B
  11.53961	  41.14502	   7.50000	       11B
  11.53961	  45.47636	   7.50000	       10B
  11.53961	  49.80769	   7.50000	       11B
  14.10397	  41.14502	   7.50000	       11B
  14.10397	  45.47636	   7.50000	       11B
  14.10397	  49.80769	   7.50000	       10B
  16.66833	  41.14502	   7.50000	       11B
  16.66833	  45.47636	   7.50000	       10B
  16.66833	  49.80769	   7.50000	       10B
  19.23269	  41.14502	   7.50000	       11B
  19.23269	  45.47636	   7.50000	       10B
  19.23269	  49.80769	   7.50000	       11B
  21.79704	  41.14502	   7.50000	       11B
  21.79704	  45.47636	   7.50000	       11B
  21.79704	  49.80769	   7.50000	       11B
   0.00000	  43.31068	   7.50000	       10B
   0.00000	  47.64202	   7.50000	       11B
   0.00000	  51.97336	   7.50000	       11B
   2.56436	  43.31068	   7.50000	       11B
   2.56436	  47.64202	   7.50000	       10B
   2.56436	  51.97336	   7.50000	       11B
   5.12872	  43.31068	   7.50000	       11B
   5.12872	  47.64202	   7.50000	       11B
   5.12872	  51.97336	   7.50000	       11B
   7.69307	  43.31068	   7.50000	       11B
   7.69307	  47.64202	   7.50000	       11B
   7.69307	  51.97336	   7.50000	       11B
  10.25743	  43.31068	   7.50000	       11B
  10.25743	  47.64202	   7.50000	       10B
  10.25743	  51.97336	   7.50000	       11B
  12.82179	  43.31068	   7.50000	       11B
  12.82179	  47.64202	   7.50000	       11B
  12.82179	  51.97336	   7.50000	       11B
  15.38615	  43.31068	   7.50000	       11B
  15.38615	  47.64202	   7.50000	       11B
  15.38615	  51.97336	   7.50000	       11B
  17.95051	  43.31068	   7.50000	       11B
  17.95051	  47.64202	   7.50000	       11B
  17.95051	  51.97336	   7.50000	       10B
  20.51486	  43.31068	   7.50000	       11B
  20.51486	  47.64202	   7.50000	       11B
  20.51486	  51.97336	   7.50000	       11B
   1.28218	  42.59665	   7.50000	       14N
   1.28218	  46.92799	   7.50000	       14N
   1.28218	  51.25933	   7.50000	       14N
   3.84654	  42.59665	   7.50000	       14N
   3.84654	  46.92799	   7.50000	       14N
   3.84654	  51.25933	   7.50000	       14N
   6.41090	  42.59665	   7.50000	       14N
   6.41090	  46.92799	   7.50000	       14N
   6.41090	  51.25933	   7.50000	       14N
   8.97525	  42.59665	   7.50000	       14N
   8.97525	  46.92799	   7.50000	       15N
   8.97525	  51.25933	   7.50000	       14N
  11.53961	  42.59665	   7.50000	       14N
  11.53961	  46.92799	   7.50000	       14N
  11.53961	  51.25933	   7.50000	       14N
  14.10397	  42.59665	   7.50000	       14N
  14.10397	  46.92799	   7.50000	       14N
  14.10397	  51.25933	   7.50000	       14N
  16.66833	  42.59665	   7.50000	       14N
  16.66833	  46.92799	   7.50000	       14N
  16.66833	  51.25933	   7.50000	       14N
  19.23269	  42.59665	   7.50000	       14N
  19.23269	  46.92799	   7.50000	       14N
  19.23269	  51.25933	   7.50000	       14N
  21.79704	  42.59665	   7.50000	       14N
  21.79704	  46.92799	   7.50000	       14N
  21.79704	  51.25933	   7.50000	       14N
   0.00000	  40.43098	   7.50000	       14N
   0.00000	  44.76232	   7.50000	       14N
   0.00000	  49.09365	   7.50000	       14N
   2.56436	  40.43098	   7.50000	       14N
   2.56436	  44.76232	   7.50000	       14N
   2.56436	  49.09365	   7.50000	       14N
   5.12872	  40.43098	   7.50000	       14N
   5.12872	  44.76232	   7.50000	       14N
   5.12872	  49.09365	   7.50000	       14N
   7.69307	  40.43098	   7.50000	       14N
   7.69307	  44.76232	   7.50000	       14N
   7.69307	  49.09365	   7.50000	       14N
  10.25743	  40.43098	   7.50000	       14N
  10.25743	  44.76232	   7.50000	       14N
  10.25743	  49.09365	   7.50000	       14N
  12.82179	  40.43098	   7.50000	       14N
  12.82179	  44.76232	   7.50000	       14N
  12.82179	  49.09365	   7.50000	       14N
  15.38615	  40.43098	   7.50000	       14N
  15.38615	  44.76232	   7.50000	       14N
  15.38615	  49.09365	   7.50000	       14N
  17.95051	  40.43098	   7.50000	       14N
  17.95051	  44.76232	   7.50000	       14N
  17.95051	  49.09365	   7.50000	       14N
  20.51486	  40.43098	   7.50000	       14N
  20.51486	  44.76232	   7.50000	       14N
  20.51486	  49.09365	   7.50000	       14N
   1.28218	  54.13903	   7.50000	       11B
   1.28218	  58.47037	   7.50000	       11B
   1.28218	  62.80171	   7.50000	       11B
   3.84654	  54.13903	   7.50000	       11B
   3.84654	  58.47037	   7.50000	       10B
   3.84654	  62.80171	   7.50000	       11B
   6.41090	  54.13903	   7.50000	       11B
   6.41090	  58.47037	   7.50000	       11B
   6.41090	  62.80171	   7.50000	       11B
   8.97525	  54.13903	   7.50000	       11B
   8.97525	  58.47037	   7.50000	       11B
   8.97525	  62.80171	   7.50000	       11B
  11.53961	  54.13903	   7.50000	       11B
  11.53961	  58.47037	   7.50000	       11B
  11.53961	  62.80171	   7.50000	       11B
  14.10397	  54.13903	   7.50000	       10B
  14.10397	  58.47037	   7.50000	       10B
  14.10397	  62.80171	   7.50000	       11B
  16.66833	  54.13903	   7.50000	       11B
  16.66833	  58.47037	   7.50000	       11B
  16.66833	  62.80171	   7.50000	       11B
  19.23269	  54.13903	   7.50000	       11B
  19.23269	  58.47037	   7.50000	       11B
  19.23269	  62.80171	   7.50000	       11B
  21.79704	  54.13903	   7.50000	       11B
  21.79704	  58.47037	   7.50000	       11B
  21.79704	  62.80171	   7.50000	       11B
   0.00000	  56.30470	   7.50000	       11B
   0.00000	  60.63604	   7.50000	       11B
   0.00000	  64.96738	   7.50000	       11B
   2.56436	  56.30470	   7.50000	       10B
   2.56436	  60.63604	   7.50000	       11B
   2.56436	  64.96738	   7.50000	       10B
   5.12872	  56.30470	   7.50000	       11B
   5.12872	  60.63604	   7.50000	       10B
   5.12872	  64.96738	   7.50000	       11B
   7.69307	  56.30470	   7.50000	       11B
   7.69307	  60.63604	   7.50000	       11B
   7.69307	  64.96738	   7.50000	       11B
  10.25743	  56.30470	   7.50000	       10B
  10.25743	  60.63604	   7.50000	       11B
  10.25743	  64.96738	   7.50000	       11B
  12.82179	  56.30470	   7.50000	       11B
  12.82179	  60.63604	   7.50000	       11B
  12.82179	  64.96738	   7.50000	       11B
  15.38615	  56.30470	   7.50000	       11B
  15.38615	  60.63604	   7.50000	       11B
  15.38615	  64.96738	   7.50000	       11B
  17.95051	  56.30470	   7.50000	       11B
  17.95051	  60.63604	   7.50000	       11B
  17.95051	  64.96738	   7.50000	       11B
  20.51486	  56.30470	   7.50000	       11B
  20.51486	  60.63604	   7.50000	       11B
  20.51486	  64.96738	   7.50000	       11B
   1.28218	  55.59066	   7.50000	       14N
   1.28218	  59.92200	   7.50000	       14N
   1.28218	  64.25334	   7.50000	       14N
   3.84654	  55.59066	   7.50000	       14N
   3.84654	  59.92200	   7.50000	       14N
   3.84654	  64.25334	   7.50000	       14N
   6.41090	  55.59066	   7.50000	       14N
   6.41090	  59.92200	   7.50000	       14N
   6.41090	  64.25334	   7.50000	       14N
   8.97525	  55.59066	   7.50000	       14N
   8.97525	  59.92200	   7.50000	       14N
   8.97525	  64.25334	   7.50000	       14N
  11.53961	  55.59066	   7.50000	       14N
  11.53961	  59.92200	   7.50000	       14N
  11.53961	  64.25334	   7.50000	       14N
  14.10397	  55.59066	   7.50000	       14N
  14.10397	  59.92200	   7.50000	       14N
  14.10397	  64.25334	   7.50000	       14N
  16.66833	  55.59066	   7.50000	       14N
  16.66833	  59.92200	   7.50000	       14N
  16.66833	  64.25334	   7.50000	       14N
  19.23269	  55.59066	   7.50000	       14N
  19.23269	  59.92200	   7.50000	       14N
  19.23269	  64.25334	   7.50000	       14N
  21.79704	  55.59066	   7.50000	       14N
  21.79704	  59.92200	   7.50000	       14N
  21.79704	  64.25334	   7.50000	       14N
   0.00000	  53.42499	   7.50000	       14N
   0.00000	  57.75633	   7.50000	       14N
   0.00000	  62.08767	   7.50000	       14N
   2.56436	  53.42499	   7.50000	       14N
   2.56436	  57.75633	   7.50000	       14N
   2.56436	  62.08767	   7.50000	       14N
   5.12872	  53.42499	   7.50000	       14N
   5.12872	  57.75633	   7.50000	       14N
   5.12872	  62.08767	   7.50000	       14N
   7.69307	  53.42499	   7.50000	       14N
   7.69307	  57.75633	   7.50000	       14N
   7.69307	  62.08767	   7.50000	       14N
  10.25743	  53.42499	   7.50000	       14N
  10.25743	  57.75633	   7.50000	       14N
  10.25743	  62.08767	   7.50000	       14N
  12.82179	  53.42499	   7.50000	       14N
  12.82179	  57.75633	   7.50000	       14N
  12.82179	  62.08767	   7.50000	       14N
  15.38615	  53.42499	   7.50000	       14N
  15.38615	  57.75633	   7.50000	       14N
  15.38615	  62.08767	   7.50000	       14N
  17.95051	  53.42499	   7.50000	       14N
  17.95051	  57.75633	   7.50000	       14N
  17.95051	  62.08767	   7.50000	       14N
  20.51486	  53.42499	   7.50000	       14N
  20.51486	  57.75633	   7.50000	       14N
  20.51486	  62.08767	   7.50000	       14N
   1.28218	  67.13305	   7.50000	       11B
   1.28218	  71.46439	   7.50000	       11B
   1.28218	  75.79573	   7.50000	       11B
   3.84654	  67.13305	   7.50000	       11B
   3.84654	  71.46439	   7.50000	       10B
   3.84654	  75.79573	   7.50000	       11B
   6.41090	  67.13305	   7.50000	       11B
   6.41090	  71.46439	   7.50000	       11B
   6.41090	  75.79573	   7.50000	       11B
   8.97525	  67.13305	   7.50000	       11B
   8.97525	  71.46439	   7.50000	       10B
   8.97525	  75.79573	   7.50000	       11B
  11.53961	  67.13305	   7.50000	       10B
  11.53961	  71.46439	   7.50000	       11B
  11.53961	  75.79573	   7.50000	       11B
  14.10397	  67.13305	   7.50000	       10B
  14.10397	  71.46439	   7.50000	       11B
  14.10397	  75.79573	   7.50000	       10B
  16.66833	  67.13305	   7.50000	       11B
  16.66833	  71.46439	   7.50000	       11B
  16.66833	  75.79573	   7.50000	       11B
  19.23269	  67.13305	   7.50000	       11B
  19.23269	  71.46439	   7.50000	       11B
  19.23269	  75.79573	   7.50000	       11B
  21.79704	  67.13305	   7.50000	       11B
  21.79704	  71.46439	   7.50000	       11B
  21.79704	  75.79573	   7.50000	       11B
   0.00000	  69.29871	   7.50000	       10B
   0.00000	  73.63005	   7.50000	       11B
   0.00000	  77.96139	   7.50000	       11B
   2.56436	  69.29871	   7.50000	       11B
   2.56436	  73.63005	   7.50000	       11B
   2.56436	  77.96139	   7.50000	       10B
   5.12872	  69.29871	   7.50000	       10B
   5.12872	  73.63005	   7.50000	       10B
   5.12872	  77.96139	   7.50000	       10B
   7.69307	  69.29871	   7.50000	       11B
   7.69307	  73.63005	   7.50000	       11B
   7.69307	  77.96139	   7.50000	       11B
  10.25743	  69.29871	   7.50000	       11B
  10.25743	  73.63005	   7.50000	       11B
  10.25743	  77.96139	   7.50000	       11B
  12.82179	  69.29871	   7.50000	       11B
  12.82179	  73.63005	   7.50000	       11B
  12.82179	  77.96139	   7.50000	       10B
  15.38615	  69.29871	   7.50000	       10B
  15.38615	  73.63005	   7.50000	       11B
  15.38615	  77.96139	   7.50000	       11B
  17.95051	  69.29871	   7.50000	       10B
  17.95051	  73.63005	   7.50000	       11B
  17.95051	  77.96139	   7.50000	       10B
  20.51486	  69.29871	   7.50000	       10B
  20.51486	  73.63005	   7.50000	       11B
  20.51486	  77.96139	   7.50000	       11B
   1.28218	  68.58468	   7.50000	       14N
   1.28218	  72.91602	   7.50000	       14N
   1.28218	  77.24736	   7.50000	       14N
   3.84654	  68.58468	   7.50000	       14N
   3.84654	  72.91602	   7.50000	       14N
   3.84654	  77.24736	   7.50000	       14N
   6.41090	  68.58468	   7.50000	       14N
   6.41090	  72.91602	   7.50000	       14N
   6.41090	  77.24736	   7.50000	       14N
   8.97525	  68.58468	   7.50000	       14N
   8.97525	  72.91602	   7.50000	       14N
   8.97525	  77.24736	   7.50000	       14N
  11.53961	  68.58468	   7.50000	       14N
  11.53961	  72.91602	   7.50000	       14N
  11.53961	  77.24736	   7.50000	       14N
  14.10397	  68.58468	   7.50000	       14N
  14.10397	  72.91602	   7.50000	       14N
  14.10397	  77.24736	   7.50000	       14N
  16.66833	  68.58468	   7.50000	       14N
  16.66833	  72.91602	   7.50000	       14N
  16.66833	  77.24736	   7.50000	       14N
  19.23269	  68.58468	   7.50000	       14N
  19.23269	  72.91602	   7.50000	       14N
  19.23269	  77.24736	   7.50000	       14N
  21.79704	  68.58468	   7.50000	       14N
  21.79704	  72.91602	   7.50000	       14N
  21.79704	  77.24736	   7.50000	       14N
   0.00000	  66.41901	   7.50000	       14N
   0.00000	  70.75035	   7.50000	       14N
   0.00000	  75.08168	   7.50000	       14N
   2.56436	  66.41901	   7.50000	       14N
   2.56436	  70.75035	   7.50000	       14N
   2.56436	  75.08168	   7.50000	       14N
   5.12872	  66.41901	   7.50000	       14N
   5.12872	  70.75035	   7.50000	       14N
   5.12872	  75.08168	   7.50000	       14N
   7.69307	  66.41901	   7.50000	       14N
   7.69307	  70.75035	   7.50000	       14N
   7.69307	  75.08168	   7.50000	       14N
  10.25743	  66.41901	   7.50000	       14N
  10.25743	  70.75035	   7.50000	       14N
  10.25743	  75.08168	   7.50000	       14N
  12.82179	  66.41901	   7.50000	       14N
  12.82179	  70.75035	   7.50000	       14N
  12.82179	  75.08168	   7.50000	       14N
  15.38615	  66.41901	   7.50000	       14N
  15.38615	  70.75035	   7.50000	       14N
  15.38615	  75.08168	   7.50000	       14N
  17.95051	  66.41901	   7.50000	       14N
  17.95051	  70.75035	   7.50000	       14N
  17.95051	  75.08168	   7.50000	       14N
  20.51486	  66.41901	   7.50000	       14N
  20.51486	  70.75035	   7.50000	       14N
  20.51486	  75.08168	   7.50000	       14N
   0.00000	  79.41302	   7.50000	       14N
   2.56436	  79.41302	   7.50000	       14N
   5.12872	  79.41302	   7.50000	       14N
   7.69307	  79.41302	   7.50000	       14N
  10.25743	  79.41302	   7.50000	       14N
  12.82179	  79.41302	   7.50000	       14N
  15.38615	  79.41302	   7.50000	       14N
  17.95051	  79.41302	   7.50000	       14N
  20.51486	  79.41302	   7.50000	       14N
  24.36140	   2.16297	   7.50000	       10B
  24.36140	   6.49431	   7.50000	       11B
  24.36140	  10.82565	   7.50000	       11B
  26.92576	   2.16297	   7.50000	       11B
  26.92576	   6.49431	   7.50000	       11B
  26.92576	  10.82565	   7.50000	       11B
  29.49012	   2.16297	   7.50000	       11B
  29.49012	   6.49431	   7.50000	       11B
  29.49012	  10.82565	   7.50000	       11B
  32.05448	   2.16297	   7.50000	       11B
  32.05448	   6.49431	   7.50000	       11B
  32.05448	  10.82565	   7.50000	       11B
  34.61883	   2.16297	   7.50000	       11B
  34.61883	   6.49431	   7.50000	       11B
  34.61883	  10.82565	   7.50000	       11B
  37.18319	   2.16297	   7.50000	       11B
  37.18319	   6.49431	   7.50000	       11B
  37.18319	  10.82565	   7.50000	       11B
  39.74755	   2.16297	   7.50000	       11B
  39.74755	   6.49431	   7.50000	       10B
  39.74755	  10.82565	   7.50000	       11B
  42.31191	   2.16297	   7.50000	       10B
  42.31191	   6.49431	   7.50000	       11B
  42.31191	  10.82565	   7.50000	       11B
  44.87627	   2.16297	   7.50000	       11B
  44.87627	   6.49431	   7.50000	       11B
  44.87627	  10.82565	   7.50000	       10B
  23.07922	   4.32864	   7.50000	       11B
  23.07922	   8.65998	   7.50000	       11B
  23.07922	  12.99131	   7.50000	       10B
  25.64358	   4.32864	   7.50000	       11B
  25.64358	   8.65998	   7.50000	       11B
  25.64358	  12.99131	   7.50000	       11B
  28.20794	   4.32864	   7.50000	       11B
  28.20794	   8.65998	   7.50000	       11B
  28.20794	  12.99131	   7.50000	       11B
  30.77230	   4.32864	   7.50000	       11B
  30.77230	   8.65998	   7.50000	       11B
  30.77230	  12.99131	   7.50000	       11B
  33.33666	   4.32864	   7.50000	       11B
  33.33666	   8.65998	   7.50000	       10B
  33.33666	  12.99131	   7.50000	       11B
  35.90101	   4.32864	   7.50000	       11B
  35.90101	   8.65998	   7.50000	       11B
  35.90101	  12.99131	   7.50000	       11B
  38.46537	   4.32864	   7.50000	       11B
  38.46537	   8.65998	   7.50000	       11B
  38.46537	  12.99131	   7.50000	       11B
  41.02973	   4.32864	   7.50000	       11B
  41.02973	   8.65998	   7.50000	       11B
  41.02973	  12.99131	   7.50000	       10B
  43.59409	   4.32864	   7.50000	       11B
  43.59409	   8.65998	   7.50000	       11B
  43.59409	  12.99131	   7.50000	       11B
  24.36140	   3.61460	   7.50000	       14N
  24.36140	   7.94594	   7.50000	       14N
  24.36140	  12.27728	   7.50000	       14N
  26.92576	   3.61460	   7.50000	       14N
  26.92576	   7.94594	   7.50000	       14N
  26.92576	  12.27728	   7.50000	       14N
  29.49012	   3.61460	   7.50000	       14N
  29.49012	   7.94594	   7.50000	       14N
  29.49012	  12.27728	   7.50000	       14N
  32.05448	   3.61460	   7.50000	       14N
  32.05448	   7.94594	   7.50000	       14N
  32.05448	  12.27728	   7.50000	       14N
  34.61883	   3.61460	   7.50000	       14N
  34.61883	   7.94594	   7.50000	       14N
  34.61883	  12.27728	   7.50000	       14N
  37.18319	   3.61460	   7.50000	       14N
  37.18319	   7.94594	   7.50000	       14N
  37.18319	  12.27728	   7.50000	       14N
  39.74755	   3.61460	   7.50000	       14N
  39.74755	   7.94594	   7.50000	       14N
  39.74755	  12.27728	   7.50000	       14N
  42.31191	   3.61460	   7.50000	       14N
  42.31191	   7.94594	   7.50000	       14N
  42.31191	  12.27728	   7.50000	       14N
  44.87627	   3.61460	   7.50000	       14N
  44.87627	   7.94594	   7.50000	       14N
  44.87627	  12.27728	   7.50000	       14N
  23.07922	   1.44893	   7.50000	       14N
  23.07922	   5.78027	   7.50000	       14N
  23.07922	  10.11161	   7.50000	       14N
  25.64358	   1.44893	   7.50000	       14N
  25.64358	   5.78027	   7.50000	       14N
  25.64358	  10.11161	   7.50000	       14N
  28.20794	   1.44893	   7.50000	       14N
  28.20794	   5.78027	   7.50000	       14N
  28.20794	  10.11161	   7.50000	       14N
  30.77230	   1.44893	   7.50000	       14N
  30.77230	   5.78027	   7.50000	       14N
  30.77230	  10.11161	   7.50000	       14N
  33.33666	   1.44893	   7.50000	       14N
  33.33666	   5.78027	   7.50000	       14N
  33.33666	  10.11161	   7.50000	       14N
  35.90101	   1.44893	   7.50000	       14N
  35.90101	   5.78027	   7.50000	       14N
  35.90101	  10.11161	   7.50000	       14N
  38.46537	   1.44893	   7.50000	       14N
  38.46537	   5.78027	   7.50000	       14N
  38.46537	  10.11161	   7.50000	       14N
  41.02973	   1.44893	   7.50000	       14N
  41.02973	   5.78027	   7.50000	       14N
  41.02973	  10.11161	   7.50000	       14N
  43.59409	   1.44893	   7.50000	       14N
  43.59409	   5.78027	   7.50000	       14N
  43.59409	  10.11161	   7.50000	       14N
  24.36140	  15.15699	   7.50000	       10B
  24.36140	  19.48833	   7.50000	       11B
  24.36140	  23.81966	   7.50000	       11B
  26.92576	  15.15699	   7.50000	       11B
  26.92576	  19.48833	   7.50000	       11B
  26.92576	  23.81966	   7.50000	       11B
  29.49012	  15.15699	   7.50000	       11B
  29.49012	  19.48833	   7.50000	       11B
  29.49012	  23.81966	   7.50000	       11B
  32.05448	  15.15699	   7.50000	       11B
  32.05448	  19.48833	   7.50000	       11B
  32.05448	  23.81966	   7.50000	       11B
  34.61883	  15.15699	   7.50000	       11B
  34.61883	  19.48833	   7.50000	       11B
  34.61883	  23.81966	   7.50000	       10B
  37.18319	  15.15699	   7.50000	       11B
  37.18319	  19.48833	   7.50000	       10B
  37.18319	  23.81966	   7.50000	       11B
  39.74755	  15.15699	   7.50000	       11B
  39.74755	  19.48833	   7.50000	       11B
  39.74755	  23.81966	   7.50000	       11B
  42.31191	  15.15699	   7.50000	       11B
  42.31191	  19.48833	   7.50000	       11B
  42.31191	  23.81966	   7.50000	       11B
  44.87627	  15.15699	   7.50000	       11B
  44.87627	  19.48833	   7.50000	       11B
  44.87627	  23.81966	   7.50000	       11B
  23.07922	  17.32265	   7.50000	       11B
  23.07922	  21.65399	   7.50000	       11B
  23.07922	  25.98533	   7.50000	       10B
  25.64358	  17.32265	   7.50000	       11B
  25.64358	  21.65399	   7.50000	       11B
  25.64358	  25.98533	   7.50000	       10B
  28.20794	  17.32265	   7.50000	       11B
  28.20794	  21.65399	   7.50000	       10B
  28.20794	  25.98533	   7.50000	       10B
  30.77230	  17.32265	   7.50000	       11B
  30.77230	  21.65399	   7.50000	       11B
  30.77230	  25.98533	   7.50000	       11B
  33.33666	  17.32265	   7.50000	       11B
  33.33666	  21.65399	   7.50000	       11B
  33.33666	  25.98533	   7.50000	       11B
  35.90101	  17.32265	   7.50000	       11B
  35.90101	  21.65399	   7.50000	       10B
  35.90101	  25.98533	   7.50000	       11B
  38.46537	  17.32265	   7.50000	       10B
  38.46537	  21.65399	   7.50000	       11B
  38.46537	  25.98533	   7.50000	       11B
  41.02973	  17.32265	   7.50000	       10B
  41.02973	  21.65399	   7.50000	       11B
  41.02973	  25.98533	   7.50000	       11B
  43.59409	  17.32265	   7.50000	       10B
  43.59409	  21.65399	   7.50000	       11B
  43.59409	  25.98533	   7.50000	       11B
  24.36140	  16.60862	   7.50000	       14N
  24.36140	  20.93996	   7.50000	       14N
  24.36140	  25.27129	   7.50000	       14N
  26.92576	  16.60862	   7.50000	       14N
  26.92576	  20.93996	   7.50000	       14N
  26.92576	  25.27129	   7.50000	       14N
  29.49012	  16.60862	   7.50000	       14N
  29.49012	  20.93996	   7.50000	       14N
  29.49012	  25.27129	   7.50000	       14N
  32.05448	  16.60862	   7.50000	       14N
  32.05448	  20.93996	   7.50000	       14N
  32.05448	  25.27129	   7.50000	       14N
  34.61883	  16.60862	   7.50000	       14N
  34.61883	  20.93996	   7.50000	       14N
  34.61883	  25.27129	   7.50000	       14N
  37.18319	  16.60862	   7.50000	       14N
  37.18319	  20.93996	   7.50000	       14N
  37.18319	  25.27129	   7.50000	       14N
  39.74755	  16.60862	   7.50000	       14N
  39.74755	  20.93996	   7.50000	       14N
  39.74755	  25.27129	   7.50000	       14N
  42.31191	  16.60862	   7.50000	       14N
  42.31191	  20.93996	   7.50000	       14N
  42.31191	  25.27129	   7.50000	       14N
  44.87627	  16.60862	   7.50000	       14N
  44.87627	  20.93996	   7.50000	       14N
  44.87627	  25.27129	   7.50000	       14N
  23.07922	  14.44295	   7.50000	       14N
  23.07922	  18.77429	   7.50000	       14N
  23.07922	  23.10562	   7.50000	       14N
  25.64358	  14.44295	   7.50000	       14N
  25.64358	  18.77429	   7.50000	       14N
  25.64358	  23.10562	   7.50000	       14N
  28.20794	  14.44295	   7.50000	       14N
  28.20794	  18.77429	   7.50000	       14N
  28.20794	  23.10562	   7.50000	       14N
  30.77230	  14.44295	   7.50000	       14N
  30.77230	  18.77429	   7.50000	       14N
  30.77230	  23.10562	   7.50000	       14N
  33.33666	  14.44295	   7.50000	       14N
  33.33666	  18.77429	   7.50000	       14N
  33.33666	  23.10562	   7.50000	       14N
  35.90101	  14.44295	   7.50000	       14N
  35.90101	  18.77429	   7.50000	       14N
  35.90101	  23.10562	   7.50000	       14N
  38.46537	  14.44295	   7.50000	       14N
  38.46537	  18.77429	   7.50000	       14N
  38.46537	  23.10562	   7.50000	       14N
  41.02973	  14.44295	   7.50000	       14N
  41.02973	  18.77429	   7.50000	       14N
  41.02973	  23.10562	   7.50000	       14N
  43.59409	  14.44295	   7.50000	       14N
  43.59409	  18.77429	   7.50000	       14N
  43.59409	  23.10562	   7.50000	       14N
  24.36140	  28.15100	   7.50000	       10B
  24.36140	  32.48234	   7.50000	       10B
  24.36140	  36.81368	   7.50000	       11B
  26.92576	  28.15100	   7.50000	       11B
  26.92576	  32.48234	   7.50000	       11B
  26.92576	  36.81368	   7.50000	       11B
  29.49012	  28.15100	   7.50000	       11B
  29.49012	  32.48234	   7.50000	       11B
  29.49012	  36.81368	   7.50000	       11B
  32.05448	  28.15100	   7.50000	       11B
  32.05448	  32.48234	   7.50000	       11B
  32.05448	  36.81368	   7.50000	       11B
  34.61883	  28.15100	   7.50000	       11B
  34.61883	  32.48234	   7.50000	       11B
  34.61883	  36.81368	   7.50000	       11B
  37.18319	  28.15100	   7.50000	       10B
  37.18319	  32.48234	   7.50000	       10B
  37.18319	  36.81368	   7.50000	       11B
  39.74755	  28.15100	   7.50000	       11B
  39.74755	  32.48234	   7.50000	       11B
  39.74755	  36.81368	   7.50000	       11B
  42.31191	  28.15100	   7.50000	       11B
  42.31191	  32.48234	   7.50000	       10B
  42.31191	  36.81368	   7.50000	       11B
  44.87627	  28.15100	   7.50000	       10B
  44.87627	  32.48234	   7.50000	       11B
  44.87627	  36.81368	   7.50000	       11B
  23.07922	  30.31667	   7.50000	       11B
  23.07922	  34.64801	   7.50000	       11B
  23.07922	  38.97934	   7.50000	       10B
  25.64358	  30.31667	   7.50000	       11B
  25.64358	  34.64801	   7.50000	       11B
  25.64358	  38.97934	   7.50000	       11B
  28.20794	  30.31667	   7.50000	       11B
  28.20794	  34.64801	   7.50000	       11B
  28.20794	  38.97934	   7.50000	       10B
  30.77230	  30.31667	   7.50000	       11B
  30.77230	  34.64801	   7.50000	       11B
  30.77230	  38.97934	   7.50000	       11B
  33.33666	  30.31667	   7.50000	       11B
  33.33666	  34.64801	   7.50000	       11B
  33.33666	  38.97934	   7.50000	       10B
  35.90101	  30.31667	   7.50000	       10B
  35.90101	  34.64801	   7.50000	       10B
  35.90101	  38.97934	   7.50000	       11B
  38.46537	  30.31667	   7.50000	       11B
  38.46537	  34.64801	   7.50000	       11B
  38.46537	  38.97934	   7.50000	       11B
  41.02973	  30.31667	   7.50000	       11B
  41.02973	  34.64801	   7.50000	       11B
  41.02973	  38.97934	   7.50000	       11B
  43.59409	  30.31667	   7.50000	       11B
  43.59409	  34.64801	   7.50000	       10B
  43.59409	  38.97934	   7.50000	       11B
  24.36140	  29.60263	   7.50000	       14N
  24.36140	  33.93397	   7.50000	       14N
  24.36140	  38.26531	   7.50000	       14N
  26.92576	  29.60263	   7.50000	       14N
  26.92576	  33.93397	   7.50000	       14N
  26.92576	  38.26531	   7.50000	       14N
  29.49012	  29.60263	   7.50000	       14N
  29.49012	  33.93397	   7.50000	       14N
  29.49012	  38.26531	   7.50000	       14N
  32.05448	  29.60263	   7.50000	       14N
  32.05448	  33.93397	   7.50000	       14N
  32.05448	  38.26531	   7.50000	       14N
  34.61883	  29.60263	   7.50000	       14N
  34.61883	  33.93397	   7.50000	       14N
  34.61883	  38.26531	   7.50000	       14N
  37.18319	  29.60263	   7.50000	       14N
  37.18319	  33.93397	   7.50000	       14N
  37.18319	  38.26531	   7.50000	       14N
  39.74755	  29.60263	   7.50000	       14N
  39.74755	  33.93397	   7.50000	       14N
  39.74755	  38.26531	   7.50000	       14N
  42.31191	  29.60263	   7.50000	       14N
  42.31191	  33.93397	   7.50000	       14N
  42.31191	  38.26531	   7.50000	       14N
  44.87627	  29.60263	   7.50000	       14N
  44.87627	  33.93397	   7.50000	       14N
  44.87627	  38.26531	   7.50000	       14N
  23.07922	  27.43696	   7.50000	       14N
  23.07922	  31.76830	   7.50000	       14N
  23.07922	  36.09964	   7.50000	       14N
  25.64358	  27.43696	   7.50000	       14N
  25.64358	  31.76830	   7.50000	       14N
  25.64358	  36.09964	   7.50000	       14N
  28.20794	  27.43696	   7.50000	       14N
  28.20794	  31.76830	   7.50000	       14N
  28.20794	  36.09964	   7.50000	       14N
  30.77230	  27.43696	   7.50000	       14N
  30.77230	  31.76830	   7.50000	       14N
  30.77230	  36.09964	   7.50000	       14N
  33.33666	  27.43696	   7.50000	       14N
  33.33666	  31.76830	   7.50000	       14N
  33.33666	  36.09964	   7.50000	       14N
  35.90101	  27.43696	   7.50000	       14N
  35.90101	  31.76830	   7.50000	       14N
  35.90101	  36.09964	   7.50000	       14N
  38.46537	  27.43696	   7.50000	       14N
  38.46537	  31.76830	   7.50000	       14N
  38.46537	  36.09964	   7.50000	       14N
  41.02973	  27.43696	   7.50000	       14N
  41.02973	  31.76830	   7.50000	       14N
  41.02973	  36.09964	   7.50000	       14N
  43.59409	  27.43696	   7.50000	       14N
  43.59409	  31.76830	   7.50000	       14N
  43.59409	  36.09964	   7.50000	       14N
  24.35948	  41.14028	   7.50000	       11B
  24.35910	  45.47226	   7.50000	       11B
  24.36061	  49.80269	   7.50000	       10B
  26.92181	  41.14204	   7.50000	       11B
  26.91761	  45.47344	   7.50000	       11B
  26.92441	  49.80447	   7.50000	       11B
  29.48468	  41.14483	   7.50000	       11B
  29.47449	  45.47639	   7.50000	       11B
  29.48913	  49.80825	   7.50000	       11B
  32.05027	  41.15157	   7.50000	       10B
  32.03701	  45.48703	   7.50000	       11B
  32.05746	  49.81021	   7.50000	       10B
  34.61883	  41.16501	   7.50000	       11B
  34.61883	  49.80853	   7.50000	       11B
  37.18740	  41.15157	   7.50000	       11B
  37.20065	  45.48703	   7.50000	       11B
  37.18021	  49.81021	   7.50000	       11B
  39.75299	  41.14483	   7.50000	       11B
  39.76318	  45.47639	   7.50000	       11B
  39.74854	  49.80825	   7.50000	       11B
  42.31586	  41.14204	   7.50000	       10B
  42.32006	  45.47344	   7.50000	       11B
  42.31326	  49.80447	   7.50000	       11B
  44.87818	  41.14028	   7.50000	       11B
  44.87856	  45.47226	   7.50000	       11B
  44.87706	  49.80269	   7.50000	       11B
  23.07922	  43.30616	   7.50000	       11B
  23.07922	  47.63686	   7.50000	       11B
  23.07922	  51.96771	   7.50000	       11B
  25.63950	  43.30695	   7.50000	       10B
  25.64171	  47.63884	   7.50000	       11B
  25.64197	  51.96879	   7.50000	       10B
  28.20067	  43.30799	   7.50000	       11B
  28.20501	  47.64068	   7.50000	       11B
  28.20553	  51.97151	   7.50000	       11B
  30.76321	  43.31351	   7.50000	       11B
  30.76967	  47.64536	   7.50000	       11B
  30.77122	  51.97569	   7.50000	       10B
  33.33942	  43.33462	   7.50000	       11B
  33.34427	  47.62179	   7.50000	       11B
  33.33812	  51.98313	   7.50000	       11B
  35.89825	  43.33462	   7.50000	       11B
  35.89340	  47.62179	   7.50000	       11B
  35.89955	  51.98313	   7.50000	       11B
  38.47446	  43.31351	   7.50000	       10B
  38.46800	  47.64536	   7.50000	       11B
  38.46645	  51.97569	   7.50000	       11B
  41.03699	  43.30799	   7.50000	       10B
  41.03266	  47.64068	   7.50000	       11B
  41.03213	  51.97151	   7.50000	       11B
  43.59817	  43.30695	   7.50000	       11B
  43.59596	  47.63884	   7.50000	       11B
  43.59570	  51.96879	   7.50000	       11B
  24.35768	  42.59112	   7.50000	       14N
  24.35853	  46.92346	   7.50000	       14N
  24.35915	  51.25400	   7.50000	       14N
  26.91492	  42.59186	   7.50000	       14N
  26.91634	  46.92539	   7.50000	       14N
  26.91952	  51.25607	   7.50000	       14N
  29.47319	  42.59242	   7.50000	       14N
  29.47388	  46.93025	   7.50000	       14N
  29.48237	  51.26068	   7.50000	       14N
  32.03461	  42.59221	   7.50000	       14N
  32.03043	  46.94099	   7.50000	       14N
  32.05057	  51.26631	   7.50000	       14N
  34.61883	  42.60297	   7.50000	       14N
  34.61883	  51.26785	   7.50000	       14N
  37.20306	  42.59221	   7.50000	       14N
  37.20724	  46.94099	   7.50000	       14N
  37.18710	  51.26631	   7.50000	       14N
  39.76448	  42.59242	   7.50000	       14N
  39.76379	  46.93025	   7.50000	       14N
  39.75530	  51.26068	   7.50000	       14N
  42.32274	  42.59186	   7.50000	       14N
  42.32133	  46.92539	   7.50000	       14N
  42.31814	  51.25607	   7.50000	       14N
  44.87999	  42.59112	   7.50000	       14N
  44.87914	  46.92346	   7.50000	       14N
  44.87852	  51.25400	   7.50000	       14N
  23.07922	  40.42501	   7.50000	       14N
  23.07922	  44.75714	   7.50000	       14N
  23.07922	  49.08854	   7.50000	       14N
  25.63785	  40.42583	   7.50000	       14N
  25.63461	  44.75757	   7.50000	       14N
  25.63897	  49.09006	   7.50000	       14N
  28.19793	  40.42772	   7.50000	       14N
  28.18794	  44.75872	   7.50000	       14N
  28.19951	  49.09370	   7.50000	       14N
  30.76193	  40.43079	   7.50000	       14N
  30.73352	  44.76088	   7.50000	       14N
  30.76260	  49.10173	   7.50000	       14N
  33.33348	  40.43791	   7.50000	       14N
  33.33170	  49.10443	   7.50000	       14N
  35.90419	  40.43791	   7.50000	       14N
  35.90597	  49.10443	   7.50000	       14N
  38.47574	  40.43079	   7.50000	       14N
  38.50415	  44.76088	   7.50000	       14N
  38.47507	  49.10173	   7.50000	       14N
  41.03974	  40.42772	   7.50000	       14N
  41.04973	  44.75872	   7.50000	       14N
  41.03816	  49.09370	   7.50000	       14N
  43.59982	  40.42583	   7.50000	       14N
  43.60306	  44.75757	   7.50000	       14N
  43.59870	  49.09006	   7.50000	       14N
  36.02290	  44.72589	   7.50000	       14N
  33.21477	  44.72589	   7.50000	       14N
  34.61883	  47.00764	   7.50000	       14N
  24.36140	  54.13903	   7.50000	       11B
  24.36140	  58.47037	   7.50000	       11B
  24.36140	  62.80171	   7.50000	       11B
  26.92576	  54.13903	   7.50000	       11B
  26.92576	  58.47037	   7.50000	       11B
  26.92576	  62.80171	   7.50000	       11B
  29.49012	  54.13903	   7.50000	       10B
  29.49012	  58.47037	   7.50000	       11B
  29.49012	  62.80171	   7.50000	       11B
  32.05448	  54.13903	   7.50000	       11B
  32.05448	  58.47037	   7.50000	       11B
  32.05448	  62.80171	   7.50000	       11B
  34.61883	  54.13903	   7.50000	       10B
  34.61883	  58.47037	   7.50000	       11B
  34.61883	  62.80171	   7.50000	       11B
  37.18319	  54.13903	   7.50000	       11B
  37.18319	  58.47037	   7.50000	       11B
  37.18319	  62.80171	   7.50000	       11B
  39.74755	  54.13903	   7.50000	       11B
  39.74755	  58.47037	   7.50000	       11B
  39.74755	  62.80171	   7.50000	       11B
  42.31191	  54.13903	   7.50000	       11B
  42.31191	  58.47037	   7.50000	       10B
  42.31191	  62.80171	   7.50000	       11B
  44.87627	  54.13903	   7.50000	       10B
  44.87627	  58.47037	   7.50000	       11B
  44.87627	  62.80171	   7.50000	       11B
  23.07922	  56.30470	   7.50000	       11B
  23.07922	  60.63604	   7.50000	       11B
  23.07922	  64.96738	   7.50000	       11B
  25.64358	  56.30470	   7.50000	       11B
  25.64358	  60.63604	   7.50000	       11B
  25.64358	  64.96738	   7.50000	       11B
  28.20794	  56.30470	   7.50000	       10B
  28.20794	  60.63604	   7.50000	       11B
  28.20794	  64.96738	   7.50000	       10B
  30.77230	  56.30470	   7.50000	       11B
  30.77230	  60.63604	   7.50000	       11B
  30.77230	  64.96738	   7.50000	       11B
  33.33666	  56.30470	   7.50000	       11B
  33.33666	  60.63604	   7.50000	       11B
  33.33666	  64.96738	   7.50000	       11B
  35.90101	  56.30470	   7.50000	       11B
  35.90101	  60.63604	   7.50000	       10B
  35.90101	  64.96738	   7.50000	       11B
  38.46537	  56.30470	   7.50000	       11B
  38.46537	  60.63604	   7.50000	       11B
  38.46537	  64.96738	   7.50000	       11B
  41.02973	  56.30470	   7.50000	       11B
  41.02973	  60.63604	   7.50000	       11B
  41.02973	  64.96738	   7.50000	       11B
  43.59409	  56.30470	   7.50000	       11B
  43.59409	  60.63604	   7.50000	       10B
  43.59409	  64.96738	   7.50000	       11B
  24.36140	  55.59066	   7.50000	       14N
  24.36140	  59.92200	   7.50000	       14N
  24.36140	  64.25334	   7.50000	       14N
  26.92576	  55.59066	   7.50000	       14N
  26.92576	  59.92200	   7.50000	       14N
  26.92576	  64.25334	   7.50000	       14N
  29.49012	  55.59066	   7.50000	       14N
  29.49012	  59.92200	   7.50000	       14N
  29.49012	  64.25334	   7.50000	       14N
  32.05448	  55.59066	   7.50000	       14N
  32.05448	  59.92200	   7.50000	       14N
  32.05448	  64.25334	   7.50000	       14N
  34.61883	  55.59066	   7.50000	       14N
  34.61883	  59.92200	   7.50000	       14N
  34.61883	  64.25334	   7.50000	       14N
  37.18319	  55.59066	   7.50000	       14N
  37.18319	  59.92200	   7.50000	       14N
  37.18319	  64.25334	   7.50000	       14N
  39.74755	  55.59066	   7.50000	       14N
  39.74755	  59.92200	   7.50000	       14N
  39.74755	  64.25334	   7.50000	       14N
  42.31191	  55.59066	   7.50000	       14N
  42.31191	  59.92200	   7.50000	       14N
  42.31191	  64.25334	   7.50000	       14N
  44.87627	  55.59066	   7.50000	       14N
  44.87627	  59.92200	   7.50000	       14N
  44.87627	  64.25334	   7.50000	       14N
  23.07922	  53.42499	   7.50000	       14N
  23.07922	  57.75633	   7.50000	       14N
  23.07922	  62.08767	   7.50000	       14N
  25.64358	  53.42499	   7.50000	       14N
  25.64358	  57.75633	   7.50000	       14N
  25.64358	  62.08767	   7.50000	       14N
  28.20794	  53.42499	   7.50000	       14N
  28.20794	  57.75633	   7.50000	       14N
  28.20794	  62.08767	   7.50000	       14N
  30.77230	  53.42499	   7.50000	       14N
  30.77230	  57.75633	   7.50000	       14N
  30.77230	  62.08767	   7.50000	       14N
  33.33666	  53.42499	   7.50000	       14N
  33.33666	  57.75633	   7.50000	       14N
  33.33666	  62.08767	   7.50000	       14N
  35.90101	  53.42499	   7.50000	       14N
  35.90101	  57.75633	   7.50000	       14N
  35.90101	  62.08767	   7.50000	       14N
  38.46537	  53.42499	   7.50000	       14N
  38.46537	  57.75633	   7.50000	       14N
  38.46537	  62.08767	   7.50000	       14N
  41.02973	  53.42499	   7.50000	       14N
  41.02973	  57.75633	   7.50000	       14N
  41.02973	  62.08767	   7.50000	       14N
  43.59409	  53.42499	   7.50000	       14N
  43.59409	  57.75633	   7.50000	       14N
  43.59409	  62.08767	   7.50000	       14N
  24.36140	  67.13305	   7.50000	       11B
  24.36140	  71.46439	   7.50000	       11B
  24.36140	  75.79573	   7.50000	       11B
  26.92576	  67.13305	   7.50000	       11B
  26.92576	  71.46439	   7.50000	       10B
  26.92576	  75.79573	   7.50000	       11B
  29.49012	  67.13305	   7.50000	       11B
  29.49012	  71.46439	   7.50000	       11B
  29.49012	  75.79573	   7.50000	       11B
  32.05448	  67.13305	   7.50000	       11B
  32.05448	  71.46439	   7.50000	       11B
  32.05448	  75.79573	   7.50000	       11B
  34.61883	  67.13305	   7.50000	       11B
  34.61883	  71.46439	   7.50000	       11B
  34.61883	  75.79573	   7.50000	       11B
  37.18319	  67.13305	   7.50000	       11B
  37.18319	  71.46439	   7.50000	       11B
  37.18319	  75.79573	   7.50000	       11B
  39.74755	  67.13305	   7.50000	       11B
  39.74755	  71.46439	   7.50000	       11B
  39.74755	  75.79573	   7.50000	       10B
  42.31191	  67.13305	   7.50000	       11B
  42.31191	  71.46439	   7.50000	       10B
  42.31191	  75.79573	   7.50000	       11B
  44.87627	  67.13305	   7.50000	       11B
  44.87627	  71.46439	   7.50000	       11B
  44.87627	  75.79573	   7.50000	       11B
  23.07922	  69.29871	   7.50000	       11B
  23.07922	  73.63005	   7.50000	       11B
  23.07922	  77.96139	   7.50000	       10B
  25.64358	  69.29871	   7.50000	       11B
  25.64358	  73.63005	   7.50000	       11B
  25.64358	  77.96139	   7.50000	       11B
  28.20794	  69.29871	   7.50000	       11B
  28.20794	  73.63005	   7.50000	       11B
  28.20794	  77.96139	   7.50000	       11B
  30.77230	  69.29871	   7.50000	       11B
  30.77230	  73.63005	   7.50000	       11B
  30.77230	  77.96139	   7.50000	       11B
  33.33666	  69.29871	   7.50000	       11B
  33.33666	  73.63005	   7.50000	       11B
  33.33666	  77.96139	   7.50000	       10B
  35.90101	  69.29871	   7.50000	       10B
  35.90101	  73.63005	   7.50000	       11B
  35.90101	  77.96139	   7.50000	       10B
  38.46537	  69.29871	   7.50000	       11B
  38.46537	  73.63005	   7.50000	       11B
  38.46537	  77.96139	   7.50000	       11B
  41.02973	  69.29871	   7.50000	       11B
  41.02973	  73.63005	   7.50000	       11B
  41.02973	  77.96139	   7.50000	       11B
  43.59409	  69.29871	   7.50000	       11B
  43.59409	  73.63005	   7.50000	       10B
  43.59409	  77.96139	   7.50000	       11B
  24.36140	  68.58468	   7.50000	       14N
  24.36140	  72.91602	   7.50000	       14N
  24.36140	  77.24736	   7.50000	       14N
  26.92576	  68.58468	   7.50000	       14N
  26.92576	  72.91602	   7.50000	       14N
  26.92576	  77.24736	   7.50000	       14N
  29.49012	  68.58468	   7.50000	       14N
  29.49012	  72.91602	   7.50000	       14N
  29.49012	  77.24736	   7.50000	       14N
  32.05448	  68.58468	   7.50000	       14N
  32.05448	  72.91602	   7.50000	       14N
  32.05448	  77.24736	   7.50000	       14N
  34.61883	  68.58468	   7.50000	       14N
  34.61883	  72.91602	   7.50000	       14N
  34.61883	  77.24736	   7.50000	       14N
  37.18319	  68.58468	   7.50000	       14N
  37.18319	  72.91602	   7.50000	       14N
  37.18319	  77.24736	   7.50000	       14N
  39.74755	  68.58468	   7.50000	       14N
  39.74755	  72.91602	   7.50000	       14N
  39.74755	  77.24736	   7.50000	       14N
  42.31191	  68.58468	   7.50000	       14N
  42.31191	  72.91602	   7.50000	       14N
  42.31191	  77.24736	   7.50000	       14N
  44.87627	  68.58468	   7.50000	       14N
  44.87627	  72.91602	   7.50000	       14N
  44.87627	  77.24736	   7.50000	       14N
  23.07922	  66.41901	   7.50000	       14N
  23.07922	  70.75035	   7.50000	       14N
  23.07922	  75.08168	   7.50000	       14N
  25.64358	  66.41901	   7.50000	       14N
  25.64358	  70.75035	   7.50000	       14N
  25.64358	  75.08168	   7.50000	       14N
  28.20794	  66.41901	   7.50000	       14N
  28.20794	  70.75035	   7.50000	       14N
  28.20794	  75.08168	   7.50000	       14N
  30.77230	  66.41901	   7.50000	       14N
  30.77230	  70.75035	   7.50000	       14N
  30.77230	  75.08168	   7.50000	       14N
  33.33666	  66.41901	   7.50000	       14N
  33.33666	  70.75035	   7.50000	       14N
  33.33666	  75.08168	   7.50000	       14N
  35.90101	  66.41901	   7.50000	       14N
  35.90101	  70.75035	   7.50000	       14N
  35.90101	  75.08168	   7.50000	       14N
  38.46537	  66.41901	   7.50000	       14N
  38.46537	  70.75035	   7.50000	       14N
  38.46537	  75.08168	   7.50000	       14N
  41.02973	  66.41901	   7.50000	       14N
  41.02973	  70.75035	   7.50000	       14N
  41.02973	  75.08168	   7.50000	       14N
  43.59409	  66.41901	   7.50000	       14N
  43.59409	  70.75035	   7.50000	       14N
  43.59409	  75.08168	   7.50000	       14N
  23.07922	  79.41302	   7.50000	       14N
  25.64358	  79.41302	   7.50000	       14N
  28.20794	  79.41302	   7.50000	       14N
  30.77230	  79.41302	   7.50000	       14N
  33.33666	  79.41302	   7.50000	       14N
  35.90101	  79.41302	   7.50000	       14N
  38.46537	  79.41302	   7.50000	       14N
  41.02973	  79.41302	   7.50000	       14N
  43.59409	  79.41302	   7.50000	       14N
  47.44062	   2.16297	   7.50000	       11B
  47.44062	   6.49431	   7.50000	       11B
  47.44062	  10.82565	   7.50000	       11B
  50.00498	   2.16297	   7.50000	       11B
  50.00498	   6.49431	   7.50000	       11B
  50.00498	  10.82565	   7.50000	       10B
  52.56934	   2.16297	   7.50000	       11B
  52.56934	   6.49431	   7.50000	       11B
  52.56934	  10.82565	   7.50000	       11B
  55.13370	   2.16297	   7.50000	       11B
  55.13370	   6.49431	   7.50000	       11B
  55.13370	  10.82565	   7.50000	       11B
  57.69806	   2.16297	   7.50000	       11B
  57.69806	   6.49431	   7.50000	       10B
  57.69806	  10.82565	   7.50000	       11B
  60.26242	   2.16297	   7.50000	       11B
  60.26242	   6.49431	   7.50000	       10B
  60.26242	  10.82565	   7.50000	       11B
  62.82677	   2.16297	   7.50000	       11B
  62.82677	   6.49431	   7.50000	       11B
  62.82677	  10.82565	   7.50000	       11B
  65.39113	   2.16297	   7.50000	       10B
  65.39113	   6.49431	   7.50000	       11B
  65.39113	  10.82565	   7.50000	       11B
  67.95549	   2.16297	   7.50000	       10B
  67.95549	   6.49431	   7.50000	       10B
  67.95549	  10.82565	   7.50000	       11B
  46.15845	   4.32864	   7.50000	       11B
  46.15845	   8.65998	   7.50000	       10B
  46.15845	  12.99131	   7.50000	       11B
  48.72280	   4.32864	   7.50000	       10B
  48.72280	   8.65998	   7.50000	       11B
  48.72280	  12.99131	   7.50000	       11B
  51.28716	   4.32864	   7.50000	       10B
  51.28716	   8.65998	   7.50000	       11B
  51.28716	  12.99131	   7.50000	       11B
  53.85152	   4.32864	   7.50000	       11B
  53.85152	   8.65998	   7.50000	       10B
  53.85152	  12.99131	   7.50000	       11B
  56.41588	   4.32864	   7.50000	       11B
  56.41588	   8.65998	   7.50000	       11B
  56.41588	  12.99131	   7.50000	       10B
  58.98024	   4.32864	   7.50000	       11B
  58.98024	   8.65998	   7.50000	       11B
  58.98024	  12.99131	   7.50000	       11B
  61.54459	   4.32864	   7.50000	       11B
  61.54459	   8.65998	   7.50000	       11B
  61.54459	  12.99131	   7.50000	       11B
  64.10895	   4.32864	   7.50000	       11B
  64.10895	   8.65998	   7.50000	       11B
  64.10895	  12.99131	   7.50000	       11B
  66.67331	   4.32864	   7.50000	       11B
  66.67331	   8.65998	   7.50000	       11B
  66.67331	  12.99131	   7.50000	       11B
  47.44062	   3.61460	   7.50000	       14N
  47.44062	   7.94594	   7.50000	       14N
  47.44062	  12.27728	   7.50000	       14N
  50.00498	   3.61460	   7.50000	       14N
  50.00498	   7.94594	   7.50000	       14N
  50.00498	  12.27728	   7.50000	       14N
  52.56934	   3.61460	   7.50000	       14N
  52.56934	   7.94594	   7.50000	       14N
  52.56934	  12.27728	   7.50000	       14N
  55.13370	   3.61460	   7.50000	       14N
  55.13370	   7.94594	   7.50000	       14N
  55.13370	  12.27728	   7.50000	       14N
  57.69806	   3.61460	   7.50000	       14N
  57.69806	   7.94594	   7.50000	       14N
  57.69806	  12.27728	   7.50000	       14N
  60.26242	   3.61460	   7.50000	       14N
  60.26242	   7.94594	   7.50000	       14N
  60.26242	  12.27728	   7.50000	       14N
  62.82677	   3.61460	   7.50000	       14N
  62.82677	   7.94594	   7.50000	       14N
  62.82677	  12.27728	   7.50000	       14N
  65.39113	   3.61460	   7.50000	       14N
  65.39113	   7.94594	   7.50000	       14N
  65.39113	  12.27728	   7.50000	       14N
  67.95549	   3.61460	   7.50000	       14N
  67.95549	   7.94594	   7.50000	       14N
  67.95549	  12.27728	   7.50000	       14N
  46.15845	   1.44893	   7.50000	       14N
  46.15845	   5.78027	   7.50000	       14N
  46.15845	  10.11161	   7.50000	       14N
  48.72280	   1.44893	   7.50000	       14N
  48.72280	   5.78027	   7.50000	       14N
  48.72280	  10.11161	   7.50000	       14N
  51.28716	   1.44893	   7.50000	       14N
  51.28716	   5.78027	   7.50000	       14N
  51.28716	  10.11161	   7.50000	       14N
  53.85152	   1.44893	   7.50000	       14N
  53.85152	   5.78027	   7.50000	       14N
  53.85152	  10.11161	   7.50000	       14N
  56.41588	   1.44893	   7.50000	       14N
  56.41588	   5.78027	   7.50000	       14N
  56.41588	  10.11161	   7.50000	       14N
  58.98024	   1.44893	   7.50000	       14N
  58.98024	   5.78027	   7.50000	       14N
  58.98024	  10.11161	   7.50000	       14N
  61.54459	   1.44893	   7.50000	       14N
  61.54459	   5.78027	   7.50000	       14N
  61.54459	  10.11161	   7.50000	       14N
  64.10895	   1.44893	   7.50000	       14N
  64.10895	   5.78027	   7.50000	       14N
  64.10895	  10.11161	   7.50000	       14N
  66.67331	   1.44893	   7.50000	       14N
  66.67331	   5.78027	   7.50000	       14N
  66.67331	  10.11161	   7.50000	       14N
  47.44062	  15.15699	   7.50000	       10B
  47.44062	  19.48833	   7.50000	       10B
  47.44062	  23.81966	   7.50000	       11B
  50.00498	  15.15699	   7.50000	       11B
  50.00498	  19.48833	   7.50000	       11B
  50.00498	  23.81966	   7.50000	       11B
  52.56934	  15.15699	   7.50000	       11B
  52.56934	  19.48833	   7.50000	       11B
  52.56934	  23.81966	   7.50000	       11B
  55.13370	  15.15699	   7.50000	       10B
  55.13370	  19.48833	   7.50000	       11B
  55.13370	  23.81966	   7.50000	       11B
  57.69806	  15.15699	   7.50000	       11B
  57.69806	  19.48833	   7.50000	       11B
  57.69806	  23.81966	   7.50000	       11B
  60.26242	  15.15699	   7.50000	       11B
  60.26242	  19.48833	   7.50000	       11B
  60.26242	  23.81966	   7.50000	       10B
  62.82677	  15.15699	   7.50000	       11B
  62.82677	  19.48833	   7.50000	       11B
  62.82677	  23.81966	   7.50000	       11B
  65.39113	  15.15699	   7.50000	       11B
  65.39113	  19.48833	   7.50000	       10B
  65.39113	  23.81966	   7.50000	       11B
  67.95549	  15.15699	   7.50000	       11B
  67.95549	  19.48833	   7.50000	       11B
  67.95549	  23.81966	   7.50000	       11B
  46.15845	  17.32265	   7.50000	       11B
  46.15845	  21.65399	   7.50000	       11B
  46.15845	  25.98533	   7.50000	       11B
  48.72280	  17.32265	   7.50000	       11B
  48.72280	  21.65399	   7.50000	       10B
  48.72280	  25.98533	   7.50000	       11B
  51.28716	  17.32265	   7.50000	       11B
  51.28716	  21.65399	   7.50000	       11B
  51.28716	  25.98533	   7.50000	       11B
  53.85152	  17.32265	   7.50000	       11B
  53.85152	  21.65399	   7.50000	       11B
  53.85152	  25.98533	   7.50000	       10B
  56.41588	  17.32265	   7.50000	       11B
  56.41588	  21.65399	   7.50000	       11B
  56.41588	  25.98533	   7.50000	       11B
  58.98024	  17.32265	   7.50000	       11B
  58.98024	  21.65399	   7.50000	       11B
  58.98024	  25.98533	   7.50000	       10B
  61.54459	  17.32265	   7.50000	       10B
  61.54459	  21.65399	   7.50000	       11B
  61.54459	  25.98533	   7.50000	       11B
  64.10895	  17.32265	   7.50000	       11B
  64.10895	  21.65399	   7.50000	       10B
  64.10895	  25.98533	   7.50000	       11B
  66.67331	  17.32265	   7.50000	       10B
  66.67331	  21.65399	   7.50000	       10B
  66.67331	  25.98533	   7.50000	       11B
  47.44062	  16.60862	   7.50000	       14N
  47.44062	  20.93996	   7.50000	       14N
  47.44062	  25.27129	   7.50000	       14N
  50.00498	  16.60862	   7.50000	       14N
  50.00498	  20.93996	   7.50000	       14N
  50.00498	  25.27129	   7.50000	       14N
  52.56934	  16.60862	   7.50000	       14N
  52.56934	  20.93996	   7.50000	       14N
  52.56934	  25.27129	   7.50000	       14N
  55.13370	  16.60862	   7.50000	       14N
  55.13370	  20.93996	   7.50000	       14N
  55.13370	  25.27129	   7.50000	       14N
  57.69806	  16.60862	   7.50000	       14N
  57.69806	  20.93996	   7.50000	       14N
  57.69806	  25.27129	   7.50000	       14N
  60.26242	  16.60862	   7.50000	       14N
  60.26242	  20.93996	   7.50000	       14N
  60.26242	  25.27129	   7.50000	       14N
  62.82677	  16.60862	   7.50000	       14N
  62.82677	  20.93996	   7.50000	       14N
  62.82677	  25.27129	   7.50000	       14N
  65.39113	  16.60862	   7.50000	       14N
  65.39113	  20.93996	   7.50000	       14N
  65.39113	  25.27129	   7.50000	       14N
  67.95549	  16.60862	   7.50000	       14N
  67.95549	  20.93996	   7.50000	       14N
  67.95549	  25.27129	   7.50000	       14N
  46.15845	  14.44295	   7.50000	       14N
  46.15845	  18.77429	   7.50000	       14N
  46.15845	  23.10562	   7.50000	       14N
  48.72280	  14.44295	   7.50000	       14N
  48.72280	  18.77429	   7.50000	       14N
  48.72280	  23.10562	   7.50000	       14N
  51.28716	  14.44295	   7.50000	       14N
  51.28716	  18.77429	   7.50000	       14N
  51.28716	  23.10562	   7.50000	       14N
  53.85152	  14.44295	   7.50000	       14N
  53.85152	  18.77429	   7.50000	       14N
  53.85152	  23.10562	   7.50000	       14N
  56.41588	  14.44295	   7.50000	       14N
  56.41588	  18.77429	   7.50000	       14N
  56.41588	  23.10562	   7.50000	       14N
  58.98024	  14.44295	   7.50000	       14N
  58.98024	  18.77429	   7.50000	       14N
  58.98024	  23.10562	   7.50000	       14N
  61.54459	  14.44295	   7.50000	       14N
  61.54459	  18.77429	   7.50000	       14N
  61.54459	  23.10562	   7.50000	       14N
  64.10895	  14.44295	   7.50000	       14N
  64.10895	  18.77429	   7.50000	       14N
  64.10895	  23.10562	   7.50000	       14N
  66.67331	  14.44295	   7.50000	       14N
  66.67331	  18.77429	   7.50000	       14N
  66.67331	  23.10562	   7.50000	       14N
  47.44062	  28.15100	   7.50000	       11B
  47.44062	  32.48234	   7.50000	       11B
  47.44062	  36.81368	   7.50000	       11B
  50.00498	  28.15100	   7.50000	       10B
  50.00498	  32.48234	   7.50000	       10B
  50.00498	  36.81368	   7.50000	       11B
  52.56934	  28.15100	   7.50000	       11B
  52.56934	  32.48234	   7.50000	       11B
  52.56934	  36.81368	   7.50000	       10B
  55.13370	  28.15100	   7.50000	       11B
  55.13370	  32.48234	   7.50000	       11B
  55.13370	  36.81368	   7.50000	       11B
  57.69806	  28.15100	   7.50000	       11B
  57.69806	  32.48234	   7.50000	       10B
  57.69806	  36.81368	   7.50000	       10B
  60.26242	  28.15100	   7.50000	       11B
  60.26242	  32.48234	   7.50000	       11B
  60.26242	  36.81368	   7.50000	       11B
  62.82677	  28.15100	   7.50000	       11B
  62.82677	  32.48234	   7.50000	       11B
  62.82677	  36.81368	   7.50000	       11B
  65.39113	  28.15100	   7.50000	       11B
  65.39113	  32.48234	   7.50000	       11B
  65.39113	  36.81368	   7.50000	       11B
  67.95549	  28.15100	   7.50000	       11B
  67.95549	  32.48234	   7.50000	       10B
  67.95549	  36.81368	   7.50000	       11B
  46.15845	  30.31667	   7.50000	       10B
  46.15845	  34.64801	   7.50000	       11B
  46.15845	  38.97934	   7.50000	       11B
  48.72280	  30.31667	   7.50000	       11B
  48.72280	  34.64801	   7.50000	       10B
  48.72280	  38.97934	   7.50000	       11B
  51.28716	  30.31667	   7.50000	       11B
  51.28716	  34.64801	   7.50000	       10B
  51.28716	  38.97934	   7.50000	       10B
  53.85152	  30.31667	   7.50000	       11B
  53.85152	  34.64801	   7.50000	       11B
  53.85152	  38.97934	   7.50000	       11B
  56.41588	  30.31667	   7.50000	       11B
  56.41588	  34.64801	   7.50000	       11B
  56.41588	  38.97934	   7.50000	       11B
  58.98024	  30.31667	   7.50000	       11B
  58.98024	  34.64801	   7.50000	       11B
  58.98024	  38.97934	   7.50000	       11B
  61.54459	  30.31667	   7.50000	       11B
  61.54459	  34.64801	   7.50000	       11B
  61.54459	  38.97934	   7.50000	       11B
  64.10895	  30.31667	   7.50000	       11B
  64.10895	  34.64801	   7.50000	       11B
  64.10895	  38.97934	   7.50000	       11B
  66.67331	  30.31667	   7.50000	       11B
  66.67331	  34.64801	   7.50000	       10B
  66.67331	  38.97934	   7.50000	       11B
  47.44062	  29.60263	   7.50000	       14N
  47.44062	  33.93397	   7.50000	       14N
  47.44062	  38.26531	   7.50000	       14N
  50.00498	  29.60263	   7.50000	       14N
  50.00498	  33.93397	   7.50000	       14N
  50.00498	  38.26531	   7.50000	       14N
  52.56934	  29.60263	   7.50000	       14N
  52.56934	  33.93397	   7.50000	       14N
  52.56934	  38.26531	   7.50000	       14N
  55.13370	  29.60263	   7.50000	       14N
  55.13370	  33.93397	   7.50000	       14N
  55.13370	  38.26531	   7.50000	       14N
  57.69806	  29.60263	   7.50000	       14N
  57.69806	  33.93397	   7.50000	       14N
  57.69806	  38.26531	   7.50000	       14N
  60.26242	  29.60263	   7.50000	       14N
  60.26242	  33.93397	   7.50000	       14N
  60.26242	  38.26531	   7.50000	       14N
  62.82677	  29.60263	   7.50000	       14N
  62.82677	  33.93397	   7.50000	       14N
  62.82677	  38.26531	   7.50000	       14N
  65.39113	  29.60263	   7.50000	       14N
  65.39113	  33.93397	   7.50000	       14N
  65.39113	  38.26531	   7.50000	       14N
  67.95549	  29.60263	   7.50000	       14N
  67.95549	  33.93397	   7.50000	       14N
  67.95549	  38.26531	   7.50000	       14N
  46.15845	  27.43696	   7.50000	       14N
  46.15845	  31.76830	   7.50000	       14N
  46.15845	  36.09964	   7.50000	       14N
  48.72280	  27.43696	   7.50000	       14N
  48.72280	  31.76830	   7.50000	       14N
  48.72280	  36.09964	   7.50000	       14N
  51.28716	  27.43696	   7.50000	       14N
  51.28716	  31.76830	   7.50000	       14N
  51.28716	  36.09964	   7.50000	       14N
  53.85152	  27.43696	   7.50000	       14N
  53.85152	  31.76830	   7.50000	       14N
  53.85152	  36.09964	   7.50000	       14N
  56.41588	  27.43696	   7.50000	       14N
  56.41588	  31.76830	   7.50000	       14N
  56.41588	  36.09964	   7.50000	       14N
  58.98024	  27.43696	   7.50000	       14N
  58.98024	  31.76830	   7.50000	       14N
  58.98024	  36.09964	   7.50000	       14N
  61.54459	  27.43696	   7.50000	       14N
  61.54459	  31.76830	   7.50000	       14N
  61.54459	  36.09964	   7.50000	       14N
  64.10895	  27.43696	   7.50000	       14N
  64.10895	  31.76830	   7.50000	       14N
  64.10895	  36.09964	   7.50000	       14N
  66.67331	  27.43696	   7.50000	       14N
  66.67331	  31.76830	   7.50000	       14N
  66.67331	  36.09964	   7.50000	       14N
  47.44062	  41.14502	   7.50000	       11B
  47.44062	  45.47636	   7.50000	       11B
  47.44062	  49.80769	   7.50000	       11B
  50.00498	  41.14502	   7.50000	       10B
  50.00498	  45.47636	   7.50000	       11B
  50.00498	  49.80769	   7.50000	       11B
  52.56934	  41.14502	   7.50000	       11B
  52.56934	  45.47636	   7.50000	       11B
  52.56934	  49.80769	   7.50000	       11B
  55.13370	  41.14502	   7.50000	       10B
  55.13370	  45.47636	   7.50000	       11B
  55.13370	  49.80769	   7.50000	       11B
  57.69806	  41.14502	   7.50000	       10B
  57.69806	  45.47636	   7.50000	       11B
  57.69806	  49.80769	   7.50000	       11B
  60.26242	  41.14502	   7.50000	       11B
  60.26242	  45.47636	   7.50000	       11B
  60.26242	  49.80769	   7.50000	       10B
  62.82677	  41.14502	   7.50000	       10B
  62.82677	  45.47636	   7.50000	       11B
  62.82677	  49.80769	   7.50000	       10B
  65.39113	  41.14502	   7.50000	       11B
  65.39113	  45.47636	   7.50000	       11B
  65.39113	  49.80769	   7.50000	       11B
  67.95549	  41.14502	   7.50000	       11B
  67.95549	  45.47636	   7.50000	       11B
  67.95549	  49.80769	   7.50000	       11B
  46.15845	  43.31068	   7.50000	       11B
  46.15845	  47.64202	   7.50000	       11B
  46.15845	  51.97336	   7.50000	       11B
  48.72280	  43.31068	   7.50000	       11B
  48.72280	  47.64202	   7.50000	       11B
  48.72280	  51.97336	   7.50000	       11B
  51.28716	  43.31068	   7.50000	       11B
  51.28716	  47.64202	   7.50000	       11B
  51.28716	  51.97336	   7.50000	       11B
  53.85152	  43.31068	   7.50000	       11B
  53.85152	  47.64202	   7.50000	       11B
  53.85152	  51.97336	   7.50000	       11B
  56.41588	  43.31068	   7.50000	       10B
  56.41588	  47.64202	   7.50000	       11B
  56.41588	  51.97336	   7.50000	       11B
  58.98024	  43.31068	   7.50000	       11B
  58.98024	  47.64202	   7.50000	       10B
  58.98024	  51.97336	   7.50000	       11B
  61.54459	  43.31068	   7.50000	       11B
  61.54459	  47.64202	   7.50000	       11B
  61.54459	  51.97336	   7.50000	       11B
  64.10895	  43.31068	   7.50000	       11B
  64.10895	  47.64202	   7.50000	       11B
  64.10895	  51.97336	   7.50000	       11B
  66.67331	  43.31068	   7.50000	       11B
  66.67331	  47.64202	   7.50000	       11B
  66.67331	  51.97336	   7.50000	       11B
  47.44062	  42.59665	   7.50000	       14N
  47.44062	  46.92799	   7.50000	       14N
  47.44062	  51.25933	   7.50000	       14N
  50.00498	  42.59665	   7.50000	       14N
  50.00498	  46.92799	   7.50000	       14N
  50.00498	  51.25933	   7.50000	       14N
  52.56934	  42.59665	   7.50000	       14N
  52.56934	  46.92799	   7.50000	       14N
  52.56934	  51.25933	   7.50000	       14N
  55.13370	  42.59665	   7.50000	       14N
  55.13370	  46.92799	   7.50000	       14N
  55.13370	  51.25933	   7.50000	       14N
  57.69806	  42.59665	   7.50000	       14N
  57.69806	  46.92799	   7.50000	       14N
  57.69806	  51.25933	   7.50000	       14N
  60.26242	  42.59665	   7.50000	       14N
  60.26242	  46.92799	   7.50000	       14N
  60.26242	  51.25933	   7.50000	       14N
  62.82677	  42.59665	   7.50000	       14N
  62.82677	  46.92799	   7.50000	       14N
  62.82677	  51.25933	   7.50000	       14N
  65.39113	  42.59665	   7.50000	       14N
  65.39113	  46.92799	   7.50000	       14N
  65.39113	  51.25933	   7.50000	       14N
  67.95549	  42.59665	   7.50000	       14N
  67.95549	  46.92799	   7.50000	       14N
  67.95549	  51.25933	   7.50000	       14N
  46.15845	  40.43098	   7.50000	       14N
  46.15845	  44.76232	   7.50000	       14N
  46.15845	  49.09365	   7.50000	       14N
  48.72280	  40.43098	   7.50000	       14N
  48.72280	  44.76232	   7.50000	       14N
  48.72280	  49.09365	   7.50000	       14N
  51.28716	  40.43098	   7.50000	       14N
  51.28716	  44.76232	   7.50000	       14N
  51.28716	  49.09365	   7.50000	       14N
  53.85152	  40.43098	   7.50000	       14N
  53.85152	  44.76232	   7.50000	       14N
  53.85152	  49.09365	   7.50000	       14N
  56.41588	  40.43098	   7.50000	       14N
  56.41588	  44.76232	   7.50000	       14N
  56.41588	  49.09365	   7.50000	       14N
  58.98024	  40.43098	   7.50000	       14N
  58.98024	  44.76232	   7.50000	       14N
  58.98024	  49.09365	   7.50000	       14N
  61.54459	  40.43098	   7.50000	       14N
  61.54459	  44.76232	   7.50000	       14N
  61.54459	  49.09365	   7.50000	       14N
  64.10895	  40.43098	   7.50000	       14N
  64.10895	  44.76232	   7.50000	       14N
  64.10895	  49.09365	   7.50000	       14N
  66.67331	  40.43098	   7.50000	       14N
  66.67331	  44.76232	   7.50000	       14N
  66.67331	  49.09365	   7.50000	       14N
  47.44062	  54.13903	   7.50000	       11B
  47.44062	  58.47037	   7.50000	       11B
  47.44062	  62.80171	   7.50000	       11B
  50.00498	  54.13903	   7.50000	       11B
  50.00498	  58.47037	   7.50000	       11B
  50.00498	  62.80171	   7.50000	       11B
  52.56934	  54.13903	   7.50000	       11B
  52.56934	  58.47037	   7.50000	       10B
  52.56934	  62.80171	   7.50000	       11B
  55.13370	  54.13903	   7.50000	       11B
  55.13370	  58.47037	   7.50000	       11B
  55.13370	  62.80171	   7.50000	       11B
  57.69806	  54.13903	   7.50000	       11B
  57.69806	  58.47037	   7.50000	       10B
  57.69806	  62.80171	   7.50000	       11B
  60.26242	  54.13903	   7.50000	       11B
  60.26242	  58.47037	   7.50000	       11B
  60.26242	  62.80171	   7.50000	       11B
  62.82677	  54.13903	   7.50000	       11B
  62.82677	  58.47037	   7.50000	       11B
  62.82677	  62.80171	   7.50000	       11B
  65.39113	  54.13903	   7.50000	       10B
  65.39113	  58.47037	   7.50000	       11B
  65.39113	  62.80171	   7.50000	       11B
  67.95549	  54.13903	   7.50000	       11B
  67.95549	  58.47037	   7.50000	       10B
  67.95549	  62.80171	   7.50000	       11B
  46.15845	  56.30470	   7.50000	       11B
  46.15845	  60.63604	   7.50000	       11B
  46.15845	  64.96738	   7.50000	       11B
  48.72280	  56.30470	   7.50000	       11B
  48.72280	  60.63604	   7.50000	       11B
  48.72280	  64.96738	   7.50000	       11B
  51.28716	  56.30470	   7.50000	       11B
  51.28716	  60.63604	   7.50000	       11B
  51.28716	  64.96738	   7.50000	       11B
  53.85152	  56.30470	   7.50000	       11B
  53.85152	  60.63604	   7.50000	       11B
  53.85152	  64.96738	   7.50000	       11B
  56.41588	  56.30470	   7.50000	       11B
  56.41588	  60.63604	   7.50000	       11B
  56.41588	  64.96738	   7.50000	       10B
  58.98024	  56.30470	   7.50000	       11B
  58.98024	  60.63604	   7.50000	       11B
  58.98024	  64.96738	   7.50000	       11B
  61.54459	  56.30470	   7.50000	       11B
  61.54459	  60.63604	   7.50000	       10B
  61.54459	  64.96738	   7.50000	       11B
  64.10895	  56.30470	   7.50000	       11B
  64.10895	  60.63604	   7.50000	       10B
  64.10895	  64.96738	   7.50000	       11B
  66.67331	  56.30470	   7.50000	       11B
  66.67331	  60.63604	   7.50000	       11B
  66.67331	  64.96738	   7.50000	       11B
  47.44062	  55.59066	   7.50000	       14N
  47.44062	  59.92200	   7.50000	       14N
  47.44062	  64.25334	   7.50000	       14N
  50.00498	  55.59066	   7.50000	       14N
  50.00498	  59.92200	   7.50000	       14N
  50.00498	  64.25334	   7.50000	       14N
  52.56934	  55.59066	   7.50000	       14N
  52.56934	  59.92200	   7.50000	       14N
  52.56934	  64.25334	   7.50000	       14N
  55.13370	  55.59066	   7.50000	       14N
  55.13370	  59.92200	   7.50000	       14N
  55.13370	  64.25334	   7.50000	       14N
  57.69806	  55.59066	   7.50000	       14N
  57.69806	  59.92200	   7.50000	       14N
  57.69806	  64.25334	   7.50000	       14N
  60.26242	  55.59066	   7.50000	       14N
  60.26242	  59.92200	   7.50000	       14N
  60.26242	  64.25334	   7.50000	       14N
  62.82677	  55.59066	   7.50000	       14N
  62.82677	  59.92200	   7.50000	       14N
  62.82677	  64.25334	   7.50000	       14N
  65.39113	  55.59066	   7.50000	       14N
  65.39113	  59.92200	   7.50000	       14N
  65.39113	  64.25334	   7.50000	       14N
  67.95549	  55.59066	   7.50000	       14N
  67.95549	  59.92200	   7.50000	       14N
  67.95549	  64.25334	   7.50000	       14N
  46.15845	  53.42499	   7.50000	       14N
  46.15845	  57.75633	   7.50000	       14N
  46.15845	  62.08767	   7.50000	       14N
  48.72280	  53.42499	   7.50000	       14N
  48.72280	  57.75633	   7.50000	       14N
  48.72280	  62.08767	   7.50000	       14N
  51.28716	  53.42499	   7.50000	       14N
  51.28716	  57.75633	   7.50000	       14N
  51.28716	  62.08767	   7.50000	       14N
  53.85152	  53.42499	   7.50000	       14N
  53.85152	  57.75633	   7.50000	       14N
  53.85152	  62.08767	   7.50000	       14N
  56.41588	  53.42499	   7.50000	       14N
  56.41588	  57.75633	   7.50000	       14N
  56.41588	  62.08767	   7.50000	       14N
  58.98024	  53.42499	   7.50000	       14N
  58.98024	  57.75633	   7.50000	       14N
  58.98024	  62.08767	   7.50000	       14N
  61.54459	  53.42499	   7.50000	       14N
  61.54459	  57.75633	   7.50000	       14N
  61.54459	  62.08767	   7.50000	       14N
  64.10895	  53.42499	   7.50000	       14N
  64.10895	  57.75633	   7.50000	       14N
  64.10895	  62.08767	   7.50000	       14N
  66.67331	  53.42499	   7.50000	       14N
  66.67331	  57.75633	   7.50000	       14N
  66.67331	  62.08767	   7.50000	       14N
  47.44062	  67.13305	   7.50000	       10B
  47.44062	  71.46439	   7.50000	       11B
  47.44062	  75.79573	   7.50000	       10B
  50.00498	  67.13305	   7.50000	       11B
  50.00498	  71.46439	   7.50000	       11B
  50.00498	  75.79573	   7.50000	       11B
  52.56934	  67.13305	   7.50000	       11B
  52.56934	  71.46439	   7.50000	       11B
  52.56934	  75.79573	   7.50000	       11B
  55.13370	  67.13305	   7.50000	       10B
  55.13370	  71.46439	   7.50000	       11B
  55.13370	  75.79573	   7.50000	       11B
  57.69806	  67.13305	   7.50000	       11B
  57.69806	  71.46439	   7.50000	       11B
  57.69806	  75.79573	   7.50000	       10B
  60.26242	  67.13305	   7.50000	       11B
  60.26242	  71.46439	   7.50000	       10B
  60.26242	  75.79573	   7.50000	       11B
  62.82677	  67.13305	   7.50000	       11B
  62.82677	  71.46439	   7.50000	       11B
  62.82677	  75.79573	   7.50000	       11B
  65.39113	  67.13305	   7.50000	       11B
  65.39113	  71.46439	   7.50000	       11B
  65.39113	  75.79573	   7.50000	       11B
  67.95549	  67.13305	   7.50000	       11B
  67.95549	  71.46439	   7.50000	       10B
  67.95549	  75.79573	   7.50000	       11B
  46.15845	  69.29871	   7.50000	       11B
  46.15845	  73.63005	   7.50000	       11B
  46.15845	  77.96139	   7.50000	       11B
  48.72280	  69.29871	   7.50000	       10B
  48.72280	  73.63005	   7.50000	       11B
  48.72280	  77.96139	   7.50000	       11B
  51.28716	  69.29871	   7.50000	       11B
  51.28716	  73.63005	   7.50000	       10B
  51.28716	  77.96139	   7.50000	       10B
  53.85152	  69.29871	   7.50000	       11B
  53.85152	  73.63005	   7.50000	       11B
  53.85152	  77.96139	   7.50000	       11B
  56.41588	  69.29871	   7.50000	       11B
  56.41588	  73.63005	   7.50000	       10B
  56.41588	  77.96139	   7.50000	       11B
  58.98024	  69.29871	   7.50000	       11B
  58.98024	  73.63005	   7.50000	       11B
  58.98024	  77.96139	   7.50000	       11B
  61.54459	  69.29871	   7.50000	       11B
  61.54459	  73.63005	   7.50000	       11B
  61.54459	  77.96139	   7.50000	       10B
  64.10895	  69.29871	   7.50000	       11B
  64.10895	  73.63005	   7.50000	       10B
  64.10895	  77.96139	   7.50000	       11B
  66.67331	  69.29871	   7.50000	       11B
  66.67331	  73.63005	   7.50000	       11B
  66.67331	  77.96139	   7.50000	       11B
  47.44062	  68.58468	   7.50000	       14N
  47.44062	  72.91602	   7.50000	       14N
  47.44062	  77.24736	   7.50000	       14N
  50.00498	  68.58468	   7.50000	       14N
  50.00498	  72.91602	   7.50000	       14N
  50.00498	  77.24736	   7.50000	       14N
  52.56934	  68.58468	   7.50000	       14N
  52.56934	  72.91602	   7.50000	       14N
  52.56934	  77.24736	   7.50000	       14N
  55.13370	  68.58468	   7.50000	       14N
  55.13370	  72.91602	   7.50000	       14N
  55.13370	  77.24736	   7.50000	       14N
  57.69806	  68.58468	   7.50000	       14N
  57.69806	  72.91602	   7.50000	       14N
  57.69806	  77.24736	   7.50000	       14N
  60.26242	  68.58468	   7.50000	       14N
  60.26242	  72.91602	   7.50000	       14N
  60.26242	  77.24736	   7.50000	       14N
  62.82677	  68.58468	   7.50000	       14N
  62.82677	  72.91602	   7.50000	       14N
  62.82677	  77.24736	   7.50000	       14N
  65.39113	  68.58468	   7.50000	       14N
  65.39113	  72.91602	   7.50000	       14N
  65.39113	  77.24736	   7.50000	       14N
  67.95549	  68.58468	   7.50000	       14N
  67.95549	  72.91602	   7.50000	       14N
  67.95549	  77.24736	   7.50000	       14N
  46.15845	  66.41901	   7.50000	       14N
  46.15845	  70.75035	   7.50000	       14N
  46.15845	  75.08168	   7.50000	       14N
  48.72280	  66.41901	   7.50000	       14N
  48.72280	  70.75035	   7.50000	       14N
  48.72280	  75.08168	   7.50000	       14N
  51.28716	  66.41901	   7.50000	       14N
  51.28716	  70.75035	   7.50000	       14N
  51.28716	  75.08168	   7.50000	       14N
  53.85152	  66.41901	   7.50000	       14N
  53.85152	  70.75035	   7.50000	       14N
  53.85152	  75.08168	   7.50000	       14N
  56.41588	  66.41901	   7.50000	       14N
  56.41588	  70.75035	   7.50000	       14N
  56.41588	  75.08168	   7.50000	       14N
  58.98024	  66.41901	   7.50000	       14N
  58.98024	  70.75035	   7.50000	       14N
  58.98024	  75.08168	   7.50000	       14N
  61.54459	  66.41901	   7.50000	       14N
  61.54459	  70.75035	   7.50000	       14N
  61.54459	  75.08168	   7.50000	       14N
  64.10895	  66.41901	   7.50000	       14N
  64.10895	  70.75035	   7.50000	       14N
  64.10895	  75.08168	   7.50000	       14N
  66.67331	  66.41901	   7.50000	       14N
  66.67331	  70.75035	   7.50000	       14N
  66.67331	  75.08168	   7.50000	       14N
  46.15845	  79.41302	   7.50000	       14N
  48.72280	  79.41302	   7.50000	       14N
  51.28716	  79.41302	   7.50000	       14N
  53.85152	  79.41302	   7.50000	       14N
  56.41588	  79.41302	   7.50000	       14N
  58.98024	  79.41302	   7.50000	       14N
  61.54459	  79.41302	   7.50000	       14N
  64.10895	  79.41302	   7.50000	       14N
  66.67331	  79.41302	   7.50000	       14N
  70.51985	   2.16297	   7.50000	       11B
  70.51985	   6.49431	   7.50000	       11B
  70.51985	  10.82565	   7.50000	       11B
  73.08421	   2.16297	   7.50000	       10B
  73.08421	   6.49431	   7.50000	       11B
  73.08421	  10.82565	   7.50000	       11B
  75.64856	   2.16297	   7.50000	       11B
  75.64856	   6.49431	   7.50000	       10B
  75.64856	  10.82565	   7.50000	       11B
  78.21292	   2.16297	   7.50000	       11B
  78.21292	   6.49431	   7.50000	       11B
  78.21292	  10.82565	   7.50000	       11B
  69.23767	   4.32864	   7.50000	       11B
  69.23767	   8.65998	   7.50000	       10B
  69.23767	  12.99131	   7.50000	       11B
  71.80203	   4.32864	   7.50000	       11B
  71.80203	   8.65998	   7.50000	       10B
  71.80203	  12.99131	   7.50000	       11B
  74.36638	   4.32864	   7.50000	       11B
  74.36638	   8.65998	   7.50000	       11B
  74.36638	  12.99131	   7.50000	       11B
  76.93074	   4.32864	   7.50000	       11B
  76.93074	   8.65998	   7.50000	       11B
  76.93074	  12.99131	   7.50000	       11B
  79.49510	   4.32864	   7.50000	       11B
  79.49510	   8.65998	   7.50000	       11B
  79.49510	  12.99131	   7.50000	       11B
  70.51985	   3.61460	   7.50000	       14N
  70.51985	   7.94594	   7.50000	       14N
  70.51985	  12.27728	   7.50000	       14N
  73.08421	   3.61460	   7.50000	       14N
  73.08421	   7.94594	   7.50000	       14N
  73.08421	  12.27728	   7.50000	       14N
  75.64856	   3.61460	   7.50000	       14N
  75.64856	   7.94594	   7.50000	       14N
  75.64856	  12.27728	   7.50000	       14N
  78.21292	   3.61460	   7.50000	       14N
  78.21292	   7.94594	   7.50000	       14N
  78.21292	  12.27728	   7.50000	       14N
  69.23767	   1.44893	   7.50000	       14N
  69.23767	   5.78027	   7.50000	       14N
  69.23767	  10.11161	   7.50000	       14N
  71.80203	   1.44893	   7.50000	       14N
  71.80203	   5.78027	   7.50000	       14N
  71.80203	  10.11161	   7.50000	       14N
  74.36638	   1.44893	   7.50000	       14N
  74.36638	   5.78027	   7.50000	       14N
  74.36638	  10.11161	   7.50000	       14N
  76.93074	   1.44893	   7.50000	       14N
  76.93074	   5.78027	   7.50000	       14N
  76.93074	  10.11161	   7.50000	       14N
  79.49510	   1.44893	   7.50000	       14N
  79.49510	   5.78027	   7.50000	       14N
  79.49510	  10.11161	   7.50000	       14N
  70.51985	  15.15699	   7.50000	       11B
  70.51985	  19.48833	   7.50000	       11B
  70.51985	  23.81966	   7.50000	       11B
  73.08421	  15.15699	   7.50000	       10B
  73.08421	  19.48833	   7.50000	       10B
  73.08421	  23.81966	   7.50000	       10B
  75.64856	  15.15699	   7.50000	       11B
  75.64856	  19.48833	   7.50000	       11B
  75.64856	  23.81966	   7.50000	       11B
  78.21292	  15.15699	   7.50000	       11B
  78.21292	  19.48833	   7.50000	       11B
  78.21292	  23.81966	   7.50000	       11B
  69.23767	  17.32265	   7.50000	       11B
  69.23767	  21.65399	   7.50000	       11B
  69.23767	  25.98533	   7.50000	       11B
  71.80203	  17.32265	   7.50000	       11B
  71.80203	  21.65399	   7.50000	       10B
  71.80203	  25.98533	   7.50000	       10B
  74.36638	  17.32265	   7.50000	       11B
  74.36638	  21.65399	   7.50000	       11B
  74.36638	  25.98533	   7.50000	       11B
  76.93074	  17.32265	   7.50000	       11B
  76.93074	  21.65399	   7.50000	       11B
  76.93074	  25.98533	   7.50000	       11B
  79.49510	  17.32265	   7.50000	       11B
  79.49510	  21.65399	   7.50000	       11B
  79.49510	  25.98533	   7.50000	       11B
  70.51985	  16.60862	   7.50000	       14N
  70.51985	  20.93996	   7.50000	       14N
  70.51985	  25.27129	   7.50000	       14N
  73.08421	  16.60862	   7.50000	       14N
  73.08421	  20.93996	   7.50000	       14N
  73.08421	  25.27129	   7.50000	       14N
  75.64856	  16.60862	   7.50000	       14N
  75.64856	  20.93996	   7.50000	       14N
  75.64856	  25.27129	   7.50000	       14N
  78.21292	  16.60862	   7.50000	       14N
  78.21292	  20.93996	   7.50000	       14N
  78.21292	  25.27129	   7.50000	       14N
  69.23767	  14.44295	   7.50000	       14N
  69.23767	  18.77429	   7.50000	       14N
  69.23767	  23.10562	   7.50000	       14N
  71.80203	  14.44295	   7.50000	       14N
  71.80203	  18.77429	   7.50000	       14N
  71.80203	  23.10562	   7.50000	       14N
  74.36638	  14.44295	   7.50000	       14N
  74.36638	  18.77429	   7.50000	       14N
  74.36638	  23.10562	   7.50000	       14N
  76.93074	  14.44295	   7.50000	       14N
  76.93074	  18.77429	   7.50000	       14N
  76.93074	  23.10562	   7.50000	       14N
  79.49510	  14.44295	   7.50000	       14N
  79.49510	  18.77429	   7.50000	       14N
  79.49510	  23.10562	   7.50000	       14N
  70.51985	  28.15100	   7.50000	       11B
  70.51985	  32.48234	   7.50000	       11B
  70.51985	  36.81368	   7.50000	       11B
  73.08421	  28.15100	   7.50000	       11B
  73.08421	  32.48234	   7.50000	       10B
  73.08421	  36.81368	   7.50000	       11B
  75.64856	  28.15100	   7.50000	       11B
  75.64856	  32.48234	   7.50000	       11B
  75.64856	  36.81368	   7.50000	       11B
  78.21292	  28.15100	   7.50000	       11B
  78.21292	  32.48234	   7.50000	       11B
  78.21292	  36.81368	   7.50000	       11B
  69.23767	  30.31667	   7.50000	       10B
  69.23767	  34.64801	   7.50000	       11B
  69.23767	  38.97934	   7.50000	       10B
  71.80203	  30.31667	   7.50000	       10B
  71.80203	  34.64801	   7.50000	       10B
  71.80203	  38.97934	   7.50000	       11B
  74.36638	  30.31667	   7.50000	       11B
  74.36638	  34.64801	   7.50000	       11B
  74.36638	  38.97934	   7.50000	       10B
  76.93074	  30.31667	   7.50000	       11B
  76.93074	  34.64801	   7.50000	       11B
  76.93074	  38.97934	   7.50000	       11B
  79.49510	  30.31667	   7.50000	       11B
  79.49510	  34.64801	   7.50000	       11B
  79.49510	  38.97934	   7.50000	       11B
  70.51985	  29.60263	   7.50000	       14N
  70.51985	  33.93397	   7.50000	       14N
  70.51985	  38.26531	   7.50000	       14N
  73.08421	  29.60263	   7.50000	       14N
  73.08421	  33.93397	   7.50000	       14N
  73.08421	  38.26531	   7.50000	       14N
  75.64856	  29.60263	   7.50000	       14N
  75.64856	  33.93397	   7.50000	       14N
  75.64856	  38.26531	   7.50000	       14N
  78.21292	  29.60263	   7.50000	       14N
  78.21292	  33.93397	   7.50000	       14N
  78.21292	  38.26531	   7.50000	       14N
  69.23767	  27.43696	   7.50000	       14N
  69.23767	  31.76830	   7.50000	       14N
  69.23767	  36.09964	   7.50000	       14N
  71.80203	  27.43696	   7.50000	       14N
  71.80203	  31.76830	   7.50000	       14N
  71.80203	  36.09964	   7.50000	       14N
  74.36638	  27.43696	   7.50000	       14N
  74.36638	  31.76830	   7.50000	       14N
  74.36638	  36.09964	   7.50000	       14N
  76.93074	  27.43696	   7.50000	       14N
  76.93074	  31.76830	   7.50000	       14N
  76.93074	  36.09964	   7.50000	       14N
  79.49510	  27.43696	   7.50000	       14N
  79.49510	  31.76830	   7.50000	       14N
  79.49510	  36.09964	   7.50000	       14N
  70.51985	  41.14502	   7.50000	       11B
  70.51985	  45.47636	   7.50000	       11B
  70.51985	  49.80769	   7.50000	       11B
  73.08421	  41.14502	   7.50000	       10B
  73.08421	  45.47636	   7.50000	       11B
  73.08421	  49.80769	   7.50000	       10B
  75.64856	  41.14502	   7.50000	       11B
  75.64856	  45.47636	   7.50000	       10B
  75.64856	  49.80769	   7.50000	       11B
  78.21292	  41.14502	   7.50000	       11B
  78.21292	  45.47636	   7.50000	       11B
  78.21292	  49.80769	   7.50000	       11B
  69.23767	  43.31068	   7.50000	       11B
  69.23767	  47.64202	   7.50000	       11B
  69.23767	  51.97336	   7.50000	       11B
  71.80203	  43.31068	   7.50000	       11B
  71.80203	  47.64202	   7.50000	       11B
  71.80203	  51.97336	   7.50000	       10B
  74.36638	  43.31068	   7.50000	       11B
  74.36638	  47.64202	   7.50000	       10B
  74.36638	  51.97336	   7.50000	       11B
  76.93074	  43.31068	   7.50000	       11B
  76.93074	  47.64202	   7.50000	       11B
  76.93074	  51.97336	   7.50000	       10B
  79.49510	  43.31068	   7.50000	       10B
  79.49510	  47.64202	   7.50000	       11B
  79.49510	  51.97336	   7.50000	       11B
  70.51985	  42.59665	   7.50000	       14N
  70.51985	  46.92799	   7.50000	       14N
  70.51985	  51.25933	   7.50000	       14N
  73.08421	  42.59665	   7.50000	       14N
  73.08421	  46.92799	   7.50000	       14N
  73.08421	  51.25933	   7.50000	       14N
  75.64856	  42.59665	   7.50000	       14N
  75.64856	  46.92799	   7.50000	       14N
  75.64856	  51.25933	   7.50000	       14N
  78.21292	  42.59665	   7.50000	       14N
  78.21292	  46.92799	   7.50000	       14N
  78.21292	  51.25933	   7.50000	       14N
  69.23767	  40.43098	   7.50000	       14N
  69.23767	  44.76232	   7.50000	       14N
  69.23767	  49.09365	   7.50000	       14N
  71.80203	  40.43098	   7.50000	       14N
  71.80203	  44.76232	   7.50000	       14N
  71.80203	  49.09365	   7.50000	       14N
  74.36638	  40.43098	   7.50000	       14N
  74.36638	  44.76232	   7.50000	       14N
  74.36638	  49.09365	   7.50000	       14N
  76.93074	  40.43098	   7.50000	       14N
  76.93074	  44.76232	   7.50000	       14N
  76.93074	  49.09365	   7.50000	       14N
  79.49510	  40.43098	   7.50000	       14N
  79.49510	  44.76232	   7.50000	       14N
  79.49510	  49.09365	   7.50000	       14N
  70.51985	  54.13903	   7.50000	       11B
  70.51985	  58.47037	   7.50000	       11B
  70.51985	  62.80171	   7.50000	       11B
  73.08421	  54.13903	   7.50000	       11B
  73.08421	  58.47037	   7.50000	       11B
  73.08421	  62.80171	   7.50000	       11B
  75.64856	  54.13903	   7.50000	       11B
  75.64856	  58.47037	   7.50000	       11B
  75.64856	  62.80171	   7.50000	       11B
  78.21292	  54.13903	   7.50000	       10B
  78.21292	  58.47037	   7.50000	       11B
  78.21292	  62.80171	   7.50000	       11B
  69.23767	  56.30470	   7.50000	       11B
  69.23767	  60.63604	   7.50000	       11B
  69.23767	  64.96738	   7.50000	       11B
  71.80203	  56.30470	   7.50000	       11B
  71.80203	  60.63604	   7.50000	       11B
  71.80203	  64.96738	   7.50000	       11B
  74.36638	  56.30470	   7.50000	       10B
  74.36638	  60.63604	   7.50000	       11B
  74.36638	  64.96738	   7.50000	       11B
  76.93074	  56.30470	   7.50000	       11B
  76.93074	  60.63604	   7.50000	       11B
  76.93074	  64.96738	   7.50000	       10B
  79.49510	  56.30470	   7.50000	       11B
  79.49510	  60.63604	   7.50000	       11B
  79.49510	  64.96738	   7.50000	       11B
  70.51985	  55.59066	   7.50000	       14N
  70.51985	  59.92200	   7.50000	       14N
  70.51985	  64.25334	   7.50000	       14N
  73.08421	  55.59066	   7.50000	       14N
  73.08421	  59.92200	   7.50000	       14N
  73.08421	  64.25334	   7.50000	       14N
  75.64856	  55.59066	   7.50000	       14N
  75.64856	  59.92200	   7.50000	       14N
  75.64856	  64.25334	   7.50000	       14N
  78.21292	  55.59066	   7.50000	       14N
  78.21292	  59.92200	   7.50000	       14N
  78.21292	  64.25334	   7.50000	       14N
  69.23767	  53.42499	   7.50000	       14N
  69.23767	  57.75633	   7.50000	       14N
  69.23767	  62.08767	   7.50000	       14N
  71.80203	  53.42499	   7.50000	       14N
  71.80203	  57.75633	   7.50000	       14N
  71.80203	  62.08767	   7.50000	       14N
  74.36638	  53.42499	   7.50000	       14N
  74.36638	  57.75633	   7.50000	       14N
  74.36638	  62.08767	   7.50000	       14N
  76.93074	  53.42499	   7.50000	       14N
  76.93074	  57.75633	   7.50000	       14N
  76.93074	  62.08767	   7.50000	       14N
  79.49510	  53.42499	   7.50000	       14N
  79.49510	  57.75633	   7.50000	       14N
  79.49510	  62.08767	   7.50000	       14N
  70.51985	  67.13305	   7.50000	       10B
  70.51985	  71.46439	   7.50000	       11B
  70.51985	  75.79573	   7.50000	       11B
  73.08421	  67.13305	   7.50000	       11B
  73.08421	  71.46439	   7.50000	       11B
  73.08421	  75.79573	   7.50000	       11B
  75.64856	  67.13305	   7.50000	       10B
  75.64856	  71.46439	   7.50000	       11B
  75.64856	  75.79573	   7.50000	       10B
  78.21292	  67.13305	   7.50000	       11B
  78.21292	  71.46439	   7.50000	       11B
  78.21292	  75.79573	   7.50000	       11B
  69.23767	  69.29871	   7.50000	       11B
  69.23767	  73.63005	   7.50000	       11B
  69.23767	  77.96139	   7.50000	       11B
  71.80203	  69.29871	   7.50000	       11B
  71.80203	  73.63005	   7.50000	       11B
  71.80203	  77.96139	   7.50000	       11B
  74.36638	  69.29871	   7.50000	       11B
  74.36638	  73.63005	   7.50000	       11B
  74.36638	  77.96139	   7.50000	       10B
  76.93074	  69.29871	   7.50000	       11B
  76.93074	  73.63005	   7.50000	       11B
  76.93074	  77.96139	   7.50000	       10B
  79.49510	  69.29871	   7.50000	       11B
  79.49510	  73.63005	   7.50000	       11B
  79.49510	  77.96139	   7.50000	       10B
  70.51985	  68.58468	   7.50000	       14N
  70.51985	  72.91602	   7.50000	       14N
  70.51985	  77.24736	   7.50000	       14N
  73.08421	  68.58468	   7.50000	       14N
  73.08421	  72.91602	   7.50000	       14N
  73.08421	  77.24736	   7.50000	       14N
  75.64856	  68.58468	   7.50000	       14N
  75.64856	  72.91602	   7.50000	       14N
  75.64856	  77.24736	   7.50000	       14N
  78.21292	  68.58468	   7.50000	       14N
  78.21292	  72.91602	   7.50000	       14N
  78.21292	  77.24736	   7.50000	       14N
  69.23767	  66.41901	   7.50000	       14N
  69.23767	  70.75035	   7.50000	       14N
  69.23767	  75.08168	   7.50000	       14N
  71.80203	  66.41901	   7.50000	       14N
  71.80203	  70.75035	   7.50000	       14N
  71.80203	  75.08168	   7.50000	       14N
  74.36638	  66.41901	   7.50000	       14N
  74.36638	  70.75035	   7.50000	       14N
  74.36638	  75.08168	   7.50000	       14N
  76.93074	  66.41901	   7.50000	       14N
  76.93074	  70.75035	   7.50000	       14N
  76.93074	  75.08168	   7.50000	       14N
  79.49510	  66.41901	   7.50000	       14N
  79.49510	  70.75035	   7.50000	       14N
  79.49510	  75.08168	   7.50000	       14N
  69.23767	  79.41302	   7.50000	       14N
  71.80203	  79.41302	   7.50000	       14N
  74.36638	  79.41302	   7.50000	       14N
  76.93074	  79.41302	   7.50000	       14N
  79.49510	  79.41302	   7.50000	       14N
