2368.00000	   0.00000	   0.00000	   0.00000
   1.25704	   2.17825	   7.50000	       10B
   1.25704	   6.53276	   7.50000	       10B
   1.25704	  10.88727	   7.50000	       10B
   3.77111	   2.17825	   7.50000	       10B
   3.77111	   6.53276	   7.50000	       11B
   3.77111	  10.88727	   7.50000	       11B
   6.28519	   2.17825	   7.50000	       10B
   6.28519	   6.53276	   7.50000	       11B
   6.28519	  10.88727	   7.50000	       11B
   8.79927	   2.17825	   7.50000	       11B
   8.79927	   6.53276	   7.50000	       11B
   8.79927	  10.88727	   7.50000	       11B
  11.31334	   2.17825	   7.50000	       11B
  11.31334	   6.53276	   7.50000	       11B
  11.31334	  10.88727	   7.50000	       11B
  13.82742	   2.17825	   7.50000	       11B
  13.82742	   6.53276	   7.50000	       11B
  13.82742	  10.88727	   7.50000	       10B
  16.34150	   2.17825	   7.50000	       11B
  16.34150	   6.53276	   7.50000	       11B
  16.34150	  10.88727	   7.50000	       11B
  18.85557	   2.17825	   7.50000	       10B
  18.85557	   6.53276	   7.50000	       11B
  18.85557	  10.88727	   7.50000	       11B
  21.36965	   2.17825	   7.50000	       10B
  21.36965	   6.53276	   7.50000	       11B
  21.36965	  10.88727	   7.50000	       11B
   0.00000	   0.00098	   7.50000	       11B
   0.00000	   4.35549	   7.50000	       11B
   0.00000	   8.71000	   7.50000	       11B
   2.51408	   0.00098	   7.50000	       10B
   2.51408	   4.35549	   7.50000	       11B
   2.51408	   8.71000	   7.50000	       11B
   5.02815	   0.00098	   7.50000	       11B
   5.02815	   4.35549	   7.50000	       10B
   5.02815	   8.71000	   7.50000	       11B
   7.54223	   0.00098	   7.50000	       11B
   7.54223	   4.35549	   7.50000	       11B
   7.54223	   8.71000	   7.50000	       10B
  10.05631	   0.00098	   7.50000	       11B
  10.05631	   4.35549	   7.50000	       11B
  10.05631	   8.71000	   7.50000	       10B
  12.57038	   0.00098	   7.50000	       11B
  12.57038	   4.35549	   7.50000	       10B
  12.57038	   8.71000	   7.50000	       11B
  15.08446	   0.00098	   7.50000	       11B
  15.08446	   4.35549	   7.50000	       11B
  15.08446	   8.71000	   7.50000	       11B
  17.59854	   0.00098	   7.50000	       11B
  17.59854	   4.35549	   7.50000	       11B
  17.59854	   8.71000	   7.50000	       11B
  20.11261	   0.00098	   7.50000	       11B
  20.11261	   4.35549	   7.50000	       11B
  20.11261	   8.71000	   7.50000	       10B
   1.25704	   3.63024	   7.50000	       14N
   1.25704	   7.98475	   7.50000	       14N
   3.77111	   3.63024	   7.50000	       14N
   3.77111	   7.98475	   7.50000	       14N
   6.28519	   3.63024	   7.50000	       14N
   6.28519	   7.98475	   7.50000	       14N
   8.79927	   3.63024	   7.50000	       14N
   8.79927	   7.98475	   7.50000	       14N
  11.31334	   3.63024	   7.50000	       14N
  11.31334	   7.98475	   7.50000	       14N
  13.82742	   3.63024	   7.50000	       14N
  13.82742	   7.98475	   7.50000	       14N
  16.34150	   3.63024	   7.50000	       14N
  16.34150	   7.98475	   7.50000	       14N
  18.85557	   3.63024	   7.50000	       14N
  18.85557	   7.98475	   7.50000	       14N
  21.36965	   3.63024	   7.50000	       14N
  21.36965	   7.98475	   7.50000	       14N
   0.00000	   1.45298	   7.50000	       14N
   0.00000	   5.80749	   7.50000	       14N
   0.00000	  10.16200	   7.50000	       14N
   2.51408	   1.45298	   7.50000	       14N
   2.51408	   5.80749	   7.50000	       14N
   2.51408	  10.16200	   7.50000	       14N
   5.02815	   1.45298	   7.50000	       14N
   5.02815	   5.80749	   7.50000	       14N
   5.02815	  10.16200	   7.50000	       14N
   7.54223	   1.45298	   7.50000	       14N
   7.54223	   5.80749	   7.50000	       14N
   7.54223	  10.16200	   7.50000	       14N
  10.05631	   1.45298	   7.50000	       14N
  10.05631	   5.80749	   7.50000	       14N
  10.05631	  10.16200	   7.50000	       14N
  12.57038	   1.45298	   7.50000	       14N
  12.57038	   5.80749	   7.50000	       14N
  12.57038	  10.16200	   7.50000	       14N
  15.08446	   1.45298	   7.50000	       14N
  15.08446	   5.80749	   7.50000	       14N
  15.08446	  10.16200	   7.50000	       14N
  17.59854	   1.45298	   7.50000	       14N
  17.59854	   5.80749	   7.50000	       14N
  17.59854	  10.16200	   7.50000	       14N
  20.11261	   1.45298	   7.50000	       14N
  20.11261	   5.80749	   7.50000	       14N
  20.11261	  10.16200	   7.50000	       14N
   1.25704	  15.24177	   7.50000	       11B
   1.25704	  19.59628	   7.50000	       11B
   1.25704	  23.95079	   7.50000	       10B
   3.77111	  15.24177	   7.50000	       11B
   3.77111	  19.59628	   7.50000	       11B
   3.77111	  23.95079	   7.50000	       10B
   6.28519	  15.24177	   7.50000	       11B
   6.28519	  19.59628	   7.50000	       11B
   6.28519	  23.95079	   7.50000	       11B
   8.79927	  15.24177	   7.50000	       10B
   8.79927	  19.59628	   7.50000	       11B
   8.79927	  23.95079	   7.50000	       11B
  11.31334	  15.24177	   7.50000	       11B
  11.31334	  19.59628	   7.50000	       11B
  11.31334	  23.95079	   7.50000	       11B
  13.82742	  15.24177	   7.50000	       11B
  13.82742	  19.59628	   7.50000	       11B
  13.82742	  23.95079	   7.50000	       10B
  16.34150	  15.24177	   7.50000	       10B
  16.34150	  19.59628	   7.50000	       11B
  16.34150	  23.95079	   7.50000	       11B
  18.85557	  15.24177	   7.50000	       10B
  18.85557	  19.59628	   7.50000	       11B
  18.85557	  23.95079	   7.50000	       10B
  21.36965	  15.24177	   7.50000	       11B
  21.36965	  19.59628	   7.50000	       11B
  21.36965	  23.95079	   7.50000	       11B
   0.00000	  13.06450	   7.50000	       11B
   0.00000	  17.41901	   7.50000	       11B
   0.00000	  21.77352	   7.50000	       11B
   2.51408	  13.06450	   7.50000	       11B
   2.51408	  17.41901	   7.50000	       11B
   2.51408	  21.77352	   7.50000	       11B
   5.02815	  13.06450	   7.50000	       11B
   5.02815	  17.41901	   7.50000	       10B
   5.02815	  21.77352	   7.50000	       11B
   7.54223	  13.06450	   7.50000	       11B
   7.54223	  17.41901	   7.50000	       11B
   7.54223	  21.77352	   7.50000	       11B
  10.05631	  13.06450	   7.50000	       11B
  10.05631	  17.41901	   7.50000	       11B
  10.05631	  21.77352	   7.50000	       10B
  12.57038	  13.06450	   7.50000	       10B
  12.57038	  17.41901	   7.50000	       10B
  12.57038	  21.77352	   7.50000	       11B
  15.08446	  13.06450	   7.50000	       10B
  15.08446	  17.41901	   7.50000	       11B
  15.08446	  21.77352	   7.50000	       11B
  17.59854	  13.06450	   7.50000	       11B
  17.59854	  17.41901	   7.50000	       11B
  17.59854	  21.77352	   7.50000	       11B
  20.11261	  13.06450	   7.50000	       11B
  20.11261	  17.41901	   7.50000	       11B
  20.11261	  21.77352	   7.50000	       10B
   1.25704	  16.69376	   7.50000	       14N
   1.25704	  21.04827	   7.50000	       14N
   1.25704	  12.33926	   7.50000	       14N
   3.77111	  16.69376	   7.50000	       14N
   3.77111	  21.04827	   7.50000	       14N
   3.77111	  12.33926	   7.50000	       14N
   6.28519	  16.69376	   7.50000	       14N
   6.28519	  21.04827	   7.50000	       14N
   6.28519	  12.33926	   7.50000	       14N
   8.79927	  16.69376	   7.50000	       14N
   8.79927	  21.04827	   7.50000	       14N
   8.79927	  12.33926	   7.50000	       14N
  11.31334	  16.69376	   7.50000	       14N
  11.31334	  21.04827	   7.50000	       14N
  11.31334	  12.33926	   7.50000	       14N
  13.82742	  16.69376	   7.50000	       14N
  13.82742	  21.04827	   7.50000	       14N
  13.82742	  12.33926	   7.50000	       14N
  16.34150	  16.69376	   7.50000	       14N
  16.34150	  21.04827	   7.50000	       14N
  16.34150	  12.33926	   7.50000	       14N
  18.85557	  16.69376	   7.50000	       14N
  18.85557	  21.04827	   7.50000	       14N
  18.85557	  12.33926	   7.50000	       14N
  21.36965	  16.69376	   7.50000	       14N
  21.36965	  21.04827	   7.50000	       14N
  21.36965	  12.33926	   7.50000	       14N
   0.00000	  14.51651	   7.50000	       14N
   0.00000	  18.87102	   7.50000	       14N
   0.00000	  23.22552	   7.50000	       14N
   2.51408	  14.51651	   7.50000	       14N
   2.51408	  18.87102	   7.50000	       14N
   2.51408	  23.22552	   7.50000	       14N
   5.02815	  14.51651	   7.50000	       14N
   5.02815	  18.87102	   7.50000	       14N
   5.02815	  23.22552	   7.50000	       14N
   7.54223	  14.51651	   7.50000	       14N
   7.54223	  18.87102	   7.50000	       14N
   7.54223	  23.22552	   7.50000	       15N
  10.05631	  14.51651	   7.50000	       14N
  10.05631	  18.87102	   7.50000	       14N
  10.05631	  23.22552	   7.50000	       14N
  12.57038	  14.51651	   7.50000	       14N
  12.57038	  18.87102	   7.50000	       14N
  12.57038	  23.22552	   7.50000	       14N
  15.08446	  14.51651	   7.50000	       14N
  15.08446	  18.87102	   7.50000	       14N
  15.08446	  23.22552	   7.50000	       14N
  17.59854	  14.51651	   7.50000	       14N
  17.59854	  18.87102	   7.50000	       14N
  17.59854	  23.22552	   7.50000	       14N
  20.11261	  14.51651	   7.50000	       14N
  20.11261	  18.87102	   7.50000	       14N
  20.11261	  23.22552	   7.50000	       14N
   1.25704	  28.30530	   7.50000	       11B
   1.25704	  32.65981	   7.50000	       11B
   1.25704	  37.01432	   7.50000	       11B
   3.77111	  28.30530	   7.50000	       11B
   3.77111	  32.65981	   7.50000	       11B
   3.77111	  37.01432	   7.50000	       11B
   6.28519	  28.30530	   7.50000	       11B
   6.28519	  32.65981	   7.50000	       10B
   6.28519	  37.01432	   7.50000	       10B
   8.79927	  28.30530	   7.50000	       11B
   8.79927	  32.65981	   7.50000	       11B
   8.79927	  37.01432	   7.50000	       11B
  11.31334	  28.30530	   7.50000	       11B
  11.31334	  32.65981	   7.50000	       11B
  11.31334	  37.01432	   7.50000	       11B
  13.82742	  28.30530	   7.50000	       11B
  13.82742	  32.65981	   7.50000	       11B
  13.82742	  37.01432	   7.50000	       11B
  16.34150	  28.30530	   7.50000	       11B
  16.34150	  32.65981	   7.50000	       11B
  16.34150	  37.01432	   7.50000	       11B
  18.85557	  28.30530	   7.50000	       10B
  18.85557	  32.65981	   7.50000	       11B
  18.85557	  37.01432	   7.50000	       11B
  21.36965	  28.30530	   7.50000	       11B
  21.36965	  32.65981	   7.50000	       10B
  21.36965	  37.01432	   7.50000	       11B
   0.00000	  26.12803	   7.50000	       11B
   0.00000	  30.48254	   7.50000	       11B
   0.00000	  34.83705	   7.50000	       11B
   2.51408	  26.12803	   7.50000	       11B
   2.51408	  30.48254	   7.50000	       10B
   2.51408	  34.83705	   7.50000	       11B
   5.02815	  26.12803	   7.50000	       11B
   5.02815	  30.48254	   7.50000	       11B
   5.02815	  34.83705	   7.50000	       11B
   7.54223	  26.12803	   7.50000	       10B
   7.54223	  30.48254	   7.50000	       11B
   7.54223	  34.83705	   7.50000	       11B
  10.05631	  26.12803	   7.50000	       11B
  10.05631	  30.48254	   7.50000	       10B
  10.05631	  34.83705	   7.50000	       11B
  12.57038	  26.12803	   7.50000	       11B
  12.57038	  30.48254	   7.50000	       11B
  12.57038	  34.83705	   7.50000	       11B
  15.08446	  26.12803	   7.50000	       11B
  15.08446	  30.48254	   7.50000	       11B
  15.08446	  34.83705	   7.50000	       11B
  17.59854	  26.12803	   7.50000	       11B
  17.59854	  30.48254	   7.50000	       10B
  17.59854	  34.83705	   7.50000	       11B
  20.11261	  26.12803	   7.50000	       11B
  20.11261	  30.48254	   7.50000	       10B
  20.11261	  34.83705	   7.50000	       11B
   1.25704	  29.75729	   7.50000	       14N
   1.25704	  34.11180	   7.50000	       14N
   1.25704	  25.40278	   7.50000	       14N
   3.77111	  29.75729	   7.50000	       14N
   3.77111	  34.11180	   7.50000	       14N
   3.77111	  25.40278	   7.50000	       14N
   6.28519	  29.75729	   7.50000	       14N
   6.28519	  34.11180	   7.50000	       14N
   6.28519	  25.40278	   7.50000	       14N
   8.79927	  29.75729	   7.50000	       14N
   8.79927	  34.11180	   7.50000	       14N
   8.79927	  25.40278	   7.50000	       14N
  11.31334	  29.75729	   7.50000	       14N
  11.31334	  34.11180	   7.50000	       14N
  11.31334	  25.40278	   7.50000	       14N
  13.82742	  29.75729	   7.50000	       14N
  13.82742	  34.11180	   7.50000	       14N
  13.82742	  25.40278	   7.50000	       14N
  16.34150	  29.75729	   7.50000	       14N
  16.34150	  34.11180	   7.50000	       14N
  16.34150	  25.40278	   7.50000	       14N
  18.85557	  29.75729	   7.50000	       14N
  18.85557	  34.11180	   7.50000	       14N
  18.85557	  25.40278	   7.50000	       14N
  21.36965	  29.75729	   7.50000	       14N
  21.36965	  34.11180	   7.50000	       14N
  21.36965	  25.40278	   7.50000	       14N
   0.00000	  27.58003	   7.50000	       14N
   0.00000	  31.93454	   7.50000	       14N
   0.00000	  36.28905	   7.50000	       14N
   2.51408	  27.58003	   7.50000	       14N
   2.51408	  31.93454	   7.50000	       14N
   2.51408	  36.28905	   7.50000	       14N
   5.02815	  27.58003	   7.50000	       14N
   5.02815	  31.93454	   7.50000	       14N
   5.02815	  36.28905	   7.50000	       14N
   7.54223	  27.58003	   7.50000	       14N
   7.54223	  31.93454	   7.50000	       14N
   7.54223	  36.28905	   7.50000	       14N
  10.05631	  27.58003	   7.50000	       14N
  10.05631	  31.93454	   7.50000	       14N
  10.05631	  36.28905	   7.50000	       14N
  12.57038	  27.58003	   7.50000	       14N
  12.57038	  31.93454	   7.50000	       14N
  12.57038	  36.28905	   7.50000	       14N
  15.08446	  27.58003	   7.50000	       14N
  15.08446	  31.93454	   7.50000	       14N
  15.08446	  36.28905	   7.50000	       14N
  17.59854	  27.58003	   7.50000	       14N
  17.59854	  31.93454	   7.50000	       14N
  17.59854	  36.28905	   7.50000	       14N
  20.11261	  27.58003	   7.50000	       14N
  20.11261	  31.93454	   7.50000	       14N
  20.11261	  36.28905	   7.50000	       14N
   1.25704	  41.36882	   7.50000	       11B
   1.25704	  45.72333	   7.50000	       11B
   1.25704	  50.07784	   7.50000	       11B
   3.77111	  41.36882	   7.50000	       11B
   3.77111	  45.72333	   7.50000	       11B
   3.77111	  50.07784	   7.50000	       11B
   6.28519	  41.36882	   7.50000	       11B
   6.28519	  45.72333	   7.50000	       11B
   6.28519	  50.07784	   7.50000	       11B
   8.79927	  41.36882	   7.50000	       11B
   8.79927	  45.72333	   7.50000	       11B
   8.79927	  50.07784	   7.50000	       11B
  11.31334	  41.36882	   7.50000	       11B
  11.31334	  45.72333	   7.50000	       11B
  11.31334	  50.07784	   7.50000	       11B
  13.82742	  41.36882	   7.50000	       10B
  13.82742	  45.72333	   7.50000	       11B
  13.82742	  50.07784	   7.50000	       11B
  16.34150	  41.36882	   7.50000	       11B
  16.34150	  45.72333	   7.50000	       11B
  16.34150	  50.07784	   7.50000	       10B
  18.85557	  41.36882	   7.50000	       11B
  18.85557	  45.72333	   7.50000	       10B
  18.85557	  50.07784	   7.50000	       11B
  21.36965	  41.36882	   7.50000	       11B
  21.36965	  45.72333	   7.50000	       11B
  21.36965	  50.07784	   7.50000	       11B
   0.00000	  39.19155	   7.50000	       11B
   0.00000	  43.54606	   7.50000	       11B
   0.00000	  47.90057	   7.50000	       11B
   2.51408	  39.19155	   7.50000	       11B
   2.51408	  43.54606	   7.50000	       11B
   2.51408	  47.90057	   7.50000	       11B
   5.02815	  39.19155	   7.50000	       11B
   5.02815	  43.54606	   7.50000	       11B
   5.02815	  47.90057	   7.50000	       11B
   7.54223	  39.19155	   7.50000	       11B
   7.54223	  43.54606	   7.50000	       11B
   7.54223	  47.90057	   7.50000	       11B
  10.05631	  39.19155	   7.50000	       11B
  10.05631	  43.54606	   7.50000	       10B
  10.05631	  47.90057	   7.50000	       11B
  12.57038	  39.19155	   7.50000	       10B
  12.57038	  43.54606	   7.50000	       11B
  12.57038	  47.90057	   7.50000	       11B
  15.08446	  39.19155	   7.50000	       11B
  15.08446	  43.54606	   7.50000	       11B
  15.08446	  47.90057	   7.50000	       11B
  17.59854	  39.19155	   7.50000	       11B
  17.59854	  43.54606	   7.50000	       11B
  17.59854	  47.90057	   7.50000	       10B
  20.11261	  39.19155	   7.50000	       11B
  20.11261	  43.54606	   7.50000	       10B
  20.11261	  47.90057	   7.50000	       10B
   1.25704	  42.82082	   7.50000	       14N
   1.25704	  47.17532	   7.50000	       14N
   1.25704	  38.46631	   7.50000	       14N
   3.77111	  42.82082	   7.50000	       14N
   3.77111	  47.17532	   7.50000	       14N
   3.77111	  38.46631	   7.50000	       14N
   6.28519	  42.82082	   7.50000	       14N
   6.28519	  47.17532	   7.50000	       14N
   6.28519	  38.46631	   7.50000	       14N
   8.79927	  42.82082	   7.50000	       14N
   8.79927	  47.17532	   7.50000	       14N
   8.79927	  38.46631	   7.50000	       14N
  11.31334	  42.82082	   7.50000	       14N
  11.31334	  47.17532	   7.50000	       14N
  11.31334	  38.46631	   7.50000	       14N
  13.82742	  42.82082	   7.50000	       14N
  13.82742	  47.17532	   7.50000	       14N
  13.82742	  38.46631	   7.50000	       14N
  16.34150	  42.82082	   7.50000	       14N
  16.34150	  47.17532	   7.50000	       14N
  16.34150	  38.46631	   7.50000	       14N
  18.85557	  42.82082	   7.50000	       14N
  18.85557	  47.17532	   7.50000	       14N
  18.85557	  38.46631	   7.50000	       14N
  21.36965	  42.82082	   7.50000	       14N
  21.36965	  47.17532	   7.50000	       14N
  21.36965	  38.46631	   7.50000	       14N
   0.00000	  40.64356	   7.50000	       14N
   0.00000	  44.99807	   7.50000	       14N
   0.00000	  49.35257	   7.50000	       14N
   2.51408	  40.64356	   7.50000	       14N
   2.51408	  44.99807	   7.50000	       14N
   2.51408	  49.35257	   7.50000	       14N
   5.02815	  40.64356	   7.50000	       14N
   5.02815	  44.99807	   7.50000	       14N
   5.02815	  49.35257	   7.50000	       14N
   7.54223	  40.64356	   7.50000	       14N
   7.54223	  44.99807	   7.50000	       14N
   7.54223	  49.35257	   7.50000	       14N
  10.05631	  40.64356	   7.50000	       14N
  10.05631	  44.99807	   7.50000	       14N
  10.05631	  49.35257	   7.50000	       14N
  12.57038	  40.64356	   7.50000	       14N
  12.57038	  44.99807	   7.50000	       14N
  12.57038	  49.35257	   7.50000	       14N
  15.08446	  40.64356	   7.50000	       14N
  15.08446	  44.99807	   7.50000	       14N
  15.08446	  49.35257	   7.50000	       14N
  17.59854	  40.64356	   7.50000	       14N
  17.59854	  44.99807	   7.50000	       14N
  17.59854	  49.35257	   7.50000	       14N
  20.11261	  40.64356	   7.50000	       14N
  20.11261	  44.99807	   7.50000	       14N
  20.11261	  49.35257	   7.50000	       14N
   1.25704	  54.43235	   7.50000	       11B
   1.25704	  58.78686	   7.50000	       11B
   1.25704	  63.14137	   7.50000	       11B
   3.77111	  54.43235	   7.50000	       11B
   3.77111	  58.78686	   7.50000	       11B
   3.77111	  63.14137	   7.50000	       10B
   6.28519	  54.43235	   7.50000	       11B
   6.28519	  58.78686	   7.50000	       11B
   6.28519	  63.14137	   7.50000	       10B
   8.79927	  54.43235	   7.50000	       11B
   8.79927	  58.78686	   7.50000	       11B
   8.79927	  63.14137	   7.50000	       11B
  11.31334	  54.43235	   7.50000	       11B
  11.31334	  58.78686	   7.50000	       11B
  11.31334	  63.14137	   7.50000	       11B
  13.82742	  54.43235	   7.50000	       11B
  13.82742	  58.78686	   7.50000	       11B
  13.82742	  63.14137	   7.50000	       10B
  16.34150	  54.43235	   7.50000	       11B
  16.34150	  58.78686	   7.50000	       11B
  16.34150	  63.14137	   7.50000	       11B
  18.85557	  54.43235	   7.50000	       11B
  18.85557	  58.78686	   7.50000	       10B
  18.85557	  63.14137	   7.50000	       11B
  21.36965	  54.43235	   7.50000	       11B
  21.36965	  58.78686	   7.50000	       11B
  21.36965	  63.14137	   7.50000	       10B
   0.00000	  52.25508	   7.50000	       11B
   0.00000	  56.60959	   7.50000	       11B
   0.00000	  60.96410	   7.50000	       11B
   2.51408	  52.25508	   7.50000	       11B
   2.51408	  56.60959	   7.50000	       10B
   2.51408	  60.96410	   7.50000	       11B
   5.02815	  52.25508	   7.50000	       11B
   5.02815	  56.60959	   7.50000	       11B
   5.02815	  60.96410	   7.50000	       11B
   7.54223	  52.25508	   7.50000	       11B
   7.54223	  56.60959	   7.50000	       11B
   7.54223	  60.96410	   7.50000	       11B
  10.05631	  52.25508	   7.50000	       11B
  10.05631	  56.60959	   7.50000	       11B
  10.05631	  60.96410	   7.50000	       11B
  12.57038	  52.25508	   7.50000	       11B
  12.57038	  56.60959	   7.50000	       11B
  12.57038	  60.96410	   7.50000	       11B
  15.08446	  52.25508	   7.50000	       10B
  15.08446	  56.60959	   7.50000	       10B
  15.08446	  60.96410	   7.50000	       11B
  17.59854	  52.25508	   7.50000	       11B
  17.59854	  56.60959	   7.50000	       11B
  17.59854	  60.96410	   7.50000	       10B
  20.11261	  52.25508	   7.50000	       10B
  20.11261	  56.60959	   7.50000	       11B
  20.11261	  60.96410	   7.50000	       11B
   1.25704	  55.88434	   7.50000	       14N
   1.25704	  60.23885	   7.50000	       14N
   1.25704	  51.52983	   7.50000	       14N
   3.77111	  55.88434	   7.50000	       14N
   3.77111	  60.23885	   7.50000	       14N
   3.77111	  51.52983	   7.50000	       14N
   6.28519	  55.88434	   7.50000	       14N
   6.28519	  60.23885	   7.50000	       14N
   6.28519	  51.52983	   7.50000	       14N
   8.79927	  55.88434	   7.50000	       14N
   8.79927	  60.23885	   7.50000	       14N
   8.79927	  51.52983	   7.50000	       14N
  11.31334	  55.88434	   7.50000	       14N
  11.31334	  60.23885	   7.50000	       14N
  11.31334	  51.52983	   7.50000	       14N
  13.82742	  55.88434	   7.50000	       14N
  13.82742	  60.23885	   7.50000	       14N
  13.82742	  51.52983	   7.50000	       14N
  16.34150	  55.88434	   7.50000	       14N
  16.34150	  60.23885	   7.50000	       14N
  16.34150	  51.52983	   7.50000	       14N
  18.85557	  55.88434	   7.50000	       14N
  18.85557	  60.23885	   7.50000	       14N
  18.85557	  51.52983	   7.50000	       14N
  21.36965	  55.88434	   7.50000	       14N
  21.36965	  60.23885	   7.50000	       14N
  21.36965	  51.52983	   7.50000	       14N
   0.00000	  53.70708	   7.50000	       14N
   0.00000	  58.06159	   7.50000	       14N
   0.00000	  62.41610	   7.50000	       14N
   2.51408	  53.70708	   7.50000	       14N
   2.51408	  58.06159	   7.50000	       14N
   2.51408	  62.41610	   7.50000	       14N
   5.02815	  53.70708	   7.50000	       14N
   5.02815	  58.06159	   7.50000	       14N
   5.02815	  62.41610	   7.50000	       14N
   7.54223	  53.70708	   7.50000	       14N
   7.54223	  58.06159	   7.50000	       14N
   7.54223	  62.41610	   7.50000	       14N
  10.05631	  53.70708	   7.50000	       14N
  10.05631	  58.06159	   7.50000	       14N
  10.05631	  62.41610	   7.50000	       14N
  12.57038	  53.70708	   7.50000	       14N
  12.57038	  58.06159	   7.50000	       14N
  12.57038	  62.41610	   7.50000	       14N
  15.08446	  53.70708	   7.50000	       14N
  15.08446	  58.06159	   7.50000	       14N
  15.08446	  62.41610	   7.50000	       14N
  17.59854	  53.70708	   7.50000	       14N
  17.59854	  58.06159	   7.50000	       14N
  17.59854	  62.41610	   7.50000	       14N
  20.11261	  53.70708	   7.50000	       14N
  20.11261	  58.06159	   7.50000	       14N
  20.11261	  62.41610	   7.50000	       14N
   1.25704	  67.49587	   7.50000	       11B
   1.25704	  71.85038	   7.50000	       11B
   1.25704	  76.20489	   7.50000	       11B
   3.77111	  67.49587	   7.50000	       11B
   3.77111	  71.85038	   7.50000	       11B
   3.77111	  76.20489	   7.50000	       11B
   6.28519	  67.49587	   7.50000	       10B
   6.28519	  71.85038	   7.50000	       11B
   6.28519	  76.20489	   7.50000	       11B
   8.79927	  67.49587	   7.50000	       11B
   8.79927	  71.85038	   7.50000	       11B
   8.79927	  76.20489	   7.50000	       11B
  11.31334	  67.49587	   7.50000	       11B
  11.31334	  71.85038	   7.50000	       11B
  11.31334	  76.20489	   7.50000	       10B
  13.82742	  67.49587	   7.50000	       11B
  13.82742	  71.85038	   7.50000	       11B
  13.82742	  76.20489	   7.50000	       11B
  16.34150	  67.49587	   7.50000	       11B
  16.34150	  71.85038	   7.50000	       10B
  16.34150	  76.20489	   7.50000	       11B
  18.85557	  67.49587	   7.50000	       11B
  18.85557	  71.85038	   7.50000	       10B
  18.85557	  76.20489	   7.50000	       11B
  21.36965	  67.49587	   7.50000	       11B
  21.36965	  71.85038	   7.50000	       10B
  21.36965	  76.20489	   7.50000	       10B
   0.00000	  65.31860	   7.50000	       11B
   0.00000	  69.67311	   7.50000	       10B
   0.00000	  74.02762	   7.50000	       11B
   2.51408	  65.31860	   7.50000	       11B
   2.51408	  69.67311	   7.50000	       11B
   2.51408	  74.02762	   7.50000	       11B
   5.02815	  65.31860	   7.50000	       11B
   5.02815	  69.67311	   7.50000	       11B
   5.02815	  74.02762	   7.50000	       11B
   7.54223	  65.31860	   7.50000	       10B
   7.54223	  69.67311	   7.50000	       11B
   7.54223	  74.02762	   7.50000	       11B
  10.05631	  65.31860	   7.50000	       10B
  10.05631	  69.67311	   7.50000	       11B
  10.05631	  74.02762	   7.50000	       10B
  12.57038	  65.31860	   7.50000	       11B
  12.57038	  69.67311	   7.50000	       11B
  12.57038	  74.02762	   7.50000	       11B
  15.08446	  65.31860	   7.50000	       11B
  15.08446	  69.67311	   7.50000	       11B
  15.08446	  74.02762	   7.50000	       11B
  17.59854	  65.31860	   7.50000	       10B
  17.59854	  69.67311	   7.50000	       11B
  17.59854	  74.02762	   7.50000	       11B
  20.11261	  65.31860	   7.50000	       11B
  20.11261	  69.67311	   7.50000	       11B
  20.11261	  74.02762	   7.50000	       11B
   1.25704	  68.94787	   7.50000	       14N
   1.25704	  73.30237	   7.50000	       14N
   1.25704	  64.59336	   7.50000	       14N
   3.77111	  68.94787	   7.50000	       14N
   3.77111	  73.30237	   7.50000	       14N
   3.77111	  64.59336	   7.50000	       14N
   6.28519	  68.94787	   7.50000	       14N
   6.28519	  73.30237	   7.50000	       14N
   6.28519	  64.59336	   7.50000	       14N
   8.79927	  68.94787	   7.50000	       14N
   8.79927	  73.30237	   7.50000	       14N
   8.79927	  64.59336	   7.50000	       14N
  11.31334	  68.94787	   7.50000	       14N
  11.31334	  73.30237	   7.50000	       14N
  11.31334	  64.59336	   7.50000	       14N
  13.82742	  68.94787	   7.50000	       14N
  13.82742	  73.30237	   7.50000	       14N
  13.82742	  64.59336	   7.50000	       14N
  16.34150	  68.94787	   7.50000	       14N
  16.34150	  73.30237	   7.50000	       14N
  16.34150	  64.59336	   7.50000	       14N
  18.85557	  68.94787	   7.50000	       14N
  18.85557	  73.30237	   7.50000	       14N
  18.85557	  64.59336	   7.50000	       14N
  21.36965	  68.94787	   7.50000	       14N
  21.36965	  73.30237	   7.50000	       14N
  21.36965	  64.59336	   7.50000	       14N
   0.00000	  66.77061	   7.50000	       14N
   0.00000	  71.12512	   7.50000	       14N
   0.00000	  75.47963	   7.50000	       14N
   2.51408	  66.77061	   7.50000	       14N
   2.51408	  71.12512	   7.50000	       14N
   2.51408	  75.47963	   7.50000	       14N
   5.02815	  66.77061	   7.50000	       14N
   5.02815	  71.12512	   7.50000	       14N
   5.02815	  75.47963	   7.50000	       14N
   7.54223	  66.77061	   7.50000	       14N
   7.54223	  71.12512	   7.50000	       14N
   7.54223	  75.47963	   7.50000	       14N
  10.05631	  66.77061	   7.50000	       14N
  10.05631	  71.12512	   7.50000	       14N
  10.05631	  75.47963	   7.50000	       14N
  12.57038	  66.77061	   7.50000	       14N
  12.57038	  71.12512	   7.50000	       14N
  12.57038	  75.47963	   7.50000	       14N
  15.08446	  66.77061	   7.50000	       14N
  15.08446	  71.12512	   7.50000	       14N
  15.08446	  75.47963	   7.50000	       14N
  17.59854	  66.77061	   7.50000	       14N
  17.59854	  71.12512	   7.50000	       14N
  17.59854	  75.47963	   7.50000	       14N
  20.11261	  66.77061	   7.50000	       14N
  20.11261	  71.12512	   7.50000	       14N
  20.11261	  75.47963	   7.50000	       14N
   0.00000	  78.38213	   7.50000	       10B
   2.51408	  78.38213	   7.50000	       10B
   5.02815	  78.38213	   7.50000	       11B
   7.54223	  78.38213	   7.50000	       11B
  10.05631	  78.38213	   7.50000	       11B
  12.57038	  78.38213	   7.50000	       11B
  15.08446	  78.38213	   7.50000	       11B
  17.59854	  78.38213	   7.50000	       11B
  20.11261	  78.38213	   7.50000	       11B
   1.25704	  77.65688	   7.50000	       14N
   3.77111	  77.65688	   7.50000	       14N
   6.28519	  77.65688	   7.50000	       14N
   8.79927	  77.65688	   7.50000	       14N
  11.31334	  77.65688	   7.50000	       14N
  13.82742	  77.65688	   7.50000	       14N
  16.34150	  77.65688	   7.50000	       14N
  18.85557	  77.65688	   7.50000	       14N
  21.36965	  77.65688	   7.50000	       14N
   0.00000	  79.83413	   7.50000	       14N
   2.51408	  79.83413	   7.50000	       14N
   5.02815	  79.83413	   7.50000	       14N
   7.54223	  79.83413	   7.50000	       14N
  10.05631	  79.83413	   7.50000	       14N
  12.57038	  79.83413	   7.50000	       14N
  15.08446	  79.83413	   7.50000	       14N
  17.59854	  79.83413	   7.50000	       14N
  20.11261	  79.83413	   7.50000	       14N
  23.88373	   2.17825	   7.50000	       11B
  23.88373	   6.53276	   7.50000	       11B
  23.88373	  10.88727	   7.50000	       11B
  26.39780	   2.17825	   7.50000	       11B
  26.39780	   6.53276	   7.50000	       11B
  26.39780	  10.88727	   7.50000	       11B
  28.91188	   2.17825	   7.50000	       11B
  28.91188	   6.53276	   7.50000	       10B
  28.91188	  10.88727	   7.50000	       11B
  31.42596	   2.17825	   7.50000	       11B
  31.42596	   6.53276	   7.50000	       11B
  31.42596	  10.88727	   7.50000	       11B
  33.94003	   2.17825	   7.50000	       11B
  33.94003	   6.53276	   7.50000	       11B
  33.94003	  10.88727	   7.50000	       11B
  36.45411	   2.17825	   7.50000	       11B
  36.45411	   6.53276	   7.50000	       11B
  36.45411	  10.88727	   7.50000	       11B
  38.96818	   2.17825	   7.50000	       11B
  38.96818	   6.53276	   7.50000	       11B
  38.96818	  10.88727	   7.50000	       11B
  41.48226	   2.17825	   7.50000	       11B
  41.48226	   6.53276	   7.50000	       11B
  41.48226	  10.88727	   7.50000	       11B
  43.99634	   2.17825	   7.50000	       11B
  43.99634	   6.53276	   7.50000	       11B
  43.99634	  10.88727	   7.50000	       11B
  22.62669	   0.00098	   7.50000	       11B
  22.62669	   4.35549	   7.50000	       11B
  22.62669	   8.71000	   7.50000	       10B
  25.14076	   0.00098	   7.50000	       11B
  25.14076	   4.35549	   7.50000	       11B
  25.14076	   8.71000	   7.50000	       11B
  27.65484	   0.00098	   7.50000	       11B
  27.65484	   4.35549	   7.50000	       11B
  27.65484	   8.71000	   7.50000	       11B
  30.16892	   0.00098	   7.50000	       11B
  30.16892	   4.35549	   7.50000	       10B
  30.16892	   8.71000	   7.50000	       11B
  32.68299	   0.00098	   7.50000	       11B
  32.68299	   4.35549	   7.50000	       11B
  32.68299	   8.71000	   7.50000	       10B
  35.19707	   0.00098	   7.50000	       11B
  35.19707	   4.35549	   7.50000	       11B
  35.19707	   8.71000	   7.50000	       11B
  37.71115	   0.00098	   7.50000	       11B
  37.71115	   4.35549	   7.50000	       11B
  37.71115	   8.71000	   7.50000	       11B
  40.22522	   0.00098	   7.50000	       11B
  40.22522	   4.35549	   7.50000	       10B
  40.22522	   8.71000	   7.50000	       10B
  42.73930	   0.00098	   7.50000	       11B
  42.73930	   4.35549	   7.50000	       11B
  42.73930	   8.71000	   7.50000	       10B
  23.88373	   3.63024	   7.50000	       14N
  23.88373	   7.98475	   7.50000	       14N
  26.39780	   3.63024	   7.50000	       14N
  26.39780	   7.98475	   7.50000	       14N
  28.91188	   3.63024	   7.50000	       14N
  28.91188	   7.98475	   7.50000	       14N
  31.42596	   3.63024	   7.50000	       14N
  31.42596	   7.98475	   7.50000	       14N
  33.94003	   3.63024	   7.50000	       14N
  33.94003	   7.98475	   7.50000	       14N
  36.45411	   3.63024	   7.50000	       14N
  36.45411	   7.98475	   7.50000	       14N
  38.96818	   3.63024	   7.50000	       14N
  38.96818	   7.98475	   7.50000	       14N
  41.48226	   3.63024	   7.50000	       14N
  41.48226	   7.98475	   7.50000	       14N
  43.99634	   3.63024	   7.50000	       14N
  43.99634	   7.98475	   7.50000	       14N
  22.62669	   1.45298	   7.50000	       14N
  22.62669	   5.80749	   7.50000	       14N
  22.62669	  10.16200	   7.50000	       14N
  25.14076	   1.45298	   7.50000	       14N
  25.14076	   5.80749	   7.50000	       14N
  25.14076	  10.16200	   7.50000	       14N
  27.65484	   1.45298	   7.50000	       14N
  27.65484	   5.80749	   7.50000	       14N
  27.65484	  10.16200	   7.50000	       14N
  30.16892	   1.45298	   7.50000	       14N
  30.16892	   5.80749	   7.50000	       14N
  30.16892	  10.16200	   7.50000	       14N
  32.68299	   1.45298	   7.50000	       14N
  32.68299	   5.80749	   7.50000	       14N
  32.68299	  10.16200	   7.50000	       14N
  35.19707	   1.45298	   7.50000	       14N
  35.19707	   5.80749	   7.50000	       14N
  35.19707	  10.16200	   7.50000	       14N
  37.71115	   1.45298	   7.50000	       14N
  37.71115	   5.80749	   7.50000	       14N
  37.71115	  10.16200	   7.50000	       14N
  40.22522	   1.45298	   7.50000	       14N
  40.22522	   5.80749	   7.50000	       14N
  40.22522	  10.16200	   7.50000	       14N
  42.73930	   1.45298	   7.50000	       14N
  42.73930	   5.80749	   7.50000	       14N
  42.73930	  10.16200	   7.50000	       14N
  23.88373	  15.24177	   7.50000	       11B
  23.88373	  19.59628	   7.50000	       10B
  23.88373	  23.95079	   7.50000	       11B
  26.39780	  15.24177	   7.50000	       11B
  26.39780	  19.59628	   7.50000	       11B
  26.39780	  23.95079	   7.50000	       11B
  28.91188	  15.24177	   7.50000	       10B
  28.91188	  19.59628	   7.50000	       11B
  28.91188	  23.95079	   7.50000	       10B
  31.42596	  15.24177	   7.50000	       11B
  31.42596	  19.59628	   7.50000	       10B
  31.42596	  23.95079	   7.50000	       11B
  33.94003	  15.24177	   7.50000	       11B
  33.94003	  19.59628	   7.50000	       11B
  33.94003	  23.95079	   7.50000	       11B
  36.45411	  15.24177	   7.50000	       11B
  36.45411	  19.59628	   7.50000	       11B
  36.45411	  23.95079	   7.50000	       11B
  38.96818	  15.24177	   7.50000	       11B
  38.96818	  19.59628	   7.50000	       11B
  38.96818	  23.95079	   7.50000	       11B
  41.48226	  15.24177	   7.50000	       11B
  41.48226	  19.59628	   7.50000	       10B
  41.48226	  23.95079	   7.50000	       11B
  43.99634	  15.24177	   7.50000	       11B
  43.99634	  19.59628	   7.50000	       11B
  43.99634	  23.95079	   7.50000	       10B
  22.62669	  13.06450	   7.50000	       11B
  22.62669	  17.41901	   7.50000	       10B
  22.62669	  21.77352	   7.50000	       11B
  25.14076	  13.06450	   7.50000	       11B
  25.14076	  17.41901	   7.50000	       11B
  25.14076	  21.77352	   7.50000	       11B
  27.65484	  13.06450	   7.50000	       11B
  27.65484	  17.41901	   7.50000	       11B
  27.65484	  21.77352	   7.50000	       10B
  30.16892	  13.06450	   7.50000	       11B
  30.16892	  17.41901	   7.50000	       11B
  30.16892	  21.77352	   7.50000	       11B
  32.68299	  13.06450	   7.50000	       11B
  32.68299	  17.41901	   7.50000	       10B
  32.68299	  21.77352	   7.50000	       11B
  35.19707	  13.06450	   7.50000	       11B
  35.19707	  17.41901	   7.50000	       11B
  35.19707	  21.77352	   7.50000	       11B
  37.71115	  13.06450	   7.50000	       10B
  37.71115	  17.41901	   7.50000	       11B
  37.71115	  21.77352	   7.50000	       11B
  40.22522	  13.06450	   7.50000	       11B
  40.22522	  17.41901	   7.50000	       10B
  40.22522	  21.77352	   7.50000	       11B
  42.73930	  13.06450	   7.50000	       11B
  42.73930	  17.41901	   7.50000	       11B
  42.73930	  21.77352	   7.50000	       11B
  23.88373	  16.69376	   7.50000	       14N
  23.88373	  21.04827	   7.50000	       14N
  23.88373	  12.33926	   7.50000	       14N
  26.39780	  16.69376	   7.50000	       14N
  26.39780	  21.04827	   7.50000	       14N
  26.39780	  12.33926	   7.50000	       14N
  28.91188	  16.69376	   7.50000	       14N
  28.91188	  21.04827	   7.50000	       14N
  28.91188	  12.33926	   7.50000	       14N
  31.42596	  16.69376	   7.50000	       14N
  31.42596	  21.04827	   7.50000	       14N
  31.42596	  12.33926	   7.50000	       14N
  33.94003	  16.69376	   7.50000	       14N
  33.94003	  21.04827	   7.50000	       14N
  33.94003	  12.33926	   7.50000	       14N
  36.45411	  16.69376	   7.50000	       14N
  36.45411	  21.04827	   7.50000	       14N
  36.45411	  12.33926	   7.50000	       14N
  38.96818	  16.69376	   7.50000	       14N
  38.96818	  21.04827	   7.50000	       14N
  38.96818	  12.33926	   7.50000	       14N
  41.48226	  16.69376	   7.50000	       14N
  41.48226	  21.04827	   7.50000	       14N
  41.48226	  12.33926	   7.50000	       14N
  43.99634	  16.69376	   7.50000	       14N
  43.99634	  21.04827	   7.50000	       14N
  43.99634	  12.33926	   7.50000	       14N
  22.62669	  14.51651	   7.50000	       14N
  22.62669	  18.87102	   7.50000	       14N
  22.62669	  23.22552	   7.50000	       14N
  25.14076	  14.51651	   7.50000	       14N
  25.14076	  18.87102	   7.50000	       14N
  25.14076	  23.22552	   7.50000	       14N
  27.65484	  14.51651	   7.50000	       14N
  27.65484	  18.87102	   7.50000	       14N
  27.65484	  23.22552	   7.50000	       14N
  30.16892	  14.51651	   7.50000	       14N
  30.16892	  18.87102	   7.50000	       14N
  30.16892	  23.22552	   7.50000	       14N
  32.68299	  14.51651	   7.50000	       14N
  32.68299	  18.87102	   7.50000	       14N
  32.68299	  23.22552	   7.50000	       14N
  35.19707	  14.51651	   7.50000	       14N
  35.19707	  18.87102	   7.50000	       14N
  35.19707	  23.22552	   7.50000	       14N
  37.71115	  14.51651	   7.50000	       14N
  37.71115	  18.87102	   7.50000	       14N
  37.71115	  23.22552	   7.50000	       14N
  40.22522	  14.51651	   7.50000	       14N
  40.22522	  18.87102	   7.50000	       14N
  40.22522	  23.22552	   7.50000	       14N
  42.73930	  14.51651	   7.50000	       14N
  42.73930	  18.87102	   7.50000	       14N
  42.73930	  23.22552	   7.50000	       15N
  23.88373	  28.30530	   7.50000	       11B
  23.88373	  32.65981	   7.50000	       10B
  23.88373	  37.01432	   7.50000	       11B
  26.39780	  28.30530	   7.50000	       11B
  26.39780	  32.65981	   7.50000	       11B
  26.39780	  37.01432	   7.50000	       10B
  28.91188	  28.30530	   7.50000	       11B
  28.91188	  32.65981	   7.50000	       11B
  28.91188	  37.01432	   7.50000	       11B
  31.42596	  28.30530	   7.50000	       11B
  31.42596	  32.65981	   7.50000	       11B
  31.42596	  37.01432	   7.50000	       11B
  33.94003	  28.30530	   7.50000	       11B
  33.94003	  32.65981	   7.50000	       11B
  33.94003	  37.01432	   7.50000	       11B
  36.45411	  28.30530	   7.50000	       11B
  36.45411	  32.65981	   7.50000	       11B
  36.45411	  37.01432	   7.50000	       11B
  38.96818	  28.30530	   7.50000	       11B
  38.96818	  32.65981	   7.50000	       11B
  38.96818	  37.01432	   7.50000	       11B
  41.48226	  28.30530	   7.50000	       11B
  41.48226	  32.65981	   7.50000	       10B
  41.48226	  37.01432	   7.50000	       11B
  43.99634	  28.30530	   7.50000	       11B
  43.99634	  32.65981	   7.50000	       11B
  43.99634	  37.01432	   7.50000	       11B
  22.62669	  26.12803	   7.50000	       11B
  22.62669	  30.48254	   7.50000	       11B
  22.62669	  34.83705	   7.50000	       11B
  25.14076	  26.12803	   7.50000	       11B
  25.14076	  30.48254	   7.50000	       11B
  25.14076	  34.83705	   7.50000	       11B
  27.65484	  26.12803	   7.50000	       11B
  27.65484	  30.48254	   7.50000	       11B
  27.65484	  34.83705	   7.50000	       11B
  30.16892	  26.12803	   7.50000	       11B
  30.16892	  30.48254	   7.50000	       10B
  30.16892	  34.83705	   7.50000	       11B
  32.68299	  26.12803	   7.50000	       10B
  32.68299	  30.48254	   7.50000	       11B
  32.68299	  34.83705	   7.50000	       11B
  35.19707	  26.12803	   7.50000	       11B
  35.19707	  30.48254	   7.50000	       11B
  35.19707	  34.83705	   7.50000	       11B
  37.71115	  26.12803	   7.50000	       11B
  37.71115	  30.48254	   7.50000	       11B
  37.71115	  34.83705	   7.50000	       11B
  40.22522	  26.12803	   7.50000	       11B
  40.22522	  30.48254	   7.50000	       11B
  40.22522	  34.83705	   7.50000	       11B
  42.73930	  26.12803	   7.50000	       11B
  42.73930	  30.48254	   7.50000	       11B
  42.73930	  34.83705	   7.50000	       11B
  23.88373	  29.75729	   7.50000	       14N
  23.88373	  34.11180	   7.50000	       14N
  23.88373	  25.40278	   7.50000	       14N
  26.39780	  29.75729	   7.50000	       14N
  26.39780	  34.11180	   7.50000	       14N
  26.39780	  25.40278	   7.50000	       14N
  28.91188	  29.75729	   7.50000	       14N
  28.91188	  34.11180	   7.50000	       14N
  28.91188	  25.40278	   7.50000	       14N
  31.42596	  29.75729	   7.50000	       14N
  31.42596	  34.11180	   7.50000	       14N
  31.42596	  25.40278	   7.50000	       14N
  33.94003	  29.75729	   7.50000	       14N
  33.94003	  34.11180	   7.50000	       14N
  33.94003	  25.40278	   7.50000	       14N
  36.45411	  29.75729	   7.50000	       14N
  36.45411	  34.11180	   7.50000	       14N
  36.45411	  25.40278	   7.50000	       14N
  38.96818	  29.75729	   7.50000	       14N
  38.96818	  34.11180	   7.50000	       14N
  38.96818	  25.40278	   7.50000	       14N
  41.48226	  29.75729	   7.50000	       14N
  41.48226	  34.11180	   7.50000	       14N
  41.48226	  25.40278	   7.50000	       14N
  43.99634	  29.75729	   7.50000	       14N
  43.99634	  34.11180	   7.50000	       14N
  43.99634	  25.40278	   7.50000	       14N
  22.62669	  27.58003	   7.50000	       14N
  22.62669	  31.93454	   7.50000	       14N
  22.62669	  36.28905	   7.50000	       14N
  25.14076	  27.58003	   7.50000	       14N
  25.14076	  31.93454	   7.50000	       14N
  25.14076	  36.28905	   7.50000	       14N
  27.65484	  27.58003	   7.50000	       14N
  27.65484	  31.93454	   7.50000	       14N
  27.65484	  36.28905	   7.50000	       14N
  30.16892	  27.58003	   7.50000	       14N
  30.16892	  31.93454	   7.50000	       14N
  30.16892	  36.28905	   7.50000	       14N
  32.68299	  27.58003	   7.50000	       14N
  32.68299	  31.93454	   7.50000	       14N
  32.68299	  36.28905	   7.50000	       14N
  35.19707	  27.58003	   7.50000	       14N
  35.19707	  31.93454	   7.50000	       14N
  35.19707	  36.28905	   7.50000	       14N
  37.71115	  27.58003	   7.50000	       14N
  37.71115	  31.93454	   7.50000	       14N
  37.71115	  36.28905	   7.50000	       14N
  40.22522	  27.58003	   7.50000	       14N
  40.22522	  31.93454	   7.50000	       14N
  40.22522	  36.28905	   7.50000	       14N
  42.73930	  27.58003	   7.50000	       14N
  42.73930	  31.93454	   7.50000	       14N
  42.73930	  36.28905	   7.50000	       14N
  23.88378	  41.36466	   7.50000	       11B
  23.88457	  45.71831	   7.50000	       11B
  23.88405	  50.07220	   7.50000	       11B
  26.39874	  41.36666	   7.50000	       11B
  26.39847	  45.71993	   7.50000	       10B
  26.39979	  50.07437	   7.50000	       10B
  28.91181	  41.37006	   7.50000	       11B
  28.91400	  45.72226	   7.50000	       11B
  28.91495	  50.07860	   7.50000	       10B
  31.42636	  41.37544	   7.50000	       11B
  31.44262	  45.73224	   7.50000	       11B
  31.42919	  50.08053	   7.50000	       11B
  33.94003	  41.38037	   7.50000	       11B
  33.94003	  50.08041	   7.50000	       11B
  36.45370	  41.37544	   7.50000	       11B
  36.43744	  45.73224	   7.50000	       11B
  36.45087	  50.08053	   7.50000	       11B
  38.96825	  41.37006	   7.50000	       11B
  38.96606	  45.72226	   7.50000	       11B
  38.96512	  50.07860	   7.50000	       11B
  41.48133	  41.36666	   7.50000	       11B
  41.48159	  45.71993	   7.50000	       11B
  41.48027	  50.07437	   7.50000	       10B
  43.99629	  41.36466	   7.50000	       11B
  43.99549	  45.71831	   7.50000	       11B
  43.99602	  50.07220	   7.50000	       11B
  22.62669	  39.18634	   7.50000	       10B
  22.62669	  43.54260	   7.50000	       11B
  22.62669	  47.89452	   7.50000	       11B
  25.14115	  39.18769	   7.50000	       11B
  25.14124	  43.54200	   7.50000	       11B
  25.14155	  47.89641	   7.50000	       11B
  27.65566	  39.19028	   7.50000	       11B
  27.65612	  43.54463	   7.50000	       11B
  27.65774	  47.89835	   7.50000	       11B
  30.16999	  39.19515	   7.50000	       11B
  30.17147	  43.54970	   7.50000	       11B
  30.17232	  47.90179	   7.50000	       11B
  32.68401	  39.19844	   7.50000	       11B
  32.69527	  43.56606	   7.50000	       11B
  32.68953	  47.88590	   7.50000	       11B
  35.19605	  39.19844	   7.50000	       11B
  35.18479	  43.56606	   7.50000	       11B
  35.19053	  47.88590	   7.50000	       10B
  37.71008	  39.19515	   7.50000	       11B
  37.70859	  43.54970	   7.50000	       11B
  37.70774	  47.90179	   7.50000	       11B
  40.22441	  39.19028	   7.50000	       10B
  40.22394	  43.54463	   7.50000	       11B
  40.22233	  47.89835	   7.50000	       11B
  42.73891	  39.18769	   7.50000	       11B
  42.73883	  43.54200	   7.50000	       11B
  42.73852	  47.89641	   7.50000	       11B
  23.88208	  42.81668	   7.50000	       14N
  23.88261	  47.17053	   7.50000	       14N
  23.88257	  38.46143	   7.50000	       14N
  26.39364	  42.81752	   7.50000	       14N
  26.39384	  47.17283	   7.50000	       14N
  26.39468	  38.46373	   7.50000	       14N
  28.90452	  42.81887	   7.50000	       14N
  28.90424	  47.17687	   7.50000	       14N
  28.90773	  38.46834	   7.50000	       14N
  31.41674	  42.81737	   7.50000	       14N
  31.41135	  47.18673	   7.50000	       14N
  31.42265	  38.47269	   7.50000	       14N
  33.94003	  42.81403	   7.50000	       14N
  33.94003	  38.47423	   7.50000	       14N
  36.46333	  42.81737	   7.50000	       14N
  36.46872	  47.18673	   7.50000	       14N
  36.45741	  38.47269	   7.50000	       14N
  38.97555	  42.81887	   7.50000	       14N
  38.97583	  47.17687	   7.50000	       14N
  38.97234	  38.46834	   7.50000	       14N
  41.48642	  42.81752	   7.50000	       14N
  41.48623	  47.17283	   7.50000	       14N
  41.48538	  38.46373	   7.50000	       14N
  43.99798	  42.81668	   7.50000	       14N
  43.99745	  47.17053	   7.50000	       14N
  43.99749	  38.46143	   7.50000	       14N
  22.62669	  40.63869	   7.50000	       14N
  22.62669	  44.99402	   7.50000	       14N
  22.62669	  49.34717	   7.50000	       14N
  25.13839	  40.63981	   7.50000	       14N
  25.13784	  44.99377	   7.50000	       14N
  25.13880	  49.34892	   7.50000	       14N
  27.65011	  40.64156	   7.50000	       14N
  27.64785	  44.99570	   7.50000	       14N
  27.65128	  49.35262	   7.50000	       14N
  30.16328	  40.64482	   7.50000	       14N
  30.15514	  44.99804	   7.50000	       14N
  30.16334	  49.35929	   7.50000	       14N
  32.68042	  40.64611	   7.50000	       14N
  32.67919	  49.36588	   7.50000	       14N
  35.19964	  40.64611	   7.50000	       14N
  35.20088	  49.36588	   7.50000	       14N
  37.71679	  40.64482	   7.50000	       14N
  37.72493	  44.99804	   7.50000	       14N
  37.71672	  49.35929	   7.50000	       14N
  40.22996	  40.64156	   7.50000	       14N
  40.23221	  44.99570	   7.50000	       14N
  40.22878	  49.35262	   7.50000	       14N
  42.74168	  40.63981	   7.50000	       14N
  42.74222	  44.99377	   7.50000	       14N
  42.74126	  49.34892	   7.50000	       14N
  35.26895	  44.96368	   7.50000	       14N
  32.61112	  44.96368	   7.50000	       14N
  33.94003	  47.25716	   7.50000	       14N
  23.88373	  54.43235	   7.50000	       11B
  23.88373	  58.78686	   7.50000	       10B
  23.88373	  63.14137	   7.50000	       11B
  26.39780	  54.43235	   7.50000	       11B
  26.39780	  58.78686	   7.50000	       11B
  26.39780	  63.14137	   7.50000	       11B
  28.91188	  54.43235	   7.50000	       11B
  28.91188	  58.78686	   7.50000	       11B
  28.91188	  63.14137	   7.50000	       11B
  31.42596	  54.43235	   7.50000	       10B
  31.42596	  58.78686	   7.50000	       11B
  31.42596	  63.14137	   7.50000	       11B
  33.94003	  54.43235	   7.50000	       11B
  33.94003	  58.78686	   7.50000	       11B
  33.94003	  63.14137	   7.50000	       11B
  36.45411	  54.43235	   7.50000	       11B
  36.45411	  58.78686	   7.50000	       11B
  36.45411	  63.14137	   7.50000	       11B
  38.96818	  54.43235	   7.50000	       11B
  38.96818	  58.78686	   7.50000	       11B
  38.96818	  63.14137	   7.50000	       10B
  41.48226	  54.43235	   7.50000	       11B
  41.48226	  58.78686	   7.50000	       10B
  41.48226	  63.14137	   7.50000	       11B
  43.99634	  54.43235	   7.50000	       11B
  43.99634	  58.78686	   7.50000	       11B
  43.99634	  63.14137	   7.50000	       11B
  22.62669	  52.25508	   7.50000	       11B
  22.62669	  56.60959	   7.50000	       11B
  22.62669	  60.96410	   7.50000	       11B
  25.14076	  52.25508	   7.50000	       10B
  25.14076	  56.60959	   7.50000	       11B
  25.14076	  60.96410	   7.50000	       11B
  27.65484	  52.25508	   7.50000	       10B
  27.65484	  56.60959	   7.50000	       11B
  27.65484	  60.96410	   7.50000	       11B
  30.16892	  52.25508	   7.50000	       11B
  30.16892	  56.60959	   7.50000	       11B
  30.16892	  60.96410	   7.50000	       11B
  32.68299	  52.25508	   7.50000	       11B
  32.68299	  56.60959	   7.50000	       11B
  32.68299	  60.96410	   7.50000	       11B
  35.19707	  52.25508	   7.50000	       10B
  35.19707	  56.60959	   7.50000	       11B
  35.19707	  60.96410	   7.50000	       11B
  37.71115	  52.25508	   7.50000	       11B
  37.71115	  56.60959	   7.50000	       11B
  37.71115	  60.96410	   7.50000	       11B
  40.22522	  52.25508	   7.50000	       10B
  40.22522	  56.60959	   7.50000	       11B
  40.22522	  60.96410	   7.50000	       11B
  42.73930	  52.25508	   7.50000	       11B
  42.73930	  56.60959	   7.50000	       11B
  42.73930	  60.96410	   7.50000	       10B
  23.88373	  55.88434	   7.50000	       14N
  23.88373	  60.23885	   7.50000	       14N
  23.88373	  51.52983	   7.50000	       14N
  26.39780	  55.88434	   7.50000	       14N
  26.39780	  60.23885	   7.50000	       14N
  26.39780	  51.52983	   7.50000	       14N
  28.91188	  55.88434	   7.50000	       14N
  28.91188	  60.23885	   7.50000	       14N
  28.91188	  51.52983	   7.50000	       14N
  31.42596	  55.88434	   7.50000	       14N
  31.42596	  60.23885	   7.50000	       14N
  31.42596	  51.52983	   7.50000	       14N
  33.94003	  55.88434	   7.50000	       14N
  33.94003	  60.23885	   7.50000	       14N
  33.94003	  51.52983	   7.50000	       14N
  36.45411	  55.88434	   7.50000	       14N
  36.45411	  60.23885	   7.50000	       14N
  36.45411	  51.52983	   7.50000	       14N
  38.96818	  55.88434	   7.50000	       14N
  38.96818	  60.23885	   7.50000	       14N
  38.96818	  51.52983	   7.50000	       14N
  41.48226	  55.88434	   7.50000	       14N
  41.48226	  60.23885	   7.50000	       15N
  41.48226	  51.52983	   7.50000	       14N
  43.99634	  55.88434	   7.50000	       14N
  43.99634	  60.23885	   7.50000	       14N
  43.99634	  51.52983	   7.50000	       14N
  22.62669	  53.70708	   7.50000	       14N
  22.62669	  58.06159	   7.50000	       14N
  22.62669	  62.41610	   7.50000	       14N
  25.14076	  53.70708	   7.50000	       14N
  25.14076	  58.06159	   7.50000	       14N
  25.14076	  62.41610	   7.50000	       14N
  27.65484	  53.70708	   7.50000	       14N
  27.65484	  58.06159	   7.50000	       14N
  27.65484	  62.41610	   7.50000	       14N
  30.16892	  53.70708	   7.50000	       14N
  30.16892	  58.06159	   7.50000	       14N
  30.16892	  62.41610	   7.50000	       14N
  32.68299	  53.70708	   7.50000	       14N
  32.68299	  58.06159	   7.50000	       14N
  32.68299	  62.41610	   7.50000	       14N
  35.19707	  53.70708	   7.50000	       14N
  35.19707	  58.06159	   7.50000	       14N
  35.19707	  62.41610	   7.50000	       14N
  37.71115	  53.70708	   7.50000	       14N
  37.71115	  58.06159	   7.50000	       14N
  37.71115	  62.41610	   7.50000	       14N
  40.22522	  53.70708	   7.50000	       14N
  40.22522	  58.06159	   7.50000	       14N
  40.22522	  62.41610	   7.50000	       14N
  42.73930	  53.70708	   7.50000	       14N
  42.73930	  58.06159	   7.50000	       14N
  42.73930	  62.41610	   7.50000	       14N
  23.88373	  67.49587	   7.50000	       11B
  23.88373	  71.85038	   7.50000	       11B
  23.88373	  76.20489	   7.50000	       11B
  26.39780	  67.49587	   7.50000	       11B
  26.39780	  71.85038	   7.50000	       11B
  26.39780	  76.20489	   7.50000	       10B
  28.91188	  67.49587	   7.50000	       11B
  28.91188	  71.85038	   7.50000	       11B
  28.91188	  76.20489	   7.50000	       11B
  31.42596	  67.49587	   7.50000	       10B
  31.42596	  71.85038	   7.50000	       11B
  31.42596	  76.20489	   7.50000	       11B
  33.94003	  67.49587	   7.50000	       10B
  33.94003	  71.85038	   7.50000	       11B
  33.94003	  76.20489	   7.50000	       10B
  36.45411	  67.49587	   7.50000	       11B
  36.45411	  71.85038	   7.50000	       11B
  36.45411	  76.20489	   7.50000	       11B
  38.96818	  67.49587	   7.50000	       10B
  38.96818	  71.85038	   7.50000	       11B
  38.96818	  76.20489	   7.50000	       10B
  41.48226	  67.49587	   7.50000	       11B
  41.48226	  71.85038	   7.50000	       10B
  41.48226	  76.20489	   7.50000	       11B
  43.99634	  67.49587	   7.50000	       11B
  43.99634	  71.85038	   7.50000	       10B
  43.99634	  76.20489	   7.50000	       11B
  22.62669	  65.31860	   7.50000	       11B
  22.62669	  69.67311	   7.50000	       11B
  22.62669	  74.02762	   7.50000	       10B
  25.14076	  65.31860	   7.50000	       11B
  25.14076	  69.67311	   7.50000	       11B
  25.14076	  74.02762	   7.50000	       11B
  27.65484	  65.31860	   7.50000	       11B
  27.65484	  69.67311	   7.50000	       11B
  27.65484	  74.02762	   7.50000	       11B
  30.16892	  65.31860	   7.50000	       11B
  30.16892	  69.67311	   7.50000	       11B
  30.16892	  74.02762	   7.50000	       11B
  32.68299	  65.31860	   7.50000	       11B
  32.68299	  69.67311	   7.50000	       10B
  32.68299	  74.02762	   7.50000	       11B
  35.19707	  65.31860	   7.50000	       11B
  35.19707	  69.67311	   7.50000	       11B
  35.19707	  74.02762	   7.50000	       11B
  37.71115	  65.31860	   7.50000	       11B
  37.71115	  69.67311	   7.50000	       10B
  37.71115	  74.02762	   7.50000	       11B
  40.22522	  65.31860	   7.50000	       11B
  40.22522	  69.67311	   7.50000	       11B
  40.22522	  74.02762	   7.50000	       11B
  42.73930	  65.31860	   7.50000	       10B
  42.73930	  69.67311	   7.50000	       11B
  42.73930	  74.02762	   7.50000	       11B
  23.88373	  68.94787	   7.50000	       14N
  23.88373	  73.30237	   7.50000	       14N
  23.88373	  64.59336	   7.50000	       14N
  26.39780	  68.94787	   7.50000	       14N
  26.39780	  73.30237	   7.50000	       14N
  26.39780	  64.59336	   7.50000	       14N
  28.91188	  68.94787	   7.50000	       14N
  28.91188	  73.30237	   7.50000	       14N
  28.91188	  64.59336	   7.50000	       14N
  31.42596	  68.94787	   7.50000	       14N
  31.42596	  73.30237	   7.50000	       14N
  31.42596	  64.59336	   7.50000	       14N
  33.94003	  68.94787	   7.50000	       14N
  33.94003	  73.30237	   7.50000	       14N
  33.94003	  64.59336	   7.50000	       14N
  36.45411	  68.94787	   7.50000	       14N
  36.45411	  73.30237	   7.50000	       14N
  36.45411	  64.59336	   7.50000	       14N
  38.96818	  68.94787	   7.50000	       14N
  38.96818	  73.30237	   7.50000	       14N
  38.96818	  64.59336	   7.50000	       14N
  41.48226	  68.94787	   7.50000	       14N
  41.48226	  73.30237	   7.50000	       14N
  41.48226	  64.59336	   7.50000	       14N
  43.99634	  68.94787	   7.50000	       14N
  43.99634	  73.30237	   7.50000	       14N
  43.99634	  64.59336	   7.50000	       14N
  22.62669	  66.77061	   7.50000	       14N
  22.62669	  71.12512	   7.50000	       14N
  22.62669	  75.47963	   7.50000	       14N
  25.14076	  66.77061	   7.50000	       14N
  25.14076	  71.12512	   7.50000	       14N
  25.14076	  75.47963	   7.50000	       14N
  27.65484	  66.77061	   7.50000	       14N
  27.65484	  71.12512	   7.50000	       14N
  27.65484	  75.47963	   7.50000	       14N
  30.16892	  66.77061	   7.50000	       14N
  30.16892	  71.12512	   7.50000	       14N
  30.16892	  75.47963	   7.50000	       14N
  32.68299	  66.77061	   7.50000	       14N
  32.68299	  71.12512	   7.50000	       14N
  32.68299	  75.47963	   7.50000	       14N
  35.19707	  66.77061	   7.50000	       14N
  35.19707	  71.12512	   7.50000	       14N
  35.19707	  75.47963	   7.50000	       14N
  37.71115	  66.77061	   7.50000	       14N
  37.71115	  71.12512	   7.50000	       14N
  37.71115	  75.47963	   7.50000	       14N
  40.22522	  66.77061	   7.50000	       14N
  40.22522	  71.12512	   7.50000	       14N
  40.22522	  75.47963	   7.50000	       14N
  42.73930	  66.77061	   7.50000	       15N
  42.73930	  71.12512	   7.50000	       14N
  42.73930	  75.47963	   7.50000	       14N
  22.62669	  78.38213	   7.50000	       11B
  25.14076	  78.38213	   7.50000	       11B
  27.65484	  78.38213	   7.50000	       11B
  30.16892	  78.38213	   7.50000	       11B
  32.68299	  78.38213	   7.50000	       11B
  35.19707	  78.38213	   7.50000	       11B
  37.71115	  78.38213	   7.50000	       11B
  40.22522	  78.38213	   7.50000	       11B
  42.73930	  78.38213	   7.50000	       10B
  23.88373	  77.65688	   7.50000	       14N
  26.39780	  77.65688	   7.50000	       14N
  28.91188	  77.65688	   7.50000	       14N
  31.42596	  77.65688	   7.50000	       14N
  33.94003	  77.65688	   7.50000	       14N
  36.45411	  77.65688	   7.50000	       14N
  38.96818	  77.65688	   7.50000	       14N
  41.48226	  77.65688	   7.50000	       14N
  43.99634	  77.65688	   7.50000	       14N
  22.62669	  79.83413	   7.50000	       14N
  25.14076	  79.83413	   7.50000	       14N
  27.65484	  79.83413	   7.50000	       14N
  30.16892	  79.83413	   7.50000	       14N
  32.68299	  79.83413	   7.50000	       14N
  35.19707	  79.83413	   7.50000	       14N
  37.71115	  79.83413	   7.50000	       14N
  40.22522	  79.83413	   7.50000	       14N
  42.73930	  79.83413	   7.50000	       14N
  46.51041	   2.17825	   7.50000	       11B
  46.51041	   6.53276	   7.50000	       11B
  46.51041	  10.88727	   7.50000	       11B
  49.02449	   2.17825	   7.50000	       10B
  49.02449	   6.53276	   7.50000	       11B
  49.02449	  10.88727	   7.50000	       11B
  51.53857	   2.17825	   7.50000	       11B
  51.53857	   6.53276	   7.50000	       11B
  51.53857	  10.88727	   7.50000	       10B
  54.05264	   2.17825	   7.50000	       11B
  54.05264	   6.53276	   7.50000	       10B
  54.05264	  10.88727	   7.50000	       11B
  56.56672	   2.17825	   7.50000	       11B
  56.56672	   6.53276	   7.50000	       11B
  56.56672	  10.88727	   7.50000	       11B
  59.08080	   2.17825	   7.50000	       11B
  59.08080	   6.53276	   7.50000	       11B
  59.08080	  10.88727	   7.50000	       10B
  61.59487	   2.17825	   7.50000	       10B
  61.59487	   6.53276	   7.50000	       10B
  61.59487	  10.88727	   7.50000	       11B
  64.10895	   2.17825	   7.50000	       10B
  64.10895	   6.53276	   7.50000	       11B
  64.10895	  10.88727	   7.50000	       10B
  66.62303	   2.17825	   7.50000	       11B
  66.62303	   6.53276	   7.50000	       11B
  66.62303	  10.88727	   7.50000	       10B
  45.25338	   0.00098	   7.50000	       11B
  45.25338	   4.35549	   7.50000	       11B
  45.25338	   8.71000	   7.50000	       11B
  47.76745	   0.00098	   7.50000	       10B
  47.76745	   4.35549	   7.50000	       11B
  47.76745	   8.71000	   7.50000	       11B
  50.28153	   0.00098	   7.50000	       11B
  50.28153	   4.35549	   7.50000	       11B
  50.28153	   8.71000	   7.50000	       11B
  52.79561	   0.00098	   7.50000	       11B
  52.79561	   4.35549	   7.50000	       11B
  52.79561	   8.71000	   7.50000	       11B
  55.30968	   0.00098	   7.50000	       11B
  55.30968	   4.35549	   7.50000	       10B
  55.30968	   8.71000	   7.50000	       10B
  57.82376	   0.00098	   7.50000	       11B
  57.82376	   4.35549	   7.50000	       11B
  57.82376	   8.71000	   7.50000	       11B
  60.33784	   0.00098	   7.50000	       11B
  60.33784	   4.35549	   7.50000	       11B
  60.33784	   8.71000	   7.50000	       10B
  62.85191	   0.00098	   7.50000	       11B
  62.85191	   4.35549	   7.50000	       10B
  62.85191	   8.71000	   7.50000	       11B
  65.36599	   0.00098	   7.50000	       11B
  65.36599	   4.35549	   7.50000	       11B
  65.36599	   8.71000	   7.50000	       11B
  46.51041	   3.63024	   7.50000	       14N
  46.51041	   7.98475	   7.50000	       14N
  49.02449	   3.63024	   7.50000	       14N
  49.02449	   7.98475	   7.50000	       14N
  51.53857	   3.63024	   7.50000	       14N
  51.53857	   7.98475	   7.50000	       14N
  54.05264	   3.63024	   7.50000	       14N
  54.05264	   7.98475	   7.50000	       14N
  56.56672	   3.63024	   7.50000	       14N
  56.56672	   7.98475	   7.50000	       14N
  59.08080	   3.63024	   7.50000	       14N
  59.08080	   7.98475	   7.50000	       14N
  61.59487	   3.63024	   7.50000	       14N
  61.59487	   7.98475	   7.50000	       14N
  64.10895	   3.63024	   7.50000	       14N
  64.10895	   7.98475	   7.50000	       14N
  66.62303	   3.63024	   7.50000	       14N
  66.62303	   7.98475	   7.50000	       14N
  45.25338	   1.45298	   7.50000	       14N
  45.25338	   5.80749	   7.50000	       14N
  45.25338	  10.16200	   7.50000	       14N
  47.76745	   1.45298	   7.50000	       14N
  47.76745	   5.80749	   7.50000	       14N
  47.76745	  10.16200	   7.50000	       14N
  50.28153	   1.45298	   7.50000	       14N
  50.28153	   5.80749	   7.50000	       14N
  50.28153	  10.16200	   7.50000	       14N
  52.79561	   1.45298	   7.50000	       14N
  52.79561	   5.80749	   7.50000	       14N
  52.79561	  10.16200	   7.50000	       14N
  55.30968	   1.45298	   7.50000	       14N
  55.30968	   5.80749	   7.50000	       14N
  55.30968	  10.16200	   7.50000	       14N
  57.82376	   1.45298	   7.50000	       14N
  57.82376	   5.80749	   7.50000	       14N
  57.82376	  10.16200	   7.50000	       14N
  60.33784	   1.45298	   7.50000	       14N
  60.33784	   5.80749	   7.50000	       14N
  60.33784	  10.16200	   7.50000	       14N
  62.85191	   1.45298	   7.50000	       14N
  62.85191	   5.80749	   7.50000	       14N
  62.85191	  10.16200	   7.50000	       14N
  65.36599	   1.45298	   7.50000	       14N
  65.36599	   5.80749	   7.50000	       14N
  65.36599	  10.16200	   7.50000	       14N
  46.51041	  15.24177	   7.50000	       10B
  46.51041	  19.59628	   7.50000	       11B
  46.51041	  23.95079	   7.50000	       11B
  49.02449	  15.24177	   7.50000	       11B
  49.02449	  19.59628	   7.50000	       11B
  49.02449	  23.95079	   7.50000	       10B
  51.53857	  15.24177	   7.50000	       11B
  51.53857	  19.59628	   7.50000	       11B
  51.53857	  23.95079	   7.50000	       11B
  54.05264	  15.24177	   7.50000	       11B
  54.05264	  19.59628	   7.50000	       11B
  54.05264	  23.95079	   7.50000	       10B
  56.56672	  15.24177	   7.50000	       11B
  56.56672	  19.59628	   7.50000	       11B
  56.56672	  23.95079	   7.50000	       11B
  59.08080	  15.24177	   7.50000	       11B
  59.08080	  19.59628	   7.50000	       11B
  59.08080	  23.95079	   7.50000	       11B
  61.59487	  15.24177	   7.50000	       11B
  61.59487	  19.59628	   7.50000	       11B
  61.59487	  23.95079	   7.50000	       11B
  64.10895	  15.24177	   7.50000	       10B
  64.10895	  19.59628	   7.50000	       11B
  64.10895	  23.95079	   7.50000	       11B
  66.62303	  15.24177	   7.50000	       11B
  66.62303	  19.59628	   7.50000	       11B
  66.62303	  23.95079	   7.50000	       11B
  45.25338	  13.06450	   7.50000	       11B
  45.25338	  17.41901	   7.50000	       11B
  45.25338	  21.77352	   7.50000	       11B
  47.76745	  13.06450	   7.50000	       11B
  47.76745	  17.41901	   7.50000	       10B
  47.76745	  21.77352	   7.50000	       11B
  50.28153	  13.06450	   7.50000	       11B
  50.28153	  17.41901	   7.50000	       10B
  50.28153	  21.77352	   7.50000	       11B
  52.79561	  13.06450	   7.50000	       11B
  52.79561	  17.41901	   7.50000	       11B
  52.79561	  21.77352	   7.50000	       10B
  55.30968	  13.06450	   7.50000	       11B
  55.30968	  17.41901	   7.50000	       10B
  55.30968	  21.77352	   7.50000	       11B
  57.82376	  13.06450	   7.50000	       11B
  57.82376	  17.41901	   7.50000	       11B
  57.82376	  21.77352	   7.50000	       10B
  60.33784	  13.06450	   7.50000	       11B
  60.33784	  17.41901	   7.50000	       11B
  60.33784	  21.77352	   7.50000	       11B
  62.85191	  13.06450	   7.50000	       10B
  62.85191	  17.41901	   7.50000	       10B
  62.85191	  21.77352	   7.50000	       11B
  65.36599	  13.06450	   7.50000	       11B
  65.36599	  17.41901	   7.50000	       11B
  65.36599	  21.77352	   7.50000	       11B
  46.51041	  16.69376	   7.50000	       14N
  46.51041	  21.04827	   7.50000	       14N
  46.51041	  12.33926	   7.50000	       14N
  49.02449	  16.69376	   7.50000	       14N
  49.02449	  21.04827	   7.50000	       14N
  49.02449	  12.33926	   7.50000	       14N
  51.53857	  16.69376	   7.50000	       14N
  51.53857	  21.04827	   7.50000	       14N
  51.53857	  12.33926	   7.50000	       14N
  54.05264	  16.69376	   7.50000	       14N
  54.05264	  21.04827	   7.50000	       14N
  54.05264	  12.33926	   7.50000	       14N
  56.56672	  16.69376	   7.50000	       14N
  56.56672	  21.04827	   7.50000	       14N
  56.56672	  12.33926	   7.50000	       14N
  59.08080	  16.69376	   7.50000	       14N
  59.08080	  21.04827	   7.50000	       14N
  59.08080	  12.33926	   7.50000	       14N
  61.59487	  16.69376	   7.50000	       14N
  61.59487	  21.04827	   7.50000	       14N
  61.59487	  12.33926	   7.50000	       14N
  64.10895	  16.69376	   7.50000	       14N
  64.10895	  21.04827	   7.50000	       14N
  64.10895	  12.33926	   7.50000	       14N
  66.62303	  16.69376	   7.50000	       14N
  66.62303	  21.04827	   7.50000	       14N
  66.62303	  12.33926	   7.50000	       14N
  45.25338	  14.51651	   7.50000	       14N
  45.25338	  18.87102	   7.50000	       14N
  45.25338	  23.22552	   7.50000	       14N
  47.76745	  14.51651	   7.50000	       14N
  47.76745	  18.87102	   7.50000	       14N
  47.76745	  23.22552	   7.50000	       14N
  50.28153	  14.51651	   7.50000	       14N
  50.28153	  18.87102	   7.50000	       14N
  50.28153	  23.22552	   7.50000	       14N
  52.79561	  14.51651	   7.50000	       14N
  52.79561	  18.87102	   7.50000	       14N
  52.79561	  23.22552	   7.50000	       14N
  55.30968	  14.51651	   7.50000	       14N
  55.30968	  18.87102	   7.50000	       14N
  55.30968	  23.22552	   7.50000	       14N
  57.82376	  14.51651	   7.50000	       14N
  57.82376	  18.87102	   7.50000	       14N
  57.82376	  23.22552	   7.50000	       14N
  60.33784	  14.51651	   7.50000	       14N
  60.33784	  18.87102	   7.50000	       14N
  60.33784	  23.22552	   7.50000	       14N
  62.85191	  14.51651	   7.50000	       14N
  62.85191	  18.87102	   7.50000	       14N
  62.85191	  23.22552	   7.50000	       14N
  65.36599	  14.51651	   7.50000	       14N
  65.36599	  18.87102	   7.50000	       14N
  65.36599	  23.22552	   7.50000	       14N
  46.51041	  28.30530	   7.50000	       10B
  46.51041	  32.65981	   7.50000	       11B
  46.51041	  37.01432	   7.50000	       11B
  49.02449	  28.30530	   7.50000	       11B
  49.02449	  32.65981	   7.50000	       10B
  49.02449	  37.01432	   7.50000	       11B
  51.53857	  28.30530	   7.50000	       11B
  51.53857	  32.65981	   7.50000	       11B
  51.53857	  37.01432	   7.50000	       11B
  54.05264	  28.30530	   7.50000	       11B
  54.05264	  32.65981	   7.50000	       11B
  54.05264	  37.01432	   7.50000	       10B
  56.56672	  28.30530	   7.50000	       11B
  56.56672	  32.65981	   7.50000	       11B
  56.56672	  37.01432	   7.50000	       10B
  59.08080	  28.30530	   7.50000	       10B
  59.08080	  32.65981	   7.50000	       11B
  59.08080	  37.01432	   7.50000	       11B
  61.59487	  28.30530	   7.50000	       10B
  61.59487	  32.65981	   7.50000	       11B
  61.59487	  37.01432	   7.50000	       10B
  64.10895	  28.30530	   7.50000	       11B
  64.10895	  32.65981	   7.50000	       10B
  64.10895	  37.01432	   7.50000	       11B
  66.62303	  28.30530	   7.50000	       10B
  66.62303	  32.65981	   7.50000	       10B
  66.62303	  37.01432	   7.50000	       11B
  45.25338	  26.12803	   7.50000	       10B
  45.25338	  30.48254	   7.50000	       10B
  45.25338	  34.83705	   7.50000	       11B
  47.76745	  26.12803	   7.50000	       11B
  47.76745	  30.48254	   7.50000	       11B
  47.76745	  34.83705	   7.50000	       11B
  50.28153	  26.12803	   7.50000	       11B
  50.28153	  30.48254	   7.50000	       10B
  50.28153	  34.83705	   7.50000	       11B
  52.79561	  26.12803	   7.50000	       11B
  52.79561	  30.48254	   7.50000	       10B
  52.79561	  34.83705	   7.50000	       11B
  55.30968	  26.12803	   7.50000	       11B
  55.30968	  30.48254	   7.50000	       11B
  55.30968	  34.83705	   7.50000	       11B
  57.82376	  26.12803	   7.50000	       11B
  57.82376	  30.48254	   7.50000	       11B
  57.82376	  34.83705	   7.50000	       11B
  60.33784	  26.12803	   7.50000	       11B
  60.33784	  30.48254	   7.50000	       11B
  60.33784	  34.83705	   7.50000	       11B
  62.85191	  26.12803	   7.50000	       11B
  62.85191	  30.48254	   7.50000	       11B
  62.85191	  34.83705	   7.50000	       11B
  65.36599	  26.12803	   7.50000	       10B
  65.36599	  30.48254	   7.50000	       11B
  65.36599	  34.83705	   7.50000	       10B
  46.51041	  29.75729	   7.50000	       14N
  46.51041	  34.11180	   7.50000	       14N
  46.51041	  25.40278	   7.50000	       14N
  49.02449	  29.75729	   7.50000	       14N
  49.02449	  34.11180	   7.50000	       14N
  49.02449	  25.40278	   7.50000	       14N
  51.53857	  29.75729	   7.50000	       14N
  51.53857	  34.11180	   7.50000	       14N
  51.53857	  25.40278	   7.50000	       14N
  54.05264	  29.75729	   7.50000	       14N
  54.05264	  34.11180	   7.50000	       14N
  54.05264	  25.40278	   7.50000	       14N
  56.56672	  29.75729	   7.50000	       14N
  56.56672	  34.11180	   7.50000	       14N
  56.56672	  25.40278	   7.50000	       14N
  59.08080	  29.75729	   7.50000	       14N
  59.08080	  34.11180	   7.50000	       14N
  59.08080	  25.40278	   7.50000	       14N
  61.59487	  29.75729	   7.50000	       14N
  61.59487	  34.11180	   7.50000	       14N
  61.59487	  25.40278	   7.50000	       14N
  64.10895	  29.75729	   7.50000	       14N
  64.10895	  34.11180	   7.50000	       14N
  64.10895	  25.40278	   7.50000	       14N
  66.62303	  29.75729	   7.50000	       14N
  66.62303	  34.11180	   7.50000	       14N
  66.62303	  25.40278	   7.50000	       14N
  45.25338	  27.58003	   7.50000	       14N
  45.25338	  31.93454	   7.50000	       14N
  45.25338	  36.28905	   7.50000	       14N
  47.76745	  27.58003	   7.50000	       14N
  47.76745	  31.93454	   7.50000	       14N
  47.76745	  36.28905	   7.50000	       14N
  50.28153	  27.58003	   7.50000	       14N
  50.28153	  31.93454	   7.50000	       14N
  50.28153	  36.28905	   7.50000	       14N
  52.79561	  27.58003	   7.50000	       14N
  52.79561	  31.93454	   7.50000	       14N
  52.79561	  36.28905	   7.50000	       14N
  55.30968	  27.58003	   7.50000	       14N
  55.30968	  31.93454	   7.50000	       14N
  55.30968	  36.28905	   7.50000	       14N
  57.82376	  27.58003	   7.50000	       14N
  57.82376	  31.93454	   7.50000	       14N
  57.82376	  36.28905	   7.50000	       14N
  60.33784	  27.58003	   7.50000	       14N
  60.33784	  31.93454	   7.50000	       14N
  60.33784	  36.28905	   7.50000	       14N
  62.85191	  27.58003	   7.50000	       14N
  62.85191	  31.93454	   7.50000	       14N
  62.85191	  36.28905	   7.50000	       14N
  65.36599	  27.58003	   7.50000	       14N
  65.36599	  31.93454	   7.50000	       14N
  65.36599	  36.28905	   7.50000	       14N
  46.51041	  41.36882	   7.50000	       10B
  46.51041	  45.72333	   7.50000	       11B
  46.51041	  50.07784	   7.50000	       11B
  49.02449	  41.36882	   7.50000	       11B
  49.02449	  45.72333	   7.50000	       10B
  49.02449	  50.07784	   7.50000	       10B
  51.53857	  41.36882	   7.50000	       11B
  51.53857	  45.72333	   7.50000	       10B
  51.53857	  50.07784	   7.50000	       11B
  54.05264	  41.36882	   7.50000	       11B
  54.05264	  45.72333	   7.50000	       10B
  54.05264	  50.07784	   7.50000	       11B
  56.56672	  41.36882	   7.50000	       11B
  56.56672	  45.72333	   7.50000	       11B
  56.56672	  50.07784	   7.50000	       11B
  59.08080	  41.36882	   7.50000	       11B
  59.08080	  45.72333	   7.50000	       11B
  59.08080	  50.07784	   7.50000	       11B
  61.59487	  41.36882	   7.50000	       11B
  61.59487	  45.72333	   7.50000	       11B
  61.59487	  50.07784	   7.50000	       11B
  64.10895	  41.36882	   7.50000	       11B
  64.10895	  45.72333	   7.50000	       11B
  64.10895	  50.07784	   7.50000	       11B
  66.62303	  41.36882	   7.50000	       10B
  66.62303	  45.72333	   7.50000	       11B
  66.62303	  50.07784	   7.50000	       11B
  45.25338	  39.19155	   7.50000	       11B
  45.25338	  43.54606	   7.50000	       11B
  45.25338	  47.90057	   7.50000	       10B
  47.76745	  39.19155	   7.50000	       11B
  47.76745	  43.54606	   7.50000	       11B
  47.76745	  47.90057	   7.50000	       11B
  50.28153	  39.19155	   7.50000	       11B
  50.28153	  43.54606	   7.50000	       11B
  50.28153	  47.90057	   7.50000	       11B
  52.79561	  39.19155	   7.50000	       11B
  52.79561	  43.54606	   7.50000	       11B
  52.79561	  47.90057	   7.50000	       11B
  55.30968	  39.19155	   7.50000	       11B
  55.30968	  43.54606	   7.50000	       11B
  55.30968	  47.90057	   7.50000	       11B
  57.82376	  39.19155	   7.50000	       11B
  57.82376	  43.54606	   7.50000	       11B
  57.82376	  47.90057	   7.50000	       10B
  60.33784	  39.19155	   7.50000	       10B
  60.33784	  43.54606	   7.50000	       11B
  60.33784	  47.90057	   7.50000	       11B
  62.85191	  39.19155	   7.50000	       10B
  62.85191	  43.54606	   7.50000	       11B
  62.85191	  47.90057	   7.50000	       11B
  65.36599	  39.19155	   7.50000	       11B
  65.36599	  43.54606	   7.50000	       11B
  65.36599	  47.90057	   7.50000	       10B
  46.51041	  42.82082	   7.50000	       14N
  46.51041	  47.17532	   7.50000	       14N
  46.51041	  38.46631	   7.50000	       14N
  49.02449	  42.82082	   7.50000	       14N
  49.02449	  47.17532	   7.50000	       14N
  49.02449	  38.46631	   7.50000	       14N
  51.53857	  42.82082	   7.50000	       14N
  51.53857	  47.17532	   7.50000	       14N
  51.53857	  38.46631	   7.50000	       14N
  54.05264	  42.82082	   7.50000	       14N
  54.05264	  47.17532	   7.50000	       14N
  54.05264	  38.46631	   7.50000	       14N
  56.56672	  42.82082	   7.50000	       14N
  56.56672	  47.17532	   7.50000	       14N
  56.56672	  38.46631	   7.50000	       14N
  59.08080	  42.82082	   7.50000	       14N
  59.08080	  47.17532	   7.50000	       14N
  59.08080	  38.46631	   7.50000	       14N
  61.59487	  42.82082	   7.50000	       14N
  61.59487	  47.17532	   7.50000	       14N
  61.59487	  38.46631	   7.50000	       14N
  64.10895	  42.82082	   7.50000	       14N
  64.10895	  47.17532	   7.50000	       14N
  64.10895	  38.46631	   7.50000	       14N
  66.62303	  42.82082	   7.50000	       14N
  66.62303	  47.17532	   7.50000	       14N
  66.62303	  38.46631	   7.50000	       14N
  45.25338	  40.64356	   7.50000	       14N
  45.25338	  44.99807	   7.50000	       14N
  45.25338	  49.35257	   7.50000	       14N
  47.76745	  40.64356	   7.50000	       14N
  47.76745	  44.99807	   7.50000	       14N
  47.76745	  49.35257	   7.50000	       14N
  50.28153	  40.64356	   7.50000	       14N
  50.28153	  44.99807	   7.50000	       14N
  50.28153	  49.35257	   7.50000	       14N
  52.79561	  40.64356	   7.50000	       14N
  52.79561	  44.99807	   7.50000	       14N
  52.79561	  49.35257	   7.50000	       14N
  55.30968	  40.64356	   7.50000	       14N
  55.30968	  44.99807	   7.50000	       14N
  55.30968	  49.35257	   7.50000	       14N
  57.82376	  40.64356	   7.50000	       14N
  57.82376	  44.99807	   7.50000	       14N
  57.82376	  49.35257	   7.50000	       14N
  60.33784	  40.64356	   7.50000	       14N
  60.33784	  44.99807	   7.50000	       14N
  60.33784	  49.35257	   7.50000	       14N
  62.85191	  40.64356	   7.50000	       14N
  62.85191	  44.99807	   7.50000	       14N
  62.85191	  49.35257	   7.50000	       14N
  65.36599	  40.64356	   7.50000	       14N
  65.36599	  44.99807	   7.50000	       14N
  65.36599	  49.35257	   7.50000	       14N
  46.51041	  54.43235	   7.50000	       11B
  46.51041	  58.78686	   7.50000	       11B
  46.51041	  63.14137	   7.50000	       11B
  49.02449	  54.43235	   7.50000	       11B
  49.02449	  58.78686	   7.50000	       11B
  49.02449	  63.14137	   7.50000	       11B
  51.53857	  54.43235	   7.50000	       11B
  51.53857	  58.78686	   7.50000	       11B
  51.53857	  63.14137	   7.50000	       11B
  54.05264	  54.43235	   7.50000	       11B
  54.05264	  58.78686	   7.50000	       11B
  54.05264	  63.14137	   7.50000	       11B
  56.56672	  54.43235	   7.50000	       10B
  56.56672	  58.78686	   7.50000	       10B
  56.56672	  63.14137	   7.50000	       11B
  59.08080	  54.43235	   7.50000	       11B
  59.08080	  58.78686	   7.50000	       11B
  59.08080	  63.14137	   7.50000	       11B
  61.59487	  54.43235	   7.50000	       11B
  61.59487	  58.78686	   7.50000	       11B
  61.59487	  63.14137	   7.50000	       11B
  64.10895	  54.43235	   7.50000	       11B
  64.10895	  58.78686	   7.50000	       11B
  64.10895	  63.14137	   7.50000	       11B
  66.62303	  54.43235	   7.50000	       10B
  66.62303	  58.78686	   7.50000	       10B
  66.62303	  63.14137	   7.50000	       11B
  45.25338	  52.25508	   7.50000	       11B
  45.25338	  56.60959	   7.50000	       11B
  45.25338	  60.96410	   7.50000	       11B
  47.76745	  52.25508	   7.50000	       11B
  47.76745	  56.60959	   7.50000	       11B
  47.76745	  60.96410	   7.50000	       11B
  50.28153	  52.25508	   7.50000	       11B
  50.28153	  56.60959	   7.50000	       11B
  50.28153	  60.96410	   7.50000	       11B
  52.79561	  52.25508	   7.50000	       11B
  52.79561	  56.60959	   7.50000	       10B
  52.79561	  60.96410	   7.50000	       11B
  55.30968	  52.25508	   7.50000	       11B
  55.30968	  56.60959	   7.50000	       11B
  55.30968	  60.96410	   7.50000	       11B
  57.82376	  52.25508	   7.50000	       11B
  57.82376	  56.60959	   7.50000	       11B
  57.82376	  60.96410	   7.50000	       11B
  60.33784	  52.25508	   7.50000	       11B
  60.33784	  56.60959	   7.50000	       11B
  60.33784	  60.96410	   7.50000	       11B
  62.85191	  52.25508	   7.50000	       11B
  62.85191	  56.60959	   7.50000	       11B
  62.85191	  60.96410	   7.50000	       10B
  65.36599	  52.25508	   7.50000	       10B
  65.36599	  56.60959	   7.50000	       11B
  65.36599	  60.96410	   7.50000	       11B
  46.51041	  55.88434	   7.50000	       14N
  46.51041	  60.23885	   7.50000	       14N
  46.51041	  51.52983	   7.50000	       14N
  49.02449	  55.88434	   7.50000	       14N
  49.02449	  60.23885	   7.50000	       14N
  49.02449	  51.52983	   7.50000	       14N
  51.53857	  55.88434	   7.50000	       14N
  51.53857	  60.23885	   7.50000	       14N
  51.53857	  51.52983	   7.50000	       14N
  54.05264	  55.88434	   7.50000	       14N
  54.05264	  60.23885	   7.50000	       14N
  54.05264	  51.52983	   7.50000	       14N
  56.56672	  55.88434	   7.50000	       14N
  56.56672	  60.23885	   7.50000	       14N
  56.56672	  51.52983	   7.50000	       14N
  59.08080	  55.88434	   7.50000	       14N
  59.08080	  60.23885	   7.50000	       14N
  59.08080	  51.52983	   7.50000	       14N
  61.59487	  55.88434	   7.50000	       14N
  61.59487	  60.23885	   7.50000	       14N
  61.59487	  51.52983	   7.50000	       14N
  64.10895	  55.88434	   7.50000	       14N
  64.10895	  60.23885	   7.50000	       14N
  64.10895	  51.52983	   7.50000	       14N
  66.62303	  55.88434	   7.50000	       14N
  66.62303	  60.23885	   7.50000	       14N
  66.62303	  51.52983	   7.50000	       14N
  45.25338	  53.70708	   7.50000	       14N
  45.25338	  58.06159	   7.50000	       14N
  45.25338	  62.41610	   7.50000	       14N
  47.76745	  53.70708	   7.50000	       14N
  47.76745	  58.06159	   7.50000	       14N
  47.76745	  62.41610	   7.50000	       14N
  50.28153	  53.70708	   7.50000	       14N
  50.28153	  58.06159	   7.50000	       14N
  50.28153	  62.41610	   7.50000	       14N
  52.79561	  53.70708	   7.50000	       14N
  52.79561	  58.06159	   7.50000	       14N
  52.79561	  62.41610	   7.50000	       14N
  55.30968	  53.70708	   7.50000	       14N
  55.30968	  58.06159	   7.50000	       14N
  55.30968	  62.41610	   7.50000	       14N
  57.82376	  53.70708	   7.50000	       14N
  57.82376	  58.06159	   7.50000	       14N
  57.82376	  62.41610	   7.50000	       14N
  60.33784	  53.70708	   7.50000	       14N
  60.33784	  58.06159	   7.50000	       14N
  60.33784	  62.41610	   7.50000	       14N
  62.85191	  53.70708	   7.50000	       14N
  62.85191	  58.06159	   7.50000	       14N
  62.85191	  62.41610	   7.50000	       14N
  65.36599	  53.70708	   7.50000	       14N
  65.36599	  58.06159	   7.50000	       14N
  65.36599	  62.41610	   7.50000	       14N
  46.51041	  67.49587	   7.50000	       11B
  46.51041	  71.85038	   7.50000	       11B
  46.51041	  76.20489	   7.50000	       11B
  49.02449	  67.49587	   7.50000	       11B
  49.02449	  71.85038	   7.50000	       11B
  49.02449	  76.20489	   7.50000	       11B
  51.53857	  67.49587	   7.50000	       11B
  51.53857	  71.85038	   7.50000	       11B
  51.53857	  76.20489	   7.50000	       11B
  54.05264	  67.49587	   7.50000	       10B
  54.05264	  71.85038	   7.50000	       11B
  54.05264	  76.20489	   7.50000	       11B
  56.56672	  67.49587	   7.50000	       11B
  56.56672	  71.85038	   7.50000	       11B
  56.56672	  76.20489	   7.50000	       11B
  59.08080	  67.49587	   7.50000	       11B
  59.08080	  71.85038	   7.50000	       11B
  59.08080	  76.20489	   7.50000	       10B
  61.59487	  67.49587	   7.50000	       11B
  61.59487	  71.85038	   7.50000	       11B
  61.59487	  76.20489	   7.50000	       11B
  64.10895	  67.49587	   7.50000	       11B
  64.10895	  71.85038	   7.50000	       11B
  64.10895	  76.20489	   7.50000	       11B
  66.62303	  67.49587	   7.50000	       11B
  66.62303	  71.85038	   7.50000	       11B
  66.62303	  76.20489	   7.50000	       11B
  45.25338	  65.31860	   7.50000	       11B
  45.25338	  69.67311	   7.50000	       11B
  45.25338	  74.02762	   7.50000	       11B
  47.76745	  65.31860	   7.50000	       11B
  47.76745	  69.67311	   7.50000	       10B
  47.76745	  74.02762	   7.50000	       11B
  50.28153	  65.31860	   7.50000	       10B
  50.28153	  69.67311	   7.50000	       11B
  50.28153	  74.02762	   7.50000	       11B
  52.79561	  65.31860	   7.50000	       10B
  52.79561	  69.67311	   7.50000	       10B
  52.79561	  74.02762	   7.50000	       11B
  55.30968	  65.31860	   7.50000	       11B
  55.30968	  69.67311	   7.50000	       11B
  55.30968	  74.02762	   7.50000	       11B
  57.82376	  65.31860	   7.50000	       11B
  57.82376	  69.67311	   7.50000	       11B
  57.82376	  74.02762	   7.50000	       11B
  60.33784	  65.31860	   7.50000	       11B
  60.33784	  69.67311	   7.50000	       10B
  60.33784	  74.02762	   7.50000	       11B
  62.85191	  65.31860	   7.50000	       10B
  62.85191	  69.67311	   7.50000	       11B
  62.85191	  74.02762	   7.50000	       11B
  65.36599	  65.31860	   7.50000	       11B
  65.36599	  69.67311	   7.50000	       10B
  65.36599	  74.02762	   7.50000	       10B
  46.51041	  68.94787	   7.50000	       14N
  46.51041	  73.30237	   7.50000	       14N
  46.51041	  64.59336	   7.50000	       15N
  49.02449	  68.94787	   7.50000	       14N
  49.02449	  73.30237	   7.50000	       14N
  49.02449	  64.59336	   7.50000	       14N
  51.53857	  68.94787	   7.50000	       14N
  51.53857	  73.30237	   7.50000	       14N
  51.53857	  64.59336	   7.50000	       14N
  54.05264	  68.94787	   7.50000	       14N
  54.05264	  73.30237	   7.50000	       14N
  54.05264	  64.59336	   7.50000	       14N
  56.56672	  68.94787	   7.50000	       14N
  56.56672	  73.30237	   7.50000	       14N
  56.56672	  64.59336	   7.50000	       14N
  59.08080	  68.94787	   7.50000	       14N
  59.08080	  73.30237	   7.50000	       14N
  59.08080	  64.59336	   7.50000	       14N
  61.59487	  68.94787	   7.50000	       14N
  61.59487	  73.30237	   7.50000	       14N
  61.59487	  64.59336	   7.50000	       14N
  64.10895	  68.94787	   7.50000	       14N
  64.10895	  73.30237	   7.50000	       14N
  64.10895	  64.59336	   7.50000	       14N
  66.62303	  68.94787	   7.50000	       14N
  66.62303	  73.30237	   7.50000	       14N
  66.62303	  64.59336	   7.50000	       14N
  45.25338	  66.77061	   7.50000	       14N
  45.25338	  71.12512	   7.50000	       14N
  45.25338	  75.47963	   7.50000	       14N
  47.76745	  66.77061	   7.50000	       14N
  47.76745	  71.12512	   7.50000	       14N
  47.76745	  75.47963	   7.50000	       14N
  50.28153	  66.77061	   7.50000	       14N
  50.28153	  71.12512	   7.50000	       14N
  50.28153	  75.47963	   7.50000	       14N
  52.79561	  66.77061	   7.50000	       14N
  52.79561	  71.12512	   7.50000	       14N
  52.79561	  75.47963	   7.50000	       14N
  55.30968	  66.77061	   7.50000	       14N
  55.30968	  71.12512	   7.50000	       14N
  55.30968	  75.47963	   7.50000	       14N
  57.82376	  66.77061	   7.50000	       14N
  57.82376	  71.12512	   7.50000	       14N
  57.82376	  75.47963	   7.50000	       14N
  60.33784	  66.77061	   7.50000	       14N
  60.33784	  71.12512	   7.50000	       14N
  60.33784	  75.47963	   7.50000	       14N
  62.85191	  66.77061	   7.50000	       14N
  62.85191	  71.12512	   7.50000	       14N
  62.85191	  75.47963	   7.50000	       14N
  65.36599	  66.77061	   7.50000	       14N
  65.36599	  71.12512	   7.50000	       14N
  65.36599	  75.47963	   7.50000	       14N
  45.25338	  78.38213	   7.50000	       11B
  47.76745	  78.38213	   7.50000	       11B
  50.28153	  78.38213	   7.50000	       11B
  52.79561	  78.38213	   7.50000	       10B
  55.30968	  78.38213	   7.50000	       11B
  57.82376	  78.38213	   7.50000	       11B
  60.33784	  78.38213	   7.50000	       10B
  62.85191	  78.38213	   7.50000	       11B
  65.36599	  78.38213	   7.50000	       11B
  46.51041	  77.65688	   7.50000	       14N
  49.02449	  77.65688	   7.50000	       14N
  51.53857	  77.65688	   7.50000	       14N
  54.05264	  77.65688	   7.50000	       14N
  56.56672	  77.65688	   7.50000	       14N
  59.08080	  77.65688	   7.50000	       14N
  61.59487	  77.65688	   7.50000	       14N
  64.10895	  77.65688	   7.50000	       14N
  66.62303	  77.65688	   7.50000	       14N
  45.25338	  79.83413	   7.50000	       14N
  47.76745	  79.83413	   7.50000	       14N
  50.28153	  79.83413	   7.50000	       14N
  52.79561	  79.83413	   7.50000	       14N
  55.30968	  79.83413	   7.50000	       14N
  57.82376	  79.83413	   7.50000	       14N
  60.33784	  79.83413	   7.50000	       14N
  62.85191	  79.83413	   7.50000	       14N
  65.36599	  79.83413	   7.50000	       14N
  69.13710	   2.17825	   7.50000	       11B
  69.13710	   6.53276	   7.50000	       11B
  69.13710	  10.88727	   7.50000	       11B
  71.65118	   2.17825	   7.50000	       11B
  71.65118	   6.53276	   7.50000	       11B
  71.65118	  10.88727	   7.50000	       10B
  74.16526	   2.17825	   7.50000	       11B
  74.16526	   6.53276	   7.50000	       11B
  74.16526	  10.88727	   7.50000	       10B
  76.67933	   2.17825	   7.50000	       11B
  76.67933	   6.53276	   7.50000	       11B
  76.67933	  10.88727	   7.50000	       11B
  79.19341	   2.17825	   7.50000	       11B
  79.19341	   6.53276	   7.50000	       10B
  79.19341	  10.88727	   7.50000	       11B
  67.88006	   0.00098	   7.50000	       11B
  67.88006	   4.35549	   7.50000	       10B
  67.88006	   8.71000	   7.50000	       11B
  70.39414	   0.00098	   7.50000	       11B
  70.39414	   4.35549	   7.50000	       11B
  70.39414	   8.71000	   7.50000	       11B
  72.90822	   0.00098	   7.50000	       11B
  72.90822	   4.35549	   7.50000	       11B
  72.90822	   8.71000	   7.50000	       11B
  75.42229	   0.00098	   7.50000	       11B
  75.42229	   4.35549	   7.50000	       11B
  75.42229	   8.71000	   7.50000	       11B
  77.93637	   0.00098	   7.50000	       11B
  77.93637	   4.35549	   7.50000	       11B
  77.93637	   8.71000	   7.50000	       10B
  69.13710	   3.63024	   7.50000	       14N
  69.13710	   7.98475	   7.50000	       14N
  71.65118	   3.63024	   7.50000	       14N
  71.65118	   7.98475	   7.50000	       14N
  74.16526	   3.63024	   7.50000	       14N
  74.16526	   7.98475	   7.50000	       14N
  76.67933	   3.63024	   7.50000	       14N
  76.67933	   7.98475	   7.50000	       14N
  79.19341	   3.63024	   7.50000	       14N
  79.19341	   7.98475	   7.50000	       14N
  67.88006	   1.45298	   7.50000	       14N
  67.88006	   5.80749	   7.50000	       14N
  67.88006	  10.16200	   7.50000	       14N
  70.39414	   1.45298	   7.50000	       14N
  70.39414	   5.80749	   7.50000	       14N
  70.39414	  10.16200	   7.50000	       14N
  72.90822	   1.45298	   7.50000	       14N
  72.90822	   5.80749	   7.50000	       14N
  72.90822	  10.16200	   7.50000	       14N
  75.42229	   1.45298	   7.50000	       14N
  75.42229	   5.80749	   7.50000	       14N
  75.42229	  10.16200	   7.50000	       14N
  77.93637	   1.45298	   7.50000	       14N
  77.93637	   5.80749	   7.50000	       14N
  77.93637	  10.16200	   7.50000	       14N
  69.13710	  15.24177	   7.50000	       11B
  69.13710	  19.59628	   7.50000	       11B
  69.13710	  23.95079	   7.50000	       10B
  71.65118	  15.24177	   7.50000	       11B
  71.65118	  19.59628	   7.50000	       11B
  71.65118	  23.95079	   7.50000	       10B
  74.16526	  15.24177	   7.50000	       11B
  74.16526	  19.59628	   7.50000	       11B
  74.16526	  23.95079	   7.50000	       11B
  76.67933	  15.24177	   7.50000	       11B
  76.67933	  19.59628	   7.50000	       11B
  76.67933	  23.95079	   7.50000	       11B
  79.19341	  15.24177	   7.50000	       11B
  79.19341	  19.59628	   7.50000	       11B
  79.19341	  23.95079	   7.50000	       10B
  67.88006	  13.06450	   7.50000	       11B
  67.88006	  17.41901	   7.50000	       10B
  67.88006	  21.77352	   7.50000	       11B
  70.39414	  13.06450	   7.50000	       11B
  70.39414	  17.41901	   7.50000	       11B
  70.39414	  21.77352	   7.50000	       11B
  72.90822	  13.06450	   7.50000	       11B
  72.90822	  17.41901	   7.50000	       10B
  72.90822	  21.77352	   7.50000	       10B
  75.42229	  13.06450	   7.50000	       10B
  75.42229	  17.41901	   7.50000	       11B
  75.42229	  21.77352	   7.50000	       11B
  77.93637	  13.06450	   7.50000	       11B
  77.93637	  17.41901	   7.50000	       11B
  77.93637	  21.77352	   7.50000	       11B
  69.13710	  16.69376	   7.50000	       14N
  69.13710	  21.04827	   7.50000	       14N
  69.13710	  12.33926	   7.50000	       14N
  71.65118	  16.69376	   7.50000	       14N
  71.65118	  21.04827	   7.50000	       14N
  71.65118	  12.33926	   7.50000	       14N
  74.16526	  16.69376	   7.50000	       14N
  74.16526	  21.04827	   7.50000	       14N
  74.16526	  12.33926	   7.50000	       14N
  76.67933	  16.69376	   7.50000	       14N
  76.67933	  21.04827	   7.50000	       14N
  76.67933	  12.33926	   7.50000	       14N
  79.19341	  16.69376	   7.50000	       14N
  79.19341	  21.04827	   7.50000	       14N
  79.19341	  12.33926	   7.50000	       14N
  67.88006	  14.51651	   7.50000	       14N
  67.88006	  18.87102	   7.50000	       14N
  67.88006	  23.22552	   7.50000	       14N
  70.39414	  14.51651	   7.50000	       14N
  70.39414	  18.87102	   7.50000	       14N
  70.39414	  23.22552	   7.50000	       14N
  72.90822	  14.51651	   7.50000	       14N
  72.90822	  18.87102	   7.50000	       14N
  72.90822	  23.22552	   7.50000	       14N
  75.42229	  14.51651	   7.50000	       14N
  75.42229	  18.87102	   7.50000	       14N
  75.42229	  23.22552	   7.50000	       14N
  77.93637	  14.51651	   7.50000	       14N
  77.93637	  18.87102	   7.50000	       14N
  77.93637	  23.22552	   7.50000	       14N
  69.13710	  28.30530	   7.50000	       10B
  69.13710	  32.65981	   7.50000	       11B
  69.13710	  37.01432	   7.50000	       11B
  71.65118	  28.30530	   7.50000	       11B
  71.65118	  32.65981	   7.50000	       11B
  71.65118	  37.01432	   7.50000	       11B
  74.16526	  28.30530	   7.50000	       11B
  74.16526	  32.65981	   7.50000	       10B
  74.16526	  37.01432	   7.50000	       11B
  76.67933	  28.30530	   7.50000	       11B
  76.67933	  32.65981	   7.50000	       11B
  76.67933	  37.01432	   7.50000	       11B
  79.19341	  28.30530	   7.50000	       10B
  79.19341	  32.65981	   7.50000	       11B
  79.19341	  37.01432	   7.50000	       11B
  67.88006	  26.12803	   7.50000	       11B
  67.88006	  30.48254	   7.50000	       10B
  67.88006	  34.83705	   7.50000	       10B
  70.39414	  26.12803	   7.50000	       11B
  70.39414	  30.48254	   7.50000	       11B
  70.39414	  34.83705	   7.50000	       11B
  72.90822	  26.12803	   7.50000	       11B
  72.90822	  30.48254	   7.50000	       11B
  72.90822	  34.83705	   7.50000	       11B
  75.42229	  26.12803	   7.50000	       11B
  75.42229	  30.48254	   7.50000	       11B
  75.42229	  34.83705	   7.50000	       11B
  77.93637	  26.12803	   7.50000	       11B
  77.93637	  30.48254	   7.50000	       11B
  77.93637	  34.83705	   7.50000	       11B
  69.13710	  29.75729	   7.50000	       14N
  69.13710	  34.11180	   7.50000	       14N
  69.13710	  25.40278	   7.50000	       14N
  71.65118	  29.75729	   7.50000	       14N
  71.65118	  34.11180	   7.50000	       14N
  71.65118	  25.40278	   7.50000	       14N
  74.16526	  29.75729	   7.50000	       14N
  74.16526	  34.11180	   7.50000	       14N
  74.16526	  25.40278	   7.50000	       14N
  76.67933	  29.75729	   7.50000	       14N
  76.67933	  34.11180	   7.50000	       14N
  76.67933	  25.40278	   7.50000	       14N
  79.19341	  29.75729	   7.50000	       14N
  79.19341	  34.11180	   7.50000	       14N
  79.19341	  25.40278	   7.50000	       14N
  67.88006	  27.58003	   7.50000	       14N
  67.88006	  31.93454	   7.50000	       14N
  67.88006	  36.28905	   7.50000	       14N
  70.39414	  27.58003	   7.50000	       14N
  70.39414	  31.93454	   7.50000	       14N
  70.39414	  36.28905	   7.50000	       14N
  72.90822	  27.58003	   7.50000	       14N
  72.90822	  31.93454	   7.50000	       14N
  72.90822	  36.28905	   7.50000	       14N
  75.42229	  27.58003	   7.50000	       14N
  75.42229	  31.93454	   7.50000	       14N
  75.42229	  36.28905	   7.50000	       14N
  77.93637	  27.58003	   7.50000	       14N
  77.93637	  31.93454	   7.50000	       14N
  77.93637	  36.28905	   7.50000	       14N
  69.13710	  41.36882	   7.50000	       11B
  69.13710	  45.72333	   7.50000	       11B
  69.13710	  50.07784	   7.50000	       11B
  71.65118	  41.36882	   7.50000	       10B
  71.65118	  45.72333	   7.50000	       11B
  71.65118	  50.07784	   7.50000	       11B
  74.16526	  41.36882	   7.50000	       11B
  74.16526	  45.72333	   7.50000	       11B
  74.16526	  50.07784	   7.50000	       11B
  76.67933	  41.36882	   7.50000	       11B
  76.67933	  45.72333	   7.50000	       11B
  76.67933	  50.07784	   7.50000	       11B
  79.19341	  41.36882	   7.50000	       11B
  79.19341	  45.72333	   7.50000	       11B
  79.19341	  50.07784	   7.50000	       11B
  67.88006	  39.19155	   7.50000	       11B
  67.88006	  43.54606	   7.50000	       11B
  67.88006	  47.90057	   7.50000	       11B
  70.39414	  39.19155	   7.50000	       11B
  70.39414	  43.54606	   7.50000	       11B
  70.39414	  47.90057	   7.50000	       11B
  72.90822	  39.19155	   7.50000	       11B
  72.90822	  43.54606	   7.50000	       11B
  72.90822	  47.90057	   7.50000	       10B
  75.42229	  39.19155	   7.50000	       11B
  75.42229	  43.54606	   7.50000	       11B
  75.42229	  47.90057	   7.50000	       11B
  77.93637	  39.19155	   7.50000	       11B
  77.93637	  43.54606	   7.50000	       10B
  77.93637	  47.90057	   7.50000	       11B
  69.13710	  42.82082	   7.50000	       14N
  69.13710	  47.17532	   7.50000	       14N
  69.13710	  38.46631	   7.50000	       14N
  71.65118	  42.82082	   7.50000	       14N
  71.65118	  47.17532	   7.50000	       14N
  71.65118	  38.46631	   7.50000	       14N
  74.16526	  42.82082	   7.50000	       14N
  74.16526	  47.17532	   7.50000	       14N
  74.16526	  38.46631	   7.50000	       14N
  76.67933	  42.82082	   7.50000	       14N
  76.67933	  47.17532	   7.50000	       14N
  76.67933	  38.46631	   7.50000	       14N
  79.19341	  42.82082	   7.50000	       14N
  79.19341	  47.17532	   7.50000	       14N
  79.19341	  38.46631	   7.50000	       14N
  67.88006	  40.64356	   7.50000	       14N
  67.88006	  44.99807	   7.50000	       14N
  67.88006	  49.35257	   7.50000	       14N
  70.39414	  40.64356	   7.50000	       14N
  70.39414	  44.99807	   7.50000	       14N
  70.39414	  49.35257	   7.50000	       14N
  72.90822	  40.64356	   7.50000	       14N
  72.90822	  44.99807	   7.50000	       14N
  72.90822	  49.35257	   7.50000	       14N
  75.42229	  40.64356	   7.50000	       14N
  75.42229	  44.99807	   7.50000	       14N
  75.42229	  49.35257	   7.50000	       14N
  77.93637	  40.64356	   7.50000	       14N
  77.93637	  44.99807	   7.50000	       14N
  77.93637	  49.35257	   7.50000	       14N
  69.13710	  54.43235	   7.50000	       10B
  69.13710	  58.78686	   7.50000	       11B
  69.13710	  63.14137	   7.50000	       11B
  71.65118	  54.43235	   7.50000	       11B
  71.65118	  58.78686	   7.50000	       11B
  71.65118	  63.14137	   7.50000	       11B
  74.16526	  54.43235	   7.50000	       11B
  74.16526	  58.78686	   7.50000	       11B
  74.16526	  63.14137	   7.50000	       11B
  76.67933	  54.43235	   7.50000	       11B
  76.67933	  58.78686	   7.50000	       10B
  76.67933	  63.14137	   7.50000	       11B
  79.19341	  54.43235	   7.50000	       11B
  79.19341	  58.78686	   7.50000	       11B
  79.19341	  63.14137	   7.50000	       11B
  67.88006	  52.25508	   7.50000	       11B
  67.88006	  56.60959	   7.50000	       11B
  67.88006	  60.96410	   7.50000	       11B
  70.39414	  52.25508	   7.50000	       11B
  70.39414	  56.60959	   7.50000	       11B
  70.39414	  60.96410	   7.50000	       11B
  72.90822	  52.25508	   7.50000	       10B
  72.90822	  56.60959	   7.50000	       10B
  72.90822	  60.96410	   7.50000	       11B
  75.42229	  52.25508	   7.50000	       11B
  75.42229	  56.60959	   7.50000	       10B
  75.42229	  60.96410	   7.50000	       10B
  77.93637	  52.25508	   7.50000	       11B
  77.93637	  56.60959	   7.50000	       11B
  77.93637	  60.96410	   7.50000	       11B
  69.13710	  55.88434	   7.50000	       14N
  69.13710	  60.23885	   7.50000	       14N
  69.13710	  51.52983	   7.50000	       14N
  71.65118	  55.88434	   7.50000	       14N
  71.65118	  60.23885	   7.50000	       14N
  71.65118	  51.52983	   7.50000	       14N
  74.16526	  55.88434	   7.50000	       14N
  74.16526	  60.23885	   7.50000	       14N
  74.16526	  51.52983	   7.50000	       14N
  76.67933	  55.88434	   7.50000	       14N
  76.67933	  60.23885	   7.50000	       14N
  76.67933	  51.52983	   7.50000	       14N
  79.19341	  55.88434	   7.50000	       14N
  79.19341	  60.23885	   7.50000	       14N
  79.19341	  51.52983	   7.50000	       14N
  67.88006	  53.70708	   7.50000	       14N
  67.88006	  58.06159	   7.50000	       14N
  67.88006	  62.41610	   7.50000	       14N
  70.39414	  53.70708	   7.50000	       14N
  70.39414	  58.06159	   7.50000	       14N
  70.39414	  62.41610	   7.50000	       14N
  72.90822	  53.70708	   7.50000	       14N
  72.90822	  58.06159	   7.50000	       14N
  72.90822	  62.41610	   7.50000	       14N
  75.42229	  53.70708	   7.50000	       14N
  75.42229	  58.06159	   7.50000	       14N
  75.42229	  62.41610	   7.50000	       14N
  77.93637	  53.70708	   7.50000	       14N
  77.93637	  58.06159	   7.50000	       14N
  77.93637	  62.41610	   7.50000	       14N
  69.13710	  67.49587	   7.50000	       11B
  69.13710	  71.85038	   7.50000	       10B
  69.13710	  76.20489	   7.50000	       11B
  71.65118	  67.49587	   7.50000	       11B
  71.65118	  71.85038	   7.50000	       11B
  71.65118	  76.20489	   7.50000	       11B
  74.16526	  67.49587	   7.50000	       11B
  74.16526	  71.85038	   7.50000	       11B
  74.16526	  76.20489	   7.50000	       10B
  76.67933	  67.49587	   7.50000	       11B
  76.67933	  71.85038	   7.50000	       11B
  76.67933	  76.20489	   7.50000	       11B
  79.19341	  67.49587	   7.50000	       11B
  79.19341	  71.85038	   7.50000	       11B
  79.19341	  76.20489	   7.50000	       10B
  67.88006	  65.31860	   7.50000	       11B
  67.88006	  69.67311	   7.50000	       11B
  67.88006	  74.02762	   7.50000	       10B
  70.39414	  65.31860	   7.50000	       10B
  70.39414	  69.67311	   7.50000	       10B
  70.39414	  74.02762	   7.50000	       10B
  72.90822	  65.31860	   7.50000	       10B
  72.90822	  69.67311	   7.50000	       11B
  72.90822	  74.02762	   7.50000	       11B
  75.42229	  65.31860	   7.50000	       11B
  75.42229	  69.67311	   7.50000	       11B
  75.42229	  74.02762	   7.50000	       11B
  77.93637	  65.31860	   7.50000	       11B
  77.93637	  69.67311	   7.50000	       11B
  77.93637	  74.02762	   7.50000	       11B
  69.13710	  68.94787	   7.50000	       14N
  69.13710	  73.30237	   7.50000	       14N
  69.13710	  64.59336	   7.50000	       14N
  71.65118	  68.94787	   7.50000	       14N
  71.65118	  73.30237	   7.50000	       14N
  71.65118	  64.59336	   7.50000	       14N
  74.16526	  68.94787	   7.50000	       14N
  74.16526	  73.30237	   7.50000	       14N
  74.16526	  64.59336	   7.50000	       14N
  76.67933	  68.94787	   7.50000	       14N
  76.67933	  73.30237	   7.50000	       14N
  76.67933	  64.59336	   7.50000	       14N
  79.19341	  68.94787	   7.50000	       14N
  79.19341	  73.30237	   7.50000	       14N
  79.19341	  64.59336	   7.50000	       14N
  67.88006	  66.77061	   7.50000	       14N
  67.88006	  71.12512	   7.50000	       14N
  67.88006	  75.47963	   7.50000	       14N
  70.39414	  66.77061	   7.50000	       14N
  70.39414	  71.12512	   7.50000	       14N
  70.39414	  75.47963	   7.50000	       14N
  72.90822	  66.77061	   7.50000	       14N
  72.90822	  71.12512	   7.50000	       14N
  72.90822	  75.47963	   7.50000	       14N
  75.42229	  66.77061	   7.50000	       14N
  75.42229	  71.12512	   7.50000	       14N
  75.42229	  75.47963	   7.50000	       14N
  77.93637	  66.77061	   7.50000	       14N
  77.93637	  71.12512	   7.50000	       14N
  77.93637	  75.47963	   7.50000	       14N
  67.88006	  78.38213	   7.50000	       11B
  70.39414	  78.38213	   7.50000	       11B
  72.90822	  78.38213	   7.50000	       10B
  75.42229	  78.38213	   7.50000	       11B
  77.93637	  78.38213	   7.50000	       10B
  69.13710	  77.65688	   7.50000	       14N
  71.65118	  77.65688	   7.50000	       14N
  74.16526	  77.65688	   7.50000	       14N
  76.67933	  77.65688	   7.50000	       14N
  79.19341	  77.65688	   7.50000	       14N
  67.88006	  79.83413	   7.50000	       14N
  70.39414	  79.83413	   7.50000	       14N
  72.90822	  79.83413	   7.50000	       14N
  75.42229	  79.83413	   7.50000	       14N
  77.93637	  79.83413	   7.50000	       14N
